CLIENTE;NRO. VA01/VA21;POS VA01/VA21;CLASE DE DOC;REF.CLIENTE;DOC. REF;PRIORIDAD;MOT. RECHAZO;INDICADOR DE BLOQUEO;FECHA DE BLOQUEO;OPERADOR DE VA;CODIGO ITEM;DESCRIPCION ITEM;CANTIDAD SOLICITADA;CANTIDAD TOTAL RECEPCIONADA;ADJUDICADO EN OC;CANTIDAD PENDIENTE DE ADJUDICAR;CANTIDAD TOTAL PENDIENTE RECEP.;NRO. RECEPCION;FECHA RECEPCION;TIPO DE ITEM;ESTADO ITEM;PROVEEDOR;CENTRO;FECHA ENTREGA ESPERADA;FECHA DE EMISION NECESIDAD;NRO. SOLPED;POS. SOLPED;REPARTOS;FECHA EMISION SOLPED;FECHA APROBACION SOLPED;GRUPO DE COMPRA;NRO. OC;POS. OC;ALMACEN OC;Q CANT. OC;OPERADOR OC;FECHA EMISION OC;FECHA ENTREGA OC;GRUPO DE COMPRA OC;Q RECEP. DE OC;FECHA SELLO;LIBERACION SOLPED;LIBERACIÓN OC;PLAZO ENTREGA EXCEDIDO;ENTREGA DEL PROVEEDOR;REGISTRO DE RECEPCION;PICKING;EXPEDICIÓN;TRASLADO;NUMERO DE RESERVA;Período de certificación;Estado Servicio;Estado Certificación;Grupo de Compra Definitivo
00223 Comp Amb Santa Fe;1000061281;10;ZPAN;03-SERV. AGUA Y DISP;;0;;;;PBASILIO;1013138;SERVICIO BOTELLON DE 20 LTS XUN;1080;801;1080;0;279;5000179300;3/7/2026;Servicios;CUMPLIDO PARCIAL;PAVONI FRANCO;MR01;31/10/2026;31/1/2025;10114648;10;1;31/1/2025;31/1/2025;C25;4500093191;10;223;1;MPITTIA;10/2/2025;31/10/2026;C25;13;3/7/2026;0;0;-213;94;0;0;0;0;0;03 Cert Mensual;En curso;Verde;C25
00223 Comp Amb Santa Fe;1000074123;10;ZPAN;03-SERV. LIMPIEZA;;0;;;;PBASILIO;1013143;SERVICIO DE LIMPIEZA HS NORMALES XHS;288;193;288;0;95;5000179078;2/7/2026;Servicios;CUMPLIDO PARCIAL;CLEANSED S.A.S.;MR01;31/10/2026;16/9/2025;10131134;10;1;16/9/2025;19/9/2025;C25;4500109150;10;223;1;MPITTIA;23/9/2025;31/10/2026;C25;9;2/7/2026;3;0;1;-121;0;0;0;0;0;03 Cert Mensual;En curso;Verde;C25
00223 Comp Amb Santa Fe;1000075696;10;ZPAN;P.1.186.718_END.3;;0;;;;SANSALDI;1022028;P.EJEC.1.186.718_END.3_ASEG.CAUCIONES;1;1;1;0;0;5000149775;22/10/2025;Servicios;CUMPLIDO;ASEGURADORES DE CAUCIONES S.A.;MR01;31/10/2026;13/10/2025;10133218;10;1;13/10/2025;13/10/2025;C16;4500111428;10;223;1;JESPARZA;22/10/2025;31/10/2026;C16;1;22/10/2025;0;0;1;-374;0;0;0;0;0;Sin aclaración;En curso - Total recepcionado;;C16
00223 Comp Amb Santa Fe;1000077718;10;ZPAN;POLIZA DE RESPONSABI;;0;;;;NLAFORNARO;1012957;POLIZA DE RC 108038 OBRA 223;1;1;1;0;0;5000153817;28/11/2025;Servicios;CUMPLIDO;SMG CIA. ARGENTINA DE SEG. SA;MR01;14/11/2026;13/11/2025;10135919;10;1;13/11/2025;14/11/2025;C16;4500113698;10;223;1;JESPARZA;21/11/2025;14/11/2026;C16;1;28/11/2025;1;4;1;-351;0;0;0;0;0;Sin aclaración;En curso - Total recepcionado;;C16
00223 Comp Amb Santa Fe;1000079175;10;ZPAN;03-SERV. INTERNET;;0;;;;PBASILIO;1013141;SERVICIO DE INTERNET XDIA;360;150;360;0;210;5000179079;2/7/2026;Servicios;CUMPLIDO PARCIAL;HI-LINK S.A.S.;MR01;31/1/2027;9/12/2025;10137709;10;1;9/12/2025;9/12/2025;C25;4500115879;10;223;1;MPITTIA;22/12/2025;31/1/2027;C25;5;2/7/2026;0;0;1;-213;0;0;0;0;0;03 Cert Mensual;En curso;Verde;C25
00223 Comp Amb Santa Fe;1000079176;10;ZPAN;03-SERV. INTERNET;;0;;;;PBASILIO;1013141;SERVICIO DE INTERNET XDIA;360;150;12;0;210;5000179087;2/7/2026;Servicios;CUMPLIDO PARCIAL;JAWIT S.A.;MR01;31/1/2027;9/12/2025;10137710;10;1;9/12/2025;9/12/2025;C25;4500115877;10;223;1;MPITTIA;22/12/2025;31/1/2027;C25;5;2/7/2026;0;7;1;-213;0;0;0;0;0;03 Cert Mensual;En curso;Verde;C25
00223 Comp Amb Santa Fe;1000079178;10;ZPAN;03-SERV. MEDICO;;0;;;;PBASILIO;1029252;CONTROL DE AUSENTISMO X UN;12;5;12;0;7;5000179097;2/7/2026;Servicios;CUMPLIDO PARCIAL;OIME SANTA FE S.R.L.;MR01;31/1/2027;9/12/2025;10137711;10;1;9/12/2025;9/12/2025;C25;4500115893;10;223;1;MPITTIA;22/12/2025;31/1/2027;C25;5;2/7/2026;0;7;1;-213;0;0;0;0;0;03 Cert Mensual;En curso;Verde;C25
00223 Comp Amb Santa Fe;1000079178;20;ZPAN;03-SERV. MEDICO;;0;;;;PBASILIO;1035274;MODULO AMBULATORIO Y/O TRAUMATOLOGICO;12;0;12;0;12;;;Servicios;ADJUDICADO;OIME SANTA FE S.R.L.;MR01;31/1/2027;9/12/2025;10137711;20;1;9/12/2025;9/12/2025;C25;4500115893;20;223;1;MPITTIA;22/12/2025;31/1/2027;C25;0;;0;7;1;0;0;0;0;0;0;03 Cert Mensual;En curso;;C25
00223 Comp Amb Santa Fe;1000079178;30;ZPAN;03-SERV. MEDICO;;0;;;;PBASILIO;1035274;MODULO DERMATOLOGICO;12;0;12;0;12;;;Servicios;ADJUDICADO;OIME SANTA FE S.R.L.;MR01;31/1/2027;9/12/2025;10137711;30;1;9/12/2025;9/12/2025;C25;4500115893;30;223;1;MPITTIA;22/12/2025;31/1/2027;C25;0;;0;7;1;0;0;0;0;0;0;03 Cert Mensual;En curso;;C25
00223 Comp Amb Santa Fe;1000079178;40;ZPAN;03-SERV. MEDICO;;0;;;;PBASILIO;1035274;MODULO OFTALMOLOGICO;12;0;12;0;12;;;Servicios;ADJUDICADO;OIME SANTA FE S.R.L.;MR01;31/1/2027;9/12/2025;10137711;40;1;9/12/2025;9/12/2025;C25;4500115893;40;223;1;MPITTIA;22/12/2025;31/1/2027;C25;0;;0;7;1;0;0;0;0;0;0;03 Cert Mensual;En curso;;C25
00223 Comp Amb Santa Fe;1000079178;50;ZPAN;03-SERV. MEDICO;;0;;;;PBASILIO;1035274;MODULO FISIOKINESIOTERAPIA / ESTUD COMP;12;0;12;0;12;;;Servicios;ADJUDICADO;OIME SANTA FE S.R.L.;MR01;31/1/2027;9/12/2025;10137711;50;1;9/12/2025;9/12/2025;C25;4500115893;50;223;1;MPITTIA;22/12/2025;31/1/2027;C25;0;;0;7;1;0;0;0;0;0;0;03 Cert Mensual;En curso;;C25
00223 Comp Amb Santa Fe;1000079185;10;ZPAN;03-SUBC. TOPOGRAFIA;;2;;;;PBASILIO;1027430;SERVICIO DE TOPOGRAFIA x MES;12;6;12;0;6;5000179096;2/7/2026;Servicios;CUMPLIDO PARCIAL;INGEAP S.A.S.;MR01;30/12/2026;9/12/2025;10137717;10;1;9/12/2025;9/12/2025;C26;4500115797;10;223;1;AGONZALEZ;19/12/2025;30/12/2026;C26;6;2/7/2026;0;3;1;-181;0;0;0;0;0;03 Cert Mensual;En curso;Verde;C26
00223 Comp Amb Santa Fe;1000083447;10;ZPAN;03-SERV. VIGILANCIA;;2;;;;PBASILIO;1013146;SERVICIO DE VIGILANCIA DIURNA XHS;17520;5856;17520;0;11664;5000179081;2/7/2026;Servicios;CUMPLIDO PARCIAL;SEGURIDAD Y RESGUARDO SRL;MR01;28/2/2027;23/2/2026;10143586;10;1;23/2/2026;24/2/2026;C25;4500121657;10;223;1;MPITTIA;5/3/2026;28/2/2027;C25;4;2/7/2026;1;11;1;-241;0;0;0;0;0;03 Cert Mensual;En curso;Verde;C25
00223 Comp Amb Santa Fe;1000083718;10;ZPAN;03-SERV. VIGILANCIA;;2;;;;PBASILIO;1013146;SERVICIO DE VIGILANCIA DIURNA XHS;4392;2184;4392;0;2208;5000179082;2/7/2026;Servicios;CUMPLIDO PARCIAL;LACHER CRISTIAN JOSE RAMON;MR01;1/10/2026;26/2/2026;10144010;10;1;26/2/2026;27/2/2026;C25;4500122022;10;223;1;MPITTIA;10/3/2026;1/10/2026;C25;3;2/7/2026;1;3;1;-91;0;0;0;0;0;03 Cert Mensual;En curso;Verde;C25
00223 Comp Amb Santa Fe;1000083725;10;ZPAI;04-SUBC. MEMBRANA;4000006522;9;;;;PBASILIO;1011268;GEOMEMBRANA ALTA DENSIDAD 1500MIC;16800;0;16800;0;16800;;;Materiales usuales;ADJUDICADO;SISTEMA DE IMPERMEABILIZACION DE GR;MR01;17/7/2026;26/2/2026;10144011;10;1;26/2/2026;27/2/2026;C26;4500128226;10;223;2;AGONZALEZ;20/5/2026;17/7/2026;C26;0;;1;2;1;0;0;0;0;0;0;04 Cert a Demanda;En curso - Próximo a vencer;;C26
00223 Comp Amb Santa Fe;1000083729;30;ZPAN;04-SUBC. INST MEMBRA;;8;;;;PBASILIO;1042362;SUMINISTRO VARILLA HDPE;40;0;40;0;40;;;Servicios;ADJUDICADO;SISTEMA DE IMPERMEABILIZACION DE GR;MR01;31/8/2026;26/2/2026;10144015;30;1;26/2/2026;11/3/2026;C26;4500128226;40;223;2;AGONZALEZ;20/5/2026;31/8/2026;C26;0;;13;2;1;0;0;0;0;0;0;04 Cert a Demanda;En curso;;C26
00223 Comp Amb Santa Fe;1000084250;20;ZPAN;04-SERV. FLETE;;2;;;;PBASILIO;1012969;FLETE CARGA A GRANEL S/ DETALLE X TN;400;875,22;400;0;-475,22;5000173554;19/5/2026;Servicios;CUMPLIDO;TRANSPORCAM;MR01;30/4/2026;6/3/2026;10144713;20;1;6/3/2026;6/3/2026;C15;4500122235;20;223;1;GDIAZ;11/3/2026;30/4/2026;C15;24;19/5/2026;0;1;-739736;0;0;0;0;0;0;04 Cert a Demanda;Vencido con cant pendiente a recep;;C15
00223 Comp Amb Santa Fe;1000084250;30;ZPAN;04-SERV. FLETE;;2;;;;PBASILIO;1012969;FLETE CARGA A GRANEL S/ DETALLE X TN;400;75,04;400;0;324,96;5000179731;7/7/2026;Servicios;CUMPLIDO PARCIAL;TRANSPORCAM;MR01;30/6/2026;6/3/2026;10144713;30;1;6/3/2026;6/3/2026;C15;4500122235;30;223;1;GDIAZ;11/3/2026;31/8/2026;C15;5;7/7/2026;0;1;-29;37;0;0;0;0;0;04 Cert a Demanda;Vencido con cant pendiente a recep;;C15
00223 Comp Amb Santa Fe;1000084255;10;ZPAN;03-SERV. AGUA Y DISP;;0;;;;PBASILIO;1013137;ALQUILER DISPENSER FRIO CALOR XDIA;2520;772;2520;0;1748;5000179301;3/7/2026;Servicios;CUMPLIDO PARCIAL;PAVONI FRANCO;MR01;31/12/2026;6/3/2026;10144718;10;1;6/3/2026;10/3/2026;C25;4500123669;10;223;1;MPITTIA;30/3/2026;31/12/2026;C25;4;3/7/2026;4;0;1;-181;0;0;0;0;0;03 Cert Mensual;En curso;Verde;C25
00223 Comp Amb Santa Fe;1000084822;10;ZPAN;02-SERV. VIANDAS;;2;;;;PBASILIO;1013116;VIANDA ALMUERZO PUESTA EN OBRA XUN;5200;1236;5200;0;3964;5000179192;3/7/2026;Servicios;CUMPLIDO PARCIAL;PERES CARLOS DANIEL;MR01;31/1/2027;13/3/2026;10145410;10;1;13/3/2026;13/3/2026;C25;4500123945;10;223;1;MPITTIA;1/4/2026;31/1/2027;C25;5;3/7/2026;0;6;1;-212;0;0;0;0;0;02 Cert Quincenal;En curso;Verde;C25
00223 Comp Amb Santa Fe;1000084823;10;ZPAN;03-SUBC. TOPOGRAFIA;;2;;;;PBASILIO;1027430;SERVICIO DE TOPOGRAFIA x MES;6;3;6;0;3;5000179094;2/7/2026;Servicios;CUMPLIDO PARCIAL;ENGLER WALTER;MR01;6/10/2026;13/3/2026;10145411;10;1;13/3/2026;13/3/2026;C26;4500122879;10;223;1;YCOLMAN;18/3/2026;6/10/2026;C26;3;2/7/2026;0;1;1;-96;0;0;0;0;0;03 Cert Mensual;En curso;Verde;C26
00223 Comp Amb Santa Fe;1000085000;10;ZPAN;03-SERV. HIGIENE Y S;;2;;;;PBASILIO;1025973;SS HIG. SEG. Y MEDIO AMB. XMES;12;4;12;0;8;5000179083;2/7/2026;Servicios;CUMPLIDO PARCIAL;VIDELA HECTOR GUILLERMO;MR01;28/2/2027;17/3/2026;10145594;10;1;17/3/2026;17/3/2026;C25;4500123316;10;223;1;MPITTIA;25/3/2026;28/2/2027;C25;4;2/7/2026;0;5;1;-241;0;0;0;0;0;03 Cert Mensual;En curso;Verde;C25
00223 Comp Amb Santa Fe;1000085510;10;ZPAN;03-SERV. BAÑO QUIMIC;;2;;;;PBASILIO;1013133;ALQUILER BANO QUIMICO C 8 SERV MENS;3;90;3;0;-87;5000179077;2/7/2026;Servicios;CUMPLIDO;BAXPA S.A.;MR01;6/7/2026;26/3/2026;10146364;10;1;26/3/2026;27/4/2026;C25;4500123663;10;223;1;MPITTIA;30/3/2026;6/7/2026;C25;3;2/7/2026;32;0;1;-4;0;0;0;0;0;03 Cert Mensual;Vencido con cant pendiente a recep;;C25
00223 Comp Amb Santa Fe;1000086982;10;ZPAN;03-SERV. RECOLECCION;;2;;;;PBASILIO;1022297;SERV. LIMPIEZA MAT. VOLADO, JARDINERIA;500;282,41;500;0;217,59;5000179084;2/7/2026;Servicios;CUMPLIDO PARCIAL;ASOCIACION DIGNIDAD Y VIDA SANA;MR01;8/8/2026;21/4/2026;10148190;10;1;21/4/2026;22/4/2026;C25;4500127022;10;223;1;MPITTIA;7/5/2026;8/8/2026;C25;3;2/7/2026;1;14;1;-37;0;0;0;0;0;03 Cert Mensual;En curso - Próximo a vencer;Verde;C25
00223 Comp Amb Santa Fe;1000088500;10;ZPAN;03-SERV. MEDICO;;2;;;;PBASILIO;1027345;SERVICIO MEDICO X MES;12;2;12;0;10;5000179099;2/7/2026;Servicios;CUMPLIDO PARCIAL;UNIDEM S.A.;MR01;5/6/2027;15/5/2026;10150313;10;1;15/5/2026;18/5/2026;C25;4500128322;10;223;1;MPITTIA;21/5/2026;5/6/2027;C25;2;2/7/2026;3;0;-364;27;0;0;0;0;0;03 Cert Mensual;En curso;Verde;C25
00223 Comp Amb Santa Fe;1000090227;10;ZPAN;03-SERV. BAÑO QUIMIC;;0;;;;PBASILIO;1026246;ALQUILER BANO QUIMICO SIN LAVAMANOS XMES;3;0;3;0;3;;;Servicios;ADJUDICADO;BAXPA S.A.;MR01;3/10/2026;12/6/2026;10152369;10;1;12/6/2026;12/6/2026;C25;4500130845;10;223;1;MPITTIA;22/6/2026;3/10/2026;C25;0;;0;0;1;0;0;0;0;0;0;03 Cert Mensual;En curso;;C25
00223 Comp Amb Santa Fe;1000090489;10;ZPAN;Ticket uocra;;2;;;;PBASILIO;1022295;ORDEN DE ENTREGA TICKET $5000;60;60;60;0;0;5000177784;23/6/2026;Servicios;CUMPLIDO;KILGELMANN SRL;MR01;10/7/2026;18/6/2026;10152804;10;1;18/6/2026;18/6/2026;C25;4500130916;10;223;1;MPITTIA;22/6/2026;10/7/2026;C25;1;23/6/2026;0;0;1;-17;0;0;0;0;0;Sin aclaración;En curso - Próximo a vencer;;C25
00223 Comp Amb Santa Fe;1000090551;10;ZPAN;Recarga internet;;2;;;;PBASILIO;1013142;ADICIONAL 250GB KIT401847981KU;1;1;1;0;0;5000178166;25/6/2026;Servicios;CUMPLIDO;JAWIT S.A.;MR01;13/7/2026;19/6/2026;10152870;10;1;19/6/2026;19/6/2026;C25;4500131065;10;223;1;MPITTIA;24/6/2026;13/7/2026;C25;1;25/6/2026;0;0;1;-18;0;0;0;0;0;Sin aclaración;En curso - Próximo a vencer;;C25
00223 Comp Amb Santa Fe;1000090741;10;ZPAN;Reparacion bomba sum;;0;;;;PBASILIO;1022295;SERVICIO OBRA S DETALLE XUN;1;1;1;0;0;5000178298;26/6/2026;Servicios;CUMPLIDO;SORATTI  IVAN;MR01;15/7/2026;24/6/2026;10153122;10;1;24/6/2026;24/6/2026;C25;4500131186;10;223;1;MPITTIA;25/6/2026;15/7/2026;C25;1;26/6/2026;0;0;1;-19;0;0;0;0;0;Sin aclaración;En curso - Próximo a vencer;;C25
00223 Comp Amb Santa Fe;1000090762;10;ZPAN;Calibrar eje acero i;;0;;;;PBASILIO;1022295;SERVICIO OBRA S DETALLE XUN;1;1;1;0;0;5000178304;26/6/2026;Servicios;CUMPLIDO;VEGA DIEGO CELSO;MR01;15/7/2026;24/6/2026;10153149;10;1;24/6/2026;25/6/2026;C26;4500131351;10;223;1;YCOLMAN;26/6/2026;15/7/2026;C26;1;26/6/2026;1;0;1;-19;0;0;0;0;0;Sin aclaración;En curso - Próximo a vencer;;C26
00223 Comp Amb Santa Fe;1000090786;10;ZPAN;Muestras laboratorio;;2;;;;PBASILIO;1035428;SERVICIO DE LABORATORIO;1;1;1;0;0;5000178270;26/6/2026;Servicios;CUMPLIDO;FUNDAC P INNOVACION Y TRANSF T;MR01;15/7/2026;24/6/2026;10153179;10;1;24/6/2026;24/6/2026;C26;4500131344;10;223;1;YCOLMAN;26/6/2026;15/7/2026;C26;1;26/6/2026;0;0;1;-19;0;0;0;0;0;Sin aclaración;En curso - Próximo a vencer;;C26
00223 Comp Amb Santa Fe;1000091045;10;ZPAN;04-SERV. GOMERIA;;0;;;;PBASILIO;1034203;SERVICIO DE GOMERIA;1;1;1;0;0;5000179420;6/7/2026;Servicios;CUMPLIDO;FELIX IGNACIO JUAREZ;MR01;21/7/2026;30/6/2026;10153561;10;1;30/6/2026;2/7/2026;EFO;4500132040;10;223;1;GROSES;6/7/2026;21/7/2026;EFO;1;6/7/2026;2;0;1;-15;0;0;0;0;0;04 Cert a Demanda;En curso - Próximo a vencer;;EFO
00223 Comp Amb Santa Fe;1000091045;20;ZPAN;04-SERV. GOMERIA;;0;;;;PBASILIO;1034203;SERVICIO DE GOMERIA;1;1;1;0;0;5000179420;6/7/2026;Servicios;CUMPLIDO;FELIX IGNACIO JUAREZ;MR01;21/7/2026;30/6/2026;10153561;20;1;30/6/2026;2/7/2026;EFO;4500132040;20;223;1;GROSES;6/7/2026;21/7/2026;EFO;1;6/7/2026;2;0;1;-15;0;0;0;0;0;04 Cert a Demanda;En curso - Próximo a vencer;;EFO
00223 Comp Amb Santa Fe;1000091045;30;ZPAN;04-SERV. GOMERIA;;0;;;;PBASILIO;1034203;SERVICIO DE GOMERIA;1;1;1;0;0;5000179420;6/7/2026;Servicios;CUMPLIDO;FELIX IGNACIO JUAREZ;MR01;21/7/2026;30/6/2026;10153561;30;1;30/6/2026;2/7/2026;EFO;4500132040;30;223;1;GROSES;6/7/2026;21/7/2026;EFO;1;6/7/2026;2;0;1;-15;0;0;0;0;0;04 Cert a Demanda;En curso - Próximo a vencer;;EFO
00223 Comp Amb Santa Fe;1000091045;40;ZPAN;04-SERV. GOMERIA;;0;;;;PBASILIO;1034203;SERVICIO DE GOMERIA;1;1;1;0;0;5000179420;6/7/2026;Servicios;CUMPLIDO;FELIX IGNACIO JUAREZ;MR01;21/7/2026;30/6/2026;10153561;40;1;30/6/2026;2/7/2026;EFO;4500132040;40;223;1;GROSES;6/7/2026;21/7/2026;EFO;1;6/7/2026;2;0;1;-15;0;0;0;0;0;04 Cert a Demanda;En curso - Próximo a vencer;;EFO
00223 Comp Amb Santa Fe;1000091045;50;ZPAN;04-SERV. GOMERIA;;0;;;;PBASILIO;1034203;SERVICIO DE GOMERIA;1;1;1;0;0;5000179420;6/7/2026;Servicios;CUMPLIDO;FELIX IGNACIO JUAREZ;MR01;21/7/2026;30/6/2026;10153561;50;1;30/6/2026;2/7/2026;EFO;4500132040;50;223;1;GROSES;6/7/2026;21/7/2026;EFO;1;6/7/2026;2;0;1;-15;0;0;0;0;0;04 Cert a Demanda;En curso - Próximo a vencer;;EFO
00223 Comp Amb Santa Fe;1000091045;60;ZPAN;04-SERV. GOMERIA;;0;;;;PBASILIO;1034203;SERVICIO DE GOMERIA;1;1;1;0;0;5000179420;6/7/2026;Servicios;CUMPLIDO;FELIX IGNACIO JUAREZ;MR01;21/7/2026;30/6/2026;10153561;60;1;30/6/2026;2/7/2026;EFO;4500132040;60;223;1;GROSES;6/7/2026;21/7/2026;EFO;1;6/7/2026;2;0;1;-15;0;0;0;0;0;04 Cert a Demanda;En curso - Próximo a vencer;;EFO
00223 Comp Amb Santa Fe;1000091045;70;ZPAN;04-SERV. GOMERIA;;0;;;;PBASILIO;1034203;SERVICIO DE GOMERIA;1;1;1;0;0;5000179420;6/7/2026;Servicios;CUMPLIDO;FELIX IGNACIO JUAREZ;MR01;21/7/2026;30/6/2026;10153561;70;1;30/6/2026;2/7/2026;EFO;4500132040;70;223;1;GROSES;6/7/2026;21/7/2026;EFO;1;6/7/2026;2;0;1;-15;0;0;0;0;0;04 Cert a Demanda;En curso - Próximo a vencer;;EFO
00223 Comp Amb Santa Fe;1000091045;80;ZPAN;04-SERV. GOMERIA;;0;;;;PBASILIO;1034203;SERVICIO DE GOMERIA;1;1;1;0;0;5000179420;6/7/2026;Servicios;CUMPLIDO;FELIX IGNACIO JUAREZ;MR01;21/7/2026;30/6/2026;10153561;80;1;30/6/2026;2/7/2026;EFO;4500132040;80;223;1;GROSES;6/7/2026;21/7/2026;EFO;1;6/7/2026;2;0;1;-15;0;0;0;0;0;04 Cert a Demanda;En curso - Próximo a vencer;;EFO
00223 Comp Amb Santa Fe;1000091045;90;ZPAN;04-SERV. GOMERIA;;0;;;;PBASILIO;1034203;SERVICIO DE GOMERIA;1;1;1;0;0;5000179420;6/7/2026;Servicios;CUMPLIDO;FELIX IGNACIO JUAREZ;MR01;21/7/2026;30/6/2026;10153561;90;1;30/6/2026;2/7/2026;EFO;4500132040;90;223;1;GROSES;6/7/2026;21/7/2026;EFO;1;6/7/2026;2;0;1;-15;0;0;0;0;0;04 Cert a Demanda;En curso - Próximo a vencer;;EFO
00223 Comp Amb Santa Fe;1000091045;100;ZPAN;04-SERV. GOMERIA;;0;;;;PBASILIO;1034203;SERVICIO DE GOMERIA;1;1;1;0;0;5000179420;6/7/2026;Servicios;CUMPLIDO;FELIX IGNACIO JUAREZ;MR01;21/7/2026;30/6/2026;10153561;100;1;30/6/2026;2/7/2026;EFO;4500132040;100;223;1;GROSES;6/7/2026;21/7/2026;EFO;1;6/7/2026;2;0;1;-15;0;0;0;0;0;04 Cert a Demanda;En curso - Próximo a vencer;;EFO
00223 Comp Amb Santa Fe;1000091047;10;ZPAN;04-SUBC. INST SIST P;;2;;;;PBASILIO;1013045;SUBCONTRATO INSTALACION SISTEMAS;1;1;1;0;0;5000179452;6/7/2026;Servicios;CUMPLIDO;TURTURICCI FABIO RUBEN;MR01;21/7/2026;30/6/2026;10153571;10;1;30/6/2026;2/7/2026;C26;4500132053;10;223;1;YCOLMAN;6/7/2026;21/7/2026;C26;1;6/7/2026;2;0;1;-15;0;0;0;0;0;04 Cert a Demanda;En curso - Próximo a vencer;;C26
00223 Comp Amb Santa Fe;1000091151;10;ZPAN;04-SERV. FLETE;;2;;;;PBASILIO;1012974;FLETE SEMIRREMOLQUE 14,5MT XVIAJE;1;0;0;1;0;;;Servicios;SIN TRATAMIENTO;;MR01;17/7/2026;1/7/2026;10153727;10;1;1/7/2026;2/7/2026;C15;;0;;0;;;;;0;;1;0;0;0;0;0;0;0;0;04 Cert a Demanda;En curso - Próximo a vencer;;C15
00223 Comp Amb Santa Fe;1000091399;10;ZPAN;Flete material labor;;0;;;;PBASILIO;1012981;FLETE PAQUETERIA S DETALLE XUN;1;0;0;1;0;;;Servicios;SIN TRATAMIENTO;;MR01;27/7/2026;6/7/2026;10154003;10;1;6/7/2026;6/7/2026;C15;;0;;0;;;;;0;;0;0;0;0;0;0;0;0;0;Sin aclaración;En curso - Próximo a vencer;;C15
00223 Comp Amb Santa Fe;1000091466;10;ZPAN;Flete bentonita Sant;;2;;;;PBASILIO;1012974;FLETE SEMIRREMOLQUE 14,5MT XVIAJE;3;0;0;3;0;;;Servicios;SIN TRATAMIENTO;;MR01;28/7/2026;7/7/2026;10154127;10;1;7/7/2026;7/7/2026;C15;;0;;0;;;;;0;;0;0;0;0;0;0;0;0;0;Sin aclaración;En curso - Próximo a vencer;;C15
00314 CASA Olavarría;1000054663;10;ZPAN;02 - TRANSPORTE PERS;;0;;;;BDEGENHART;1013113;TRANSPORTE DE PERSONAL COMBI OLA-OBRA;4610;3894;4610;0;716;5000179634;7/7/2026;Servicios;CUMPLIDO PARCIAL;GANGAS REYES MARCELO DAVID;MM01;31/10/2026;24/9/2024;10106373;10;1;24/9/2024;24/9/2024;C25;4500085234;10;26;1;MPITTIA;4/10/2024;31/10/2026;C25;40;7/7/2026;0;4;1;-116;0;0;0;0;0;02 Cert Quincenal;En curso;Verde;C25
00314 CASA Olavarría;1000054663;20;ZPAN;02 - TRANSPORTE PERS;;0;;;;BDEGENHART;1013113;TRANSPORTE DE PERSONAL COMBI CENTRAL;1160;821;1160;0;339;5000179634;7/7/2026;Servicios;CUMPLIDO PARCIAL;GANGAS REYES MARCELO DAVID;MM01;31/10/2026;24/9/2024;10106373;20;1;24/9/2024;24/9/2024;C25;4500085234;20;26;1;MPITTIA;4/10/2024;31/10/2026;C25;40;7/7/2026;0;4;1;-116;0;0;0;0;0;02 Cert Quincenal;En curso;Verde;C25
00314 CASA Olavarría;1000054663;30;ZPAN;02 - TRANSPORTE PERS;;0;;;;BDEGENHART;1013113;TRANSPORTE DE PERSONAL COMBI Z. SERRANA;2310;1934;2310;0;376;5000179634;7/7/2026;Servicios;CUMPLIDO PARCIAL;GANGAS REYES MARCELO DAVID;MM01;31/10/2026;24/9/2024;10106373;30;1;24/9/2024;24/9/2024;C25;4500085234;30;26;1;MPITTIA;4/10/2024;31/10/2026;C25;40;7/7/2026;0;4;1;-116;0;0;0;0;0;02 Cert Quincenal;En curso;Verde;C25
00314 CASA Olavarría;1000054663;40;ZPAN;02 - TRANSPORTE PERS;;0;;;;BDEGENHART;1013113;TRANSPORTE DE PERSONAL COMBI LOMA N-OBRA;1160;1160;1160;0;0;5000166056;19/3/2026;Servicios;CUMPLIDO;GANGAS REYES MARCELO DAVID;MM01;31/10/2026;24/9/2024;10106373;40;1;24/9/2024;24/9/2024;C25;4500085234;40;26;1;MPITTIA;4/10/2024;31/10/2026;C25;33;19/3/2026;0;4;1;-226;0;0;0;0;0;02 Cert Quincenal;En curso - Total recepcionado;;C25
00314 CASA Olavarría;1000054663;50;ZPAN;02 - TRANSPORTE PERS;;0;;;;BDEGENHART;1013113;TRANSPORTE DE PERSONAL REMIS LOMA N-OBRA;2310;1265;2310;0;1045;5000179629;7/7/2026;Servicios;CUMPLIDO PARCIAL;GANGAS REYES MARCELO DAVID;MM01;31/10/2026;24/9/2024;10106373;50;1;24/9/2024;24/9/2024;C25;4500085665;10;26;2;MPITTIA;14/10/2024;31/10/2026;C25;44;7/7/2026;0;2;1;-116;0;0;0;0;0;02 Cert Quincenal;En curso;Verde;C25
00314 CASA Olavarría;1000060707;20;ZPAN;03 - DISPENSER DE AG;;0;10;4;9/6/2026;BDEGENHART;1013138;SERVICIO BOTELLON DE 20 LTS XUN;2300;1908;1908;392;392;5000171071;29/4/2026;Servicios;CUMPLIDO;CRIMALDI BRUNO;MM01;31/1/2026;22/1/2025;10113983;20;1;22/1/2025;22/1/2025;C25;4500093045;20;26;1;MPITTIA;7/2/2025;31/1/2026;C25;20;29/4/2026;0;0;1;88;0;0;0;0;0;03 Cert Mensual;Vencido con cant pendiente a recep;;C25
00314 CASA Olavarría;1000067300;10;ZPAN;ZPI 4-5469 Control d;;0;;;;BDEGENHART;1013139;SS CONTROL DE PLAGAS XUN;12;9;12;0;3;5000179639;7/7/2026;Servicios;CUMPLIDO PARCIAL;CARDOSO JOSE DANIEL;MM01;30/10/2026;22/5/2025;10122035;10;1;22/5/2025;23/5/2025;C25;4500101570;10;26;1;MPITTIA;17/6/2025;30/10/2026;C25;9;7/7/2026;1;0;-151;37;0;0;0;0;0;Sin aclaración;En curso;;C25
00314 CASA Olavarría;1000067660;10;ZPAN;AFILADO DE BROCAS;;0;;;;ANAVARRO;1033687;AFILADO DE BROCA;1300;1271;1300;0;29;5000156570;23/12/2025;Servicios;CUMPLIDO PARCIAL;MARINA SOLEDAD SAENZ;MM01;31/12/2025;28/5/2025;10122527;10;1;28/5/2025;4/6/2025;C03;4500100810;10;26;1;GROSES;5/6/2025;27/8/2026;C03;12;23/12/2025;7;1;1;-8;0;0;0;0;0;Sin aclaración;Vencido con cant pendiente a recep;;C03
00314 CASA Olavarría;1000067800;10;ZPAN;03 - TOPOGRAFIA;;0;;;;BDEGENHART;1027430;SERVICIO DE TOPOGRAFIA - VUELO CABAÑITA;12;12;12;0;0;5000179637;7/7/2026;Servicios;CUMPLIDO;DOMINGUEZ ELIAS IVAN;MM01;31/7/2026;29/5/2025;10122730;10;1;29/5/2025;31/5/2025;C26;4500100606;10;26;1;AGONZALEZ;3/6/2025;31/7/2026;C26;12;7/7/2026;2;3;-60;37;0;0;0;0;0;03 Cert Mensual;En curso - Próximo a vencer;Verde;C26
00314 CASA Olavarría;1000067800;20;ZPAN;03 - TOPOGRAFIA;;0;;;;BDEGENHART;1027430;SERVICIO DE TOPOGRAFIA - VUELO PROVIDENC;12;12;12;0;0;5000179637;7/7/2026;Servicios;CUMPLIDO;DOMINGUEZ ELIAS IVAN;MM01;31/7/2026;29/5/2025;10122730;20;1;29/5/2025;31/5/2025;C26;4500100606;20;26;1;AGONZALEZ;3/6/2025;31/7/2026;C26;12;7/7/2026;2;3;-60;37;0;0;0;0;0;03 Cert Mensual;En curso - Próximo a vencer;Verde;C26
00314 CASA Olavarría;1000067800;30;ZPAN;03 - TOPOGRAFIA;;0;;;;BDEGENHART;1027430;SERVICIO DE TOPOGRAFIA - VUELO GRANITO;12;12;12;0;0;5000179637;7/7/2026;Servicios;CUMPLIDO;DOMINGUEZ ELIAS IVAN;MM01;31/7/2026;29/5/2025;10122730;30;1;29/5/2025;31/5/2025;C26;4500100606;30;26;1;AGONZALEZ;3/6/2025;31/7/2026;C26;12;7/7/2026;2;3;-60;37;0;0;0;0;0;03 Cert Mensual;En curso - Próximo a vencer;Verde;C26
00314 CASA Olavarría;1000068123;20;ZPAN;03 - RETIRO RESIDUOS;;0;;;;BDEGENHART;1022295;TASAS MUNICIPALES;48;49;48;0;-1;5000176353;10/6/2026;Servicios;CUMPLIDO;TRANSPORTE MALVINAS SRL;MM01;30/6/2026;4/6/2025;10123173;20;1;4/6/2025;6/6/2025;C25;4500101325;20;26;1;MPITTIA;11/6/2025;30/6/2026;C25;14;10/6/2026;2;1;-29;10;0;0;0;0;0;03 Cert Mensual;Vencido con cant pendiente a recep;;C25
00314 CASA Olavarría;1000069905;10;ZPAN;extencion OC 4500091;;0;;;;ANAVARRO;1034203;SERVICIO DE GOMERIA;10000000;9263500;10000000;0;736500;5000158323;14/1/2026;Servicios;CUMPLIDO PARCIAL;ROJAS DIEGO HECTOR;MM01;31/12/2025;8/7/2025;10125614;10;1;8/7/2025;8/7/2025;C04;4500103438;10;26;1;GROSES;11/7/2025;14/7/2026;C04;10;14/1/2026;0;0;1;14;0;0;0;0;0;Sin aclaración;Vencido con cant pendiente a recep;;C04
00314 CASA Olavarría;1000071563;10;ZPAN;03 - INTERNET;;0;;;;ANAVARRO;1025931;SERVICIO DE INTERNET X MES;12;11;12;0;1;5000179638;7/7/2026;Servicios;CUMPLIDO PARCIAL;IPERACTIVE S.A.;MM01;15/8/2026;5/8/2025;10127735;10;1;5/8/2025;7/8/2025;C25;4500105699;10;26;1;MPITTIA;11/8/2025;15/8/2026;C25;11;7/7/2026;2;1;1;-39;0;0;0;0;0;03 Cert Mensual;En curso - Próximo a vencer;Verde;C25
00314 CASA Olavarría;1000077602;10;ZPAN;VIANDA - MERIENDA Y;;0;;;;DBENITEZ;1013116;VIANDA ALMUERZO PUESTA EN OBRA XUN;8000;2465;8000;0;5535;5000179636;7/7/2026;Servicios;CUMPLIDO PARCIAL;HOJMAN JORGE ALFREDO;MM01;30/6/2026;12/11/2025;10135745;10;1;12/11/2025;18/11/2025;C25;4500114017;10;26;1;MPITTIA;27/11/2025;2/12/2026;C25;11;7/7/2026;6;6;-209;217;0;0;0;0;0;Sin aclaración;Vencido con cant pendiente a recep;;C25
00314 CASA Olavarría;1000077602;20;ZPAN;VIANDA - MERIENDA Y;;0;;;;DBENITEZ;1013120;VIANDA DESAYUNO XUN;18000;9372;18000;0;8628;5000179636;7/7/2026;Servicios;CUMPLIDO PARCIAL;HOJMAN JORGE ALFREDO;MM01;30/6/2026;12/11/2025;10135745;20;1;12/11/2025;18/11/2025;C25;4500114017;20;26;1;MPITTIA;27/11/2025;2/12/2026;C25;15;7/7/2026;6;6;-209;217;0;0;0;0;0;Sin aclaración;Vencido con cant pendiente a recep;;C25
00314 CASA Olavarría;1000077602;30;ZPAN;VIANDA - MERIENDA Y;;0;;;;DBENITEZ;1013122;VIANDA MERIENDA XUN;18000;7322;18000;0;10678;5000179636;7/7/2026;Servicios;CUMPLIDO PARCIAL;HOJMAN JORGE ALFREDO;MM01;30/6/2026;12/11/2025;10135745;30;1;12/11/2025;18/11/2025;C25;4500114017;30;26;1;MPITTIA;27/11/2025;2/12/2026;C25;15;7/7/2026;6;6;-209;217;0;0;0;0;0;Sin aclaración;Vencido con cant pendiente a recep;;C25
00314 CASA Olavarría;1000077711;10;ZPAN;Extencion OC tt Buen;;0;;;;DBENITEZ;1012981;SERVICIO FLETE BS AS - OLAVARRIA;5000000;4158813,41;5000000;0;841186,59;5000174579;28/5/2026;Servicios;CUMPLIDO PARCIAL;LOGISTICA VW S.A;MM01;1/5/2026;13/11/2025;10135911;10;1;13/11/2025;18/11/2025;C15;4500114063;10;26;1;GDIAZ;27/11/2025;1/8/2026;C15;27;28/5/2026;5;1;-120;148;0;0;0;0;0;Sin aclaración;Vencido con cant pendiente a recep;;C15
00314 CASA Olavarría;1000079042;10;ZPAN;03 - INTERNET;;0;;;;ANAVARRO;1034212;SERVICIO DE INTERNET STARLINK X MES;12;8;12;0;4;5000179644;7/7/2026;Servicios;CUMPLIDO PARCIAL;JAWIT S.A.;MM01;30/11/2026;4/12/2025;10137549;10;1;4/12/2025;5/12/2025;C25;4500115862;10;26;1;MPITTIA;20/12/2025;30/11/2026;C25;8;7/7/2026;1;3;1;-146;0;0;0;0;0;03 Cert Mensual;En curso;Verde;C25
00314 CASA Olavarría;1000080073;10;ZPAN;AFILADO DE BROCAS;;0;;;;ANAVARRO;1033687;AFILADO DE BROCA;2000;1952;2000;0;48;5000178830;1/7/2026;Servicios;CUMPLIDO PARCIAL;MARINA SOLEDAD SAENZ;MM01;30/6/2026;23/12/2025;10138947;10;1;23/12/2025;7/1/2026;C03;4500117198;10;26;1;GROSES;12/1/2026;14/7/2026;C03;14;1/7/2026;15;3;1;1;0;0;0;0;0;Sin aclaración;Vencido con cant pendiente a recep;;C03
00314 CASA Olavarría;1000080960;10;ZPAN;Extencion OC 4500114;;0;;;;ANAVARRO;1012981;FLETE PAQUETERIA S DETALLE XUN;24000000;22701034;24000000;0;1298966;5000177033;16/6/2026;Servicios;CUMPLIDO PARCIAL;MP TRANSPORTES S.R.L.;MR01;15/4/2026;13/1/2026;10140245;10;1;13/1/2026;14/1/2026;C15;4500117971;10;314;1;JPUPULIN;20/1/2026;15/8/2026;C15;5;16/6/2026;1;3;1;62;0;0;0;0;0;Sin aclaración;Vencido con cant pendiente a recep;;C15
00314 CASA Olavarría;1000081693;10;ZPAN;Extencion OC 4500103;;0;;;;ANAVARRO;1034203;SERVICIO DE GOMERIA;10000000;7067500;10000000;0;2932500;5000176956;16/6/2026;Servicios;CUMPLIDO PARCIAL;ROJAS DIEGO HECTOR;MM01;30/6/2026;26/1/2026;10141318;10;1;26/1/2026;26/1/2026;C04;4500118648;10;26;1;GROSES;28/1/2026;30/9/2026;C04;5;16/6/2026;0;2;1;-14;0;0;0;0;0;Sin aclaración;Vencido con cant pendiente a recep;;C04
00314 CASA Olavarría;1000082647;10;ZPAN;02 - TRANSPORTE PERS;;0;;4;4/3/2026;ANAVARRO;1013113;TRANSPORTE DE PERSONAL XVIAJE;600;588;600;0;12;5000175603;4/6/2026;Servicios;RESPONDIDO;GANGAS REYES MARCELO DAVID;MM01;30/8/2026;9/2/2026;10142561;10;1;9/2/2026;9/2/2026;C25;4500121227;10;26;1;MPITTIA;2/3/2026;30/8/2026;C25;10;4/6/2026;0;0;1;-87;0;0;0;0;0;02 Cert Quincenal;En curso;Rojo;C25
00314 CASA Olavarría;1000082731;10;ZPAN;SERVICIO GPS;;0;;;;ANAVARRO;1025940;SERVICIO DE RASTREO SATELITAL VEHICUL XU;75;0;75;0;75;;;Servicios;ADJUDICADO;VIDEOLOCALIZA S.A.S.;MM01;15/5/2026;10/2/2026;10142650;10;1;10/2/2026;10/2/2026;C04;4500121473;10;26;1;DMORAN;4/3/2026;28/7/2026;C04;0;;0;0;1;0;0;0;0;0;0;Sin aclaración;Vencido con cant pendiente a recep;;C04
00314 CASA Olavarría;1000084403;10;ZPAN;SRVICIO RSV;;0;;;;ANAVARRO;1054188;CAMARA ORBCOM FM5610;19;19;19;0;0;5000173720;20/5/2026;Materiales Stock;CUMPLIDO;AC SAT S.R.L.;MM01;30/3/2028;9/3/2026;10144906;10;1;9/3/2026;9/3/2026;C04;4500126945;10;26;2;EFUNES;6/5/2026;30/3/2028;C04;5;20/5/2026;0;7;1;-680;0;0;0;0;0;Sin aclaración;En curso - Total recepcionado;;C04
00314 CASA Olavarría;1000084403;20;ZPAN;SRVICIO RSV;;0;;;;ANAVARRO;1054190;MONTAJE CAMARA ORBCOM;19;19;19;0;0;5000173720;20/5/2026;Materiales Stock;CUMPLIDO;AC SAT S.R.L.;MM01;30/3/2028;9/3/2026;10144906;20;1;9/3/2026;9/3/2026;C04;4500126945;20;26;2;EFUNES;6/5/2026;30/3/2028;C04;5;20/5/2026;0;7;1;-680;0;0;0;0;0;Sin aclaración;En curso - Total recepcionado;;C04
00314 CASA Olavarría;1000084403;30;ZPAN;SRVICIO RSV;;0;;;;ANAVARRO;1054191;SERVICIO SOFWARE RSV FM6510;456;38;456;0;418;5000178312;26/6/2026;Materiales Stock;RECEPCIONADO PARCIAL;AC SAT S.R.L.;MM01;30/3/2028;9/3/2026;10144906;30;1;9/3/2026;9/3/2026;C04;4500126945;30;26;2;EFUNES;6/5/2026;30/3/2028;C04;2;26/6/2026;0;7;1;-643;0;0;0;0;0;Sin aclaración;En curso;;C04
00314 CASA Olavarría;1000085133;10;ZPAN;Extencion OC 4500085;;0;10;4;7/4/2026;ANAVARRO;1013113;TRANSPORTE DE PERSONAL COMBI LOMA N-OBRA;192;0;0;192;192;;;Servicios;CUMPLIDO;;MM01;13/9/2026;19/3/2026;10145794;10;1;19/3/2026;19/3/2026;C25;;0;;1;;;;;0;;0;0;0;0;0;0;0;0;0;Sin aclaración;En curso;;C25
00314 CASA Olavarría;1000085419;10;ZPAN;03 - DISPENSER DE AG;;0;;;;ANAVARRO;1025992;ALQUILER DISPENSER FRIO CALOR x MES;160;68;160;0;92;5000179642;7/7/2026;Servicios;CUMPLIDO PARCIAL;CRIMALDI BRUNO;MM01;31/12/2026;25/3/2026;10146181;10;1;25/3/2026;30/3/2026;C25;4500124266;10;26;1;MPITTIA;7/4/2026;31/12/2026;C25;5;7/7/2026;5;1;1;-177;0;0;0;0;0;03 Cert Mensual;En curso;Verde;C25
00314 CASA Olavarría;1000085419;20;ZPAN;03 - DISPENSER DE AG;;0;;;;ANAVARRO;1013138;SERVICIO BOTELLON DE 20 LTS XUN;1600;539;1600;0;1061;5000179642;7/7/2026;Servicios;CUMPLIDO PARCIAL;CRIMALDI BRUNO;MM01;31/12/2026;25/3/2026;10146181;20;1;25/3/2026;30/3/2026;C25;4500124266;20;26;1;MPITTIA;7/4/2026;31/12/2026;C25;4;7/7/2026;5;1;1;-177;0;0;0;0;0;03 Cert Mensual;En curso;Verde;C25
00314 CASA Olavarría;1000086010;10;ZPAN;03 - CABLE;;0;;;;ANAVARRO;1022295;SERVICIO DE DIRECTV XMES;12;4;12;0;8;5000179640;7/7/2026;Servicios;CUMPLIDO PARCIAL;DIRECTV ARGENTINA S.A.;MR01;24/4/2027;6/4/2026;10146908;10;1;6/4/2026;7/4/2026;C25;4500124865;10;314;1;MPITTIA;13/4/2026;24/4/2027;C25;4;7/7/2026;1;0;1;-291;0;0;0;0;0;03 Cert Mensual;En curso;Verde;C25
00314 CASA Olavarría;1000086020;10;ZPAN;EXTENCION OC 4500095;;0;;;;ANAVARRO;1022295;LICENCIAS DE USUARIO SOBEREYE;88;88;88;0;0;5000179648;7/7/2026;Servicios;CUMPLIDO;SAVE TRACK S.A.;MM01;24/8/2026;6/4/2026;10146919;10;1;6/4/2026;7/4/2026;C25;4500125134;10;26;1;MPITTIA;16/4/2026;24/8/2026;C25;4;7/7/2026;1;0;1;-48;0;0;0;0;0;Sin aclaración;En curso - Total recepcionado;;C25
00314 CASA Olavarría;1000087382;10;ZPAN;POLIZA TANQUE;;0;;;;NLAFORNARO;1012967;POLIZA 285379 ENDOSO 9;1;1;1;0;0;5000172267;8/5/2026;Servicios;CUMPLIDO;FEDERACION PATRONAL SEG. S.A.;MR01;28/4/2027;28/4/2026;10148753;10;1;28/4/2026;28/4/2026;C16;4500127131;10;314;1;LSORRENTINO;8/5/2026;28/4/2027;C16;1;8/5/2026;0;0;1;-355;0;0;0;0;0;Sin aclaración;En curso - Total recepcionado;;C16
00314 CASA Olavarría;1000088646;10;ZPAN;FORMALIZACION Subc.;;0;;;;ANAVARRO;1042063;SUBC. PERFORACIÓN;1000;637;1000;0;363;5000176221;9/6/2026;Servicios;CUMPLIDO PARCIAL;PATAGONIA DRILLING S. R. L.;MM01;31/8/2026;19/5/2026;10150482;10;1;19/5/2026;20/5/2026;C26;4500128448;10;26;1;YCOLMAN;22/5/2026;30/8/2026;C26;3;9/6/2026;1;5;-82;0;0;0;0;0;0;Sin aclaración;En curso;;C26
00314 CASA Olavarría;1000088680;10;ZPAN;02 - TRANSPORTE PERS;;0;;;;ANAVARRO;1013113;TRANSPORTE DE PERSONAL XVIAJE;1200;146;1200;0;1054;5000179628;7/7/2026;Servicios;CUMPLIDO PARCIAL;GANGAS REYES MARCELO DAVID;MM01;31/12/2026;19/5/2026;10150541;10;1;19/5/2026;20/5/2026;C25;4500129709;10;26;1;MPITTIA;9/6/2026;31/12/2026;C25;3;7/7/2026;1;3;1;-177;0;0;0;0;0;02 Cert Quincenal;En curso;Verde;C25
00314 CASA Olavarría;1000089607;10;ZPAN;EXTENCION OC 4500121;;0;;;;ANAVARRO;1013113;TRANSPORTE DE PERSONAL X VIAJE;1200;134;1200;0;1066;5000179632;7/7/2026;Servicios;CUMPLIDO PARCIAL;GANGAS REYES MARCELO DAVID;MM01;31/12/2026;3/6/2026;10151682;10;1;3/6/2026;8/6/2026;C25;4500130316;10;26;1;MPITTIA;16/6/2026;31/12/2026;C25;2;7/7/2026;5;6;1;-177;0;0;0;0;0;Sin aclaración;En curso;;C25
00314 CASA Olavarría;1000089943;10;ZPAN;03 - RETIRO RESIDUOS;;0;;;;ANAVARRO;1022295;RECOLECCION DE RESIDUOS RSU XUN;48;1;48;0;47;5000179647;7/7/2026;Servicios;CUMPLIDO PARCIAL;TRANSPORTE MALVINAS SRL;MM01;31/5/2027;10/6/2026;10152115;10;1;10/6/2026;11/6/2026;C25;4500130343;10;26;2;MPITTIA;17/6/2026;31/5/2027;C25;1;7/7/2026;1;0;1;-328;0;0;0;0;0;03 Cert Mensual;En curso;Verde;C25
00314 CASA Olavarría;1000089943;20;ZPAN;03 - RETIRO RESIDUOS;;0;;;;ANAVARRO;1022295;TASAS MUNICIPALES;1200000;49449;1200000;0;1150551;5000179647;7/7/2026;Servicios;CUMPLIDO PARCIAL;TRANSPORTE MALVINAS SRL;MM01;31/5/2027;10/6/2026;10152115;20;1;10/6/2026;11/6/2026;C25;4500130343;20;26;2;MPITTIA;17/6/2026;31/5/2027;C25;1;7/7/2026;1;0;1;-328;0;0;0;0;0;03 Cert Mensual;En curso;Verde;C25
00314 CASA Olavarría;1000090299;10;ZPAN;CAPACITACION EN OBRA;;0;;;;ANAVARRO;1022313;CAPACITACION CORPORATIVA x U;1;0;1;0;1;;;Servicios;ADJUDICADO;ARCANGEL PREVENCION DIGITAL SRL;MM01;30/7/2026;16/6/2026;10152491;10;1;16/6/2026;17/6/2026;C24;4500131716;10;26;1;MPITTIA;1/7/2026;30/7/2026;C24;0;;1;0;1;0;0;0;0;0;0;Sin aclaración;En curso - Próximo a vencer;;C24
00314 CASA Olavarría;1000090350;10;ZPAN;SERVICIO DE FLETE/PA;;0;;;;ANAVARRO;1012981;FLETE PAQUETERIA S DETALLE XUN;24000000;0;0;24000000;0;;;Servicios;SIN TRATAMIENTO;;MM01;31/12/2026;16/6/2026;10152550;10;1;16/6/2026;17/6/2026;C15;;0;;0;;;;;0;;1;0;0;0;0;0;0;0;0;Sin aclaración;En curso;;C15
00314 CASA Olavarría;1000090888;10;ZPAN;ZPIN 4000006728 - SE;;0;;;;ANAVARRO;1034203;SERVICIO DE GOMERIA;5000000;0;5000000;0;5000000;;;Servicios;ADJUDICADO;BUSTAMANTE CARLOS ALBERTO;MM01;31/12/2026;26/6/2026;10153349;10;1;26/6/2026;29/6/2026;C25;4500132031;10;26;1;MPITTIA;6/7/2026;31/12/2026;C25;0;;3;0;1;0;0;0;0;0;0;Sin aclaración;En curso;;C25
00314 CASA Olavarría;1000091115;10;ZPAN;AFILADO DE BROCAS;;0;;;;ANAVARRO;1033687;AFILADO DE BROCA;2000;0;2000;0;2000;;;Servicios;ADJUDICADO;MARINA SOLEDAD SAENZ;MM01;31/12/2026;1/7/2026;10153642;10;1;1/7/2026;2/7/2026;C03;4500132178;10;26;1;EFUNES;7/7/2026;31/12/2026;C03;0;;1;0;1;0;0;0;0;0;0;Sin aclaración;En curso;;C03
00314 CASA Olavarría;1000091438;20;ZPAN;03 - TOPOGRAFIA;;0;;;;ANAVARRO;1027430;SERVICIO DE TOPOGRAFIA - VUELO PROVIDENC;12;0;0;12;0;;;Servicios;SIN TRATAMIENTO;;MM01;28/7/2027;7/7/2026;10154048;20;1;7/7/2026;7/7/2026;C26;;0;;0;;;;;0;;0;0;0;0;0;0;0;0;0;03 Cert Mensual;En curso;;C26
00314 CASA Olavarría;1000091438;30;ZPAN;03 - TOPOGRAFIA;;0;;;;ANAVARRO;1027430;SERVICIO DE TOPOGRAFIA - VUELO GRANITO;12;0;0;12;0;;;Servicios;SIN TRATAMIENTO;;MM01;28/7/2027;7/7/2026;10154048;30;1;7/7/2026;7/7/2026;C26;;0;;0;;;;;0;;0;0;0;0;0;0;0;0;0;03 Cert Mensual;En curso;;C26
00314 CASA Olavarría;1000091442;10;ZPAN;EXTENCION OC 4500125;;0;;;;ANAVARRO;1022295;LICENCIAS DE USUARIO SOBEREYE;90;0;0;90;0;;;Servicios;SIN TRATAMIENTO;;MM01;31/10/2026;7/7/2026;10154052;10;1;7/7/2026;8/7/2026;C25;;0;;0;;;;;0;;1;0;0;0;0;0;0;0;0;Sin aclaración;En curso;;C25
00341 Mov. Suelos San Luis;1000080764;10;ZPAN;03 - SOBEREYE;;0;;;;MALCARAZ;1022295;LICENCIAS DE USUARIO SOBEREYE;132;60;132;0;72;5000176713;11/6/2026;Servicios;CUMPLIDO PARCIAL;SAVE TRACK S.A.;MR01;30/11/2026;10/1/2026;10140049;10;1;10/1/2026;12/1/2026;C25;4500117921;10;341;1;MPITTIA;20/1/2026;30/11/2026;C25;5;11/6/2026;2;0;-303;132;0;0;0;0;0;03 Cert Mensual;En curso;Verde;C25
00341 Mov. Suelos San Luis;1000080788;10;ZPAN;03 -  INTENET OBRA;;0;;;;MALCARAZ;1025931;SERVICIO DE INTERNET X MES;11;6;11;0;5;5000179088;2/7/2026;Servicios;CUMPLIDO PARCIAL;JAWIT S.A.;MR01;30/11/2026;10/1/2026;10140067;10;1;10/1/2026;12/1/2026;C25;4500117664;10;341;1;MPITTIA;16/1/2026;30/11/2026;C25;6;2/7/2026;2;0;1;-151;0;0;0;0;0;03 Cert Mensual;En curso;Verde;C25
00341 Mov. Suelos San Luis;1000082444;10;ZPAN;03 - SERVICIO REMISE;;0;;;;FALBARELLOS;1018251;TRASLADO DIARIO X KM;32000;32000;32000;0;0;5000176236;9/6/2026;Servicios;CUMPLIDO;DOMINGO MARTIN FERNANDO;MR01;15/8/2026;5/2/2026;10142318;10;1;5/2/2026;5/2/2026;C25;4500120560;10;341;1;MPITTIA;23/2/2026;31/7/2026;C25;4;9/6/2026;0;2;-170;104;0;0;0;0;0;03 Cert Mensual;En curso - Próximo a vencer;Verde;C25
00341 Mov. Suelos San Luis;1000083178;10;ZPAN;03 - AGUA OBRA;;0;;;;FALBARELLOS;1025992;ALQUILER DISPENSER FRIO CALOR x MES;120;18;120;0;102;5000175893;5/6/2026;Servicios;CUMPLIDO PARCIAL;ROBLA SRL;MR01;30/1/2027;18/2/2026;10143174;10;1;18/2/2026;19/2/2026;C25;4500121638;10;341;1;MPITTIA;5/3/2026;27/2/2027;C25;3;5/6/2026;1;4;29;-267;0;0;0;0;0;03 Cert Mensual;En curso;Rojo;C25
00341 Mov. Suelos San Luis;1000083178;20;ZPAN;03 - AGUA OBRA;;0;;;;FALBARELLOS;1013138;SERVICIO BOTELLON DE 20 LTS XUN;1150;240;1150;0;910;5000175893;5/6/2026;Servicios;CUMPLIDO PARCIAL;ROBLA SRL;MR01;30/1/2027;18/2/2026;10143174;20;1;18/2/2026;19/2/2026;C25;4500121638;20;341;1;MPITTIA;5/3/2026;27/2/2027;C25;3;5/6/2026;1;4;29;-267;0;0;0;0;0;03 Cert Mensual;En curso;Rojo;C25
00341 Mov. Suelos San Luis;1000084312;10;ZPAN;03 - SERVICIO LIMPIE;;0;;;;FALBARELLOS;1048681;SERVICIO LIMPIEZA OBRA X MES;2000000;1884700;2000000;0;115300;5000179715;7/7/2026;Servicios;CUMPLIDO PARCIAL;SORIA NATALIA NAZARENA;MR01;15/9/2026;6/3/2026;10144807;10;1;6/3/2026;9/3/2026;C25;4500123670;10;341;1;MPITTIA;30/3/2026;15/9/2026;C25;9;7/7/2026;3;0;1;-70;0;0;0;0;0;03 Cert Mensual;En curso;Verde;C25
00341 Mov. Suelos San Luis;1000087781;10;ZPAN;03 - VIANDAS;;20;;;;FALBARELLOS;1013121;VIANDA ALMUERZO XUN;16380;1026;16380;0;15354;5000176728;12/6/2026;Servicios;CUMPLIDO;MIRASOLES SRL;MR01;1/6/2027;5/5/2026;10149240;10;1;5/5/2026;6/5/2026;C25;4500128666;10;;2;MPITTIA;27/5/2026;1/6/2027;C25;1;12/6/2026;1;6;21;-354;0;0;0;0;0;03 Cert Mensual;En curso;Verde;C25
00341 Mov. Suelos San Luis;1000087781;20;ZPAN;03 - VIANDAS;;20;;;;FALBARELLOS;1013121;SERVICIO ALMUERZO ASADO X 30KG;52;0;52;0;52;;;Servicios;ADJUDICADO;MIRASOLES SRL;MR01;1/6/2027;5/5/2026;10149240;20;1;5/5/2026;6/5/2026;C25;4500128666;20;;2;MPITTIA;27/5/2026;1/6/2027;C25;0;;1;6;21;0;0;0;0;0;0;03 Cert Mensual;En curso;;C25
00341 Mov. Suelos San Luis;1000089014;10;ZPAN;03 - VIGILANCIA PATR;;0;;;;FALBARELLOS;1013146;SERVICIO DE VIGILANCIA DIURNA XHS;4200;0;4200;0;4200;;;Servicios;ADJUDICADO;PROSEGUR SA;MR01;1/6/2027;26/5/2026;10150944;10;1;26/5/2026;26/5/2026;C25;4500129001;10;341;1;MPITTIA;29/5/2026;1/6/2027;C25;0;;0;6;1;0;0;0;0;0;0;03 Cert Mensual;En curso;;C25
00341 Mov. Suelos San Luis;1000089035;10;ZPAN;03 - SERVICIO TRASLA;;0;;;;FALBARELLOS;1013113;TRANSPORTE COMBI SAN LUIS - LA CALERA;900;0;900;0;900;;;Servicios;ADJUDICADO;THOMAS BUS S. R. L.;MR01;1/6/2027;26/5/2026;10150966;10;1;26/5/2026;26/5/2026;C25;4500129282;10;341;1;MPITTIA;3/6/2026;15/6/2027;C25;0;;0;6;-350;0;0;0;0;0;0;03 Cert Mensual;En curso;;C25
00341 Mov. Suelos San Luis;1000089035;20;ZPAN;03 - SERVICIO TRASLA;;0;;;;FALBARELLOS;1013113;TRANSPORTE SAN LUIS - LA PUNTA;1680;0;1680;0;1680;;;Servicios;ADJUDICADO;THOMAS BUS S. R. L.;MR01;1/6/2027;26/5/2026;10150966;20;1;26/5/2026;26/5/2026;C25;4500129282;20;341;1;MPITTIA;3/6/2026;15/6/2027;C25;0;;0;6;-350;0;0;0;0;0;0;03 Cert Mensual;En curso;;C25
00341 Mov. Suelos San Luis;1000089035;30;ZPAN;03 - SERVICIO TRASLA;;0;;;;FALBARELLOS;1013113;TRANSPORTE SAN LUIS - NOGOLI;480;0;480;0;480;;;Servicios;ADJUDICADO;THOMAS BUS S. R. L.;MR01;1/6/2027;26/5/2026;10150966;30;1;26/5/2026;26/5/2026;C25;4500129282;30;341;1;MPITTIA;3/6/2026;15/6/2027;C25;0;;0;6;-350;0;0;0;0;0;0;03 Cert Mensual;En curso;;C25
00341 Mov. Suelos San Luis;1000089491;10;ZPAN;03 - SERVICIO REMISE;;0;;;;FALBARELLOS;1018251;TRASLADO DIARIO X KM;9000;4500;9000;0;4500;5000179158;2/7/2026;Servicios;CUMPLIDO PARCIAL;DOMINGO MARTIN FERNANDO;MR01;23/6/2026;2/6/2026;10151506;10;1;2/6/2026;2/6/2026;C25;4500129675;10;341;1;MPITTIA;8/6/2026;23/6/2026;C25;1;2/7/2026;0;2;1;9;0;0;0;0;0;03 Cert Mensual;Vencido con cant pendiente a recep;;C25
00341 Mov. Suelos San Luis;1000090670;10;ZPAN;SEGURYTEC JUNIO;;0;;;;FALBARELLOS;1013146;SERVICIO DE VIGILANCIA DIURNA XHS;79;79;79;0;0;5000178734;30/6/2026;Servicios;CUMPLIDO;SEGURYTEC S.R.L.;MR01;14/7/2026;23/6/2026;10153041;10;1;23/6/2026;23/6/2026;C25;4500131068;10;341;1;MPITTIA;24/6/2026;14/7/2026;C25;1;30/6/2026;0;0;1;-14;0;0;0;0;0;Sin aclaración;En curso - Próximo a vencer;;C25
00341 Mov. Suelos San Luis;1000091453;10;ZPAN;04 - DESAGOTE POZO C;;0;;;;FALBARELLOS;1013026;DESAGOTE DE POZO CIEGO;12;0;0;12;0;;;Servicios;SIN TRATAMIENTO;;MR01;28/7/2026;7/7/2026;10154090;10;1;7/7/2026;7/7/2026;C25;;0;;0;;;;;0;;0;0;0;0;0;0;0;0;0;04 Cert a Demanda;En curso - Próximo a vencer;;C25
00365 RIO TINTO;1000070246;10;ZPAN;OC ABIERTA CRIM VOLV;;0;;;;CSOSA;1042545;INSPECCION CRIM EQ. LIVIANO;30;9;30;0;21;5000155737;16/12/2025;Servicios;CUMPLIDO PARCIAL;CAMINOA S.A.;U365;31/12/2026;14/7/2025;10126110;10;1;14/7/2025;15/7/2025;C04;4500104118;10;4401;1;EREGALADO;21/7/2025;14/7/2026;C04;7;16/12/2025;1;1;-334;-45;0;0;0;0;0;Sin aclaración;En curso;;C04
00365 RIO TINTO;1000070246;20;ZPAN;OC ABIERTA CRIM VOLV;;0;;;;CSOSA;1042546;INSPECCION CRIM EQ. PESADO;80;6;80;0;74;5000158309;13/1/2026;Servicios;CUMPLIDO PARCIAL;CAMINOA S.A.;U365;31/12/2026;14/7/2025;10126110;20;1;14/7/2025;15/7/2025;C04;4500104118;20;4401;1;EREGALADO;21/7/2025;14/7/2026;C04;4;13/1/2026;1;1;-334;-17;0;0;0;0;0;Sin aclaración;En curso;;C04
00365 RIO TINTO;1000070247;10;ZPAN;OC ABIERTA CRIM SCAN;;0;;;;CSOSA;1042545;INSPECCION CRIM EQ. LIVIANO;15;11;15;0;4;5000167464;31/3/2026;Servicios;CUMPLIDO PARCIAL;SCANIA ARGENTINA S A;U365;31/12/2026;14/7/2025;10126111;10;1;14/7/2025;15/7/2025;C04;4500104116;10;4401;1;EREGALADO;21/7/2025;31/12/2026;C04;7;31/3/2026;1;1;-315;60;0;0;0;0;0;Sin aclaración;En curso;;C04
00365 RIO TINTO;1000070247;20;ZPAN;OC ABIERTA CRIM SCAN;;0;;;;CSOSA;1042546;INSPECCION CRIM EQ. PESADO;15;15;15;0;0;5000167411;31/3/2026;Servicios;CUMPLIDO;SCANIA ARGENTINA S A;U365;31/12/2026;14/7/2025;10126111;20;1;14/7/2025;15/7/2025;C04;4500104116;20;4401;1;EREGALADO;21/7/2025;31/12/2026;C04;2;31/3/2026;1;1;-315;60;0;0;0;0;0;Sin aclaración;En curso - Total recepcionado;;C04
00372 UTE 372 GEO POSCO II;1000070299;10;ZPAN;03 - SUP TOPOGRAFIA;;0;;;;MMOHR;1027430;SERVICIO DE TOPOGRAFIA x MES;3;3;3;0;0;5000151078;3/11/2025;Servicios;CUMPLIDO;ARQ&TOP S. R. L.;U003;15/11/2026;15/7/2025;10126175;10;1;15/7/2025;7/8/2025;C26;4500104167;10;4403;1;AGONZALEZ;21/7/2025;15/11/2026;C26;8;3/11/2025;23;10;1;-377;0;0;0;0;0;03 Cert Mensual;En curso - Total recepcionado;;C26
00372 UTE 372 GEO POSCO II;1000070398;10;ZPAN;03- SERV. INTERNET 1;;20;;;;GLUNA;1025931;SERVICIO DE INTERNET 1 TB   X MES;14;12;14;0;2;5000179179;3/7/2026;Servicios;RECEPCIONADO PARCIAL;JAWIT S.A.;U003;23/9/2026;16/7/2025;10126281;10;1;16/7/2025;17/7/2025;C25;4500104423;10;4403;1;MPITTIA;24/7/2025;23/9/2026;C25;12;3/7/2026;1;0;1;-82;0;0;0;0;0;03 Cert Mensual;En curso;Verde;C25
00372 UTE 372 GEO POSCO II;1000071014;20;ZPAN;03 - LICENCIADO MED;;0;;;;NGONCALVEZ;1022295;GESTION INSCRIPCION PELIGROS SALTA;1;1;1;0;0;5000144072;2/9/2025;Servicios;CUMPLIDO;DELGADO JORGE ESTEBAN;U003;11/9/2026;28/7/2025;10127049;20;1;7/8/2025;7/8/2025;C25;4500106249;20;4403;1;MPITTIA;18/8/2025;11/9/2026;C25;1;2/9/2025;0;0;1;-374;0;0;0;0;0;03 Cert Mensual;En curso - Total recepcionado;;C25
00372 UTE 372 GEO POSCO II;1000071014;30;ZPAN;03 - LICENCIADO MED;;0;;;;NGONCALVEZ;1022295;GESTION INSCRIPCION PELIGROS CATAMARCA;1;1;1;0;0;5000144072;2/9/2025;Servicios;CUMPLIDO;DELGADO JORGE ESTEBAN;U003;11/9/2026;28/7/2025;10127049;30;1;7/8/2025;7/8/2025;C25;4500106249;30;4403;1;MPITTIA;18/8/2025;11/9/2026;C25;1;2/9/2025;0;0;1;-374;0;0;0;0;0;03 Cert Mensual;En curso - Total recepcionado;;C25
00372 UTE 372 GEO POSCO II;1000071014;40;ZPAN;03 - LICENCIADO MED;;0;;;;NGONCALVEZ;1022295;PLAN GESTION AMBIENTA Y MATRIZ RIESGOS;1;1;1;0;0;5000144072;2/9/2025;Servicios;CUMPLIDO;DELGADO JORGE ESTEBAN;U003;11/9/2026;28/7/2025;10127049;40;1;7/8/2025;7/8/2025;C25;4500106249;40;4403;1;MPITTIA;18/8/2025;11/9/2026;C25;1;2/9/2025;0;0;1;-374;0;0;0;0;0;03 Cert Mensual;En curso - Total recepcionado;;C25
00372 UTE 372 GEO POSCO II;1000071477;10;ZPAN;01- VIANDA/ALMUERZO;;0;;;;MMOHR;1013116;VIANDA ALMUERZO PUESTA EN OBRA XUN;201;207;201;0;-6;5000172116;7/5/2026;Servicios;CUMPLIDO;CARLINO RAMIRO ANDRES;U003;22/7/2026;4/8/2025;10127621;10;1;4/8/2025;26/5/2026;C25;4500105810;10;4403;1;MPITTIA;12/8/2025;30/4/2026;C25;21;7/5/2026;295;0;-276;201;0;0;0;0;0;01 Cert Semanal;En curso - Próximo a vencer;Rojo;C25
00372 UTE 372 GEO POSCO II;1000072311;10;ZPAN;01 - SERVICIO LAVADO;;0;;;;MMOHR;1041903;LAVADO VEHICULO LIVIANO COMPLETO;10;10;10;0;0;5000163975;4/3/2026;Servicios;CUMPLIDO;MORENO VARGAS LUCIANA GISEL;U003;28/9/2026;18/8/2025;10128715;10;1;18/8/2025;18/8/2025;372;4500106454;10;4403;1;MZERPA;20/8/2025;15/4/2026;372;2;4/3/2026;0;0;-313;125;0;0;0;0;0;01 Cert Semanal;En curso - Total recepcionado;;372
00372 UTE 372 GEO POSCO II;1000072705;10;ZPAN;01 - RETIRO SOBRANTE;;0;;;;GLUNA;1022295;RETIRO MATERIAL SOBRANTE GEO;14;0;14;0;14;;;Servicios;ADJUDICADO;PETIT PLAST SOCIEDAD ANONIMA;U003;30/10/2026;25/8/2025;10129303;10;1;25/8/2025;25/8/2025;C25;4500108829;10;4403;2;MPITTIA;18/9/2025;30/10/2026;C25;0;;0;0;1;0;0;0;0;0;0;01 Cert Semanal;En curso;;C25
00372 UTE 372 GEO POSCO II;1000073534;30;ZPAN;03 - TRANS PERS SALT;;0;;;;NGONCALVEZ;1013113;SNACK DE VIAJE;500;530;500;0;-30;5000169056;14/4/2026;Servicios;CUMPLIDO;TRANSPORTE TMS S. A. S.;U003;21/4/2026;7/9/2025;10130405;30;1;7/9/2025;29/9/2025;C25;4500108022;30;4403;1;MPITTIA;8/9/2025;30/4/2026;C25;5;14/4/2026;22;16;-120;114;0;0;0;0;0;03 Cert Mensual;Vencido con cant pendiente a recep;;C25
00372 UTE 372 GEO POSCO II;1000073534;40;ZPAN;03 - TRANS PERS SALT;;0;;;;NGONCALVEZ;1013113;SERV TRANSPORTE PERSONAL COLECTIVO;24;26;24;0;-2;5000169054;14/4/2026;Servicios;CUMPLIDO;TRANSPORTE TMS S. A. S.;U003;21/12/2026;7/9/2025;10130405;40;1;7/9/2025;29/9/2025;C25;4500108022;40;4403;1;MPITTIA;8/9/2025;30/4/2026;C25;8;14/4/2026;22;16;-364;114;0;0;0;0;0;03 Cert Mensual;En curso;Rojo;C25
00372 UTE 372 GEO POSCO II;1000073536;10;ZPAN;03 - TRANS PERS CATA;;0;;;;NGONCALVEZ;1013113;SERV TTE PERSONAL COMBI CATAMARCA;24;3;24;0;21;5000147840;3/10/2025;Servicios;RECEPCIONADO PARCIAL;PRODUCTOS SERVICIOS Y DISTRIBUCIONE;U003;30/7/2026;7/9/2025;10130407;10;1;7/9/2025;29/9/2025;C25;4500108017;10;4403;1;MPITTIA;8/9/2025;30/11/2026;C25;1;3/10/2025;22;17;63;-362;0;0;0;0;0;03 Cert Mensual;En curso - Próximo a vencer;Rojo;C25
00372 UTE 372 GEO POSCO II;1000073536;20;ZPAN;03 - TRANS PERS CATA;;0;;;;NGONCALVEZ;1013113;SERV DE ESCOLTA CATAMARCA;24;5;24;0;19;5000151066;3/11/2025;Servicios;RECEPCIONADO PARCIAL;PRODUCTOS SERVICIOS Y DISTRIBUCIONE;U003;30/7/2026;7/9/2025;10130407;20;1;7/9/2025;29/9/2025;C25;4500108017;20;4403;1;MPITTIA;8/9/2025;30/11/2026;C25;6;3/11/2025;22;17;63;-331;0;0;0;0;0;03 Cert Mensual;En curso - Próximo a vencer;Rojo;C25
00372 UTE 372 GEO POSCO II;1000073536;30;ZPAN;03 - TRANS PERS CATA;;0;;;;NGONCALVEZ;1013113;SNACK DE VIAJE;500;500;500;0;0;5000160811;3/2/2026;Servicios;CUMPLIDO;PRODUCTOS SERVICIOS Y DISTRIBUCIONE;U003;30/7/2026;7/9/2025;10130407;30;1;7/9/2025;29/9/2025;C25;4500108017;30;4403;1;MPITTIA;8/9/2025;30/11/2026;C25;7;3/2/2026;22;17;63;-239;0;0;0;0;0;03 Cert Mensual;En curso - Próximo a vencer;Rojo;C25
00372 UTE 372 GEO POSCO II;1000073536;40;ZPAN;03 - TRANS PERS CATA;;0;;;;NGONCALVEZ;1013113;SERV TTE PERSONAL COLECTIVO CATAMARCA;24;2;24;0;22;5000151066;3/11/2025;Servicios;RECEPCIONADO PARCIAL;PRODUCTOS SERVICIOS Y DISTRIBUCIONE;U003;30/7/2026;7/9/2025;10130407;40;1;7/9/2025;29/9/2025;C25;4500108017;40;4403;1;MPITTIA;8/9/2025;30/11/2026;C25;6;3/11/2025;22;17;63;-331;0;0;0;0;0;03 Cert Mensual;En curso - Próximo a vencer;Rojo;C25
00372 UTE 372 GEO POSCO II;1000073536;60;ZPAN;03 - TRANS PERS CATA;;0;;;;NGONCALVEZ;1013113;SERV DE ESCOLTA BELEN-POSCO;24;30;24;0;-6;5000175711;4/6/2026;Servicios;CUMPLIDO;PRODUCTOS SERVICIOS Y DISTRIBUCIONE;U003;30/7/2026;7/9/2025;10130407;60;1;4/10/2025;6/10/2025;C25;4500111897;10;4403;1;MPITTIA;29/10/2025;30/4/2026;C25;14;4/6/2026;2;6;-220;165;0;0;0;0;0;03 Cert Mensual;En curso - Próximo a vencer;Rojo;C25
00372 UTE 372 GEO POSCO II;1000073536;70;ZPAN;03 - TRANS PERS CATA;;0;;;;NGONCALVEZ;1013113;TRANSP PERSONAL BELEN-POSCO COMBI;24;4;24;0;20;5000168365;9/4/2026;Servicios;RECEPCIONADO PARCIAL;PRODUCTOS SERVICIOS Y DISTRIBUCIONE;U003;30/7/2026;7/9/2025;10130407;70;1;4/10/2025;6/10/2025;C25;4500111897;20;4403;1;MPITTIA;29/10/2025;30/7/2026;C25;6;9/4/2026;2;6;-220;109;0;0;0;0;0;03 Cert Mensual;En curso - Próximo a vencer;Rojo;C25
00372 UTE 372 GEO POSCO II;1000074691;10;ZPAN;01-PREOCUPACIONALES;;0;;;;NGONCALVEZ;1013130;EXAMEN PREOCUPACIONAL BASICO XUN;50;0;50;0;50;;;Servicios;ADJUDICADO;MED LAB SALTA S.R.L.;U003;30/9/2026;25/9/2025;10131864;10;1;25/9/2025;26/9/2025;C25;4500109516;10;4403;1;MPITTIA;26/9/2025;30/9/2026;C25;0;;1;3;-294;0;0;0;0;0;0;01 Cert Semanal;En curso;;C25
00365 RIO TINTO;1000074762;10;ZPAN;03 - M - INTERNET 2t;;20;;;;CSOSA;1025931;SERVICIO DE INTERNET X MES;6;6;6;0;0;5000167663;2/4/2026;Servicios;CUMPLIDO;JAWIT S.A.;U365;1/10/2026;26/9/2025;10131954;10;1;26/9/2025;26/9/2025;C25;4500110644;10;4401;1;MPITTIA;14/10/2025;1/10/2026;C25;6;2/4/2026;0;9;1;-182;0;0;0;0;0;03 Cert Mensual;En curso - Total recepcionado;;C25
00372 UTE 372 GEO POSCO II;1000074829;10;ZPAN;03 - ATENCION PRIMAR;;0;;;;NGONCALVEZ;1022295;SERVICIO DE AUSENTISMO Y ATENCION PRIMAR;1800;1149;1800;0;651;5000179181;3/7/2026;Servicios;RECEPCIONADO PARCIAL;LABTEC S. R. L.;U003;13/10/2026;29/9/2025;10132042;10;1;29/9/2025;29/9/2025;C25;4500109709;10;4403;1;MPITTIA;30/9/2025;13/10/2026;C25;10;3/7/2026;0;0;20;-102;0;0;0;0;0;03 Cert Mensual;En curso;Verde;C25
00372 UTE 372 GEO POSCO II;1000077060;10;ZPAN;03 - ALQUILER BAÑOS;;0;;;;NGONCALVEZ;1022693;ALQUILER DE MODULO DE BANO X U;88;76;88;0;12;5000179728;7/7/2026;Servicios;RECEPCIONADO PARCIAL;JUVEGUMER S. A. S.;U003;30/7/2026;3/11/2025;10135042;10;1;3/11/2025;3/11/2025;C25;4500113294;10;4403;2;MPITTIA;17/11/2025;30/9/2026;C25;16;7/7/2026;0;26;-71;68;0;0;0;0;0;03 Cert Mensual;En curso - Próximo a vencer;Verde;C25
00372 UTE 372 GEO POSCO II;1000077060;20;ZPAN;03 - ALQUILER BAÑOS;;0;;;;NGONCALVEZ;1013136;SERVICIO LIMPIEZA DESAGOTE BANO QUIMICO;88;76;88;0;12;5000179728;7/7/2026;Servicios;RECEPCIONADO PARCIAL;JUVEGUMER S. A. S.;U003;30/7/2026;3/11/2025;10135042;20;1;3/11/2025;3/11/2025;C25;4500113294;20;4403;2;MPITTIA;17/11/2025;30/9/2026;C25;17;7/7/2026;0;26;-71;68;0;0;0;0;0;03 Cert Mensual;En curso - Próximo a vencer;Verde;C25
00365 RIO TINTO;1000077167;10;ZPAN;ALQUILER DISPENSER F;;0;;;;CSOSA;1025992;ALQUILER DISPENSER FRIO CALOR x MES;4;4;4;0;0;5000161391;6/2/2026;Servicios;CUMPLIDO;MELS S.R.L.;U365;30/7/2026;5/11/2025;10135173;10;1;5/11/2025;5/11/2025;C25;4500113290;10;4401;1;MPITTIA;17/11/2025;30/7/2026;C25;6;6/2/2026;0;0;-39;-115;0;0;0;0;0;Sin aclaración;En curso - Próximo a vencer;;C25
00372 UTE 372 GEO POSCO II;1000077426;10;ZPAN;04 - AGUA BIDON 20 l;;0;;;;NGONCALVEZ;1010725;BIDON DE AGUA 20 L.;200;55;200;0;145;5000174925;29/5/2026;Materiales usuales;RECEPCIONADO PARCIAL;ZAMBRANA SAMUEL;U003;31/7/2026;10/11/2025;10135540;10;1;10/11/2025;10/11/2025;C25;4500113920;10;4403;1;MPITTIA;26/11/2025;30/10/2026;C25;5;29/5/2026;0;0;-109;66;0;0;0;0;0;04 Cert a Demanda;En curso - Próximo a vencer;;C25
00365 RIO TINTO;1000077482;10;ZPAN;BAÑOS QUIMICOS NUEVO;;0;;;;CSOSA;1022693;ALQUILER DE MODULO DE BANO X U;30;14;30;0;16;5000161258;6/2/2026;Servicios;CUMPLIDO PARCIAL;JUVEGUMER S. A. S.;U365;30/11/2026;11/11/2025;10135625;10;1;11/11/2025;12/11/2025;C25;4500114120;10;4401;1;MPITTIA;28/11/2025;30/11/2026;C25;3;6/2/2026;1;5;20;-297;0;0;0;0;0;Sin aclaración;En curso;;C25
00365 RIO TINTO;1000077482;20;ZPAN;BAÑOS QUIMICOS NUEVO;;0;;;;CSOSA;1013136;SERVICIO LIMPIEZA DESAGOTE BANO QUIMICO;36;12;36;0;24;5000161258;6/2/2026;Servicios;CUMPLIDO PARCIAL;JUVEGUMER S. A. S.;U365;30/11/2026;11/11/2025;10135625;20;1;11/11/2025;12/11/2025;C25;4500114120;20;4401;1;MPITTIA;28/11/2025;30/11/2026;C25;1;6/2/2026;1;5;20;-297;0;0;0;0;0;Sin aclaración;En curso;;C25
00372 UTE 372 GEO POSCO II;1000078132;10;ZPAN;01- SERV DE PAQUETER;;0;;;;GLUNA;1012981;PAQ  ANDREANI SJ-SLA;5000000;0;5000000;0;5000000;;;Servicios;ADJUDICADO;ANDREANI LOGISTICA SA;U003;30/9/2026;20/11/2025;10136408;10;1;20/11/2025;21/11/2025;C15;4500114165;10;4403;1;GDIAZ;28/11/2025;30/8/2026;C15;0;;1;3;-253;0;0;0;0;0;0;01 Cert Semanal;En curso;;C15
00372 UTE 372 GEO POSCO II;1000078132;20;ZPAN;01- SERV DE PAQUETER;;0;;;;GLUNA;1012981;PAQ  ANDREANI ROS-SLA;5000000;0;5000000;0;5000000;;;Servicios;ADJUDICADO;ANDREANI LOGISTICA SA;U003;30/9/2026;20/11/2025;10136408;20;1;20/11/2025;21/11/2025;C15;4500114165;20;4403;1;GDIAZ;28/11/2025;30/8/2026;C15;0;;1;3;-253;0;0;0;0;0;0;01 Cert Semanal;En curso;;C15
00372 UTE 372 GEO POSCO II;1000078132;30;ZPAN;01- SERV DE PAQUETER;;0;;;;GLUNA;1012981;PAQ  CRUZ DEL SUR  SJ-SLA;5000000;543139,54;5000000;0;4456860,46;5000176903;14/6/2026;Servicios;RECEPCIONADO PARCIAL;V.MASSON TRAP.CRUZ DEL SUR SA;U003;30/9/2026;20/11/2025;10136408;30;1;20/11/2025;21/11/2025;C15;4500114168;30;4403;1;GDIAZ;28/11/2025;30/8/2026;C15;4;14/6/2026;1;3;-253;165;0;0;0;0;0;01 Cert Semanal;En curso;Rojo;C15
00372 UTE 372 GEO POSCO II;1000078132;40;ZPAN;01- SERV DE PAQUETER;;0;;;;GLUNA;1012981;PAQ  CRUZ DEL SUR  ROS-SLA;5000000;3420872,54;5000000;0;1579127,46;5000176903;14/6/2026;Servicios;RECEPCIONADO PARCIAL;V.MASSON TRAP.CRUZ DEL SUR SA;U003;30/9/2026;20/11/2025;10136408;40;1;20/11/2025;21/11/2025;C15;4500114168;40;4403;1;GDIAZ;28/11/2025;30/8/2026;C15;15;14/6/2026;1;3;-253;165;0;0;0;0;0;01 Cert Semanal;En curso;Rojo;C15
00372 UTE 372 GEO POSCO II;1000079643;10;ZPAN;01-RETIRO DE RESIDUO;;0;;;;GLUNA;1022295;TRATAMIENTO Y48 M3;10;0;10;0;10;;;Servicios;ADJUDICADO;BARRIOS FROILAN;U003;29/9/2026;15/12/2025;10138350;10;1;15/12/2025;26/1/2026;C25;4500118600;10;4403;1;MPITTIA;28/1/2026;29/9/2026;C25;0;;42;2;20;0;0;0;0;0;0;01 Cert Semanal;En curso;;C25
00372 UTE 372 GEO POSCO II;1000079643;20;ZPAN;01-RETIRO DE RESIDUO;;0;;;;GLUNA;1022295;TRATAMIENTO Y8 LTS;4000;0;4000;0;4000;;;Servicios;ADJUDICADO;BARRIOS FROILAN;U003;29/9/2026;15/12/2025;10138350;20;1;15/12/2025;26/1/2026;C25;4500118600;20;4403;1;MPITTIA;28/1/2026;29/9/2026;C25;0;;42;2;20;0;0;0;0;0;0;01 Cert Semanal;En curso;;C25
00372 UTE 372 GEO POSCO II;1000079643;30;ZPAN;01-RETIRO DE RESIDUO;;0;;;;GLUNA;1022295;TRATAMIENTO Y9 LTS;1000;0;1000;0;1000;;;Servicios;ADJUDICADO;BARRIOS FROILAN;U003;29/9/2026;15/12/2025;10138350;30;1;15/12/2025;26/1/2026;C25;4500118600;30;4403;1;MPITTIA;28/1/2026;29/9/2026;C25;0;;42;2;20;0;0;0;0;0;0;01 Cert Semanal;En curso;;C25
00372 UTE 372 GEO POSCO II;1000079643;60;ZPAN;01-RETIRO DE RESIDUO;;0;;;;GLUNA;1022295;FLETE;9;4;9;0;5;5000174380;26/5/2026;Servicios;RECEPCIONADO PARCIAL;BARRIOS FROILAN;U003;29/9/2026;15/12/2025;10138350;60;1;15/12/2025;26/1/2026;C25;4500117845;60;4403;1;MPITTIA;19/1/2026;29/9/2026;C25;6;26/5/2026;42;3;20;-126;0;0;0;0;0;01 Cert Semanal;En curso;Rojo;C25
00372 UTE 372 GEO POSCO II;1000080331;10;ZPAN;03- SNACK SUBIDA 5;;0;;;;MMOHR;1026044;SNACK DE VIAJE;1000;1516;1000;0;-516;5000175716;4/6/2026;Servicios;CUMPLIDO;TRANSPORTE TMS S. A. S.;U003;23/5/2026;2/1/2026;10139472;20;1;6/1/2026;6/1/2026;C24;4500116880;10;4403;1;MPITTIA;8/1/2026;15/6/2026;C24;7;4/6/2026;0;0;-119;132;0;0;0;0;0;03 Cert Mensual;Vencido con cant pendiente a recep;;C24
00372 UTE 372 GEO POSCO II;1000080640;10;ZPAN;03 - ALQ IMRESORAS;;0;;;;MMOHR;1026131;ALQ IMPRESORA MULTIF COLOR A3 X MES;6;6;6;0;0;5000179189;3/7/2026;Servicios;CUMPLIDO;TECNICA Y SISTEMAS SRL;U003;30/7/2026;8/1/2026;10139912;10;1;8/1/2026;9/1/2026;C25;4500118304;10;4403;1;MPITTIA;23/1/2026;30/7/2026;C25;6;3/7/2026;1;2;-169;162;0;0;0;0;0;03 Cert Mensual;En curso - Próximo a vencer;Verde;C25
00372 UTE 372 GEO POSCO II;1000080640;20;ZPAN;03 - ALQ IMRESORAS;;0;;;;MMOHR;1026130;ALQ IMPRESORA MULTIF BYN A3 x MES;6;6;6;0;0;5000179189;3/7/2026;Servicios;CUMPLIDO;TECNICA Y SISTEMAS SRL;U003;30/7/2026;8/1/2026;10139912;20;1;8/1/2026;9/1/2026;C25;4500118304;20;4403;1;MPITTIA;23/1/2026;30/7/2026;C25;6;3/7/2026;1;2;-169;162;0;0;0;0;0;03 Cert Mensual;En curso - Próximo a vencer;Verde;C25
00365 RIO TINTO;1000081109;10;ZPAN;POLIZAS VAR-CC3002/6;;0;;;;SLUKOSIUS;1022030;FDO_REP_677829_E9_AFIANZADORA;1;1;1;0;0;5000160597;2/2/2026;Servicios;CUMPLIDO;AFIANZADORA LATINOAMERICANA COMPAÑI;U365;25/7/2026;15/1/2026;10140483;10;1;15/1/2026;29/1/2026;C16;4500119038;10;4401;1;JESPARZA;2/2/2026;13/2/2026;C16;1;2/2/2026;14;0;-161;-11;0;0;0;0;0;Sin aclaración;En curso - Próximo a vencer;;C16
00365 RIO TINTO;1000081496;10;ZPAN;BAÑOS QUIMICOS SERV.;;0;;;;MGAUDELLI;1022693;ALQUILER DE MODULO DE BANO X U;21;21;21;0;0;5000167659;2/4/2026;Servicios;CUMPLIDO;AREA PABLO;U365;31/8/2026;22/1/2026;10141056;10;1;22/1/2026;2/2/2026;C25;4500118795;10;4401;1;MPITTIA;29/1/2026;31/8/2026;C25;2;2/4/2026;11;5;20;-151;0;0;0;0;0;Sin aclaración;En curso - Total recepcionado;;C25
00365 RIO TINTO;1000081496;20;ZPAN;BAÑOS QUIMICOS SERV.;;0;;;;MGAUDELLI;1013136;SERVICIO LIMPIEZA DESAGOTE BANO QUIMICO;56;23;56;0;33;5000167659;2/4/2026;Servicios;CUMPLIDO PARCIAL;AREA PABLO;U365;31/8/2026;22/1/2026;10141056;20;1;22/1/2026;2/2/2026;C25;4500118795;20;4401;1;MPITTIA;29/1/2026;31/8/2026;C25;2;2/4/2026;11;5;20;-151;0;0;0;0;0;Sin aclaración;En curso;;C25
00372 UTE 372 GEO POSCO II;1000081668;10;ZPAN;01 - EXT TRANSP PERS;;0;;;;NGONCALVEZ;1026128;REMIS EL EJE - TERM SANTA MARIA;15;12;15;0;3;5000179326;3/7/2026;Servicios;RECEPCIONADO PARCIAL;FLORES OSCAR ARIEL;U003;30/7/2026;23/1/2026;10141286;10;1;23/1/2026;26/1/2026;C25;4500118789;10;4403;1;MPITTIA;29/1/2026;30/7/2026;C25;4;3/7/2026;3;1;-95;88;0;0;0;0;0;01 Cert Semanal;En curso - Próximo a vencer;Verde;C25
00372 UTE 372 GEO POSCO II;1000081668;20;ZPAN;01 - EXT TRANSP PERS;;0;;;;NGONCALVEZ;1026128;REMIS TERM SANTA MARIA - EL EJE;15;7;15;0;8;5000174260;24/5/2026;Servicios;RECEPCIONADO PARCIAL;FLORES OSCAR ARIEL;U003;30/7/2026;23/1/2026;10141286;20;1;23/1/2026;26/1/2026;C25;4500118789;20;4403;1;MPITTIA;29/1/2026;30/7/2026;C25;3;24/5/2026;3;1;-95;48;0;0;0;0;0;01 Cert Semanal;En curso - Próximo a vencer;Rojo;C25
00365 RIO TINTO;1000081677;10;ZPAN;STARLINK CAMIONETAS;;0;;;;MGAUDELLI;1025931;SERVICIO DE INTERNET X MES;12;6;12;0;6;5000179397;4/7/2026;Servicios;CUMPLIDO PARCIAL;JAWIT S.A.;U365;1/3/2027;24/1/2026;10141298;10;1;24/1/2026;26/1/2026;C25;4500119083;10;4401;1;MPITTIA;3/2/2026;1/3/2027;C25;5;4/7/2026;2;1;20;-240;0;0;0;0;0;Sin aclaración;En curso;;C25
00365 RIO TINTO;1000081677;20;ZPAN;STARLINK CAMIONETAS;;0;;;;MGAUDELLI;1025931;SERVICIO DE INTERNET X MES;12;6;12;0;6;5000179397;4/7/2026;Servicios;CUMPLIDO PARCIAL;JAWIT S.A.;U365;1/3/2027;24/1/2026;10141298;20;1;1/2/2026;2/2/2026;C25;4500119083;20;4401;1;MPITTIA;3/2/2026;1/3/2027;C25;5;4/7/2026;1;1;20;-240;0;0;0;0;0;Sin aclaración;En curso;;C25
00372 UTE 372 GEO POSCO II;1000082855;10;ZPAN;01- SERV DE PAQUETER;;1;;;;GLUNA;1012981;PAQ  LA SEVILLANITA  ROS-SLA;5000000;0;5000000;0;5000000;;;Servicios;ADJUDICADO;TRANSPORTES LA SEVILLANITA SRL;U003;26/10/2026;12/2/2026;10142818;10;1;12/2/2026;12/2/2026;C15;4500120184;10;4403;1;GDIAZ;18/2/2026;26/10/2026;C15;0;;0;2;20;0;0;0;0;0;0;01 Cert Semanal;En curso;;C15
00372 UTE 372 GEO POSCO II;1000083039;10;ZPAN;03SERVICIO REMIS FLO;;0;;;;MMOHR;1026128;REMIS TERM BELEN- TERM SANTA MARIA;12;10;12;0;2;5000176902;14/6/2026;Servicios;RECEPCIONADO PARCIAL;FLORES OSCAR ARIEL;U003;15/7/2026;15/2/2026;10143039;10;1;15/2/2026;18/2/2026;C24;4500120477;10;4403;1;MPITTIA;20/2/2026;15/7/2026;C24;3;14/6/2026;3;3;1;-31;0;0;0;0;0;03 Cert Mensual;En curso - Próximo a vencer;Verde;C24
00372 UTE 372 GEO POSCO II;1000083039;20;ZPAN;03SERVICIO REMIS FLO;;0;;;;MMOHR;1026128;REMIS TERM SANTA MARIA- TERM EJE;12;9;12;0;3;5000172250;8/5/2026;Servicios;RECEPCIONADO PARCIAL;FLORES OSCAR ARIEL;U003;15/7/2026;15/2/2026;10143039;20;1;15/2/2026;18/2/2026;C24;4500120477;20;4403;1;MPITTIA;20/2/2026;15/7/2026;C24;3;8/5/2026;3;3;1;-68;0;0;0;0;0;03 Cert Mensual;En curso - Próximo a vencer;Rojo;C24
00372 UTE 372 GEO POSCO II;1000083040;10;ZPAN;01-SERVICIO REMIS GO;;0;;;;MMOHR;1026128;REMIS TERM BELEN - TERMIN ANDAGALA;12;12;12;0;0;5000174012;21/5/2026;Servicios;CUMPLIDO;GOMEZ JULIO ANDRES;U003;15/7/2026;15/2/2026;10143040;10;1;15/2/2026;18/2/2026;C24;4500120479;10;4403;1;MPITTIA;20/2/2026;30/7/2026;C24;8;21/5/2026;3;3;-60;6;0;0;0;0;0;01 Cert Semanal;En curso - Próximo a vencer;Rojo;C24
00372 UTE 372 GEO POSCO II;1000083040;20;ZPAN;01-SERVICIO REMIS GO;;0;;;;MMOHR;1026128;REMIS TERM BELEN - TERM TINOGASTA;12;5;12;0;7;5000174012;21/5/2026;Servicios;RECEPCIONADO PARCIAL;GOMEZ JULIO ANDRES;U003;15/7/2026;15/2/2026;10143040;20;1;15/2/2026;18/2/2026;C24;4500120479;20;4403;1;MPITTIA;20/2/2026;30/7/2026;C24;5;21/5/2026;3;3;-60;6;0;0;0;0;0;01 Cert Semanal;En curso - Próximo a vencer;Rojo;C24
00372 UTE 372 GEO POSCO II;1000083040;30;ZPAN;01-SERVICIO REMIS GO;;0;;;;MMOHR;1026128;REMIS TERM BELEN - TERM FIAMBALA;12;5;12;0;7;5000174012;21/5/2026;Servicios;RECEPCIONADO PARCIAL;GOMEZ JULIO ANDRES;U003;15/7/2026;15/2/2026;10143040;30;1;15/2/2026;18/2/2026;C24;4500120479;30;4403;1;MPITTIA;20/2/2026;30/7/2026;C24;5;21/5/2026;3;3;-60;6;0;0;0;0;0;01 Cert Semanal;En curso - Próximo a vencer;Rojo;C24
00372 UTE 372 GEO POSCO II;1000083040;40;ZPAN;01-SERVICIO REMIS GO;;0;;;;MMOHR;1026128;REMIS TERM FIAMBALA - TERM BELEN;12;4;12;0;8;5000175043;31/5/2026;Servicios;RECEPCIONADO PARCIAL;GOMEZ JULIO ANDRES;U003;15/7/2026;15/2/2026;10143040;40;1;15/2/2026;18/2/2026;C24;4500120479;40;4403;1;MPITTIA;20/2/2026;30/7/2026;C24;6;1/6/2026;3;3;-60;17;-1;0;0;0;0;01 Cert Semanal;En curso - Próximo a vencer;Rojo;C24
00372 UTE 372 GEO POSCO II;1000083040;50;ZPAN;01-SERVICIO REMIS GO;;0;;;;MMOHR;1026128;REMIS TERM TINOGASTA - TERM BELEN;12;7;12;0;5;5000175043;31/5/2026;Servicios;RECEPCIONADO PARCIAL;GOMEZ JULIO ANDRES;U003;15/7/2026;15/2/2026;10143040;50;1;15/2/2026;18/2/2026;C24;4500120479;50;4403;1;MPITTIA;20/2/2026;30/7/2026;C24;7;1/6/2026;3;3;-60;17;-1;0;0;0;0;01 Cert Semanal;En curso - Próximo a vencer;Rojo;C24
00372 UTE 372 GEO POSCO II;1000083040;60;ZPAN;01-SERVICIO REMIS GO;;0;;;;MMOHR;1026128;REMIS TERM ANDAGALA - TERM BELEN;12;12;12;0;0;5000175043;31/5/2026;Servicios;CUMPLIDO;GOMEZ JULIO ANDRES;U003;15/7/2026;15/2/2026;10143040;60;1;15/2/2026;18/2/2026;C24;4500120479;60;4403;1;MPITTIA;20/2/2026;30/7/2026;C24;7;1/6/2026;3;3;-60;17;-1;0;0;0;0;01 Cert Semanal;En curso - Próximo a vencer;Rojo;C24
00365 RIO TINTO;1000083714;10;ZPAN;ATENCION PRIMARIA;;0;;;;CSOSA;1035274;ATENCION PRIMARIA EN GUARDIA;12;0;12;0;12;;;Servicios;ADJUDICADO;LABTEC S. R. L.;U365;31/3/2027;26/2/2026;10144003;10;1;26/2/2026;27/2/2026;C25;4500121966;10;4401;1;MPITTIA;9/3/2026;31/3/2027;C25;0;;1;0;20;0;0;0;0;0;0;Sin aclaración;En curso;;C25
00365 RIO TINTO;1000083748;10;ZPAN;EXAMEN PREOCUPACIONA;;0;;;;CSOSA;1013130;EXAMEN PREOCUPACIONAL BASICO XUN;100;100;100;0;0;5000169711;18/4/2026;Servicios;CUMPLIDO;MED LAB SALTA S.R.L.;U365;30/9/2026;27/2/2026;10144038;10;1;27/2/2026;27/2/2026;C25;4500121970;10;4401;1;MPITTIA;9/3/2026;30/9/2026;C25;3;18/4/2026;0;8;20;-165;0;0;0;0;0;Sin aclaración;En curso - Total recepcionado;;C25
00372 UTE 372 GEO POSCO II;1000083914;10;ZPAN;03 - TRANS PERSONAL;;0;;;;NGONCALVEZ;1013113;SNACK DE VIAJE - CATAMARCA;500;598;500;0;-98;5000179316;3/7/2026;Servicios;CUMPLIDO;PRODUCTOS SERVICIOS Y DISTRIBUCIONE;U003;31/7/2026;2/3/2026;10144215;10;1;2/3/2026;2/3/2026;C25;4500123262;10;4403;1;MPITTIA;25/3/2026;30/7/2026;C25;8;3/7/2026;0;1;-91;64;0;0;0;0;0;03 Cert Mensual;En curso - Próximo a vencer;Verde;C25
00372 UTE 372 GEO POSCO II;1000083915;10;ZPAN;03 - TRANS PERSONAL;;0;;;;NGONCALVEZ;1013113;SERV DE ESCOLTA SALTA-POSCO;20;26;20;0;-6;5000179319;3/7/2026;Servicios;CUMPLIDO;TRANSPORTE TMS S. A. S.;U003;30/6/2026;2/3/2026;10144217;10;1;2/3/2026;2/3/2026;C25;4500124118;10;4403;1;MPITTIA;6/4/2026;30/6/2026;C25;10;3/7/2026;0;3;1;3;0;0;0;0;0;03 Cert Mensual;Vencido con cant pendiente a recep;;C25
00372 UTE 372 GEO POSCO II;1000083915;20;ZPAN;03 - TRANS PERSONAL;;0;;;;NGONCALVEZ;1013113;SERV COLECTIVO SALTA-POSCO;20;25;20;0;-5;5000179319;3/7/2026;Servicios;CUMPLIDO;TRANSPORTE TMS S. A. S.;U003;30/6/2026;2/3/2026;10144217;20;1;2/3/2026;2/3/2026;C25;4500124118;20;4403;1;MPITTIA;6/4/2026;30/6/2026;C25;10;3/7/2026;0;3;1;3;0;0;0;0;0;03 Cert Mensual;Vencido con cant pendiente a recep;;C25
00365 RIO TINTO;1000085529;10;ZPAN;03 - M - INTERNET 2.;;0;;;;CSOSA;1025931;SERVICIO DE INTERNET X MES 2.5tb;12;3;12;0;9;5000179401;4/7/2026;Servicios;CUMPLIDO PARCIAL;JAWIT S.A.;U365;5/4/2027;26/3/2026;10146380;10;1;26/3/2026;27/3/2026;C25;4500124310;10;4401;1;MPITTIA;7/4/2026;5/4/2027;C25;5;4/7/2026;1;2;20;-275;0;0;0;0;0;03 Cert Mensual;En curso;Verde;C25
00365 RIO TINTO;1000085532;10;ZPAN;Ampliación Servicio;;0;;;;CSOSA;1022295;SERVICIO LICENCIADO MEDIA AMBIENTE;6;3;6;0;3;5000179399;4/7/2026;Servicios;CUMPLIDO PARCIAL;DELGADO JORGE ESTEBAN;U365;5/10/2026;26/3/2026;10146383;10;1;26/3/2026;27/3/2026;C25;4500125106;10;4401;1;MPITTIA;15/4/2026;5/10/2026;C25;3;4/7/2026;1;19;20;-93;0;0;0;0;0;Sin aclaración;En curso;;C25
00365 RIO TINTO;1000085948;10;ZPAN;BAÑOS QUIMICOS RENOV;;0;;;;CSOSA;1022693;ALQUILER DE MODULO DE BANO X U;105;30;105;0;75;5000175831;5/6/2026;Servicios;CUMPLIDO PARCIAL;AREA PABLO;U365;1/11/2026;2/4/2026;10146852;10;1;2/4/2026;4/4/2026;C25;4500124793;10;4401;1;MPITTIA;13/4/2026;1/11/2026;C25;2;5/6/2026;2;7;20;-149;0;0;0;0;0;Sin aclaración;En curso;;C25
00365 RIO TINTO;1000085948;20;ZPAN;BAÑOS QUIMICOS RENOV;;0;;;;CSOSA;1013136;SERVICIO LIMPIEZA DESAGOTE BANO QUIMICO;84;26;84;0;58;5000175831;5/6/2026;Servicios;CUMPLIDO PARCIAL;AREA PABLO;U365;1/11/2026;2/4/2026;10146852;20;1;2/4/2026;4/4/2026;C25;4500124793;20;4401;1;MPITTIA;13/4/2026;1/11/2026;C25;2;5/6/2026;2;7;20;-149;0;0;0;0;0;Sin aclaración;En curso;;C25
00365 RIO TINTO;1000086152;10;ZPAN;EXAMEN PREOCUPACIONA;;0;;;;CSOSA;1013130;EXAMEN PREOCUPACIONAL BASICO XUN;200;79;200;0;121;5000179405;4/7/2026;Servicios;CUMPLIDO PARCIAL;MED LAB SALTA S.R.L.;U365;30/9/2026;7/4/2026;10147087;10;1;7/4/2026;7/4/2026;C25;4500124550;10;4401;1;MPITTIA;9/4/2026;30/9/2026;C25;11;4/7/2026;0;4;20;-88;0;0;0;0;0;Sin aclaración;En curso;;C25
00365 RIO TINTO;1000086659;10;ZPAN;PEDIDO ABIERTO LAVAD;;1;;;;CSOSA;1041904;LAVADO VEHICULO LIVIANO;2;10;2;0;-8;5000178999;2/7/2026;Servicios;CUMPLIDO;MORENO VARGAS LUCIANA GISEL;U365;29/7/2026;15/4/2026;10147760;10;1;15/4/2026;15/4/2026;C35;4500125151;10;4401;1;FSOTO;16/4/2026;29/7/2026;C35;13;2/7/2026;0;0;20;-27;0;0;0;0;0;Sin aclaración;En curso - Próximo a vencer;;C35
00365 RIO TINTO;1000086735;10;ZPAN;ESTUDIOS DE LABORATO;;20;;;;CSOSA;1022295;Ambiente Laboral MDHS 14/4 + NIOSH 7500;4;0;4;0;4;;;Servicios;ADJUDICADO;GRUPO INDUSER SRL;U365;15/7/2026;16/4/2026;10147867;10;1;16/4/2026;16/4/2026;C26;4500125557;10;4401;1;YCOLMAN;20/4/2026;15/7/2026;C26;0;;0;2;-51;0;0;0;0;0;0;Sin aclaración;En curso - Próximo a vencer;;C26
00365 RIO TINTO;1000086735;20;ZPAN;ESTUDIOS DE LABORATO;;20;;;;CSOSA;1022295;Ambiente Laboral Formaldehído NIOSH 2016;1;0;1;0;1;;;Servicios;ADJUDICADO;GRUPO INDUSER SRL;U365;15/7/2026;16/4/2026;10147867;20;1;16/4/2026;16/4/2026;C26;4500125557;20;4401;1;YCOLMAN;20/4/2026;15/7/2026;C26;0;;0;2;-51;0;0;0;0;0;0;Sin aclaración;En curso - Próximo a vencer;;C26
00365 RIO TINTO;1000086735;30;ZPAN;ESTUDIOS DE LABORATO;;20;;;;CSOSA;1022295;Ambiente Laboral MDHS 14/4 (06/2014);1;0;1;0;1;;;Servicios;ADJUDICADO;GRUPO INDUSER SRL;U365;15/7/2026;16/4/2026;10147867;30;1;16/4/2026;16/4/2026;C26;4500125557;30;4401;1;YCOLMAN;20/4/2026;15/7/2026;C26;0;;0;2;-51;0;0;0;0;0;0;Sin aclaración;En curso - Próximo a vencer;;C26
00365 RIO TINTO;1000086735;40;ZPAN;ESTUDIOS DE LABORATO;;20;;;;CSOSA;1022295;Ambiente Laboral Soldad SMAW NIOSH 7303;2;0;2;0;2;;;Servicios;ADJUDICADO;GRUPO INDUSER SRL;U365;15/7/2026;16/4/2026;10147867;40;1;16/4/2026;16/4/2026;C26;4500125557;40;4401;1;YCOLMAN;20/4/2026;15/7/2026;C26;0;;0;2;-51;0;0;0;0;0;0;Sin aclaración;En curso - Próximo a vencer;;C26
00365 RIO TINTO;1000086735;50;ZPAN;ESTUDIOS DE LABORATO;;20;;;;CSOSA;1022295;Gastos e Informes;1;0;1;0;1;;;Servicios;ADJUDICADO;GRUPO INDUSER SRL;U365;15/7/2026;16/4/2026;10147867;50;1;16/4/2026;16/4/2026;C26;4500125557;50;4401;1;YCOLMAN;20/4/2026;15/7/2026;C26;0;;0;2;-51;0;0;0;0;0;0;Sin aclaración;En curso - Próximo a vencer;;C26
00365 RIO TINTO;1000087033;10;ZPAN;ALQUILER BAÑOS QUIMI;;20;;;;CSOSA;1022693;ALQUILER DE MODULO DE BANO X U;15;0;15;0;15;;;Servicios;ADJUDICADO;AREA PABLO;U365;2/8/2026;21/4/2026;10148281;10;1;21/4/2026;21/4/2026;C25;4500126084;10;4401;1;MPITTIA;27/4/2026;2/8/2026;C25;2;;0;1;20;0;0;0;0;0;0;Sin aclaración;En curso - Próximo a vencer;;C25
00365 RIO TINTO;1000087033;20;ZPAN;ALQUILER BAÑOS QUIMI;;20;;;;CSOSA;1013136;SERVICIO LIMPIEZA DESAGOTE BANO QUIMICO;180;0;180;0;180;;;Servicios;ADJUDICADO;AREA PABLO;U365;2/8/2026;21/4/2026;10148281;20;1;21/4/2026;21/4/2026;C25;4500126084;20;4401;1;MPITTIA;27/4/2026;2/8/2026;C25;2;;0;1;20;0;0;0;0;0;0;Sin aclaración;En curso - Próximo a vencer;;C25
00365 RIO TINTO;1000087657;10;ZPAN;GASES OXICORTE;;0;;;;CSOSA;1013105;ALQUILER TUBO C02;5;0;5;0;5;;;Servicios;ADJUDICADO;CROSSDOX S. A. S.;U365;1/10/2026;1/5/2026;10149064;10;1;1/5/2026;2/5/2026;C24;4500126602;10;4401;1;MPITTIA;4/5/2026;1/10/2026;C24;0;;1;0;20;0;0;0;0;0;0;Sin aclaración;En curso;;C24
00365 RIO TINTO;1000087657;20;ZPAN;GASES OXICORTE;;0;;;;CSOSA;1013105;ALQUILER TUBO ACETILENO;5;0;5;0;5;;;Servicios;ADJUDICADO;CROSSDOX S. A. S.;U365;1/10/2026;1/5/2026;10149064;20;1;1/5/2026;2/5/2026;C24;4500126602;20;4401;1;MPITTIA;4/5/2026;1/10/2026;C24;0;;1;0;20;0;0;0;0;0;0;Sin aclaración;En curso;;C24
00365 RIO TINTO;1000087657;30;ZPAN;GASES OXICORTE;;0;;;;CSOSA;1035528;RECARGA TUBO DE OXIGENO;25;21;25;0;4;5000176101;8/6/2026;Servicios;CUMPLIDO PARCIAL;CROSSDOX S. A. S.;U365;1/10/2026;1/5/2026;10149064;30;1;1/5/2026;2/5/2026;C24;4500126602;30;4401;1;MPITTIA;4/5/2026;1/10/2026;C24;1;8/6/2026;1;0;20;-115;0;0;0;0;0;Sin aclaración;En curso;;C24
00365 RIO TINTO;1000087657;40;ZPAN;GASES OXICORTE;;0;;;;CSOSA;1013106;RECARGA C02;5;0;5;0;5;;;Servicios;ADJUDICADO;CROSSDOX S. A. S.;U365;1/10/2026;1/5/2026;10149064;40;1;1/5/2026;2/5/2026;C24;4500126602;40;4401;1;MPITTIA;4/5/2026;1/10/2026;C24;0;;1;0;20;0;0;0;0;0;0;Sin aclaración;En curso;;C24
00365 RIO TINTO;1000087657;50;ZPAN;GASES OXICORTE;;0;;;;CSOSA;1017956;ACETILENO;8;8;8;0;0;5000176101;8/6/2026;Servicios;CUMPLIDO;CROSSDOX S. A. S.;U365;1/10/2026;1/5/2026;10149064;50;1;1/5/2026;2/5/2026;C24;4500126602;50;4401;1;MPITTIA;4/5/2026;1/10/2026;C24;1;8/6/2026;1;0;20;-115;0;0;0;0;0;Sin aclaración;En curso - Total recepcionado;;C24
00365 RIO TINTO;1000087657;60;ZPAN;GASES OXICORTE;;0;;;;CSOSA;1012981;TRANSPORTE X MES;5;1;5;0;4;5000176100;8/6/2026;Servicios;CUMPLIDO PARCIAL;CROSSDOX S. A. S.;U365;1/10/2026;1/5/2026;10149064;60;1;12/5/2026;12/5/2026;C24;4500127587;10;4401;1;MPITTIA;13/5/2026;1/10/2026;C24;1;8/6/2026;0;0;20;-115;0;0;0;0;0;Sin aclaración;En curso;;C24
00365 RIO TINTO;1000087657;70;ZPAN;GASES OXICORTE;;0;;;;CSOSA;1022295;PH X TUBO;6;3;6;0;3;5000176100;8/6/2026;Servicios;CUMPLIDO PARCIAL;CROSSDOX S. A. S.;U365;1/10/2026;1/5/2026;10149064;70;1;12/5/2026;12/5/2026;C25;4500127587;20;4401;1;MPITTIA;13/5/2026;1/10/2026;C24;1;8/6/2026;0;0;20;-115;0;0;0;0;0;Sin aclaración;En curso;;C24
00372 UTE 372 GEO POSCO II;1000087672;10;ZPAN;03 LICENCIADO MED;;0;;;;MMOHR;1022295;SERVICIO LIC  MEDIO AMBIENTE X MES;6;2;6;0;4;5000179188;3/7/2026;Servicios;RECEPCIONADO PARCIAL;SORAIRE GUILLERMO FEDERICO;U003;3/11/2026;3/5/2026;10149075;10;1;3/5/2026;4/5/2026;C25;4500127673;10;4403;1;MPITTIA;14/5/2026;3/11/2026;C25;2;3/7/2026;1;0;20;-123;0;0;0;0;0;03 Cert Mensual;En curso;Verde;C25
00365 RIO TINTO;1000087674;10;ZPAN;SUB CONTRATRO SUPERV;;20;;;;CSOSA;1012998;SUB. SUPERV. PLACAS ASENTAMIENTOS Y PIEZ;8;0;8;0;8;;;Servicios;ADJUDICADO;AOSA SA;U365;20/7/2026;3/5/2026;10149078;10;1;3/5/2026;5/5/2026;C26;4500127086;60;4401;2;YCOLMAN;7/5/2026;20/7/2026;C26;0;;2;6;-2;0;0;0;0;0;0;Sin aclaración;En curso - Próximo a vencer;;C26
00365 RIO TINTO;1000087674;20;ZPAN;SUB CONTRATRO SUPERV;;20;;;;CSOSA;1012998;PRESENTACION DE INFORMES POSTERIORES;1;0;1;0;1;;;Servicios;ADJUDICADO;AOSA SA;U365;20/7/2026;3/5/2026;10149078;20;1;3/5/2026;5/5/2026;C26;4500127086;20;4401;1;YCOLMAN;7/5/2026;20/7/2026;C26;0;;2;6;-2;0;0;0;0;0;0;Sin aclaración;En curso - Próximo a vencer;;C26
00365 RIO TINTO;1000087674;30;ZPAN;SUB CONTRATRO SUPERV;;20;;;;CSOSA;1012998;STAND BY POR CAUSAS AJENAS;1;0;1;0;1;;;Servicios;ADJUDICADO;AOSA SA;U365;20/7/2026;3/5/2026;10149078;30;1;3/5/2026;5/5/2026;C26;4500127086;30;4401;1;YCOLMAN;7/5/2026;20/7/2026;C26;0;;2;6;-2;0;0;0;0;0;0;Sin aclaración;En curso - Próximo a vencer;;C26
00365 RIO TINTO;1000087674;40;ZPAN;SUB CONTRATRO SUPERV;;20;;;;CSOSA;1012998;ESTADÍA DE TRABAJO ADICIONAL;1;0;1;0;1;;;Servicios;ADJUDICADO;AOSA SA;U365;20/7/2026;3/5/2026;10149078;40;1;3/5/2026;5/5/2026;C26;4500127086;40;4401;1;YCOLMAN;7/5/2026;20/7/2026;C26;0;;2;6;-2;0;0;0;0;0;0;Sin aclaración;En curso - Próximo a vencer;;C26
00365 RIO TINTO;1000087674;50;ZPAN;SUB CONTRATRO SUPERV;;20;;;;CSOSA;1012998;EXÁMENES MÉDICOS P/ INGRESO;1;0;1;0;1;;;Servicios;ADJUDICADO;AOSA SA;U365;20/7/2026;3/5/2026;10149078;50;1;3/5/2026;5/5/2026;C26;4500127086;50;4401;1;YCOLMAN;7/5/2026;20/7/2026;C26;0;;2;6;-2;0;0;0;0;0;0;Sin aclaración;En curso - Próximo a vencer;;C26
00365 RIO TINTO;1000087920;10;ZPAN;ALQ IMPRESORAS;;0;;;;AFORTUNA;1026315;ALQUILER IMPRESORA BYN XMES;12;1;12;0;11;5000175829;5/6/2026;Servicios;CUMPLIDO PARCIAL;TECNICA Y SISTEMAS SRL;U365;30/5/2027;7/5/2026;10149479;10;1;7/5/2026;7/5/2026;C25;4500127573;10;4401;1;MPITTIA;13/5/2026;30/5/2027;C25;1;5/6/2026;0;5;1;-359;0;0;0;0;0;Sin aclaración;En curso;;C25
00365 RIO TINTO;1000087920;20;ZPAN;ALQ IMPRESORAS;;0;;;;AFORTUNA;1026315;ALQUILER IMPRESORA COLOR A3 XMES;12;1;12;0;11;5000175829;5/6/2026;Servicios;CUMPLIDO PARCIAL;TECNICA Y SISTEMAS SRL;U365;30/5/2027;7/5/2026;10149479;20;1;7/5/2026;7/5/2026;C25;4500127573;20;4401;1;MPITTIA;13/5/2026;30/5/2027;C25;1;5/6/2026;0;5;1;-359;0;0;0;0;0;Sin aclaración;En curso;;C25
00365 RIO TINTO;1000087920;30;ZPAN;ALQ IMPRESORAS;;0;;;;AFORTUNA;1026315;ALQUILER IMPRESORA COLOR A3 XMES;12;1;12;0;11;5000175829;5/6/2026;Servicios;CUMPLIDO PARCIAL;TECNICA Y SISTEMAS SRL;U365;30/5/2027;7/5/2026;10149479;30;1;7/5/2026;7/5/2026;C25;4500127573;30;4401;1;MPITTIA;13/5/2026;30/5/2027;C25;1;5/6/2026;0;5;1;-359;0;0;0;0;0;Sin aclaración;En curso;;C25
00365 RIO TINTO;1000087920;40;ZPAN;ALQ IMPRESORAS;;0;;;;AFORTUNA;1026181;COPIAS EXCEDENTES COLOR;20000;5486;20000;0;14514;5000175829;5/6/2026;Servicios;CUMPLIDO PARCIAL;TECNICA Y SISTEMAS SRL;U365;30/5/2027;7/5/2026;10149479;40;1;12/5/2026;12/5/2026;C25;4500127573;40;4401;1;MPITTIA;13/5/2026;30/5/2027;C25;1;5/6/2026;0;5;1;-359;0;0;0;0;0;Sin aclaración;En curso;;C25
00365 RIO TINTO;1000087920;50;ZPAN;ALQ IMPRESORAS;;0;;;;AFORTUNA;1026181;COPIAS EXCEDENTES BYN;20000;20000;20000;0;0;5000175829;5/6/2026;Servicios;CUMPLIDO;TECNICA Y SISTEMAS SRL;U365;30/5/2027;7/5/2026;10149479;50;1;12/5/2026;12/5/2026;C25;4500127573;50;4401;1;MPITTIA;13/5/2026;30/5/2027;C25;1;5/6/2026;0;5;1;-359;0;0;0;0;0;Sin aclaración;En curso - Total recepcionado;;C25
00365 RIO TINTO;1000088077;10;ZPAN;ALQ DISPENSER DE AGU;;0;;;;AFORTUNA;1025992;ALQUILER DISPENSER FRIO CALOR x MES;12;3;12;0;9;5000179383;4/7/2026;Servicios;CUMPLIDO PARCIAL;MELS S.R.L.;U365;30/4/2027;9/5/2026;10149712;10;1;9/5/2026;10/5/2026;C25;4500129162;10;4401;1;MPITTIA;2/6/2026;30/4/2027;C25;5;4/7/2026;1;0;20;-300;0;0;0;0;0;Sin aclaración;En curso;;C25
00365 RIO TINTO;1000088098;10;ZPAN;VIANDA BASE;;20;;;;CSOSA;1013121;VIANDA ALMUERZO XUN;600;162;600;0;438;5000177838;23/6/2026;Servicios;CUMPLIDO PARCIAL;ALEJO ROCIO JAZMIN;U365;31/12/2026;10/5/2026;10149730;10;1;10/5/2026;10/5/2026;C25;4500129278;10;4401;1;MPITTIA;3/6/2026;31/12/2026;C25;2;27/5/2026;0;1;1;-218;27;0;0;0;0;Sin aclaración;En curso;;C25
00365 RIO TINTO;1000088099;10;ZPAN;SUBCONTRATO FUSION D;;0;;;;CSOSA;1012995;Tubería PE-Xa PN12 (DIN 16892/16893);1171;0;1171;0;1171;;;Servicios;ADJUDICADO;INGENIERIA MINERA S. A.;U365;30/11/2026;10/5/2026;10149732;10;1;10/5/2026;10/5/2026;C26;4500127757;10;4401;1;AGONZALEZ;14/5/2026;30/11/2026;C26;0;;0;50;1;0;0;0;0;0;0;Sin aclaración;En curso;;C26
00365 RIO TINTO;1000088099;20;ZPAN;SUBCONTRATO FUSION D;;0;;;;CSOSA;1012995;"BRIDA A105 CL150 B16.47A FF PTFE 30""";21;0;21;0;21;;;Servicios;ADJUDICADO;INGENIERIA MINERA S. A.;U365;30/11/2026;10/5/2026;10149732;20;1;10/5/2026;10/5/2026;C26;4500127757;20;4401;1;AGONZALEZ;14/5/2026;30/11/2026;C26;0;;0;50;1;0;0;0;0;0;0;Sin aclaración;En curso;;C26
00365 RIO TINTO;1000088099;30;ZPAN;SUBCONTRATO FUSION D;;0;;;;CSOSA;1012995;Adaptador Brida PE-Xa PN12 Patrón Largo;21;0;21;0;21;;;Servicios;ADJUDICADO;INGENIERIA MINERA S. A.;U365;30/11/2026;10/5/2026;10149732;30;1;10/5/2026;10/5/2026;C26;4500127757;30;4401;1;AGONZALEZ;14/5/2026;30/11/2026;C26;0;;0;50;1;0;0;0;0;0;0;Sin aclaración;En curso;;C26
00365 RIO TINTO;1000088099;40;ZPAN;SUBCONTRATO FUSION D;;0;;;;CSOSA;1012995;Cople EF HDPE PE100 PN16 ISO 4427;174;0;174;0;174;;;Servicios;ADJUDICADO;INGENIERIA MINERA S. A.;U365;30/11/2026;10/5/2026;10149732;40;1;10/5/2026;10/5/2026;C26;4500127757;40;4401;1;AGONZALEZ;14/5/2026;30/11/2026;C26;0;;0;50;1;0;0;0;0;0;0;Sin aclaración;En curso;;C26
00365 RIO TINTO;1000088099;50;ZPAN;SUBCONTRATO FUSION D;;0;;;;CSOSA;1012995;TEE PE100 ISO4427 PN16 ESPIGA LARGA;5;0;5;0;5;;;Servicios;ADJUDICADO;INGENIERIA MINERA S. A.;U365;30/11/2026;10/5/2026;10149732;50;1;10/5/2026;10/5/2026;C26;4500127757;50;4401;1;AGONZALEZ;14/5/2026;30/11/2026;C26;0;;0;50;1;0;0;0;0;0;0;Sin aclaración;En curso;;C26
00365 RIO TINTO;1000088099;60;ZPAN;SUBCONTRATO FUSION D;;0;;;;CSOSA;1012995;Brida ciega A105 CL150 B16.47A PTFE FF;21;0;21;0;21;;;Servicios;ADJUDICADO;INGENIERIA MINERA S. A.;U365;30/11/2026;10/5/2026;10149732;60;1;10/5/2026;10/5/2026;C26;4500127757;60;4401;1;AGONZALEZ;14/5/2026;30/11/2026;C26;0;;0;50;1;0;0;0;0;0;0;Sin aclaración;En curso;;C26
00365 RIO TINTO;1000088099;70;ZPAN;SUBCONTRATO FUSION D;;0;;;;CSOSA;1012995;CODO 45 LR PE-XA PN12 FAB 1.5D TANG;17;0;17;0;17;;;Servicios;ADJUDICADO;INGENIERIA MINERA S. A.;U365;30/11/2026;10/5/2026;10149732;70;1;10/5/2026;10/5/2026;C26;4500127757;70;4401;1;AGONZALEZ;14/5/2026;30/11/2026;C26;0;;0;50;1;0;0;0;0;0;0;Sin aclaración;En curso;;C26
00365 RIO TINTO;1000088099;80;ZPAN;SUBCONTRATO FUSION D;;0;;;;CSOSA;1012995;CODO 90 LR PE-XA PN12 TANG 1.5D FAB;20;0;20;0;20;;;Servicios;ADJUDICADO;INGENIERIA MINERA S. A.;U365;30/11/2026;10/5/2026;10149732;80;1;10/5/2026;10/5/2026;C26;4500127757;80;4401;1;AGONZALEZ;14/5/2026;30/11/2026;C26;0;;0;50;1;0;0;0;0;0;0;Sin aclaración;En curso;;C26
00365 RIO TINTO;1000088099;90;ZPAN;SUBCONTRATO FUSION D;;0;;;;CSOSA;1012995;PRUEBA HIDRAULICA;10;0;10;0;10;;;Servicios;ADJUDICADO;INGENIERIA MINERA S. A.;U365;30/11/2026;10/5/2026;10149732;90;1;10/5/2026;10/5/2026;C26;4500127757;90;4401;1;AGONZALEZ;14/5/2026;30/11/2026;C26;0;;0;50;1;0;0;0;0;0;0;Sin aclaración;En curso;;C26
00365 RIO TINTO;1000088099;100;ZPAN;SUBCONTRATO FUSION D;;0;;;;CSOSA;1012995;Electrofusora MGSC EF-4000k;1;0;1;0;1;;;Servicios;ADJUDICADO;INGENIERIA MINERA S. A.;U365;30/11/2026;10/5/2026;10149732;100;1;10/5/2026;10/5/2026;C26;4500127757;100;4401;1;AGONZALEZ;14/5/2026;30/11/2026;C26;0;;0;50;1;0;0;0;0;0;0;Sin aclaración;En curso;;C26
00365 RIO TINTO;1000088099;110;ZPAN;SUBCONTRATO FUSION D;;0;;;;CSOSA;1012995;Terminales de electrofusora;50;0;50;0;50;;;Servicios;ADJUDICADO;INGENIERIA MINERA S. A.;U365;30/11/2026;10/5/2026;10149732;110;1;10/5/2026;10/5/2026;C26;4500127757;110;4401;1;AGONZALEZ;14/5/2026;30/11/2026;C26;0;;0;50;1;0;0;0;0;0;0;Sin aclaración;En curso;;C26
00365 RIO TINTO;1000088099;120;ZPAN;SUBCONTRATO FUSION D;;0;;;;CSOSA;1012995;Redondeador Mecánico GF d630-900;2;0;2;0;2;;;Servicios;ADJUDICADO;INGENIERIA MINERA S. A.;U365;30/11/2026;10/5/2026;10149732;120;1;10/5/2026;10/5/2026;C26;4500127757;120;4401;1;AGONZALEZ;14/5/2026;30/11/2026;C26;0;;0;50;1;0;0;0;0;0;0;Sin aclaración;En curso;;C26
00365 RIO TINTO;1000088099;130;ZPAN;SUBCONTRATO FUSION D;;0;;;;CSOSA;1012995;Malacate Manual a Palanca  2 Ganchos;5;0;5;0;5;;;Servicios;ADJUDICADO;INGENIERIA MINERA S. A.;U365;30/11/2026;10/5/2026;10149732;130;1;10/5/2026;10/5/2026;C26;4500127757;130;4401;1;AGONZALEZ;14/5/2026;30/11/2026;C26;0;;0;50;1;0;0;0;0;0;0;Sin aclaración;En curso;;C26
00365 RIO TINTO;1000088099;140;ZPAN;SUBCONTRATO FUSION D;;0;;;;CSOSA;1012995;Raspador giratorio GF RST 1000 d250-d100;2;0;2;0;2;;;Servicios;ADJUDICADO;INGENIERIA MINERA S. A.;U365;30/11/2026;10/5/2026;10149732;140;1;10/5/2026;10/5/2026;C26;4500127757;140;4401;1;AGONZALEZ;14/5/2026;30/11/2026;C26;0;;0;50;1;0;0;0;0;0;0;Sin aclaración;En curso;;C26
00365 RIO TINTO;1000088099;150;ZPAN;SUBCONTRATO FUSION D;;0;;;;CSOSA;1012995;Raspador manual para tubo hdpe;5;0;5;0;5;;;Servicios;ADJUDICADO;INGENIERIA MINERA S. A.;U365;30/11/2026;10/5/2026;10149732;150;1;10/5/2026;10/5/2026;C26;4500127757;150;4401;1;AGONZALEZ;14/5/2026;30/11/2026;C26;0;;0;50;1;0;0;0;0;0;0;Sin aclaración;En curso;;C26
00365 RIO TINTO;1000088099;160;ZPAN;SUBCONTRATO FUSION D;;0;;;;CSOSA;1012995;Biselador de tubos plásticos;5;0;5;0;5;;;Servicios;ADJUDICADO;INGENIERIA MINERA S. A.;U365;30/11/2026;10/5/2026;10149732;160;1;10/5/2026;10/5/2026;C26;4500127757;160;4401;1;AGONZALEZ;14/5/2026;30/11/2026;C26;0;;0;50;1;0;0;0;0;0;0;Sin aclaración;En curso;;C26
00365 RIO TINTO;1000088099;170;ZPAN;SUBCONTRATO FUSION D;;0;;;;CSOSA;1012995;Pulverizador 2 Lts Manual;5;0;5;0;5;;;Servicios;ADJUDICADO;INGENIERIA MINERA S. A.;U365;30/11/2026;10/5/2026;10149732;170;1;10/5/2026;10/5/2026;C26;4500127757;170;4401;1;AGONZALEZ;14/5/2026;30/11/2026;C26;0;;0;50;1;0;0;0;0;0;0;Sin aclaración;En curso;;C26
00365 RIO TINTO;1000088099;180;ZPAN;SUBCONTRATO FUSION D;;0;;;;CSOSA;1012995;Plan de HyS y MA;1;0;1;0;1;;;Servicios;ADJUDICADO;INGENIERIA MINERA S. A.;U365;30/11/2026;10/5/2026;10149732;180;1;10/5/2026;10/5/2026;C26;4500127757;180;4401;1;AGONZALEZ;14/5/2026;30/11/2026;C26;0;;0;50;1;0;0;0;0;0;0;Sin aclaración;En curso;;C26
00365 RIO TINTO;1000088099;190;ZPAN;SUBCONTRATO FUSION D;;0;;;;CSOSA;1012995;Jefe de obra;1;0;1;0;1;;;Servicios;ADJUDICADO;INGENIERIA MINERA S. A.;U365;30/11/2026;10/5/2026;10149732;190;1;10/5/2026;10/5/2026;C26;4500127757;190;4401;1;AGONZALEZ;14/5/2026;30/11/2026;C26;0;;0;50;1;0;0;0;0;0;0;Sin aclaración;En curso;;C26
00365 RIO TINTO;1000088099;200;ZPAN;SUBCONTRATO FUSION D;;0;;;;CSOSA;1012995;Supervisor de Calidad;1;0;1;0;1;;;Servicios;ADJUDICADO;INGENIERIA MINERA S. A.;U365;30/11/2026;10/5/2026;10149732;200;1;10/5/2026;10/5/2026;C26;4500127757;200;4401;1;AGONZALEZ;14/5/2026;30/11/2026;C26;0;;0;50;1;0;0;0;0;0;0;Sin aclaración;En curso;;C26
00365 RIO TINTO;1000088099;210;ZPAN;SUBCONTRATO FUSION D;;0;;;;CSOSA;1012995;Capacitación y certificación de personal;10;0;10;0;10;;;Servicios;ADJUDICADO;INGENIERIA MINERA S. A.;U365;30/11/2026;10/5/2026;10149732;210;1;10/5/2026;10/5/2026;C26;4500127757;210;4401;1;AGONZALEZ;14/5/2026;30/11/2026;C26;0;;0;50;1;0;0;0;0;0;0;Sin aclaración;En curso;;C26
00365 RIO TINTO;1000088258;10;ZPAN;SS INTERNET STARLINK;;0;;;;AFORTUNA;1034212;SERVICIO DE INTERNET SATELITAL X MES;12;2;12;0;10;5000178972;1/7/2026;Servicios;CUMPLIDO PARCIAL;PRAXSYS SOLUCIONES S.R.L;U365;13/5/2027;13/5/2026;10150033;10;1;13/5/2026;13/5/2026;C25;4500128555;10;4401;1;MPITTIA;26/5/2026;13/5/2027;C25;2;1/7/2026;0;0;1;-316;0;0;0;0;0;Sin aclaración;En curso;;C25
00365 RIO TINTO;1000088320;10;ZPAN;POLIZA RC 415988;;0;;;;MGAUDELLI;1012957;SEGURO RESPONSABILIDAD CIVIL;1;1;1;0;0;5000173475;18/5/2026;Servicios;CUMPLIDO;LA MERIDIONAL CIA ARG DE SEGUROS S;U365;15/8/2027;13/5/2026;10150102;10;1;13/5/2026;13/5/2026;C16;4500127774;10;4401;1;JESPARZA;15/5/2026;15/8/2027;C16;1;18/5/2026;0;4;20;-454;0;0;0;0;0;Sin aclaración;En curso - Total recepcionado;;C16
00372 UTE 372 GEO POSCO II;1000088336;10;ZPAN;03 - TRANS PERSONAL;;0;;;;NGONCALVEZ;1013113;SNACK DE VIAJE SALTA;1000;410;1000;0;590;5000179423;6/7/2026;Servicios;RECEPCIONADO PARCIAL;TRANSPORTE TMS S. A. S.;U003;28/8/2026;14/5/2026;10150122;10;1;14/5/2026;14/5/2026;C25;4500128330;10;4403;1;MPITTIA;21/5/2026;28/8/2026;C25;3;6/7/2026;0;1;20;-53;0;0;0;0;0;03 Cert Mensual;En curso;Verde;C25
00365 RIO TINTO;1000088339;10;ZPAN;CONSTR. POZOS PIEZOM;;0;;;;MGAUDELLI;1042059;SUBC. OBRA POZO PIEZOMETRICO;15;0;15;0;15;;;Servicios;ADJUDICADO;AGV FALCON DRILLING S.R.L;U365;10/8/2026;14/5/2026;10150127;10;1;14/5/2026;14/5/2026;C26;4500128141;10;4401;1;YCOLMAN;19/5/2026;10/8/2026;C26;0;;0;10;-40;0;0;0;0;0;0;Sin aclaración;En curso - Próximo a vencer;;C26
00372 UTE 372 GEO POSCO II;1000088359;10;ZPAN;VIANDAS DE COMIDA BA;;0;;;;AZAPANA;1013116;VIANDA ALMUERZO PUESTA EN OBRA XUN;150;11;150;0;139;5000176391;10/6/2026;Servicios;RECEPCIONADO PARCIAL;ARAMAYO MARIA JULIETA;U003;15/5/2027;14/5/2026;10150161;10;1;14/5/2026;29/6/2026;C25;4500129718;10;4403;2;MPITTIA;9/6/2026;30/11/2026;C25;1;10/6/2026;46;0;-165;-173;0;0;0;0;0;Sin aclaración;En curso;;C25
00372 UTE 372 GEO POSCO II;1000088541;10;ZPAN;03 - TRANS PERSONAL;;0;;;;NGONCALVEZ;1013113;SERV TTE PERSONAL COLECTIVO BELEN-POSCO;20;7;20;0;13;5000179315;3/7/2026;Servicios;RECEPCIONADO PARCIAL;PRODUCTOS SERVICIOS Y DISTRIBUCIONE;U003;30/7/2026;16/5/2026;10150362;10;1;16/5/2026;18/5/2026;C25;4500128533;10;4403;1;MPITTIA;26/5/2026;31/10/2026;C25;5;3/7/2026;2;2;-41;34;0;0;0;0;0;03 Cert Mensual;En curso - Próximo a vencer;Verde;C25
00372 UTE 372 GEO POSCO II;1000088541;20;ZPAN;03 - TRANS PERSONAL;;0;;;;NGONCALVEZ;1013113;SERV DE ESCOLTA BELEN-POSCO;20;2;20;0;18;5000179315;3/7/2026;Servicios;RECEPCIONADO PARCIAL;PRODUCTOS SERVICIOS Y DISTRIBUCIONE;U003;30/7/2026;16/5/2026;10150362;20;1;16/5/2026;18/5/2026;C25;4500128533;20;4403;1;MPITTIA;26/5/2026;31/10/2026;C25;3;3/7/2026;2;2;-41;34;0;0;0;0;0;03 Cert Mensual;En curso - Próximo a vencer;Verde;C25
00372 UTE 372 GEO POSCO II;1000088685;10;ZPAN;02- TRANPORTE SITIO;;0;;;;NGONCALVEZ;1048595;TRANSP PERSONAL EN SITIO;2;1;2;0;1;5000176909;16/6/2026;Servicios;RECEPCIONADO PARCIAL;TRANSPORTE TMS S. A. S.;U003;2/8/2026;19/5/2026;10150548;10;1;19/5/2026;19/5/2026;C25;4500128543;10;4403;1;MPITTIA;26/5/2026;2/8/2026;C25;1;16/6/2026;0;2;1;-47;0;0;0;0;0;02 Cert Quincenal;En curso - Próximo a vencer;Rojo;C25
00372 UTE 372 GEO POSCO II;1000089004;20;ZPAN;01 - Recarga oxigeno;;0;;;;NGONCALVEZ;1013106;SERVICIO DE RECARGA DE GASES;6;0;6;0;6;;;Servicios;ADJUDICADO;GASOL S.R.L.;U003;18/6/2026;25/5/2026;10150930;10;1;25/5/2026;26/5/2026;C01;4500129890;10;4403;1;AZAPANA;10/6/2026;13/7/2026;C01;0;;1;0;20;0;0;0;0;0;0;01 Cert Semanal;Vencido con cant pendiente a recep;;C01
00365 RIO TINTO;1000089009;10;ZPAN;ALQ TERMOF. 800;;2;;;;MGAUDELLI;1050642;ALQUILER TERMOFUSORA 500/800MM;3;0;3;0;3;;;Servicios;ADJUDICADO;SM INDUSTRIA PLASTICA S. A. S.;U365;1/8/2026;26/5/2026;10150937;10;1;26/5/2026;26/5/2026;C23;4500128605;10;4401;1;JESPARZA;26/5/2026;1/8/2026;C23;0;;0;5;1;0;0;0;0;0;0;Sin aclaración;En curso - Próximo a vencer;;C23
00365 RIO TINTO;1000089300;10;ZPAN;CRIM EQUIPOS EN PROY;;20;;;;CSOSA;1042546;INSPECCION CRIM EQ. PESADO;25;0;25;0;25;;;Servicios;ADJUDICADO;SUDAMERICANA CAMIONES SA;U365;20/7/2026;29/5/2026;10151268;10;1;29/5/2026;29/5/2026;C01;4500129009;10;4401;1;CSOSA;29/5/2026;20/7/2026;C01;0;;0;0;-18;0;0;0;0;0;0;Sin aclaración;En curso - Próximo a vencer;;C01
00365 RIO TINTO;1000089300;20;ZPAN;CRIM EQUIPOS EN PROY;;20;;;;CSOSA;1042545;INSPECCION CRIM EQ. LIVIANO;5;0;5;0;5;;;Servicios;ADJUDICADO;SUDAMERICANA CAMIONES SA;U365;20/7/2026;29/5/2026;10151268;20;1;29/5/2026;29/5/2026;C01;4500129009;20;4401;1;CSOSA;29/5/2026;20/7/2026;C01;0;;0;0;-18;0;0;0;0;0;0;Sin aclaración;En curso - Próximo a vencer;;C01
00365 RIO TINTO;1000089327;10;ZPAN;ALQUIER  BAÑOS QUIMI;;0;;;;CSOSA;1013136;SERVICIO LIMPIEZA DESAGOTE BANO QUIMICO;1800;0;1800;0;1800;;;Servicios;ADJUDICADO;AREA PABLO;U365;31/12/2026;30/5/2026;10151297;10;1;30/5/2026;31/5/2026;C25;4500131182;10;4401;1;MPITTIA;25/6/2026;31/12/2026;C25;0;;1;12;20;0;0;0;0;0;0;Sin aclaración;En curso;;C25
00365 RIO TINTO;1000089327;20;ZPAN;ALQUIER  BAÑOS QUIMI;;0;;;;CSOSA;1022693;ALQUILER DE MODULO DE BANO X U;150;0;150;0;150;;;Servicios;ADJUDICADO;AREA PABLO;U365;31/12/2026;30/5/2026;10151297;20;1;30/5/2026;31/5/2026;C25;4500131182;20;4401;1;MPITTIA;25/6/2026;31/12/2026;C25;0;;1;12;20;0;0;0;0;0;0;Sin aclaración;En curso;;C25
00372 UTE 372 GEO POSCO II;1000089401;10;ZPAN;03-SERV REMIS- RASGI;;0;;;;MMOHR;1026128;REMIS TERM BELEN - TERM ANDAGALA;12;6;12;0;6;5000179434;6/7/2026;Servicios;RECEPCIONADO PARCIAL;RASGIDO GASTON ANDRES;U003;1/9/2026;1/6/2026;10151366;10;1;1/6/2026;2/6/2026;C24;4500129984;10;4403;1;MPITTIA;11/6/2026;1/9/2026;C24;2;6/7/2026;1;5;1;-57;0;0;0;0;0;03 Cert Mensual;En curso;Verde;C24
00372 UTE 372 GEO POSCO II;1000089401;20;ZPAN;03-SERV REMIS- RASGI;;0;;;;MMOHR;1026128;REMIS TERM BELEN - TERM TINOGASTA;7;5;7;0;2;5000179434;6/7/2026;Servicios;RECEPCIONADO PARCIAL;RASGIDO GASTON ANDRES;U003;1/9/2026;1/6/2026;10151366;20;1;1/6/2026;2/6/2026;C24;4500129984;20;4403;1;MPITTIA;11/6/2026;1/9/2026;C24;3;6/7/2026;1;5;1;-57;0;0;0;0;0;03 Cert Mensual;En curso;Verde;C24
00372 UTE 372 GEO POSCO II;1000089401;30;ZPAN;03-SERV REMIS- RASGI;;0;;;;MMOHR;1026128;REMIS TERM ANDAGALA- TERM BELEN;12;2;12;0;10;5000178346;26/6/2026;Servicios;RECEPCIONADO PARCIAL;RASGIDO GASTON ANDRES;U003;1/9/2026;1/6/2026;10151366;30;1;1/6/2026;2/6/2026;C24;4500129984;30;4403;1;MPITTIA;11/6/2026;1/9/2026;C24;1;26/6/2026;1;5;1;-67;0;0;0;0;0;03 Cert Mensual;En curso;Verde;C24
00372 UTE 372 GEO POSCO II;1000089401;40;ZPAN;03-SERV REMIS- RASGI;;0;;;;MMOHR;1026128;REMIS TERM FIAMBALA - TERM BELEN;12;0;12;0;12;;;Servicios;ADJUDICADO;RASGIDO GASTON ANDRES;U003;1/9/2026;1/6/2026;10151366;40;1;1/6/2026;2/6/2026;C24;4500129984;40;4403;1;MPITTIA;11/6/2026;1/9/2026;C24;0;;1;5;1;0;0;0;0;0;0;03 Cert Mensual;En curso;;C24
00372 UTE 372 GEO POSCO II;1000089401;50;ZPAN;03-SERV REMIS- RASGI;;0;;;;MMOHR;1026128;REMIS TERM TINOGASTA - TERM BELEN;12;1;12;0;11;5000178346;26/6/2026;Servicios;RECEPCIONADO PARCIAL;RASGIDO GASTON ANDRES;U003;1/9/2026;1/6/2026;10151366;50;1;1/6/2026;2/6/2026;C24;4500129984;50;4403;1;MPITTIA;11/6/2026;1/9/2026;C24;1;26/6/2026;1;5;1;-67;0;0;0;0;0;03 Cert Mensual;En curso;Verde;C24
00372 UTE 372 GEO POSCO II;1000089401;60;ZPAN;03-SERV REMIS- RASGI;;0;;;;MMOHR;1026128;REMIS TERM BELEN - TERM FIAMBALA;12;0;12;0;12;;;Servicios;ADJUDICADO;RASGIDO GASTON ANDRES;U003;1/9/2026;1/6/2026;10151366;60;1;1/6/2026;2/6/2026;C24;4500129984;60;4403;1;MPITTIA;11/6/2026;1/9/2026;C24;0;;1;5;1;0;0;0;0;0;0;03 Cert Mensual;En curso;;C24
00372 UTE 372 GEO POSCO II;1000089583;10;ZPAN;03- TRANSP PERSONAL;;0;;;;MMOHR;1013113;SERV DE ESCOLTA SALTA-POSCO;12;0;12;0;12;;;Servicios;ADJUDICADO;TRANSPORTE TMS S. A. S.;U003;3/9/2026;3/6/2026;10151623;10;1;3/6/2026;25/6/2026;C25;4500131174;10;4403;1;MPITTIA;25/6/2026;3/9/2026;C25;0;;22;6;20;0;0;0;0;0;0;03 Cert Mensual;En curso;;C25
00372 UTE 372 GEO POSCO II;1000089583;20;ZPAN;03- TRANSP PERSONAL;;0;;;;MMOHR;1013113;SERV COLECTIVO SALTA-POSCO;12;0;12;0;12;;;Servicios;ADJUDICADO;TRANSPORTE TMS S. A. S.;U003;3/9/2026;3/6/2026;10151623;20;1;3/6/2026;25/6/2026;C25;4500131174;20;4403;1;MPITTIA;25/6/2026;3/9/2026;C25;0;;22;6;20;0;0;0;0;0;0;03 Cert Mensual;En curso;;C25
00365 RIO TINTO;1000089805;10;ZPAN;OC ABIERTA TTE CARGA;;0;;;;CSOSA;1012979;FLETE PLAYO 6MT XVIAJE;10;1;10;0;9;5000179404;4/7/2026;Servicios;CUMPLIDO PARCIAL;CROSSDOX S. A. S.;U365;20/9/2026;8/6/2026;10151900;10;1;8/6/2026;8/6/2026;C15;4500131117;10;4401;1;GDIAZ;24/6/2026;20/9/2026;C15;1;4/7/2026;0;2;20;-78;0;0;0;0;0;Sin aclaración;En curso;;C15
00372 UTE 372 GEO POSCO II;1000089866;10;ZPAN;01 - RETIRO SANICAT;;2;;;;MMOHR;1022295;RETIRO RSU Y MATERIALES DE OBRA;1;0;1;0;1;;;Servicios;ADJUDICADO;BRIZUELA JOSE ALBERTO;U003;30/7/2026;8/6/2026;10152029;10;1;8/6/2026;9/6/2026;C25;4500130510;10;4403;1;MPITTIA;18/6/2026;29/6/2026;C25;0;;1;4;-11;0;0;0;0;0;0;01 Cert Semanal;En curso - Próximo a vencer;;C25
00372 UTE 372 GEO POSCO II;1000089886;10;ZPAN;01 - VTV;;0;;;;MMOHR;1022295;SERVICIO VTV CAMIONETA;8;7;8;0;1;5000178418;27/6/2026;Servicios;RECEPCIONADO PARCIAL;PLANTA REVESA SRL;U003;30/7/2026;9/6/2026;10152055;10;1;9/6/2026;9/6/2026;C01;4500129754;10;4403;1;AZAPANA;9/6/2026;13/7/2026;C01;2;27/6/2026;0;0;-17;4;0;0;0;0;0;01 Cert Semanal;En curso - Próximo a vencer;Rojo;C01
00365 RIO TINTO;1000089940;10;ZPAN;OC RETIRO DE ACEITES;;20;;;;CSOSA;1013095;RECOLECCION DE RESIDUOS PELIGROSOS Y9;1200;0;1200;0;1200;;;Servicios;ADJUDICADO;LOGISTICA Y SERVICIOS AMBIENTALES S;U365;31/7/2026;9/6/2026;10152107;10;1;9/6/2026;11/6/2026;C24;4500130193;10;4401;1;MPITTIA;16/6/2026;31/7/2026;C24;0;;2;0;-18;0;0;0;0;0;0;Sin aclaración;En curso - Próximo a vencer;;C24
00365 RIO TINTO;1000089940;20;ZPAN;OC RETIRO DE ACEITES;;20;;;;CSOSA;1013094;RECOLECCION DE RESIDUOS PELIGROSOS Y8;6600;0;6600;0;6600;;;Servicios;ADJUDICADO;LOGISTICA Y SERVICIOS AMBIENTALES S;U365;31/7/2026;9/6/2026;10152107;20;1;9/6/2026;11/6/2026;C24;4500130193;20;4401;1;MPITTIA;16/6/2026;31/7/2026;C24;0;;2;0;-18;0;0;0;0;0;0;Sin aclaración;En curso - Próximo a vencer;;C24
00365 RIO TINTO;1000089940;30;ZPAN;OC RETIRO DE ACEITES;;20;;;;CSOSA;1036089;FLETE TTE CAMION RES PELIGROSOS SEDE;1;0;1;0;1;;;Servicios;ADJUDICADO;LOGISTICA Y SERVICIOS AMBIENTALES S;U365;31/7/2026;9/6/2026;10152107;30;1;9/6/2026;11/6/2026;C24;4500130193;30;4401;1;MPITTIA;16/6/2026;31/7/2026;C24;0;;2;0;-18;0;0;0;0;0;0;Sin aclaración;En curso - Próximo a vencer;;C24
00365 RIO TINTO;1000090060;10;ZPAN;ALQUILER AUTOELEVADO;;20;;;;MFALERO;1033267;ALQUILER DE AUTOELEVADOR X MES;8;1;8;0;7;5000179384;4/7/2026;Servicios;CUMPLIDO PARCIAL;TSM EQUIPOS S. R. L.;U365;28/2/2027;11/6/2026;10152254;10;1;11/6/2026;11/6/2026;C04;4500130111;10;4401;1;GROSES;12/6/2026;28/2/2027;C04;1;4/7/2026;0;5;20;-239;0;0;0;0;0;Sin aclaración;En curso;;C04
00365 RIO TINTO;1000090151;10;ZPAN;SEMI SALTA-ROSARIO;;0;;;;MFALERO;1012974;FLETE SEMIRREMOLQUE SALTA A ROSARIO;1;1;1;0;0;5000179406;5/7/2026;Servicios;CUMPLIDO;SANTIA LUCAS EZEQUIEL;U365;8/7/2026;12/6/2026;10152329;10;1;12/6/2026;16/6/2026;C15;4500131851;20;4401;1;GDIAZ;2/7/2026;6/7/2026;C15;1;5/7/2026;4;1;-1;-1;0;0;0;0;0;Sin aclaración;En curso - Próximo a vencer;;C15
00372 UTE 372 GEO POSCO II;1000090403;10;ZPAN;LAVADO VEHICULO;;0;;;;AZAPANA;1041903;LAVADO VEHICULO LIVIANO COMPLETO;5;5;5;0;0;5000177522;19/6/2026;Servicios;CUMPLIDO;MORENO VARGAS LUCIANA GISEL;U003;17/12/2026;17/6/2026;10152630;10;1;17/6/2026;19/6/2026;C01;4500130723;10;4403;1;AZAPANA;19/6/2026;17/12/2026;C01;1;19/6/2026;2;0;20;-181;0;0;0;0;0;Sin aclaración;En curso - Total recepcionado;;C01
00365 RIO TINTO;1000090581;10;ZPAN;EXT ALQ VALLADO;;0;;;;MGAUDELLI;1050061;ALQUILER VALLADO RIGIDO XMES;1;0;1;0;1;;;Servicios;ADJUDICADO;RIBRON SA;U365;31/7/2026;20/6/2026;10152927;10;1;20/6/2026;20/6/2026;C26;4500131033;10;4401;1;YCOLMAN;23/6/2026;31/7/2026;C26;0;;0;1;20;0;0;0;0;0;0;Sin aclaración;En curso - Próximo a vencer;;C26
00365 RIO TINTO;1000090596;20;ZPAI;PI 4000006906 RADIO;;0;;;;MFALERO;1026919;PROGRAMACION DE FRECUENCIA;10;10;10;0;0;5000179704;7/7/2026;Servicios;CUMPLIDO;H G COMUNICACIONES S.R.L.;U365;10/7/2026;21/6/2026;10152945;20;1;21/6/2026;22/6/2026;C10;4500130896;20;4401;1;PRODRIGUEZ;22/6/2026;2/7/2026;C10;1;6/7/2026;1;1;12;4;1;0;0;0;0;Sin aclaración;En curso - Próximo a vencer;;C10
00365 RIO TINTO;1000090606;10;ZPAN;REG FLETE;;0;;;;MGAUDELLI;1012979;FLETE PLAYO 6MT XVIAJE;1;0;1;0;1;;;Servicios;ADJUDICADO;CROSSDOX S. A. S.;MR01;14/7/2026;22/6/2026;10152958;10;1;22/6/2026;22/6/2026;C15;4500131860;10;4401;1;GDIAZ;2/7/2026;14/7/2026;C15;0;;0;0;1;0;0;0;0;0;0;Sin aclaración;En curso - Próximo a vencer;;C15
00372 UTE 372 GEO POSCO II;1000090680;10;ZPAN;02-AJUTES SERV SERNI;;0;;;;AZAPANA;1022295;RETIRO RSU Y MATERIALES DE OBRA;1;0;1;0;1;;;Servicios;ADJUDICADO;BRIZUELA JOSE ALBERTO;U003;30/6/2026;23/6/2026;10153047;10;1;23/6/2026;23/6/2026;C25;4500130955;10;4403;1;MPITTIA;23/6/2026;30/6/2026;C25;0;;0;0;1;0;0;0;0;0;0;02 Cert Quincenal;Vencido con cant pendiente a recep;;C25
00365 RIO TINTO;1000090733;20;ZPAN;CA 149 - FRENOS;;20;;;;MGAUDELLI;1022295;REEMPLAZO PASTILLAS DE FRENO;1;1;1;0;0;5000179718;7/7/2026;Servicios;CUMPLIDO;PUSSETTO SALTA S A;U365;12/7/2026;23/6/2026;10153111;20;1;23/6/2026;24/6/2026;C03;4500131280;20;4401;1;GROSES;25/6/2026;10/7/2026;C03;1;7/7/2026;1;0;-4;0;0;0;0;0;0;Sin aclaración;En curso - Próximo a vencer;;C03
00365 RIO TINTO;1000090734;10;ZPAN;PI 4000006891 - ENSA;;0;;;;MFALERO;1022295;ENSAYO LABORAT. DIFRACTOMETRIA RAYOS X;6;0;6;0;6;;;Servicios;ADJUDICADO;CENTRO DIAGNOSTICO MOLECULAR SRL;U365;10/7/2026;23/6/2026;10153112;10;1;23/6/2026;24/6/2026;C20;4500131290;10;4401;1;JPUPULIN;25/6/2026;10/7/2026;C20;0;;1;0;1;0;0;0;0;0;0;Sin aclaración;En curso - Próximo a vencer;;C20
00365 RIO TINTO;1000090759;10;ZPAN;Certificacion Esling;;0;;;;MFALERO;1036348;CERTIFICACION DE ESLINGAS SINTETICAS;19;19;19;0;0;5000178019;24/6/2026;Servicios;CUMPLIDO;WORKLIFT SA;U365;8/7/2026;24/6/2026;10153143;10;1;24/6/2026;24/6/2026;C35;4500131137;10;4401;1;FSOTO;24/6/2026;26/6/2026;C35;1;24/6/2026;0;0;8;-2;0;0;0;0;0;Sin aclaración;En curso - Próximo a vencer;;C35
00365 RIO TINTO;1000090759;20;ZPAN;Certificacion Esling;;0;;;;MFALERO;1022295;CERTIFICACION DE CRIQUET DE ATACARGA;4;4;4;0;0;5000178019;24/6/2026;Servicios;CUMPLIDO;WORKLIFT SA;U365;8/7/2026;24/6/2026;10153143;20;1;24/6/2026;24/6/2026;C35;4500131137;20;4401;1;FSOTO;24/6/2026;26/6/2026;C35;1;24/6/2026;0;0;8;-2;0;0;0;0;0;Sin aclaración;En curso - Próximo a vencer;;C35
00372 UTE 372 GEO POSCO II;1000090830;10;ZPAN;01- REG LABTEC;;0;;;;MMOHR;1022295;REGULARIZACION ATENCION PRIMARIAS;1;1;1;0;0;5000178673;30/6/2026;Servicios;CUMPLIDO;LABTEC S. R. L.;U003;9/7/2026;25/6/2026;10153251;10;1;25/6/2026;25/6/2026;C25;4500131455;10;4403;1;MPITTIA;29/6/2026;9/7/2026;C25;1;30/6/2026;0;0;1;-9;0;0;0;0;0;01 Cert Semanal;En curso - Próximo a vencer;Rojo;C25
00365 RIO TINTO;1000090868;10;ZPAN;POLIZA BULK end 1;;0;;;;CSOSA;1012957;CCC6003 - BULK EARTHWORKS;1;1;1;0;0;5000179465;6/7/2026;Servicios;CUMPLIDO;CHUBB SEGUROS ARGENTINA SA;U365;9/7/2026;25/6/2026;10153324;10;1;25/6/2026;26/6/2026;C16;4500131937;10;4401;1;JESPARZA;3/7/2026;9/7/2026;C16;1;6/7/2026;1;0;20;-3;0;0;0;0;0;Sin aclaración;En curso - Próximo a vencer;;C16
00372 UTE 372 GEO POSCO II;1000090879;10;ZPAN;01- RETIRO SMART WAS;;1;;;;MMOHR;1022295;RETIRO RSU;1;1;1;0;0;5000179527;6/7/2026;Servicios;RECEPCIONADO;SMART WASTE SAS;U003;17/7/2026;26/6/2026;10153334;10;1;26/6/2026;26/6/2026;C25;4500131453;10;4403;1;MPITTIA;29/6/2026;17/7/2026;C25;3;6/7/2026;0;0;1;-11;0;0;0;0;0;01 Cert Semanal;En curso - Próximo a vencer;Verde;C25
00365 RIO TINTO;1000090886;10;ZPAN;REGULARIZAR TTE CRUZ;;0;;;;CSOSA;1012981;DESPACHO MAT. DE OBRA - Fact 0557A15542;1;1;1;0;0;5000179143;2/7/2026;Servicios;CUMPLIDO;V.MASSON TRAP.CRUZ DEL SUR SA;U365;10/7/2026;26/6/2026;10153343;10;1;26/6/2026;26/6/2026;C15;4500131861;10;4401;1;GDIAZ;2/7/2026;10/7/2026;C15;1;2/7/2026;0;0;1;-8;0;0;0;0;0;Sin aclaración;En curso - Próximo a vencer;;C15
00365 RIO TINTO;1000090886;20;ZPAN;REGULARIZAR TTE CRUZ;;0;;;;CSOSA;1012981;DESPACHO MAT. DE OBRA - Fact 0557A13863;1;1;1;0;0;5000179143;2/7/2026;Servicios;CUMPLIDO;V.MASSON TRAP.CRUZ DEL SUR SA;U365;10/7/2026;26/6/2026;10153343;20;1;26/6/2026;26/6/2026;C15;4500131861;20;4401;1;GDIAZ;2/7/2026;10/7/2026;C15;1;2/7/2026;0;0;1;-8;0;0;0;0;0;Sin aclaración;En curso - Próximo a vencer;;C15
00365 RIO TINTO;1000090892;10;ZPAN;REG Alquiler Detecto;;20;;;;CSOSA;1022294;ALQUILER ELECTROFUSORA;1;1;1;0;0;5000178251;26/6/2026;Servicios;CUMPLIDO;RM DEL NORTE S. R. L.;U365;10/7/2026;26/6/2026;10153360;10;1;26/6/2026;26/6/2026;C01;4500131325;10;4401;1;CSOSA;26/6/2026;10/7/2026;C01;1;26/6/2026;0;0;20;-14;0;0;0;0;0;Sin aclaración;En curso - Próximo a vencer;;C01
00365 RIO TINTO;1000090892;20;ZPAN;REG Alquiler Detecto;;20;;;;CSOSA;1022294;ALQUILER ELECTROFUSORA;1;1;1;0;0;5000178251;26/6/2026;Servicios;CUMPLIDO;RM DEL NORTE S. R. L.;U365;10/7/2026;26/6/2026;10153360;20;1;26/6/2026;26/6/2026;C01;4500131325;20;4401;1;CSOSA;26/6/2026;10/7/2026;C01;1;26/6/2026;0;0;20;-14;0;0;0;0;0;Sin aclaración;En curso - Próximo a vencer;;C01
00365 RIO TINTO;1000090898;10;ZPAN;REG PRAXSYS AH834HF;;20;;;;CSOSA;1025940;SERVICIO DE RASTREO SATELITAL VEHICUL XU;1;1;1;0;0;5000178598;29/6/2026;Servicios;CUMPLIDO;PRAXSYS SOLUCIONES S.R.L;U365;10/7/2026;26/6/2026;10153376;10;1;26/6/2026;28/6/2026;C25;4500131454;10;4401;1;MPITTIA;29/6/2026;10/7/2026;C25;1;29/6/2026;2;0;20;-11;0;0;0;0;0;Sin aclaración;En curso - Próximo a vencer;;C25
00365 RIO TINTO;1000090898;20;ZPAN;REG PRAXSYS AH834HF;;20;;;;CSOSA;1022295;SERVICIO VIDEO TELEMATICA;1;1;1;0;0;5000178598;29/6/2026;Servicios;CUMPLIDO;PRAXSYS SOLUCIONES S.R.L;U365;10/7/2026;26/6/2026;10153376;20;1;26/6/2026;28/6/2026;C25;4500131454;20;4401;1;MPITTIA;29/6/2026;10/7/2026;C25;1;29/6/2026;2;0;20;-11;0;0;0;0;0;Sin aclaración;En curso - Próximo a vencer;;C25
00365 RIO TINTO;1000090929;10;ZPAN;ALQUILER GRUA SALTAP;;20;;;;CSOSA;1022295;ALQUILER GRUA X MES;1;1;1;0;0;5000179796;8/7/2026;Servicios;CUMPLIDO;MODULAR SOLUTIONS SRL - SALTAPOR SR;U365;10/7/2026;26/6/2026;10153427;30;1;26/6/2026;27/6/2026;C26;4500131780;10;4401;1;YCOLMAN;1/7/2026;10/7/2026;C26;1;8/7/2026;1;6;20;-2;0;0;0;0;0;Sin aclaración;En curso - Próximo a vencer;;C26
00365 RIO TINTO;1000090929;20;ZPAN;ALQUILER GRUA SALTAP;;20;;;;CSOSA;1022295;ALQUILER GRUA X MES;1;1;1;0;0;5000179796;8/7/2026;Servicios;CUMPLIDO;MODULAR SOLUTIONS SRL - SALTAPOR SR;U365;10/7/2026;26/6/2026;10153427;40;1;26/6/2026;27/6/2026;C26;4500131780;20;4401;1;YCOLMAN;1/7/2026;10/7/2026;C26;1;8/7/2026;1;6;20;-2;0;0;0;0;0;Sin aclaración;En curso - Próximo a vencer;;C26
00372 UTE 372 GEO POSCO II;1000090946;10;ZPAN;REG FAC HABITAD 6-29;;0;;;;MMOHR;1022295;TRATAMIENTO Y48 M3;1610;1610;1610;0;0;5000179407;6/7/2026;Servicios;RECEPCIONADO;HABITAT ECOLOGICO SA;U003;18/7/2026;27/6/2026;10153445;10;1;27/6/2026;29/6/2026;C25;4500131539;10;4403;1;MPITTIA;29/6/2026;18/7/2026;C25;1;6/7/2026;2;2;1;-12;0;0;0;0;0;Sin aclaración;En curso - Próximo a vencer;;C25
00365 RIO TINTO;1000091058;50;ZPAN;PEDIDO INICIAL;;0;;;;CSOSA;1002627;FILTRO;2;0;2;0;2;;;Materiales Stock;ADJUDICADO;SERVICIOS VIALES DE STA. FE SA;U365;14/7/2026;30/6/2026;10153588;50;1;30/6/2026;1/7/2026;C29;4500131976;50;4401;1;RPEREZ;3/7/2026;14/7/2026;C04;0;;1;0;20;0;0;0;0;0;0;Sin aclaración;En curso - Próximo a vencer;;C04
00365 RIO TINTO;1000091101;10;ZPAN;EXT ALQ VALLADO 400;;0;;;;CSOSA;1050061;ALQUILER VALLADO RIGIDO XMES;1;0;1;0;1;;;Servicios;ADJUDICADO;RIBRON SA;U365;31/7/2026;30/6/2026;10153619;10;1;30/6/2026;1/7/2026;C26;4500131739;10;4401;1;YCOLMAN;1/7/2026;20/7/2026;C26;0;;1;2;9;0;0;0;0;0;0;Sin aclaración;En curso - Próximo a vencer;;C26
00365 RIO TINTO;1000091116;220;ZPAN;REP ALM 0365;;0;;;;LBARTON;1002480;FILTRO ACEITE;9;0;9;0;9;;;Materiales Stock;ADJUDICADO;SERVICIOS VIALES DE STA. FE SA;U365;1/8/2026;1/7/2026;10153643;220;1;1/7/2026;1/7/2026;C29;4500131976;40;4401;1;RPEREZ;3/7/2026;14/7/2026;C04;0;;0;0;-17;0;0;0;0;0;0;Sin aclaración;En curso - Próximo a vencer;;C04
00365 RIO TINTO;1000091116;280;ZPAN;REP ALM 0365;;0;;;;LBARTON;1002773;FILTRO AIRE WA600;5;0;5;0;5;;;Materiales Stock;ADJUDICADO;SERVICIOS VIALES DE STA. FE SA;U365;1/8/2026;1/7/2026;10153643;280;1;1/7/2026;1/7/2026;C29;4500131976;60;4401;1;RPEREZ;3/7/2026;14/7/2026;C04;0;;0;0;-17;0;0;0;0;0;0;Sin aclaración;En curso - Próximo a vencer;;C04
00365 RIO TINTO;1000091116;290;ZPAN;REP ALM 0365;;0;;;;LBARTON;1002818;FILTRO GASOIL;2;0;2;0;2;;;Materiales Stock;ADJUDICADO;SERVICIOS VIALES DE STA. FE SA;U365;1/8/2026;1/7/2026;10153643;290;1;1/7/2026;1/7/2026;C29;4500131976;70;4401;1;RPEREZ;3/7/2026;14/7/2026;C04;0;;0;0;-17;0;0;0;0;0;0;Sin aclaración;En curso - Próximo a vencer;;C04
00365 RIO TINTO;1000091116;360;ZPAN;REP ALM 0365;;0;;;;LBARTON;1003147;FILTRO DE COMBUSTIBLE;8;0;8;0;8;;;Materiales Stock;ADJUDICADO;SERVICIOS VIALES DE STA. FE SA;U365;1/8/2026;1/7/2026;10153643;360;1;1/7/2026;1/7/2026;C29;4500131976;90;4401;1;RPEREZ;3/7/2026;14/7/2026;C04;0;;0;0;-17;0;0;0;0;0;0;Sin aclaración;En curso - Próximo a vencer;;C04
00365 RIO TINTO;1000091116;370;ZPAN;REP ALM 0365;;0;;;;LBARTON;1003148;FILTRO DE LINEA COMBUSTIBLE;3;0;3;0;3;;;Materiales Stock;ADJUDICADO;SERVICIOS VIALES DE STA. FE SA;U365;1/8/2026;1/7/2026;10153643;370;1;1/7/2026;1/7/2026;C29;4500131976;100;4401;1;RPEREZ;3/7/2026;14/7/2026;C04;0;;0;0;-17;0;0;0;0;0;0;Sin aclaración;En curso - Próximo a vencer;;C04
00365 RIO TINTO;1000091116;780;ZPAN;REP ALM 0365;;0;;;;LBARTON;1027763;FILTRO TRAMPA DE AGUA;1;0;1;0;1;;;Materiales Stock;ADJUDICADO;SERVICIOS VIALES DE STA. FE SA;U365;1/8/2026;1/7/2026;10153643;780;1;1/7/2026;1/7/2026;C29;4500131976;20;4401;1;RPEREZ;3/7/2026;14/7/2026;C04;0;;0;0;-17;0;0;0;0;0;0;Sin aclaración;En curso - Próximo a vencer;;C04
00365 RIO TINTO;1000091116;800;ZPAN;REP ALM 0365;;0;;;;LBARTON;1028183;Filtro Aceite Motor;23;0;23;0;23;;;Materiales Stock;ADJUDICADO;SERVICIOS VIALES DE STA. FE SA;U365;1/8/2026;1/7/2026;10153643;800;1;1/7/2026;1/7/2026;C29;4500131976;30;4401;1;RPEREZ;3/7/2026;14/7/2026;C04;0;;0;0;-17;0;0;0;0;0;0;Sin aclaración;En curso - Próximo a vencer;;C04
00365 RIO TINTO;1000091116;1180;ZPAN;REP ALM 0365;;0;;;;LBARTON;1056949;FILTRO TRAMPA DE AGUA;23;0;23;0;23;;;Materiales Stock;ADJUDICADO;SERVICIOS VIALES DE STA. FE SA;U365;1/8/2026;1/7/2026;10153643;1180;1;1/7/2026;1/7/2026;C04;4500131976;10;4401;1;RPEREZ;3/7/2026;14/7/2026;C04;0;;0;0;-17;0;0;0;0;0;0;Sin aclaración;En curso - Próximo a vencer;;C04
00372 UTE 372 GEO POSCO II;1000091128;10;ZPAN;RECARGA MATAFUEGOS;;0;;;;MMOHR;1013042;RECARGA DE MATAFUEGO 5KG;2;2;2;0;0;5000179157;2/7/2026;Servicios;CUMPLIDO;MEDINA DINAH MARIEL;U003;22/7/2026;1/7/2026;10153686;10;1;1/7/2026;2/7/2026;C01;4500131873;10;4403;1;AZAPANA;2/7/2026;22/7/2026;C01;1;2/7/2026;1;0;20;-20;0;0;0;0;0;Sin aclaración;En curso - Próximo a vencer;;C01
00372 UTE 372 GEO POSCO II;1000091128;20;ZPAN;RECARGA MATAFUEGOS;;0;;;;MMOHR;1013041;RECARGA DE MATAFUEGO 2,5KG;1;1;1;0;0;5000179157;2/7/2026;Servicios;CUMPLIDO;MEDINA DINAH MARIEL;U003;22/7/2026;1/7/2026;10153686;20;1;1/7/2026;2/7/2026;C01;4500131873;20;4403;1;AZAPANA;2/7/2026;22/7/2026;C01;1;2/7/2026;1;0;20;-20;0;0;0;0;0;Sin aclaración;En curso - Próximo a vencer;;C01
00365 RIO TINTO;1000091159;10;ZPAN;OC ABIERTA TTE CARGA;;0;;;;CSOSA;1012979;FLETE PLAYO 6MT XVIAJE;10;0;10;0;10;;;Servicios;ADJUDICADO;KAFRA MAYORISTA S. A.;U365;20/9/2026;1/7/2026;10153731;10;1;1/7/2026;1/7/2026;C15;4500132261;10;4401;1;GDIAZ;8/7/2026;20/9/2026;C15;0;;0;0;20;0;0;0;0;0;0;Sin aclaración;En curso;;C15
00365 RIO TINTO;1000091172;10;ZPAN;REGULARIZAR TTE CRUZ;;20;;;;CSOSA;1012981;DESPACHO MAT. DE OBRA - Fact 0557A17395;1;0;0;1;0;;;Servicios;SIN TRATAMIENTO;;U365;16/7/2026;2/7/2026;10153745;10;1;2/7/2026;3/7/2026;C15;;0;;0;;;;;0;;1;0;0;0;0;0;0;0;0;Sin aclaración;En curso - Próximo a vencer;;C15
00365 RIO TINTO;1000091249;10;ZPAN;CERTIFICACION GRILLE;;0;;;;CSOSA;1022295;CERTIFICACION 12 GRILLETES;1;1;1;0;0;5000179373;4/7/2026;Servicios;CUMPLIDO;WORKLIFT SA;U365;16/7/2026;2/7/2026;10153808;10;1;2/7/2026;3/7/2026;C35;4500132013;10;4401;1;FSOTO;4/7/2026;6/7/2026;C35;1;4/7/2026;1;0;10;-2;0;0;0;0;0;Sin aclaración;En curso - Próximo a vencer;;C35
00365 RIO TINTO;1000091284;10;ZPAN;BADEJAS PARA DERRAME;;0;;;;CSOSA;1022295;FABRICACION Y COL DE BANDEJA 50X60;2;2;2;0;0;5000179713;7/7/2026;Servicios;CUMPLIDO;SALLAGO FEDERICO MIGUEL;U365;17/7/2026;3/7/2026;10153836;10;1;3/7/2026;3/7/2026;C35;4500132015;10;4401;1;FSOTO;4/7/2026;10/7/2026;C35;1;7/7/2026;0;0;13;-3;0;0;0;0;0;Sin aclaración;En curso - Próximo a vencer;;C35
00365 RIO TINTO;1000091284;20;ZPAN;BADEJAS PARA DERRAME;;0;;;;CSOSA;1022295;FABRICACION DE BANDEJA 50X60;2;2;2;0;0;5000179713;7/7/2026;Servicios;CUMPLIDO;SALLAGO FEDERICO MIGUEL;U365;17/7/2026;3/7/2026;10153836;20;1;3/7/2026;3/7/2026;C35;4500132015;20;4401;1;FSOTO;4/7/2026;10/7/2026;C35;1;7/7/2026;0;0;13;-3;0;0;0;0;0;Sin aclaración;En curso - Próximo a vencer;;C35
00365 RIO TINTO;1000091285;10;ZPAN;VILLAGRAN REG 26033;;0;;;;CSOSA;1042083;"CALIF PROC FUSION TUBO 30""";1;0;1;0;1;;;Servicios;ADJUDICADO;VILLAGRAN FABIO EZEQUIEL;U365;17/7/2026;3/7/2026;10153837;10;1;3/7/2026;3/7/2026;C26;4500132100;10;4401;1;YCOLMAN;6/7/2026;17/7/2026;C26;0;;0;1;20;0;0;0;0;0;0;Sin aclaración;En curso - Próximo a vencer;;C26
00365 RIO TINTO;1000091285;20;ZPAN;VILLAGRAN REG 26033;;0;;;;CSOSA;1042083;ENSAYOS DE TRACCION PROBETA HDPE TUBO 30;2;0;2;0;2;;;Servicios;ADJUDICADO;VILLAGRAN FABIO EZEQUIEL;U365;17/7/2026;3/7/2026;10153837;20;1;3/7/2026;3/7/2026;C26;4500132100;20;4401;1;YCOLMAN;6/7/2026;17/7/2026;C26;0;;0;1;20;0;0;0;0;0;0;Sin aclaración;En curso - Próximo a vencer;;C26
00365 RIO TINTO;1000091285;30;ZPAN;VILLAGRAN REG 26033;;0;;;;CSOSA;1042083;"ENSAYOS PLEGADO EN PROBETA HDPE TUBO 30""";4;0;4;0;4;;;Servicios;ADJUDICADO;VILLAGRAN FABIO EZEQUIEL;U365;17/7/2026;3/7/2026;10153837;30;1;3/7/2026;3/7/2026;C26;4500132100;30;4401;1;YCOLMAN;6/7/2026;17/7/2026;C26;0;;0;1;20;0;0;0;0;0;0;Sin aclaración;En curso - Próximo a vencer;;C26
00365 RIO TINTO;1000091285;40;ZPAN;VILLAGRAN REG 26033;;0;;;;CSOSA;1042083;"ESPECIF PROC SOLDADURA TERMOF TUBO 6""";1;0;1;0;1;;;Servicios;ADJUDICADO;VILLAGRAN FABIO EZEQUIEL;U365;17/7/2026;3/7/2026;10153837;40;1;3/7/2026;3/7/2026;C26;4500132100;40;4401;1;YCOLMAN;6/7/2026;17/7/2026;C26;0;;0;1;20;0;0;0;0;0;0;Sin aclaración;En curso - Próximo a vencer;;C26
00365 RIO TINTO;1000091285;50;ZPAN;VILLAGRAN REG 26033;;0;;;;CSOSA;1042083;"CALIF DE PROCEDIM FUSION TUBO 30""";8;0;8;0;8;;;Servicios;ADJUDICADO;VILLAGRAN FABIO EZEQUIEL;U365;17/7/2026;3/7/2026;10153837;50;1;3/7/2026;3/7/2026;C26;4500132100;50;4401;1;YCOLMAN;6/7/2026;17/7/2026;C26;0;;0;1;20;0;0;0;0;0;0;Sin aclaración;En curso - Próximo a vencer;;C26
00365 RIO TINTO;1000091285;60;ZPAN;VILLAGRAN REG 26033;;0;;;;CSOSA;1013034;MOVILIZACION Y DESMOVILIZACION;1;0;1;0;1;;;Servicios;ADJUDICADO;VILLAGRAN FABIO EZEQUIEL;U365;17/7/2026;3/7/2026;10153837;60;1;3/7/2026;3/7/2026;C26;4500132100;60;4401;1;YCOLMAN;6/7/2026;17/7/2026;C26;0;;0;1;20;0;0;0;0;0;0;Sin aclaración;En curso - Próximo a vencer;;C26
00365 RIO TINTO;1000091286;10;ZPAN;VILLAGRAN REG 26025;;0;;;;CSOSA;1042083;"CALIF PROC FUSION TUBO 6""";1;0;1;0;1;;;Servicios;ADJUDICADO;VILLAGRAN FABIO EZEQUIEL;U365;17/7/2026;3/7/2026;10153838;10;1;3/7/2026;3/7/2026;C26;4500132097;10;4401;1;YCOLMAN;6/7/2026;17/7/2026;C26;0;;0;0;20;0;0;0;0;0;0;Sin aclaración;En curso - Próximo a vencer;;C26
00365 RIO TINTO;1000091286;20;ZPAN;VILLAGRAN REG 26025;;0;;;;CSOSA;1042083;ENSAYOS DE TRACCION PROBETA HDPE TUBO;2;0;2;0;2;;;Servicios;ADJUDICADO;VILLAGRAN FABIO EZEQUIEL;U365;17/7/2026;3/7/2026;10153838;20;1;3/7/2026;3/7/2026;C26;4500132097;20;4401;1;YCOLMAN;6/7/2026;17/7/2026;C26;0;;0;0;20;0;0;0;0;0;0;Sin aclaración;En curso - Próximo a vencer;;C26
00365 RIO TINTO;1000091286;30;ZPAN;VILLAGRAN REG 26025;;0;;;;CSOSA;1042083;"ENSAYOS PLEGADO EN PROBETA HDPE TUBO 6""";4;0;4;0;4;;;Servicios;ADJUDICADO;VILLAGRAN FABIO EZEQUIEL;U365;17/7/2026;3/7/2026;10153838;30;1;3/7/2026;3/7/2026;C26;4500132097;30;4401;1;YCOLMAN;6/7/2026;17/7/2026;C26;0;;0;0;20;0;0;0;0;0;0;Sin aclaración;En curso - Próximo a vencer;;C26
00365 RIO TINTO;1000091286;40;ZPAN;VILLAGRAN REG 26025;;0;;;;CSOSA;1042083;"ESPECIF PROC SOLDADURA TERMOF TUBO 6""";1;0;1;0;1;;;Servicios;ADJUDICADO;VILLAGRAN FABIO EZEQUIEL;U365;17/7/2026;3/7/2026;10153838;40;1;3/7/2026;3/7/2026;C26;4500132097;40;4401;1;YCOLMAN;6/7/2026;17/7/2026;C26;0;;0;0;20;0;0;0;0;0;0;Sin aclaración;En curso - Próximo a vencer;;C26
00365 RIO TINTO;1000091286;50;ZPAN;VILLAGRAN REG 26025;;0;;;;CSOSA;1042083;"CALIF DE PROCEDIM FUSION TUBO 8""";1;0;1;0;1;;;Servicios;ADJUDICADO;VILLAGRAN FABIO EZEQUIEL;U365;17/7/2026;3/7/2026;10153838;50;1;3/7/2026;3/7/2026;C26;4500132097;50;4401;1;YCOLMAN;6/7/2026;17/7/2026;C26;0;;0;0;20;0;0;0;0;0;0;Sin aclaración;En curso - Próximo a vencer;;C26
00365 RIO TINTO;1000091286;60;ZPAN;VILLAGRAN REG 26025;;0;;;;CSOSA;1042083;"ENSAYOS DE TRACCION PROBETA HDPE TUBO 8""";2;0;2;0;2;;;Servicios;ADJUDICADO;VILLAGRAN FABIO EZEQUIEL;U365;17/7/2026;3/7/2026;10153838;60;1;3/7/2026;3/7/2026;C26;4500132097;60;4401;1;YCOLMAN;6/7/2026;17/7/2026;C26;0;;0;0;20;0;0;0;0;0;0;Sin aclaración;En curso - Próximo a vencer;;C26
00365 RIO TINTO;1000091286;70;ZPAN;VILLAGRAN REG 26025;;0;;;;CSOSA;1042083;"ENSAYOS PLEGADO EN PROBETA HDPE TUBO 8""";4;0;4;0;4;;;Servicios;ADJUDICADO;VILLAGRAN FABIO EZEQUIEL;U365;17/7/2026;3/7/2026;10153838;70;1;3/7/2026;3/7/2026;C26;4500132097;70;4401;1;YCOLMAN;6/7/2026;17/7/2026;C26;0;;0;0;20;0;0;0;0;0;0;Sin aclaración;En curso - Próximo a vencer;;C26
00365 RIO TINTO;1000091286;80;ZPAN;VILLAGRAN REG 26025;;0;;;;CSOSA;1042083;ESPECIF PROC SOLDADURA TERMOF TUBO 8A20;1;0;1;0;1;;;Servicios;ADJUDICADO;VILLAGRAN FABIO EZEQUIEL;U365;17/7/2026;3/7/2026;10153838;80;1;3/7/2026;3/7/2026;C26;4500132097;80;4401;1;YCOLMAN;6/7/2026;17/7/2026;C26;0;;0;0;20;0;0;0;0;0;0;Sin aclaración;En curso - Próximo a vencer;;C26
00365 RIO TINTO;1000091286;90;ZPAN;VILLAGRAN REG 26025;;0;;;;CSOSA;1013029;"CALIFICACION DE SOLDADOR 6""";6;0;6;0;6;;;Servicios;ADJUDICADO;VILLAGRAN FABIO EZEQUIEL;U365;17/7/2026;3/7/2026;10153838;90;1;3/7/2026;3/7/2026;C26;4500132097;90;4401;1;YCOLMAN;6/7/2026;17/7/2026;C26;0;;0;0;20;0;0;0;0;0;0;Sin aclaración;En curso - Próximo a vencer;;C26
00365 RIO TINTO;1000091286;100;ZPAN;VILLAGRAN REG 26025;;0;;;;CSOSA;1013029;"CALIFICACION DE SOLDADOR 8""";6;0;6;0;6;;;Servicios;ADJUDICADO;VILLAGRAN FABIO EZEQUIEL;U365;17/7/2026;3/7/2026;10153838;100;1;3/7/2026;3/7/2026;C26;4500132097;100;4401;1;YCOLMAN;6/7/2026;17/7/2026;C26;0;;0;0;20;0;0;0;0;0;0;Sin aclaración;En curso - Próximo a vencer;;C26
00365 RIO TINTO;1000091286;110;ZPAN;VILLAGRAN REG 26025;;0;;;;CSOSA;1013034;MOVILIZACION Y DESMOVILIZACION;1;0;1;0;1;;;Servicios;ADJUDICADO;VILLAGRAN FABIO EZEQUIEL;U365;17/7/2026;3/7/2026;10153838;110;1;3/7/2026;3/7/2026;C26;4500132097;110;4401;1;YCOLMAN;6/7/2026;17/7/2026;C26;0;;0;0;20;0;0;0;0;0;0;Sin aclaración;En curso - Próximo a vencer;;C26
00365 RIO TINTO;1000091289;10;ZPAN;SS CONTROL DE PLAGAS;;0;;;;CSOSA;1013139;SS CONTROL DE PLAGAS XUN;6;0;0;6;0;;;Servicios;SIN TRATAMIENTO;;U365;10/12/2026;3/7/2026;10153840;10;1;3/7/2026;3/7/2026;C25;;0;;0;;;;;0;;0;0;0;0;0;0;0;0;0;Sin aclaración;En curso;;C25
00365 RIO TINTO;1000091380;10;ZPAN;DEVOLUCION COMPACTAD;;0;;;;CSOSA;1012977;FLETE PLANCHADA CORTA H 4TN 6MT XVIAJE;1;0;0;1;0;;;Servicios;SIN TRATAMIENTO;;U365;20/7/2026;6/7/2026;10153984;10;1;6/7/2026;6/7/2026;C15;;0;;0;;;;;0;;0;0;0;0;0;0;0;0;0;Sin aclaración;En curso - Próximo a vencer;;C15
00374 TERMINAL PUNTA COLORADA;1000061511;30;ZPAN;04-EXAMEN EPO DE LEY;;0;;;;JIBANEZ;1013130;Ergometria x un;50;44;50;0;6;5000178947;1/7/2026;Servicios;CUMPLIDO PARCIAL;MAINETE JAVIER ALBERTO;MR01;31/12/2026;4/2/2025;10114913;50;1;18/2/2025;18/2/2025;C25;4500093891;10;374;1;MPITTIA;19/2/2025;30/12/2026;C25;9;1/7/2026;0;0;-425;243;0;0;0;0;0;04 Cert a Demanda;En curso;;C25
00374 TERMINAL PUNTA COLORADA;1000061511;40;ZPAN;04-EXAMEN EPO DE LEY;;0;;;;JIBANEZ;1013130;Fondo de ojo;50;2;50;0;48;5000126465;6/3/2025;Servicios;CUMPLIDO PARCIAL;MAINETE JAVIER ALBERTO;MR01;31/12/2026;4/2/2025;10114913;60;1;18/2/2025;18/2/2025;C25;4500093891;20;374;1;MPITTIA;19/2/2025;30/12/2026;C25;2;6/3/2025;0;0;-425;-239;0;0;0;0;0;04 Cert a Demanda;En curso;;C25
00374 TERMINAL PUNTA COLORADA;1000061548;10;ZPAN;POLIZA CAUCIÓN TANQU;;0;;;;NLAFORNARO;1012967;POLIZA DE CAUCIÓN TANQUE DE COMBUSTIBLE;1;1;1;0;0;5000124733;13/2/2025;Servicios;CUMPLIDO;FEDERACION PATRONAL SEG. S.A.;MR01;31/1/2028;5/2/2025;10114952;10;1;5/2/2025;5/2/2025;C16;4500093522;10;374;1;JESPARZA;13/2/2025;31/1/2028;C16;1;13/2/2025;0;0;1;-1082;0;0;0;0;0;Sin aclaración;En curso - Total recepcionado;;C16
00374 TERMINAL PUNTA COLORADA;1000061631;10;ZPAN;03-AGUA POTABLE - NO;;0;;;;JIBANEZ;1025992;ALQUILER DISPENSER FRIO CALOR x MES;3;6;3;0;-3;5000153041;20/11/2025;Servicios;CUMPLIDO;NOALE CLAUDIA ELISABETH VIVIANA;MR01;31/10/2025;6/2/2025;10115041;10;1;6/2/2025;6/2/2025;C25;4500094061;10;374;2;MPITTIA;21/2/2025;31/10/2025;C25;6;20/11/2025;0;3;1;20;0;0;0;0;0;03 Cert Mensual;Vencido con cant pendiente a recep;;C25
00374 TERMINAL PUNTA COLORADA;1000061671;50;ZPAN;03-TRANSPORTE PERSON;;0;;;;JIBANEZ;1022295;COMBI 19 PAX - N° 1;8;9;8;0;-1;5000154403;4/12/2025;Servicios;CUMPLIDO;TRANSPORTES VA S.R.L.;MR01;31/12/2025;6/2/2025;10115147;50;1;20/2/2025;10/4/2025;C25;4500094167;50;374;1;MPITTIA;24/2/2025;31/12/2025;C25;9;4/12/2025;49;24;1;-27;0;0;0;0;0;03 Cert Mensual;Vencido con cant pendiente a recep;;C25
00374 TERMINAL PUNTA COLORADA;1000061734;10;ZPAN;02-VIANDAS OBRA;;0;;;;JIBANEZ;1013116;VIANDA ALMUERZO PUESTA EN OBRA XUN;50000;50002;50000;0;-2;5000154800;8/12/2025;Servicios;CUMPLIDO;PUNTA NORTE S.R.L.;MR01;31/12/2025;7/2/2025;10115214;10;1;7/2/2025;7/2/2025;C25;4500093087;10;374;1;MPITTIA;7/2/2025;31/12/2025;C25;26;8/12/2025;0;6;1;-23;0;0;0;0;0;02 Cert Quincenal;Vencido con cant pendiente a recep;;C25
00374 TERMINAL PUNTA COLORADA;1000064526;10;ZPAN;02-VIATICOS 374 - DI;;0;;;;DSUAREZ;1013024;VIATICOS IVA 10,5;50000000;50000000;50000000;0;0;5000151362;5/11/2025;Servicios;CUMPLIDO;SA IMPORTADORA Y EXP. DE LA PA;MR01;31/12/2026;4/4/2025;10118650;10;1;4/4/2025;4/4/2025;C25;4500096820;10;374;1;MPITTIA;9/4/2025;31/12/2025;C25;17;5/11/2025;0;5;-526;127;0;0;0;0;0;02 Cert Quincenal;En curso - Total recepcionado;;C25
00374 TERMINAL PUNTA COLORADA;1000064526;20;ZPAN;02-VIATICOS 374 - DI;;0;;;;DSUAREZ;1013024;VIATICOS IVA EXENTO;50000000;7448173,61;50000000;0;42551826,39;5000178688;30/6/2026;Servicios;CUMPLIDO PARCIAL;SA IMPORTADORA Y EXP. DE LA PA;MR01;31/12/2026;4/4/2025;10118650;20;1;4/4/2025;4/4/2025;C25;4500096820;20;374;1;MPITTIA;9/4/2025;30/12/2026;C25;30;30/6/2026;0;5;-526;364;0;0;0;0;0;02 Cert Quincenal;En curso;Verde;C25
00374 TERMINAL PUNTA COLORADA;1000064793;10;ZPAN;03-SERV TRANSPOPRTE;;0;;;;JIBANEZ;1022295;COLECTIVO 44 PAX - N° 1 x VIAJE;186;187;186;0;-1;5000154476;4/12/2025;Servicios;CUMPLIDO;LAS GRUTAS S A;MR01;31/12/2025;9/4/2025;10119040;10;1;9/4/2025;9/4/2025;C25;4500097173;10;374;1;MPITTIA;15/4/2025;30/12/2025;C25;9;4/12/2025;0;22;-244;218;0;0;0;0;0;03 Cert Mensual;Vencido con cant pendiente a recep;;C25
00374 TERMINAL PUNTA COLORADA;1000065015;10;ZPAN;04-SERVICIO RECARGA;;0;;;;JIBANEZ;1035994;RECARGA DE MATAFUEGO 1 KG;9;9;9;0;0;5000171627;5/5/2026;Servicios;CUMPLIDO;ESCUDERO VIVIANA ANGELICA;MR01;31/12/2026;11/4/2025;10119229;10;1;11/4/2025;11/4/2025;C25;4500097646;10;374;1;MPITTIA;23/4/2025;30/6/2026;C25;6;5/5/2026;0;2;-583;365;0;0;0;0;0;04 Cert a Demanda;En curso - Total recepcionado;;C25
00374 TERMINAL PUNTA COLORADA;1000065015;20;ZPAN;04-SERVICIO RECARGA;;0;;;;JIBANEZ;1013041;RECARGA DE MATAFUEGO 2,5KG;10;10;10;0;0;5000152199;12/11/2025;Servicios;CUMPLIDO;ESCUDERO VIVIANA ANGELICA;MR01;31/12/2026;11/4/2025;10119229;20;1;11/4/2025;11/4/2025;C25;4500097646;20;374;1;MPITTIA;23/4/2025;5/12/2025;C25;4;12/11/2025;0;2;-583;191;0;0;0;0;0;04 Cert a Demanda;En curso - Total recepcionado;;C25
00374 TERMINAL PUNTA COLORADA;1000065015;30;ZPAN;04-SERVICIO RECARGA;;0;;;;JIBANEZ;1013042;RECARGA DE MATAFUEGO 5KG;45;45;45;0;0;5000171627;5/5/2026;Servicios;CUMPLIDO;ESCUDERO VIVIANA ANGELICA;MR01;31/12/2026;11/4/2025;10119229;30;1;11/4/2025;11/4/2025;C25;4500097646;30;374;1;MPITTIA;23/4/2025;30/6/2026;C25;8;5/5/2026;0;2;-583;365;0;0;0;0;0;04 Cert a Demanda;En curso - Total recepcionado;;C25
00374 TERMINAL PUNTA COLORADA;1000065015;40;ZPAN;04-SERVICIO RECARGA;;0;;;;JIBANEZ;1013039;RECARGA DE MATAFUEGO 10KG;24;24;24;0;0;5000139187;18/7/2025;Servicios;CUMPLIDO;ESCUDERO VIVIANA ANGELICA;MR01;31/12/2026;11/4/2025;10119229;40;1;11/4/2025;11/4/2025;C25;4500097646;40;374;1;MPITTIA;23/4/2025;5/12/2025;C25;2;18/7/2025;0;2;-583;74;0;0;0;0;0;04 Cert a Demanda;En curso - Total recepcionado;;C25
00374 TERMINAL PUNTA COLORADA;1000067259;10;ZPAN;Certificacion Valvul;;0;;;;DSUAREZ;1013021;CERTIFICACION DE VALVULA PARA COMPRESOR;2;3;2;0;-1;5000142766;21/8/2025;Servicios;CUMPLIDO;TECNO CONSULTING SA;MR01;10/6/2025;21/5/2025;10121988;10;1;21/5/2025;22/5/2025;C38;4500099772;20;374;1;EREGALADO;22/5/2025;4/6/2025;C04;2;21/8/2025;1;0;7;87;0;0;0;0;0;Sin aclaración;Vencido con cant pendiente a recep;;C04
00374 TERMINAL PUNTA COLORADA;1000070447;10;ZPAN;04-Servicios Medicos;;0;;;;DSUAREZ;1042633;NOMENCLADOR BIOQ UNIF;30;0;30;0;30;;;Materiales usuales;ADJUDICADO;LABOR AUSTRAL SRL;MR01;31/12/2026;17/7/2025;10126339;10;1;17/7/2025;17/7/2025;C25;4500104914;10;374;1;MPITTIA;30/7/2025;31/12/2026;C25;0;;0;1;-364;0;0;0;0;0;0;04 Cert a Demanda;En curso;;C25
00374 TERMINAL PUNTA COLORADA;1000070447;20;ZPAN;04-Servicios Medicos;;0;;;;DSUAREZ;1042634;US GASTO RADIOLÓGICO;30;30;30;0;0;5000142460;18/8/2025;Servicios;CUMPLIDO;LABOR AUSTRAL SRL;MR01;31/12/2026;17/7/2025;10126339;20;1;17/7/2025;17/7/2025;C25;4500104914;20;374;1;MPITTIA;30/7/2025;31/12/2026;C25;1;18/8/2025;0;1;-364;-135;0;0;0;0;0;04 Cert a Demanda;En curso - Total recepcionado;;C25
00374 TERMINAL PUNTA COLORADA;1000070447;30;ZPAN;04-Servicios Medicos;;0;;;;DSUAREZ;1042635;GALENO RADIOLÓGICO;30;6,75;30;0;23,25;5000142460;18/8/2025;Servicios;CUMPLIDO PARCIAL;LABOR AUSTRAL SRL;MR01;31/12/2026;17/7/2025;10126339;30;1;17/7/2025;17/7/2025;C25;4500104914;30;374;1;MPITTIA;30/7/2025;31/12/2026;C25;1;18/8/2025;0;1;-364;-135;0;0;0;0;0;04 Cert a Demanda;En curso;;C25
00374 TERMINAL PUNTA COLORADA;1000070447;40;ZPAN;04-Servicios Medicos;;0;;;;DSUAREZ;1042636;ESTUDIO ECOGRAFÍA;10;0;10;0;10;;;Servicios;ADJUDICADO;LABOR AUSTRAL SRL;MR01;31/12/2026;17/7/2025;10126339;40;1;17/7/2025;17/7/2025;C25;4500104914;40;374;1;MPITTIA;30/7/2025;31/12/2026;C25;0;;0;1;-364;0;0;0;0;0;0;04 Cert a Demanda;En curso;;C25
00374 TERMINAL PUNTA COLORADA;1000070447;50;ZPAN;04-Servicios Medicos;;0;;;;DSUAREZ;1042637;CONSULTA MÉDICA GUARDIA;50;0;50;0;50;;;Servicios;ADJUDICADO;LABOR AUSTRAL SRL;MR01;31/12/2026;17/7/2025;10126339;50;1;17/7/2025;17/7/2025;C25;4500104914;50;374;1;MPITTIA;30/7/2025;31/12/2026;C25;0;;0;1;-364;0;0;0;0;0;0;04 Cert a Demanda;En curso;;C25
00374 TERMINAL PUNTA COLORADA;1000070447;60;ZPAN;04-Servicios Medicos;;0;;;;DSUAREZ;1042638;CONSULTA MÉDICA CLÍNICO;50;2;50;0;48;5000142460;18/8/2025;Servicios;CUMPLIDO PARCIAL;LABOR AUSTRAL SRL;MR01;31/12/2026;17/7/2025;10126339;60;1;17/7/2025;17/7/2025;C25;4500104914;60;374;1;MPITTIA;30/7/2025;31/12/2026;C25;1;18/8/2025;0;1;-364;-135;0;0;0;0;0;04 Cert a Demanda;En curso;;C25
00374 TERMINAL PUNTA COLORADA;1000070447;70;ZPAN;04-Servicios Medicos;;0;;;;DSUAREZ;1042639;SESIÓN TRAUMATOLOGÍA;30;0;30;0;30;;;Servicios;ADJUDICADO;LABOR AUSTRAL SRL;MR01;31/12/2026;17/7/2025;10126339;70;1;17/7/2025;17/7/2025;C25;4500104914;70;374;1;MPITTIA;30/7/2025;31/12/2026;C25;0;;0;1;-364;0;0;0;0;0;0;04 Cert a Demanda;En curso;;C25
00374 TERMINAL PUNTA COLORADA;1000070447;80;ZPAN;04-Servicios Medicos;;0;;;;DSUAREZ;1042640;APLICACIÓN INYECTABLES;50;0;50;0;50;;;Servicios;ADJUDICADO;LABOR AUSTRAL SRL;MR01;31/12/2026;17/7/2025;10126339;80;1;17/7/2025;17/7/2025;C25;4500104914;80;374;1;MPITTIA;30/7/2025;31/12/2026;C25;0;;0;1;-364;0;0;0;0;0;0;04 Cert a Demanda;En curso;;C25
00374 TERMINAL PUNTA COLORADA;1000070447;90;ZPAN;04-Servicios Medicos;;0;;;;DSUAREZ;1042641;SESIÓN CURACIÓN MEDICA;50;0;50;0;50;;;Servicios;ADJUDICADO;LABOR AUSTRAL SRL;MR01;31/12/2026;17/7/2025;10126339;90;1;17/7/2025;17/7/2025;C25;4500104914;90;374;1;MPITTIA;30/7/2025;31/12/2026;C25;0;;0;1;-364;0;0;0;0;0;0;04 Cert a Demanda;En curso;;C25
00374 TERMINAL PUNTA COLORADA;1000070447;100;ZPAN;04-Servicios Medicos;;0;;;;DSUAREZ;1042642;SESIÓN CURACIÓN MÉDICA QUEMADO;10;0;10;0;10;;;Servicios;ADJUDICADO;LABOR AUSTRAL SRL;MR01;31/12/2026;17/7/2025;10126339;100;1;17/7/2025;17/7/2025;C25;4500104914;100;374;1;MPITTIA;30/7/2025;31/12/2026;C25;0;;0;1;-364;0;0;0;0;0;0;04 Cert a Demanda;En curso;;C25
00374 TERMINAL PUNTA COLORADA;1000070447;110;ZPAN;04-Servicios Medicos;;0;;;;DSUAREZ;1042643;SESIÓN KINESIOLOGÍA;30;0;30;0;30;;;Servicios;ADJUDICADO;LABOR AUSTRAL SRL;MR01;31/12/2026;17/7/2025;10126339;110;1;17/7/2025;17/7/2025;C25;4500104914;110;374;1;MPITTIA;30/7/2025;31/12/2026;C25;0;;0;1;-364;0;0;0;0;0;0;04 Cert a Demanda;En curso;;C25
00374 TERMINAL PUNTA COLORADA;1000070447;120;ZPAN;04-Servicios Medicos;;0;;;;DSUAREZ;1042644;GASTO ADM MÉDICO POR SINIESTRO;50;3;50;0;47;5000150412;28/10/2025;Servicios;CUMPLIDO PARCIAL;LABOR AUSTRAL SRL;MR01;31/12/2026;17/7/2025;10126339;120;1;17/7/2025;17/7/2025;C25;4500104914;120;374;1;MPITTIA;30/7/2025;31/12/2026;C25;2;28/10/2025;0;1;-364;-64;0;0;0;0;0;04 Cert a Demanda;En curso;;C25
00374 TERMINAL PUNTA COLORADA;1000070532;10;ZPAN;04-EXT RECARGA MATAF;;0;;;;MREYNA;1013039;RECARGA DE MATAFUEGO 10KG;45;45;45;0;0;5000166685;25/3/2026;Servicios;CUMPLIDO;ESCUDERO VIVIANA ANGELICA;MR01;28/7/2026;18/7/2025;10126455;10;1;18/7/2025;18/7/2025;C25;4500105209;10;374;1;MPITTIA;4/8/2025;28/7/2026;C25;7;25/3/2026;0;0;-293;169;0;0;0;0;0;04 Cert a Demanda;En curso - Próximo a vencer;;C25
00374 TERMINAL PUNTA COLORADA;1000070923;10;ZPAN;04 /4000005393-OXIGE;;0;;;;JIBANEZ;1013105;ALQUILER TUBOS DE OXIGENO;6;6;6;0;0;5000142586;19/8/2025;Servicios;CUMPLIDO;ESCUDERO VIVIANA ANGELICA;MR01;31/12/2026;25/7/2025;10126920;40;1;25/7/2025;26/7/2025;C24;4500105360;20;374;1;MPITTIA;6/8/2025;31/12/2026;C24;1;19/8/2025;1;0;-364;-134;0;0;0;0;0;04 Cert a Demanda;En curso - Total recepcionado;;C24
00374 TERMINAL PUNTA COLORADA;1000070923;20;ZPAN;04 /4000005393-OXIGE;;0;;;;JIBANEZ;1035528;RECARGA TUBO DE OXIGENO;6;2;6;0;4;5000165063;12/3/2026;Servicios;CUMPLIDO PARCIAL;ESCUDERO VIVIANA ANGELICA;MR01;31/12/2026;25/7/2025;10126920;50;1;25/7/2025;26/7/2025;C24;4500105360;30;374;1;MPITTIA;6/8/2025;31/12/2026;C24;2;12/3/2026;1;0;-364;71;0;0;0;0;0;04 Cert a Demanda;En curso;;C24
00374 TERMINAL PUNTA COLORADA;1000070923;30;ZPAN;04 /4000005393-OXIGE;;0;;;;JIBANEZ;1013105;ALQUILER TUBOS DE ACETILENO;6;6;6;0;0;5000142586;19/8/2025;Servicios;CUMPLIDO;ESCUDERO VIVIANA ANGELICA;MR01;31/12/2026;25/7/2025;10126920;30;1;25/7/2025;26/7/2025;C24;4500105360;10;374;1;MPITTIA;6/8/2025;31/12/2026;C24;1;19/8/2025;1;0;-364;-134;0;0;0;0;0;04 Cert a Demanda;En curso - Total recepcionado;;C24
00374 TERMINAL PUNTA COLORADA;1000070923;40;ZPAN;04 /4000005393-OXIGE;;0;;;;JIBANEZ;1013106;RECARGA TUBO DE ACETILENO;41;13,6;41;0;27,4;5000165063;12/3/2026;Servicios;CUMPLIDO PARCIAL;ESCUDERO VIVIANA ANGELICA;MR01;31/12/2026;25/7/2025;10126920;60;1;25/7/2025;26/7/2025;C24;4500105360;40;374;1;MPITTIA;6/8/2025;31/12/2026;C24;2;12/3/2026;1;0;-364;71;0;0;0;0;0;04 Cert a Demanda;En curso;;C24
00374 TERMINAL PUNTA COLORADA;1000071786;10;ZPAN;poliza rc alquiler d;;0;;;;NLAFORNARO;1012957;POLIZA 988496 RC GALPON CUOTA 1;1;2;1;0;-1;5000162570;20/2/2026;Servicios;CUMPLIDO;SANCOR COOP. DE SEG. LTDA.;MR01;3/9/2025;8/8/2025;10128107;10;1;8/8/2025;8/8/2025;C16;4500106115;10;374;1;JESPARZA;15/8/2025;3/9/2025;C16;2;20/2/2026;0;0;22;170;0;0;0;0;0;Sin aclaración;Vencido con cant pendiente a recep;;C16
00374 TERMINAL PUNTA COLORADA;1000071786;20;ZPAN;poliza rc alquiler d;;0;;;;NLAFORNARO;1012957;POLIZA 988496 RC GALPON CUOTA 2;1;2;1;0;-1;5000162570;20/2/2026;Servicios;CUMPLIDO;SANCOR COOP. DE SEG. LTDA.;MR01;3/9/2025;8/8/2025;10128107;20;1;8/8/2025;8/8/2025;C16;4500106115;20;374;1;JESPARZA;15/8/2025;3/9/2025;C16;2;20/2/2026;0;0;22;170;0;0;0;0;0;Sin aclaración;Vencido con cant pendiente a recep;;C16
00374 TERMINAL PUNTA COLORADA;1000071786;30;ZPAN;poliza rc alquiler d;;0;;;;NLAFORNARO;1012957;POLIZA 988496 RC GALPON CUOTA 3;1;2;1;0;-1;5000162570;20/2/2026;Servicios;CUMPLIDO;SANCOR COOP. DE SEG. LTDA.;MR01;3/9/2025;8/8/2025;10128107;30;1;8/8/2025;8/8/2025;C16;4500106115;30;374;1;JESPARZA;15/8/2025;3/9/2025;C16;2;20/2/2026;0;0;22;170;0;0;0;0;0;Sin aclaración;Vencido con cant pendiente a recep;;C16
00374 TERMINAL PUNTA COLORADA;1000071786;40;ZPAN;poliza rc alquiler d;;0;;;;NLAFORNARO;1012957;POLIZA 988496 RC GALPON CUOTA 4;1;2;1;0;-1;5000162570;20/2/2026;Servicios;CUMPLIDO;SANCOR COOP. DE SEG. LTDA.;MR01;3/9/2025;8/8/2025;10128107;40;1;8/8/2025;8/8/2025;C16;4500106115;40;374;1;JESPARZA;15/8/2025;3/9/2025;C16;2;20/2/2026;0;0;22;170;0;0;0;0;0;Sin aclaración;Vencido con cant pendiente a recep;;C16
00374 TERMINAL PUNTA COLORADA;1000072835;10;ZPAN;04-Subcontrato Cerco;;0;;;;DSUAREZ;1042080;SUBC. MO + MATERIALES CERCO PERIMETRAL;1;1;1;0;0;5000173612;19/5/2026;Servicios;CUMPLIDO;SCHVAB JULIO CESAR;MR01;30/7/2026;27/8/2025;10129475;10;1;27/8/2025;27/8/2025;C26;4500108380;10;374;1;AGONZALEZ;11/9/2025;30/7/2026;C26;3;19/5/2026;0;22;-272;201;0;0;0;0;0;04 Cert a Demanda;En curso - Próximo a vencer;;C26
00374 TERMINAL PUNTA COLORADA;1000073348;10;ZPAN;04-ZPI 4000005921 -;;0;;;;MREYNA;1046069;RECOLECCION DE RESIDUOS PELIGROSOS Y9;1;0;1;0;1;;;Servicios;ADJUDICADO;SOLUCIONES AMBIENTALES PATAGONIA;MR01;31/12/2026;3/9/2025;10130205;10;1;3/9/2025;4/9/2025;C25;4500108416;10;374;1;MPITTIA;12/9/2025;31/12/2026;C25;0;;1;0;-343;0;0;0;0;0;0;04 Cert a Demanda;En curso;;C25
00374 TERMINAL PUNTA COLORADA;1000073681;20;ZPAN;04 - Bombas de Hormi;;0;;;;DSUAREZ;1012984;SERVICIO BOMBEO X MT3;274;275;274;0;-1;5000149984;23/10/2025;Servicios;CUMPLIDO;BETONSUR SRL;MR01;29/9/2025;9/9/2025;10130617;20;1;9/9/2025;10/9/2025;C18;4500108599;20;374;1;VBARRA;15/9/2025;29/9/2025;C18;2;23/10/2025;1;2;22;24;0;0;0;0;0;04 Cert a Demanda;Vencido con cant pendiente a recep;;C18
00374 TERMINAL PUNTA COLORADA;1000073819;10;ZPAN;04-EXTENSION OC 4500;;0;;;;MREYNA;1013041;RECARGA DE MATAFUEGO 2,5KG;10;6;10;0;4;5000171623;5/5/2026;Servicios;CUMPLIDO PARCIAL;ESCUDERO VIVIANA ANGELICA;MR01;31/12/2026;11/9/2025;10130836;10;1;11/9/2025;12/9/2025;C25;4500108756;10;374;1;MPITTIA;17/9/2025;31/12/2026;C25;3;5/5/2026;1;0;-390;151;0;0;0;0;0;04 Cert a Demanda;En curso;;C25
00374 TERMINAL PUNTA COLORADA;1000074933;10;ZPAN;04 - ALQ ANDAMIOS LA;;0;;;;MREYNA;1042055;SUBC. ALQUILER DE ANDAMIOS XMES;3;3;3;0;0;5000161491;9/2/2026;Servicios;CUMPLIDO;LAYHER SUDAMERICANA SA;MR01;30/7/2026;30/9/2025;10132151;10;1;30/9/2025;1/10/2025;C26;4500109866;10;374;1;AGONZALEZ;2/10/2025;30/7/2026;C26;3;9/2/2026;1;12;-120;-50;0;0;0;0;0;04 Cert a Demanda;En curso - Próximo a vencer;;C26
00374 TERMINAL PUNTA COLORADA;1000075064;10;ZPAN;01-ZPIN HIELO Y ALQ;;0;;;;MREYNA;1017912;SERVICIO HIELO POR BOLSON XUN;3739,654;3739,654;3739,654;0;0;5000161119;5/2/2026;Servicios;CUMPLIDO;CARRIZO PATRICIA DEL CARMEN;MR01;30/7/2026;1/10/2025;10132341;10;1;1/10/2025;2/10/2025;C25;4500110662;10;374;1;MPITTIA;14/10/2025;31/3/2026;C25;9;5/2/2026;1;20;-739827;0;0;0;0;0;0;01 Cert Semanal;En curso - Próximo a vencer;Rojo;C25
00374 TERMINAL PUNTA COLORADA;1000075064;20;ZPAN;01-ZPIN HIELO Y ALQ;;0;;;;MREYNA;1035446;SERVICIO ALQUILER DE FREEZER X MES;6;3;6;0;3;5000162316;17/2/2026;Servicios;CUMPLIDO PARCIAL;CARRIZO PATRICIA DEL CARMEN;MR01;31/12/2026;1/10/2025;10132341;20;1;1/10/2025;2/10/2025;C25;4500110662;20;374;1;MPITTIA;14/10/2025;31/12/2026;C25;3;17/2/2026;1;20;-274;-42;0;0;0;0;0;01 Cert Semanal;En curso;Rojo;C25
00374 TERMINAL PUNTA COLORADA;1000075064;30;ZPAN;01-ZPIN HIELO Y ALQ;;0;;;;MREYNA;1035446;SERVICIO ALQUILER DE FREEZER X MES;6;0;6;0;6;;;Servicios;ADJUDICADO;CARRIZO PATRICIA DEL CARMEN;MR01;31/12/2026;1/10/2025;10132341;30;1;1/10/2025;2/10/2025;C25;4500110662;30;374;1;MPITTIA;14/10/2025;31/12/2026;C25;0;;1;20;-274;0;0;0;0;0;0;01 Cert Semanal;En curso;;C25
00374 TERMINAL PUNTA COLORADA;1000075595;10;ZPAN;03 - ALQUILER BAÑOS;;0;;;;JIBANEZ;1022693;ALQUILER DE MODULO DE BANO X U;360;340;360;0;20;5000179015;2/7/2026;Servicios;CUMPLIDO PARCIAL;ECOPORTATILES SA;MR01;30/10/2026;9/10/2025;10133087;10;1;9/10/2025;10/10/2025;C25;4500110817;10;374;1;MPITTIA;15/10/2025;30/10/2026;C25;9;2/7/2026;1;8;22;-120;0;0;0;0;0;03 Cert Mensual;En curso;Verde;C25
00374 TERMINAL PUNTA COLORADA;1000075595;20;ZPAN;03 - ALQUILER BAÑOS;;0;;;;JIBANEZ;1013136;SERVICIO LIMPIEZA DESAGOTE BANO QUIMICO;8640;6445;8640;0;2195;5000179015;2/7/2026;Servicios;CUMPLIDO PARCIAL;ECOPORTATILES SA;MR01;30/10/2026;9/10/2025;10133087;20;1;9/10/2025;10/10/2025;C25;4500110817;20;374;1;MPITTIA;15/10/2025;30/10/2026;C25;9;2/7/2026;1;8;22;-120;0;0;0;0;0;03 Cert Mensual;En curso;Verde;C25
00374 TERMINAL PUNTA COLORADA;1000075595;30;ZPAN;03 - ALQUILER BAÑOS;;0;;;;JIBANEZ;1047100;ALQUILER DE MODULO BAÑO 6MT X MES;24;24;24;0;0;5000179015;2/7/2026;Servicios;CUMPLIDO;ECOPORTATILES SA;MR01;30/10/2026;9/10/2025;10133087;30;1;9/10/2025;10/10/2025;C25;4500110817;30;374;1;MPITTIA;15/10/2025;30/10/2026;C25;9;2/7/2026;1;8;22;-120;0;0;0;0;0;03 Cert Mensual;En curso - Total recepcionado;;C25
00374 TERMINAL PUNTA COLORADA;1000075595;40;ZPAN;03 - ALQUILER BAÑOS;;0;;;;JIBANEZ;1013136;SERVICIO LIMPIEZA DESAGOTE BANO QUIMICO;576;538;576;0;38;5000179015;2/7/2026;Servicios;CUMPLIDO PARCIAL;ECOPORTATILES SA;MR01;30/10/2026;9/10/2025;10133087;40;1;9/10/2025;10/10/2025;C25;4500110817;40;374;1;MPITTIA;15/10/2025;30/10/2026;C25;9;2/7/2026;1;8;22;-120;0;0;0;0;0;03 Cert Mensual;En curso;Verde;C25
00374 TERMINAL PUNTA COLORADA;1000075601;10;ZPAN;03-OC SERVICIO INTER;;0;;;;JIBANEZ;1025931;SERV. INTERNET X MES - 50G - MOVIL;12;9;12;0;3;5000179282;3/7/2026;Servicios;CUMPLIDO PARCIAL;JAWIT S.A.;MR01;30/10/2026;9/10/2025;10133090;10;1;9/10/2025;2/5/2026;C25;4500110746;10;374;1;MPITTIA;15/10/2025;30/10/2026;C25;9;3/7/2026;205;1;22;-119;0;0;0;0;0;03 Cert Mensual;En curso;Verde;C25
00374 TERMINAL PUNTA COLORADA;1000075601;20;ZPAN;03-OC SERVICIO INTER;;0;;;;JIBANEZ;1025931;SERV. INTERNET X MES - 50G - OLIVARES;12;9;12;0;3;5000179282;3/7/2026;Servicios;CUMPLIDO PARCIAL;JAWIT S.A.;MR01;30/10/2026;9/10/2025;10133090;20;1;9/10/2025;13/10/2025;C25;4500110746;20;374;1;MPITTIA;15/10/2025;30/10/2026;C25;9;3/7/2026;4;1;22;-119;0;0;0;0;0;03 Cert Mensual;En curso;Verde;C25
00374 TERMINAL PUNTA COLORADA;1000075601;30;ZPAN;03-OC SERVICIO INTER;;0;10;4;6/1/2026;JIBANEZ;1025931;SERV. INTERNET X MES -  1TB - BASE SG;1;1;1;0;0;5000154514;4/12/2025;Servicios;CUMPLIDO;JAWIT S.A.;MR01;30/10/2026;9/10/2025;10133090;30;1;9/10/2025;9/10/2025;C25;4500110746;30;374;1;MPITTIA;15/10/2025;30/10/2026;C25;3;4/12/2025;0;1;22;-330;0;0;0;0;0;03 Cert Mensual;En curso - Total recepcionado;;C25
00374 TERMINAL PUNTA COLORADA;1000075601;40;ZPAN;03-OC SERVICIO INTER;;0;;;;JIBANEZ;1025931;SERV. INTERNET X MES -  2,5TB - OBRADOR;5;5;5;0;0;5000168456;9/4/2026;Servicios;CUMPLIDO;JAWIT S.A.;MR01;30/10/2026;9/10/2025;10133090;40;1;9/10/2025;13/10/2025;C25;4500110746;40;374;1;MPITTIA;15/10/2025;30/10/2026;C25;9;9/4/2026;4;1;22;-204;0;0;0;0;0;03 Cert Mensual;En curso - Total recepcionado;;C25
00374 TERMINAL PUNTA COLORADA;1000075601;50;ZPAN;03-OC SERVICIO INTER;;0;;;;JIBANEZ;1025931;SERV. INTERNET X MES - 500G - JEFATURA;12;0;12;0;12;;;Servicios;ADJUDICADO;JAWIT S.A.;MR01;30/10/2026;9/10/2025;10133090;50;1;9/10/2025;13/10/2025;C25;4500110746;50;374;1;MPITTIA;15/10/2025;30/10/2026;C25;0;;4;1;22;0;0;0;0;0;0;03 Cert Mensual;En curso;;C25
00374 TERMINAL PUNTA COLORADA;1000076010;10;ZPAN;04-INCOPORACION MODU;;0;;;;MREYNA;1013130;Módulo N° 1 - Tareas Livianas;100;88;100;0;12;5000167753;6/4/2026;Servicios;CUMPLIDO PARCIAL;MAINETE JAVIER ALBERTO;MR01;30/12/2026;16/10/2025;10133583;10;1;16/10/2025;16/10/2025;C25;4500111090;10;374;1;MPITTIA;17/10/2025;30/12/2026;C25;1;6/4/2026;0;5;-342;96;0;0;0;0;0;04 Cert a Demanda;En curso;;C25
00374 TERMINAL PUNTA COLORADA;1000076010;20;ZPAN;04-INCOPORACION MODU;;0;;;;MREYNA;1013130;Módulo N° 3 - Tareas de Altura;100;96;100;0;4;5000175457;3/6/2026;Servicios;CUMPLIDO PARCIAL;MAINETE JAVIER ALBERTO;MR01;30/12/2026;16/10/2025;10133583;20;1;16/10/2025;16/10/2025;C25;4500111090;20;374;1;MPITTIA;17/10/2025;30/12/2026;C25;4;3/6/2026;0;5;-342;154;0;0;0;0;0;04 Cert a Demanda;En curso;;C25
00374 TERMINAL PUNTA COLORADA;1000076010;30;ZPAN;04-INCOPORACION MODU;;0;;;;MREYNA;1013130;Módulo N° 4 - Conductores de Vehículos;100;100;100;0;0;5000168655;11/4/2026;Servicios;CUMPLIDO;MAINETE JAVIER ALBERTO;MR01;30/12/2026;16/10/2025;10133583;30;1;16/10/2025;16/10/2025;C25;4500111090;30;374;1;MPITTIA;17/10/2025;30/6/2026;C25;3;11/4/2026;0;5;-342;101;0;0;0;0;0;04 Cert a Demanda;En curso - Total recepcionado;;C25
00374 TERMINAL PUNTA COLORADA;1000076010;40;ZPAN;04-INCOPORACION MODU;;0;;;;MREYNA;1013130;Módulo N° 5 - Espacios Confinados;100;101;100;0;-1;5000160044;28/1/2026;Servicios;CUMPLIDO;MAINETE JAVIER ALBERTO;MR01;30/12/2026;16/10/2025;10133583;40;1;16/10/2025;16/10/2025;C25;4500111090;40;374;1;MPITTIA;17/10/2025;30/6/2026;C25;5;28/1/2026;0;5;-342;28;0;0;0;0;0;04 Cert a Demanda;En curso;;C25
00374 TERMINAL PUNTA COLORADA;1000076010;50;ZPAN;04-INCOPORACION MODU;;0;;;;MREYNA;1013130;Estudios según Modulo 2 S/ ergo;100;2;100;0;98;5000175457;3/6/2026;Servicios;CUMPLIDO PARCIAL;MAINETE JAVIER ALBERTO;MR01;30/12/2026;16/10/2025;10133583;50;1;16/10/2025;16/10/2025;C25;4500111090;50;374;1;MPITTIA;17/10/2025;30/12/2026;C25;1;3/6/2026;0;5;-342;154;0;0;0;0;0;04 Cert a Demanda;En curso;;C25
00374 TERMINAL PUNTA COLORADA;1000076010;60;ZPAN;04-INCOPORACION MODU;;0;;;;MREYNA;1013130;Estudios según Modulo 6 S/ ergo;100;89;100;0;11;5000165360;13/3/2026;Servicios;CUMPLIDO PARCIAL;MAINETE JAVIER ALBERTO;MR01;30/12/2026;16/10/2025;10133583;60;1;16/10/2025;16/10/2025;C25;4500111090;60;374;1;MPITTIA;17/10/2025;30/12/2026;C25;1;13/3/2026;0;5;-342;72;0;0;0;0;0;04 Cert a Demanda;En curso;;C25
00374 TERMINAL PUNTA COLORADA;1000076674;10;ZPAN;04-CONTROL ALCOHOL Y;;0;;;;MREYNA;1022295;CONTROL DE ALCOHOL Y DROGAS;180;177;180;0;3;5000175456;3/6/2026;Servicios;CUMPLIDO PARCIAL;MAINETE JAVIER ALBERTO;MR01;30/12/2026;28/10/2025;10134557;10;1;28/10/2025;29/10/2025;C25;4500111904;10;374;1;MPITTIA;29/10/2025;30/12/2026;C25;6;3/6/2026;1;5;-243;34;0;0;0;0;0;04 Cert a Demanda;En curso;;C25
00374 TERMINAL PUNTA COLORADA;1000076683;10;ZPAN;04-ADICIONALES OC 45;;0;;;;MREYNA;1013131;CONVERSION MODULO 2 AL MODULO 3/4/5;100;7;100;0;93;5000156336;20/12/2025;Servicios;CUMPLIDO PARCIAL;MAINETE JAVIER ALBERTO;MR01;30/12/2026;28/10/2025;10134565;10;1;28/10/2025;29/10/2025;C25;4500111901;10;374;1;MPITTIA;29/10/2025;31/12/2026;C25;1;20/12/2025;1;5;-363;-11;0;0;0;0;0;04 Cert a Demanda;En curso;;C25
00374 TERMINAL PUNTA COLORADA;1000076683;20;ZPAN;04-ADICIONALES OC 45;;0;;;;MREYNA;1013131;ESPIROMETRÍA;100;12;100;0;88;5000178950;1/7/2026;Servicios;CUMPLIDO PARCIAL;MAINETE JAVIER ALBERTO;MR01;30/12/2026;28/10/2025;10134565;20;1;28/10/2025;29/10/2025;C25;4500111901;20;374;1;MPITTIA;29/10/2025;31/12/2026;C25;1;1/7/2026;1;5;-363;182;0;0;0;0;0;04 Cert a Demanda;En curso;;C25
00374 TERMINAL PUNTA COLORADA;1000076774;10;ZPAN;03-EXTENSION OC 4500;;0;;;;MREYNA;1035446;REPRESENTACION TECNICA;13;7;13;0;6;5000177373;18/6/2026;Servicios;CUMPLIDO PARCIAL;SAN ROMAN GONZALO ARIEL;MR01;31/12/2026;29/10/2025;10134679;10;1;29/10/2025;30/10/2025;C25;4500113181;10;374;1;MPITTIA;14/11/2025;31/12/2026;C25;7;18/6/2026;1;3;1;-196;0;0;0;0;0;03 Cert Mensual;En curso;Verde;C25
00374 TERMINAL PUNTA COLORADA;1000077138;10;ZPAN;04-POLIZA RC OBRA CI;;0;;;;NLAFORNARO;1012957;poliza rc 455585 374 obra civil;1;1;1;0;0;5000153821;28/11/2025;Servicios;CUMPLIDO;SANCOR COOP. DE SEG. LTDA.;MR01;22/1/2027;4/11/2025;10135141;10;1;4/11/2025;4/11/2025;C16;4500113220;10;374;1;JESPARZA;14/11/2025;22/1/2027;C16;1;28/11/2025;0;8;22;-420;0;0;0;0;0;04 Cert a Demanda;En curso - Total recepcionado;;C16
00374 TERMINAL PUNTA COLORADA;1000077149;10;ZPAN;03 - Lavandería Play;;0;;;;DSUAREZ;1013077;SERV LAVANDERIA 1/2 CAJON;500;500;500;0;0;5000179250;3/7/2026;Servicios;CUMPLIDO;MALDONADO ELVA;MR01;31/12/2026;4/11/2025;10135151;10;1;4/11/2025;4/11/2025;C25;4500112708;10;374;1;MPITTIA;10/11/2025;31/12/2026;C25;7;3/7/2026;0;0;1;-181;0;0;0;0;0;03 Cert Mensual;En curso - Total recepcionado;;C25
00374 TERMINAL PUNTA COLORADA;1000077149;20;ZPAN;03 - Lavandería Play;;0;;;;DSUAREZ;1013077;SERV LAVANDERIA 1 CAJON COMPLETO;500;500;500;0;0;5000171870;6/5/2026;Servicios;CUMPLIDO;MALDONADO ELVA;MR01;31/12/2026;4/11/2025;10135151;20;1;4/11/2025;4/11/2025;C25;4500112708;20;374;1;MPITTIA;10/11/2025;31/12/2026;C25;8;6/5/2026;0;0;1;-239;0;0;0;0;0;03 Cert Mensual;En curso - Total recepcionado;;C25
00374 TERMINAL PUNTA COLORADA;1000077198;10;ZPAN;02-Regularizacion La;;0;;;;DSUAREZ;1013024;VIATICOS IVA 10,5 REGULARIZACION;89070;89070;89070;0;0;5000152247;12/11/2025;Servicios;CUMPLIDO;SA IMPORTADORA Y EXP. DE LA PA;MR01;25/11/2026;5/11/2025;10135203;10;1;5/11/2025;15/11/2025;C25;4500112959;10;374;1;MPITTIA;12/11/2025;25/11/2025;C25;1;12/11/2025;10;0;-364;-13;0;0;0;0;0;02 Cert Quincenal;En curso - Total recepcionado;;C25
00374 TERMINAL PUNTA COLORADA;1000077198;20;ZPAN;02-Regularizacion La;;0;;;;DSUAREZ;1013024;VIATICOS IVA 10,5;50000000;50000000;50000000;0;0;5000170951;28/4/2026;Servicios;CUMPLIDO;SA IMPORTADORA Y EXP. DE LA PA;MR01;25/11/2026;5/11/2025;10135203;20;1;5/11/2025;5/11/2025;C25;4500112960;20;374;1;MPITTIA;12/11/2025;30/6/2026;C25;7;28/4/2026;0;5;-364;154;0;0;0;0;0;02 Cert Quincenal;En curso - Total recepcionado;;C25
00374 TERMINAL PUNTA COLORADA;1000077673;10;ZPAN;03- Transporte VA Ci;;0;;;;DSUAREZ;1022295;COMBI 19 PAX - N° 1;12;10;12;0;2;5000179241;3/7/2026;Servicios;CUMPLIDO PARCIAL;TRANSPORTES VA S.R.L.;MR01;31/12/2026;13/11/2025;10135861;10;1;13/11/2025;14/11/2025;C25;4500114466;10;374;1;MPITTIA;2/12/2025;31/12/2026;C25;10;3/7/2026;1;3;22;-181;0;0;0;0;0;03 Cert Mensual;En curso;Verde;C25
00374 TERMINAL PUNTA COLORADA;1000077673;20;ZPAN;03- Transporte VA Ci;;0;;;;DSUAREZ;1022295;COMBI 19 PAX - N° 2;12;10;12;0;2;5000179241;3/7/2026;Servicios;CUMPLIDO PARCIAL;TRANSPORTES VA S.R.L.;MR01;31/12/2026;13/11/2025;10135861;20;1;13/11/2025;14/11/2025;C25;4500114466;20;374;1;MPITTIA;2/12/2025;31/12/2026;C25;10;3/7/2026;1;3;22;-181;0;0;0;0;0;03 Cert Mensual;En curso;Verde;C25
00374 TERMINAL PUNTA COLORADA;1000077673;30;ZPAN;03- Transporte VA Ci;;0;;;;DSUAREZ;1022295;COMBI 19 PAX - N° 3;12;10;12;0;2;5000179241;3/7/2026;Servicios;CUMPLIDO PARCIAL;TRANSPORTES VA S.R.L.;MR01;31/12/2026;13/11/2025;10135861;30;1;13/11/2025;14/11/2025;C25;4500114466;30;374;1;MPITTIA;2/12/2025;31/12/2026;C25;10;3/7/2026;1;3;22;-181;0;0;0;0;0;03 Cert Mensual;En curso;Verde;C25
00374 TERMINAL PUNTA COLORADA;1000077673;40;ZPAN;03- Transporte VA Ci;;0;;;;DSUAREZ;1022295;COMBI 19 PAX - N° 4;12;10;12;0;2;5000179241;3/7/2026;Servicios;CUMPLIDO PARCIAL;TRANSPORTES VA S.R.L.;MR01;31/12/2026;13/11/2025;10135861;40;1;13/11/2025;14/11/2025;C25;4500114466;40;374;1;MPITTIA;2/12/2025;31/12/2026;C25;10;3/7/2026;1;3;22;-181;0;0;0;0;0;03 Cert Mensual;En curso;Verde;C25
00374 TERMINAL PUNTA COLORADA;1000077677;10;ZPAN;03- Transp Las Gruta;;0;;;;DSUAREZ;1013113;COLECTIVO 44 PAX - N° 1 x VIAJE;315;315;315;0;0;5000164537;7/3/2026;Servicios;CUMPLIDO;LAS GRUTAS S A;MR01;31/12/2026;13/11/2025;10135863;10;1;13/11/2025;14/11/2025;C25;4500114323;10;374;1;MPITTIA;1/12/2025;31/12/2026;C25;3;7/3/2026;1;2;22;-299;0;0;0;0;0;03 Cert Mensual;En curso - Total recepcionado;;C25
00374 TERMINAL PUNTA COLORADA;1000077677;20;ZPAN;03- Transp Las Gruta;;0;;;;DSUAREZ;1013113;COLECTIVO 44 PAX - N° 2 x VIAJE;315;315;315;0;0;5000175392;3/6/2026;Servicios;CUMPLIDO;LAS GRUTAS S A;MR01;31/12/2026;13/11/2025;10135863;20;1;13/11/2025;14/11/2025;C25;4500114323;20;374;1;MPITTIA;1/12/2025;31/12/2026;C25;4;3/6/2026;1;2;22;-211;0;0;0;0;0;03 Cert Mensual;En curso - Total recepcionado;;C25
00374 TERMINAL PUNTA COLORADA;1000077677;30;ZPAN;03- Transp Las Gruta;;0;;;;DSUAREZ;1013113;COLECTIVO 44 PAX - N° 3 x VIAJE;315;189;315;0;126;5000179246;3/7/2026;Servicios;CUMPLIDO PARCIAL;LAS GRUTAS S A;MR01;31/12/2026;13/11/2025;10135863;30;1;13/11/2025;14/11/2025;C25;4500114323;30;374;1;MPITTIA;1/12/2025;31/12/2026;C25;2;3/7/2026;1;2;22;-181;0;0;0;0;0;03 Cert Mensual;En curso;Verde;C25
00374 TERMINAL PUNTA COLORADA;1000077677;40;ZPAN;03- Transp Las Gruta;;0;;;;DSUAREZ;1013113;COLECTIVO 44 PAX - N° 4 LINEA;315;315;315;0;0;5000179246;3/7/2026;Servicios;CUMPLIDO;LAS GRUTAS S A;MR01;31/12/2026;13/11/2025;10135863;40;1;13/11/2025;14/11/2025;C25;4500114323;40;374;1;MPITTIA;1/12/2025;31/12/2026;C25;5;3/7/2026;1;2;22;-181;0;0;0;0;0;03 Cert Mensual;En curso - Total recepcionado;;C25
00374 TERMINAL PUNTA COLORADA;1000077677;50;ZPAN;03- Transp Las Gruta;;0;;;;DSUAREZ;1013113;COLECTIVO 44 PAX - N° 5 LINEA;315;9;315;0;306;5000179246;3/7/2026;Servicios;CUMPLIDO PARCIAL;LAS GRUTAS S A;MR01;31/12/2026;13/11/2025;10135863;50;1;13/11/2025;14/11/2025;C25;4500114323;50;374;1;MPITTIA;1/12/2025;31/12/2026;C25;1;3/7/2026;1;2;22;-181;0;0;0;0;0;03 Cert Mensual;En curso;Verde;C25
00374 TERMINAL PUNTA COLORADA;1000077679;10;ZPAN;03 - Agua Bidon Noal;;0;;;;DSUAREZ;1025992;ALQUILER DISPENSER FRIO CALOR x MES;72;48;72;0;24;5000179010;2/7/2026;Servicios;CUMPLIDO PARCIAL;NOALE CLAUDIA ELISABETH VIVIANA;MR01;31/12/2026;13/11/2025;10135865;10;1;13/11/2025;14/11/2025;C25;4500114127;10;374;1;MPITTIA;28/11/2025;3/12/2026;C25;8;2/7/2026;1;12;-392;211;0;0;0;0;0;03 Cert Mensual;En curso;Verde;C25
00374 TERMINAL PUNTA COLORADA;1000077679;20;ZPAN;03 - Agua Bidon Noal;;0;;;;DSUAREZ;1022295;BIDON DE AGUA X 20LTS;3500;1990;3500;0;1510;5000179010;2/7/2026;Servicios;CUMPLIDO PARCIAL;NOALE CLAUDIA ELISABETH VIVIANA;MR01;31/12/2026;13/11/2025;10135865;20;1;13/11/2025;14/11/2025;C25;4500114127;20;374;1;MPITTIA;28/11/2025;3/12/2026;C25;8;2/7/2026;1;12;-392;211;0;0;0;0;0;03 Cert Mensual;En curso;Verde;C25
00374 TERMINAL PUNTA COLORADA;1000077683;10;ZPAN;03 - Agua Bidon Paz;;0;;;;DSUAREZ;1025992;ALQUILER DISPENSER FRIO CALOR x MES;144;84;144;0;60;5000179012;2/7/2026;Servicios;CUMPLIDO PARCIAL;PAZ PABLO FABIAN;MR01;31/12/2026;13/11/2025;10135870;10;1;13/11/2025;14/11/2025;C25;4500115290;10;374;1;MPITTIA;12/12/2025;31/12/2026;C25;7;2/7/2026;1;0;22;-182;0;0;0;0;0;03 Cert Mensual;En curso;Verde;C25
00374 TERMINAL PUNTA COLORADA;1000077683;20;ZPAN;03 - Agua Bidon Paz;;0;;;;DSUAREZ;1022295;BIDON DE AGUA X 20LTS;5500;3834;5500;0;1666;5000179012;2/7/2026;Servicios;CUMPLIDO PARCIAL;PAZ PABLO FABIAN;MR01;31/12/2026;13/11/2025;10135870;20;1;13/11/2025;14/11/2025;C25;4500115290;20;374;1;MPITTIA;12/12/2025;31/12/2026;C25;7;2/7/2026;1;0;22;-182;0;0;0;0;0;03 Cert Mensual;En curso;Verde;C25
00374 TERMINAL PUNTA COLORADA;1000077704;10;ZPAN;03-Transporte Forane;;0;;;;DSUAREZ;1022295;TRANSPORTE PASAJEROS FORANEO 19PAX x MES;12;3;12;0;9;5000164540;7/3/2026;Servicios;CUMPLIDO PARCIAL;PAZ DIEGO ADRIAN;MR01;31/12/2026;13/11/2025;10135903;10;1;13/11/2025;14/11/2025;C25;4500114906;10;374;1;MPITTIA;9/12/2025;31/12/2026;C25;5;7/3/2026;1;3;1;-299;0;0;0;0;0;03 Cert Mensual;En curso;Rojo;C25
00374 TERMINAL PUNTA COLORADA;1000077705;10;ZPAN;03-Control de Plagas;;0;;;;DSUAREZ;1013139;PLAN COMPLETO CONTROL DE PLAGAS X MES;12;6;12;0;6;5000178901;1/7/2026;Servicios;CUMPLIDO PARCIAL;MOLINA SOTO MATIAS FABIAN;MR01;31/12/2026;13/11/2025;10135904;10;1;13/11/2025;14/11/2025;C25;4500115871;10;374;1;MPITTIA;21/12/2025;31/12/2026;C25;6;1/7/2026;1;5;-364;182;0;0;0;0;0;03 Cert Mensual;En curso;Verde;C25
00374 TERMINAL PUNTA COLORADA;1000077950;10;ZPAN;03 - EXTENSION OC 45;;0;;;;MREYNA;1036581;SERVICIO ALQ. GARITA DE SEG PUNTA2 XMES;6;6;6;0;0;5000177585;20/6/2026;Servicios;CUMPLIDO;ECOPORTATILES SA;MR01;5/12/2026;17/11/2025;10136111;10;1;17/11/2025;28/11/2025;C03;4500114265;10;374;1;EFUNES;1/12/2025;30/7/2026;C03;6;20/6/2026;11;1;-166;20;0;0;0;0;0;03 Cert Mensual;En curso - Total recepcionado;;C03
00374 TERMINAL PUNTA COLORADA;1000077950;20;ZPAN;03 - EXTENSION OC 45;;0;;;;MREYNA;1036581;AIRE ACONDICIONADO PARA GARITA X MES;6;6;6;0;0;5000177585;20/6/2026;Servicios;CUMPLIDO;ECOPORTATILES SA;MR01;5/12/2026;17/11/2025;10136111;20;1;17/11/2025;28/11/2025;C03;4500114265;20;374;1;EFUNES;1/12/2025;30/7/2026;C03;6;20/6/2026;11;1;-166;20;0;0;0;0;0;03 Cert Mensual;En curso - Total recepcionado;;C03
00374 TERMINAL PUNTA COLORADA;1000077950;30;ZPAN;03 - EXTENSION OC 45;;0;;;;MREYNA;1036581;SERVICIO ALQ. GARITA DE SEG POZO X MES;6;6;6;0;0;5000177585;20/6/2026;Servicios;CUMPLIDO;ECOPORTATILES SA;MR01;5/12/2026;17/11/2025;10136111;30;1;17/11/2025;28/11/2025;C03;4500114265;30;374;1;EFUNES;1/12/2025;30/7/2026;C03;6;20/6/2026;11;1;-166;20;0;0;0;0;0;03 Cert Mensual;En curso - Total recepcionado;;C03
00374 TERMINAL PUNTA COLORADA;1000077950;40;ZPAN;03 - EXTENSION OC 45;;0;;;;MREYNA;1036581;SERVICIO ALQ. GARITA DE SEG SIERRA X MES;6;6;6;0;0;5000177585;20/6/2026;Servicios;CUMPLIDO;ECOPORTATILES SA;MR01;5/12/2026;17/11/2025;10136111;40;1;17/11/2025;28/11/2025;C03;4500114265;40;374;1;EFUNES;1/12/2025;30/7/2026;C03;6;20/6/2026;11;1;-166;20;0;0;0;0;0;03 Cert Mensual;En curso - Total recepcionado;;C03
00374 TERMINAL PUNTA COLORADA;1000077950;50;ZPAN;03 - EXTENSION OC 45;;0;;;;MREYNA;1036581;SERVICIO ALQ. GARITA DE SEG PUNTA X MES;6;6;6;0;0;5000177585;20/6/2026;Servicios;CUMPLIDO;ECOPORTATILES SA;MR01;5/12/2026;17/11/2025;10136111;50;1;17/11/2025;28/11/2025;C03;4500114265;50;374;1;EFUNES;1/12/2025;30/7/2026;C03;6;20/6/2026;11;1;-166;20;0;0;0;0;0;03 Cert Mensual;En curso - Total recepcionado;;C03
00374 TERMINAL PUNTA COLORADA;1000077962;10;ZPAN;03 - RSU DADAM;;0;;;;DSUAREZ;1035384;ALQ Y RETIRO DE RSU - OBRA A PMY;29;29;29;0;0;5000168081;7/4/2026;Servicios;CUMPLIDO;DADAM HNOS S.R.L;MR01;30/12/2026;17/11/2025;10136131;10;1;17/11/2025;2/6/2026;C25;4500116730;10;374;1;MPITTIA;6/1/2026;30/12/2026;C25;3;7/4/2026;197;3;22;-267;0;0;0;0;0;03 Cert Mensual;En curso - Total recepcionado;;C25
00374 TERMINAL PUNTA COLORADA;1000077962;20;ZPAN;03 - RSU DADAM;;0;;;;DSUAREZ;1035384;RESIDUOS RSU X TN;13,9;13,9;13,9;0;0;5000168081;7/4/2026;Servicios;CUMPLIDO;DADAM HNOS S.R.L;MR01;30/12/2026;17/11/2025;10136131;20;1;17/11/2025;2/6/2026;C25;4500116730;20;374;1;MPITTIA;6/1/2026;30/12/2026;C25;3;7/4/2026;197;3;22;-267;0;0;0;0;0;03 Cert Mensual;En curso - Total recepcionado;;C25
00374 TERMINAL PUNTA COLORADA;1000078012;10;ZPAN;03 - Trat Residuos P;;0;;;;DSUAREZ;1036090;FLETE TTE CAMION CISTERNA RES PELIG;6;0;6;0;6;;;Servicios;ADJUDICADO;SOLUCIONES AMBIENTALES PATAGONIA;MR01;31/12/2026;18/11/2025;10136216;10;1;18/11/2025;19/11/2025;C25;4500114988;10;374;1;MPITTIA;10/12/2025;31/12/2026;C25;0;;1;2;1;0;0;0;0;0;0;03 Cert Mensual;En curso;;C25
00374 TERMINAL PUNTA COLORADA;1000078012;20;ZPAN;03 - Trat Residuos P;;0;;;;DSUAREZ;1036089;FLETE TTE CAMION RES PELIGROSOS SEDE;6;5;6;0;1;5000175355;2/6/2026;Servicios;CUMPLIDO PARCIAL;SOLUCIONES AMBIENTALES PATAGONIA;MR01;31/12/2026;18/11/2025;10136216;20;1;18/11/2025;19/11/2025;C25;4500114988;20;374;1;MPITTIA;10/12/2025;31/12/2026;C25;4;2/6/2026;1;2;1;-212;0;0;0;0;0;03 Cert Mensual;En curso;Rojo;C25
00374 TERMINAL PUNTA COLORADA;1000078012;30;ZPAN;03 - Trat Residuos P;;0;;;;DSUAREZ;1036084;TRAT RESIDUOS PELIGROSOS Y5;25;12,47;25;0;12,53;5000171909;6/5/2026;Servicios;CUMPLIDO PARCIAL;SOLUCIONES AMBIENTALES PATAGONIA;MR01;31/12/2026;18/11/2025;10136216;30;1;18/11/2025;19/11/2025;C25;4500114988;30;374;1;MPITTIA;10/12/2025;31/12/2026;C25;3;6/5/2026;1;2;1;-239;0;0;0;0;0;03 Cert Mensual;En curso;Rojo;C25
00374 TERMINAL PUNTA COLORADA;1000078012;40;ZPAN;03 - Trat Residuos P;;0;;;;DSUAREZ;1042559;TRAT. DE RESIDUOS PELIGROSOS Y15 (TON);25;12,49;25;0;12,51;5000175355;2/6/2026;Servicios;CUMPLIDO PARCIAL;SOLUCIONES AMBIENTALES PATAGONIA;MR01;31/12/2026;18/11/2025;10136216;40;1;18/11/2025;19/11/2025;C25;4500114988;40;374;1;MPITTIA;10/12/2025;31/12/2026;C25;4;2/6/2026;1;2;1;-212;0;0;0;0;0;03 Cert Mensual;En curso;Rojo;C25
00374 TERMINAL PUNTA COLORADA;1000078012;50;ZPAN;03 - Trat Residuos P;;0;;;;DSUAREZ;1036085;TRAT Y DISP FINAL RES PELIGROSOS Y44;2;0;2;0;2;;;Servicios;ADJUDICADO;SOLUCIONES AMBIENTALES PATAGONIA;MR01;31/12/2026;18/11/2025;10136216;50;1;18/11/2025;19/11/2025;C25;4500114988;50;374;1;MPITTIA;10/12/2025;31/12/2026;C25;0;;1;2;1;0;0;0;0;0;0;03 Cert Mensual;En curso;;C25
00374 TERMINAL PUNTA COLORADA;1000078012;60;ZPAN;03 - Trat Residuos P;;0;;;;DSUAREZ;1036088;ALQ CONTENEDOR PARA RES PELIGROSOS;48;20;48;0;28;5000171909;6/5/2026;Servicios;CUMPLIDO PARCIAL;SOLUCIONES AMBIENTALES PATAGONIA;MR01;31/12/2026;18/11/2025;10136216;60;1;18/11/2025;19/11/2025;C25;4500114988;60;374;1;MPITTIA;10/12/2025;31/12/2026;C25;3;6/5/2026;1;2;1;-239;0;0;0;0;0;03 Cert Mensual;En curso;Rojo;C25
00374 TERMINAL PUNTA COLORADA;1000078020;10;ZPAN;03-Viandas Punta Nor;;0;;;;DSUAREZ;1013116;VIANDA ALMUERZO LINEA CALIENTE XUN;112000;63713;112000;0;48287;5000179229;3/7/2026;Servicios;CUMPLIDO PARCIAL;PUNTA NORTE S.R.L.;MR01;31/12/2026;18/11/2025;10136224;10;1;18/11/2025;19/11/2025;C25;4500115636;10;374;1;MPITTIA;17/12/2025;31/12/2026;C25;12;3/7/2026;1;22;1;-181;0;0;0;0;0;03 Cert Mensual;En curso;Verde;C25
00377-YPF 3° loop;1000078526;10;ZPAN;SUBC INGENIERIA INSA;;0;;;;AFORTUNA;1013007;SUBC. DE INGENIERIA;1;1;1;0;0;5000171455;4/5/2026;Servicios;CUMPLIDO;VALENZUELA YULIANA EDITH;MR01;20/10/2026;27/11/2025;10136934;10;1;27/11/2025;28/11/2025;C26;4500114224;10;377;1;AGONZALEZ;29/11/2025;20/10/2026;C26;7;4/5/2026;1;10;1;-169;0;0;0;0;0;Sin aclaración;En curso - Total recepcionado;;C26
00374 TERMINAL PUNTA COLORADA;1000078822;10;ZPAN;03 - SERV DE INTERNE;;0;;;;JIBANEZ;1025931;SERV. INTERNET X MES -  1TB - BASE SG;12;1;12;0;11;5000158693;16/1/2026;Servicios;CUMPLIDO PARCIAL;TELEFONICA MOVILES ARG. S.A. (MOVIS;MR01;30/12/2026;2/12/2025;10137255;10;1;2/12/2025;2/12/2025;C25;4500115860;10;374;1;MPITTIA;20/12/2025;30/12/2026;C25;1;16/1/2026;0;3;1;-348;0;0;0;0;0;03 Cert Mensual;En curso;Rojo;C25
00374 TERMINAL PUNTA COLORADA;1000079292;10;ZPAN;03- 5ta Combi - Tras;;0;;;;DSUAREZ;1022295;COMBI MOVIMIENTOS INTERNOS X MES;12;10;12;0;2;5000179240;3/7/2026;Servicios;CUMPLIDO PARCIAL;TRANSPORTES VA S.R.L.;MR01;31/12/2026;10/12/2025;10137888;10;1;10/12/2025;11/12/2025;C25;4500116042;10;374;1;MPITTIA;23/12/2025;31/12/2026;C25;10;3/7/2026;1;6;1;-181;0;0;0;0;0;03 Cert Mensual;En curso;Verde;C25
00377-YPF 3° loop;1000079423;10;ZPAN;03 TOPOGRAFIA;;20;;;;RTELLO;1042362;RELEVAMIENTO PREVIO A OBRA;1;1;1;0;0;5000168287;9/4/2026;Servicios;CUMPLIDO;INGEAP S.A.S.;MR01;31/8/2026;12/12/2025;10138077;10;1;12/12/2025;12/12/2025;C26;4500115502;10;377;1;AGONZALEZ;16/12/2025;31/8/2026;C26;1;9/4/2026;0;6;1;-144;0;0;0;0;0;03 Cert Mensual;En curso - Total recepcionado;;C26
00377-YPF 3° loop;1000079423;20;ZPAN;03 TOPOGRAFIA;;20;;;;RTELLO;1027430;SERVICIO DE TOPOGRAFIA x MES;8;5,677;8;0;2,323;5000179631;7/7/2026;Servicios;CUMPLIDO PARCIAL;INGEAP S.A.S.;MR01;31/8/2026;12/12/2025;10138077;20;1;12/12/2025;12/12/2025;C26;4500115502;20;377;1;AGONZALEZ;16/12/2025;31/8/2026;C26;8;7/7/2026;0;6;1;-55;0;0;0;0;0;03 Cert Mensual;En curso;Verde;C26
00377-YPF 3° loop;1000079423;30;ZPAN;03 TOPOGRAFIA;;0;;;;RTELLO;1042362;SUBC ALQ EQ GPS GNSS;7;5;7;0;2;5000179633;7/7/2026;Servicios;CUMPLIDO PARCIAL;INGEAP S.A.S.;MR01;31/8/2026;12/12/2025;10138077;30;1;10/3/2026;26/3/2026;C26;4500123706;10;377;1;YCOLMAN;30/3/2026;31/8/2026;C26;4;7/7/2026;16;0;1;-55;0;0;0;0;0;03 Cert Mensual;En curso;Verde;C26
00374 TERMINAL PUNTA COLORADA;1000079441;10;ZPAN;03 - EXT OC 45001005;;0;;;;MREYNA;1033267;Alquiler Rodillo Liso Vibratorio;6;5;6;0;1;5000175743;4/6/2026;Servicios;CUMPLIDO PARCIAL;ALL SERVICE SRL;MR01;30/7/2026;12/12/2025;10138108;10;1;12/12/2025;12/12/2025;C04;4500116178;10;374;1;WVENTURINI;26/12/2025;30/8/2026;C04;5;4/6/2026;0;11;-8;-26;0;0;0;0;0;03 Cert Mensual;En curso - Próximo a vencer;Rojo;C04
00377-YPF 3° loop;1000079507;10;ZPAN;SS INTERNET;;0;;;;AFORTUNA;1025931;SERVICIO DE INTERNET X MES OBRADOR;5;5;5;0;0;5000169186;15/4/2026;Servicios;CUMPLIDO;JAWIT S.A.;MR01;31/8/2026;12/12/2025;10138162;10;1;12/12/2025;12/12/2025;C25;4500115537;10;377;1;MPITTIA;16/12/2025;31/8/2026;C25;7;15/4/2026;0;1;1;-138;0;0;0;0;0;Sin aclaración;En curso - Total recepcionado;;C25
00374 TERMINAL PUNTA COLORADA;1000079621;10;ZPAN;POLIZA DE TANQUE;;0;;;;NLAFORNARO;1012967;poliza de tanque 449421 endoso 2;1;1;1;0;0;5000156814;29/12/2025;Servicios;CUMPLIDO;FEDERACION PATRONAL SEG. S.A.;MR01;31/1/2027;15/12/2025;10138320;10;1;15/12/2025;16/12/2025;C16;4500116275;10;374;1;JESPARZA;29/12/2025;31/1/2027;C16;1;29/12/2025;1;0;22;-398;0;0;0;0;0;Sin aclaración;En curso - Total recepcionado;;C16
00374 TERMINAL PUNTA COLORADA;1000079638;10;ZPAN;04 - Rayos X Bisotto;;0;;;;DSUAREZ;1022295;SERVICIO RAYOS X BISOTTO;30;0;30;0;30;;;Servicios;ADJUDICADO;LABORATORIO  ANA BISOTTO;MR01;30/12/2026;15/12/2025;10138347;10;1;15/12/2025;16/12/2025;C25;4500117381;10;374;1;MPITTIA;14/1/2026;30/12/2026;C25;0;;1;0;22;0;0;0;0;0;0;04 Cert a Demanda;En curso;;C25
00374 TERMINAL PUNTA COLORADA;1000079656;10;ZPAN;03 - Medio Ambiente;;0;;;;DSUAREZ;1025973;SS HIG. SEG. Y MEDIO AMB. XMES;12;4;12;0;8;5000179810;8/7/2026;Servicios;CUMPLIDO PARCIAL;CAUQUEN SRL;MR01;31/12/2026;16/12/2025;10138358;10;1;16/12/2025;16/12/2025;C25;4500116734;10;374;1;MPITTIA;6/1/2026;31/12/2026;C25;4;8/7/2026;0;0;1;-176;0;0;0;0;0;03 Cert Mensual;En curso;Verde;C25
00374 TERMINAL PUNTA COLORADA;1000079659;10;ZPAN;03 - EXTENSION OC 45;;0;;;;MREYNA;1035542;ALQUILER 4 RAMPAS LAYHER X MES;6;6;6;0;0;5000177807;23/6/2026;Servicios;CUMPLIDO;ROXANA ZANFAGNINI S.R.L.;MR01;7/8/2026;16/12/2025;10138362;10;1;16/12/2025;16/12/2025;C26;4500115809;10;374;1;ALOPEZ;19/12/2025;30/6/2026;C26;4;23/6/2026;0;1;-37;-7;0;0;0;0;0;03 Cert Mensual;En curso - Próximo a vencer;Verde;C26
00374 TERMINAL PUNTA COLORADA;1000079888;10;ZPAN;03 - Subcontrato ING;;0;;;;DSUAREZ;1042086;SUBC. TOPOGRAFIA PERSONAL EN CAMPO;6;6;6;0;0;5000178916;1/7/2026;Servicios;CUMPLIDO;INGEAP S.A.S.;MR01;12/7/2026;19/12/2025;10138761;10;1;19/12/2025;19/12/2025;C26;4500116112;10;374;1;AGONZALEZ;23/12/2025;11/7/2026;C26;6;1/7/2026;0;16;0;-10;0;0;0;0;0;03 Cert Mensual;En curso - Próximo a vencer;Verde;C26
00374 TERMINAL PUNTA COLORADA;1000079888;20;ZPAN;03 - Subcontrato ING;;0;;;;DSUAREZ;1042086;SUBC. TOPOGRAFIA PERSONAL EN OFICINA TEC;6;6;6;0;0;5000178916;1/7/2026;Servicios;CUMPLIDO;INGEAP S.A.S.;MR01;12/7/2026;19/12/2025;10138761;20;1;19/12/2025;19/12/2025;C26;4500116112;20;374;1;AGONZALEZ;23/12/2025;11/7/2026;C26;6;1/7/2026;0;16;0;-10;0;0;0;0;0;03 Cert Mensual;En curso - Próximo a vencer;Verde;C26
00374 TERMINAL PUNTA COLORADA;1000079957;10;ZPAN;04 - EXTENSION OC 45;;0;;;;MREYNA;1035489;SERVICIO RECARGA TUBO GAS 45 KG;40;40;40;0;0;5000177583;20/6/2026;Servicios;CUMPLIDO;AIRALDE VICTOR NICOLAS;MR01;13/10/2026;22/12/2025;10138842;10;1;22/12/2025;22/12/2025;C25;4500117294;10;374;1;MPITTIA;13/1/2026;30/6/2026;C25;12;20/6/2026;0;0;-134;20;0;0;0;0;0;04 Cert a Demanda;En curso - Total recepcionado;;C25
00374 TERMINAL PUNTA COLORADA;1000079957;20;ZPAN;04 - EXTENSION OC 45;;0;;;;MREYNA;1035491;SERVICIO RECARGA TUBO GAS 10 KG;10;10;10;0;0;5000173781;20/5/2026;Servicios;CUMPLIDO;AIRALDE VICTOR NICOLAS;MR01;13/10/2026;22/12/2025;10138842;20;1;22/12/2025;22/12/2025;C25;4500117294;20;374;1;MPITTIA;13/1/2026;30/6/2026;C25;6;20/5/2026;0;0;-134;-11;0;0;0;0;0;04 Cert a Demanda;En curso - Total recepcionado;;C25
00377-YPF 3° loop;1000079982;10;ZPAN;MODULOS BAÑOS;;0;;;;ASABATINO;1047100;ALQUILER DE MODULO BAÑO 6MT X MES;8;5,834;8;0;2,166;5000179571;6/7/2026;Servicios;CUMPLIDO PARCIAL;JORGE ALBERTO SOTO S.A.S.;MR01;31/8/2026;22/12/2025;10138861;10;1;22/12/2025;22/12/2025;C04;4500116386;10;377;1;WVENTURINI;30/12/2025;31/8/2026;C04;7;6/7/2026;0;0;1;-56;0;0;0;0;0;Sin aclaración;En curso;;C04
00377-YPF 3° loop;1000079982;20;ZPAN;MODULOS BAÑOS;;0;;;;ASABATINO;1048521;SERV. ALQ. CAMION CISTERNA AGUA 5000LT;8;5,935;8;0;2,065;5000179571;6/7/2026;Servicios;CUMPLIDO PARCIAL;JORGE ALBERTO SOTO S.A.S.;MR01;31/8/2026;22/12/2025;10138861;20;1;22/12/2025;22/12/2025;C04;4500116386;20;377;1;WVENTURINI;30/12/2025;31/8/2026;C04;7;6/7/2026;0;0;1;-56;0;0;0;0;0;Sin aclaración;En curso;;C04
00377-YPF 3° loop;1000079982;30;ZPAN;MODULOS BAÑOS;;0;;;;ASABATINO;1048522;SERV. ALQ. UNID. PLANTA TRAT. EFLUENTES;8;5,794;8;0;2,206;5000179571;6/7/2026;Servicios;CUMPLIDO PARCIAL;JORGE ALBERTO SOTO S.A.S.;MR01;31/8/2026;22/12/2025;10138861;30;1;22/12/2025;22/12/2025;C04;4500116386;30;377;1;WVENTURINI;30/12/2025;31/8/2026;C04;7;6/7/2026;0;0;1;-56;0;0;0;0;0;Sin aclaración;En curso;;C04
00377-YPF 3° loop;1000080012;40;ZPAN;03 SERV BAÑO QUIMICO;;0;;;;RTELLO;1022295;FLETE RETIRO BAÑO QUIM EN VEHI PESADO;1;0;1;0;1;;;Servicios;ADJUDICADO;DASH SRL;MR01;31/8/2026;22/12/2025;10138874;40;1;22/12/2025;22/12/2025;C25;4500116102;40;377;1;MPITTIA;23/12/2025;31/8/2026;C25;0;;0;3;-206;0;0;0;0;0;0;03 Cert Mensual;En curso;;C25
00377-YPF 3° loop;1000080149;10;ZPAN;ALQ IMPRESORAS;;0;;;;RTELLO;1026315;ALQ IMP RICOH IM C2000(A3/A4) COLOR XMES;2,5;2,5;2,5;0;0;5000172808;8/4/2026;Servicios;CUMPLIDO;PRINTER SRL;MR01;31/8/2026;26/12/2025;10139100;10;1;26/12/2025;2/6/2026;C25;4500116345;10;377;1;MPITTIA;30/12/2025;31/8/2026;C25;9;8/4/2026;158;3;1;-145;0;0;0;0;0;Sin aclaración;En curso - Total recepcionado;;C25
00377-YPF 3° loop;1000080149;20;ZPAN;ALQ IMPRESORAS;;0;;;;RTELLO;1026315;ALQ IMP RICOH IM C2000(A3/A4) BYN XMES;3,5;3,5;3,5;0;0;5000172810;13/5/2026;Servicios;CUMPLIDO;PRINTER SRL;MR01;31/8/2026;26/12/2025;10139100;20;1;26/12/2025;2/6/2026;C25;4500116345;20;377;1;MPITTIA;30/12/2025;31/8/2026;C25;8;13/5/2026;158;3;1;-110;0;0;0;0;0;Sin aclaración;En curso - Total recepcionado;;C25
00377-YPF 3° loop;1000080149;30;ZPAN;ALQ IMPRESORAS;;0;;;;RTELLO;1026136;ALQ IMPRESORA MULTIF BYN A4 X MES;3,5;3,5;3,5;0;0;5000172810;13/5/2026;Servicios;CUMPLIDO;PRINTER SRL;MR01;31/8/2026;26/12/2025;10139100;30;1;26/12/2025;2/6/2026;C25;4500116345;30;377;1;MPITTIA;30/12/2025;31/8/2026;C25;4;13/5/2026;158;3;1;-110;0;0;0;0;0;Sin aclaración;En curso - Total recepcionado;;C25
00377-YPF 3° loop;1000080149;40;ZPAN;ALQ IMPRESORAS;;0;;;;RTELLO;1026137;ALQ IMPRESORA MULTIF COLOR A4 X MES;1,5;1,5;1,5;0;0;5000164375;6/3/2026;Servicios;CUMPLIDO;PRINTER SRL;MR01;31/8/2026;26/12/2025;10139100;40;1;26/12/2025;2/6/2026;C25;4500116345;40;377;1;MPITTIA;30/12/2025;31/8/2026;C25;6;6/3/2026;158;3;1;-178;0;0;0;0;0;Sin aclaración;En curso - Total recepcionado;;C25
00377-YPF 3° loop;1000080166;10;ZPAN;03 SERV MEDICO - AMB;;0;;;;ASABATINO;1048518;SS AMBULANCIA ALTA COMPLEJIDAD XMES;1,33;1,33;1,33;0;0;5000164042;4/3/2026;Servicios;CUMPLIDO;SERVICIOS MEDICOS EN OBRAS SRL;MR01;31/8/2026;29/12/2025;10139112;30;1;6/1/2026;16/6/2026;C25;4500117646;20;377;2;MPITTIA;16/1/2026;31/8/2026;C25;2;4/3/2026;161;3;1;-180;0;0;0;0;0;03 Cert Mensual;En curso - Total recepcionado;;C25
00377-YPF 3° loop;1000080166;20;ZPAN;03 SERV MEDICO - AMB;;0;;;;ASABATINO;1048518;TRAILER CON EQUIPAMIENTO;0,991;0,991;0,991;0;0;5000164042;4/3/2026;Servicios;CUMPLIDO;SERVICIOS MEDICOS EN OBRAS SRL;MR01;31/8/2026;29/12/2025;10139112;20;1;29/12/2025;16/6/2026;C25;4500117646;10;377;2;MPITTIA;16/1/2026;31/8/2026;C25;2;4/3/2026;169;3;1;-180;0;0;0;0;0;03 Cert Mensual;En curso - Total recepcionado;;C25
00377-YPF 3° loop;1000080170;10;ZPAN;02 SERV VIANDAS;;0;;;;ASABATINO;1013121;VIANDA ALMUERZO XUN;15000;15000;15000;0;0;5000179541;6/7/2026;Servicios;CUMPLIDO;MAXIMIA S.A.;MR01;31/8/2026;29/12/2025;10139116;10;1;29/12/2025;29/12/2025;C25;4500117143;10;377;1;MPITTIA;12/1/2026;31/8/2026;C25;11;6/7/2026;0;1;1;-56;0;0;0;0;0;02 Cert Quincenal;En curso - Total recepcionado;;C25
00377-YPF 3° loop;1000080240;10;ZPAN;04 SUBC MO FO;;0;;;;RTELLO;1042362;SUBCONTRATO MO FO;1;0,323;1;0;0,677;5000174491;27/5/2026;Servicios;CUMPLIDO PARCIAL;OXBEEL S.R.L;MR01;31/8/2026;30/12/2025;10139323;10;1;30/12/2025;12/1/2026;C26;4500117312;10;377;1;AGONZALEZ;13/1/2026;31/8/2026;C26;1;27/5/2026;13;6;1;-96;0;0;0;0;0;04 Cert a Demanda;En curso;;C26
00377-YPF 3° loop;1000080444;10;ZPAN;03 TRANSPORTE PERSON;;0;;;;ASABATINO;1048595;COMBI X 19 PAX LINEA;8;4,67;8;0;3,33;5000179539;6/7/2026;Servicios;CUMPLIDO PARCIAL;CUATRODEC SERVICIOS S.A.;MR01;30/9/2026;6/1/2026;10139618;10;1;6/1/2026;12/1/2026;C25;4500117387;10;377;1;MPITTIA;14/1/2026;30/9/2026;C25;5;6/7/2026;6;2;1;-86;0;0;0;0;0;03 Cert Mensual;En curso;Verde;C25
00377-YPF 3° loop;1000080444;20;ZPAN;03 TRANSPORTE PERSON;;0;;;;ASABATINO;1048595;COMBI X 19 PAX LINEA;8;4,67;8;0;3,33;5000179539;6/7/2026;Servicios;CUMPLIDO PARCIAL;CUATRODEC SERVICIOS S.A.;MR01;30/9/2026;6/1/2026;10139618;20;1;6/1/2026;12/1/2026;C25;4500117387;20;377;1;MPITTIA;14/1/2026;30/9/2026;C25;5;6/7/2026;6;2;1;-86;0;0;0;0;0;03 Cert Mensual;En curso;Verde;C25
00377-YPF 3° loop;1000080444;30;ZPAN;03 TRANSPORTE PERSON;;0;;;;ASABATINO;1048595;COMBI X 19 PAX LINEA;8;4,67;8;0;3,33;5000179539;6/7/2026;Servicios;CUMPLIDO PARCIAL;CUATRODEC SERVICIOS S.A.;MR01;30/9/2026;6/1/2026;10139618;30;1;6/1/2026;12/1/2026;C25;4500117387;30;377;1;MPITTIA;14/1/2026;30/9/2026;C25;5;6/7/2026;6;2;1;-86;0;0;0;0;0;03 Cert Mensual;En curso;Verde;C25
00377-YPF 3° loop;1000080444;40;ZPAN;03 TRANSPORTE PERSON;;0;;;;ASABATINO;1048595;COMBI X 19 PAX LINEA;8;3,5;8;0;4,5;5000179539;6/7/2026;Servicios;CUMPLIDO PARCIAL;CUATRODEC SERVICIOS S.A.;MR01;30/9/2026;6/1/2026;10139618;40;1;6/1/2026;12/1/2026;C25;4500117387;40;377;1;MPITTIA;14/1/2026;30/9/2026;C25;4;6/7/2026;6;2;1;-86;0;0;0;0;0;03 Cert Mensual;En curso;Verde;C25
00377-YPF 3° loop;1000080444;50;ZPAN;03 TRANSPORTE PERSON;;0;;;;ASABATINO;1048595;COMBI X 19 PAX LINEA;6;3,5;6;0;2,5;5000179539;6/7/2026;Servicios;CUMPLIDO PARCIAL;CUATRODEC SERVICIOS S.A.;MR01;30/9/2026;6/1/2026;10139618;80;1;11/1/2026;12/1/2026;C25;4500117387;50;377;1;MPITTIA;14/1/2026;30/9/2026;C25;4;6/7/2026;1;2;1;-86;0;0;0;0;0;03 Cert Mensual;En curso;Verde;C25
00377-YPF 3° loop;1000080444;60;ZPAN;03 TRANSPORTE PERSON;;0;;;;ASABATINO;1048595;COMBI X 19 PAX LINEA;6;3;6;0;3;5000179539;6/7/2026;Servicios;CUMPLIDO PARCIAL;CUATRODEC SERVICIOS S.A.;MR01;30/9/2026;6/1/2026;10139618;90;1;11/1/2026;12/1/2026;C25;4500117387;60;377;1;MPITTIA;14/1/2026;30/9/2026;C25;3;6/7/2026;1;2;1;-86;0;0;0;0;0;03 Cert Mensual;En curso;Verde;C25
00377-YPF 3° loop;1000080444;70;ZPAN;03 TRANSPORTE PERSON;;0;;;;ASABATINO;1048595;COMBI X 19 PAX;8;5,56;8;0;2,44;5000179539;6/7/2026;Servicios;CUMPLIDO PARCIAL;CUATRODEC SERVICIOS S.A.;MR01;30/9/2026;6/1/2026;10139618;100;1;11/1/2026;12/1/2026;C25;4500117387;70;377;1;MPITTIA;14/1/2026;30/9/2026;C25;7;6/7/2026;1;2;1;-86;0;0;0;0;0;03 Cert Mensual;En curso;Verde;C25
00377-YPF 3° loop;1000080444;80;ZPAN;03 TRANSPORTE PERSON;;0;;;;ASABATINO;1048595;COMBI X 19 PAX;8;4,86;8;0;3,14;5000179539;6/7/2026;Servicios;CUMPLIDO PARCIAL;CUATRODEC SERVICIOS S.A.;MR01;30/9/2026;6/1/2026;10139618;110;1;11/1/2026;12/1/2026;C25;4500117387;80;377;1;MPITTIA;14/1/2026;30/9/2026;C25;7;6/7/2026;1;2;1;-86;0;0;0;0;0;03 Cert Mensual;En curso;Verde;C25
00377-YPF 3° loop;1000080444;90;ZPAN;03 TRANSPORTE PERSON;;0;;;;ASABATINO;1022295;KMS EXCEDENTES;4480;0;4480;0;4480;;;Servicios;ADJUDICADO;CUATRODEC SERVICIOS S.A.;MR01;30/9/2026;6/1/2026;10139618;120;1;11/1/2026;12/1/2026;C25;4500117387;90;377;1;MPITTIA;14/1/2026;30/9/2026;C25;0;;1;2;1;0;0;0;0;0;0;03 Cert Mensual;En curso;;C25
00377-YPF 3° loop;1000080444;100;ZPAN;03 TRANSPORTE PERSON;;0;;;;ASABATINO;1022295;ADICIONAL FERIADO/DOMINGO;28;28;28;0;0;5000179539;6/7/2026;Servicios;CUMPLIDO;CUATRODEC SERVICIOS S.A.;MR01;30/9/2026;6/1/2026;10139618;130;1;11/1/2026;12/1/2026;C25;4500117387;100;377;1;MPITTIA;14/1/2026;30/9/2026;C25;3;6/7/2026;1;2;1;-86;0;0;0;0;0;03 Cert Mensual;En curso - Total recepcionado;;C25
00377-YPF 3° loop;1000080444;110;ZPAN;03 TRANSPORTE PERSON;;0;;;;ASABATINO;1048595;COMBI X 19 PAX;4;3,16;4;0;0,84;5000175250;2/6/2026;Servicios;CUMPLIDO PARCIAL;CUATRODEC SERVICIOS S.A.;MR01;30/9/2026;6/1/2026;10139618;140;1;12/1/2026;12/1/2026;C25;4500117387;110;377;1;MPITTIA;14/1/2026;30/9/2026;C25;5;2/6/2026;0;2;1;-120;0;0;0;0;0;03 Cert Mensual;En curso;Rojo;C25
00377-YPF 3° loop;1000080444;120;ZPAN;03 TRANSPORTE PERSON;;0;;;;ASABATINO;1048595;COMBI X 19 PAX;4;1,67;4;0;2,33;5000179539;6/7/2026;Servicios;CUMPLIDO PARCIAL;CUATRODEC SERVICIOS S.A.;MR01;30/9/2026;6/1/2026;10139618;150;1;12/1/2026;12/1/2026;C25;4500117387;120;377;1;MPITTIA;14/1/2026;30/9/2026;C25;2;6/7/2026;0;2;1;-86;0;0;0;0;0;03 Cert Mensual;En curso;Verde;C25
00374 TERMINAL PUNTA COLORADA;1000080470;10;ZPAN;CMD - Cintia Alarcon;;0;;;;DSUAREZ;1022295;CURSO MANEJO DEFENSIVO;6;6;6;0;0;5000161113;5/2/2026;Servicios;CUMPLIDO;BUSTOS MARIA LORENA;MR01;10/10/2026;6/1/2026;10139655;10;1;6/1/2026;6/1/2026;374;4500116759;10;374;1;WDILLMAN;6/1/2026;9/2/2026;374;1;5/2/2026;0;0;-269;23;0;0;0;0;0;Sin aclaración;En curso - Total recepcionado;;374
00377-YPF 3° loop;1000080474;10;ZPAN;03 SERV. PALEONTOLOG;;0;;;;ASABATINO;1035446;SERVICIO MENSUAL DE PALEONTOLOGIA;8;3;8;0;5;5000176085;8/6/2026;Servicios;CUMPLIDO PARCIAL;CARBALLIDO JOSE LUIS;MR01;31/8/2026;6/1/2026;10139662;10;1;6/1/2026;6/1/2026;C26;4500116871;10;377;1;AGONZALEZ;8/1/2026;31/8/2026;C26;3;8/6/2026;0;0;1;-84;0;0;0;0;0;03 Cert Mensual;En curso;Verde;C26
00377-YPF 3° loop;1000080474;20;ZPAN;03 SERV. PALEONTOLOG;;0;;;;ASABATINO;1022295;INFORME INICIAL (ESTUDIO IMPACTO PALEONT;1;1;1;0;0;5000164842;10/3/2026;Servicios;CUMPLIDO;CARBALLIDO JOSE LUIS;MR01;31/8/2026;6/1/2026;10139662;20;1;6/1/2026;6/1/2026;C26;4500116871;20;377;1;AGONZALEZ;8/1/2026;31/8/2026;C26;1;10/3/2026;0;0;1;-174;0;0;0;0;0;03 Cert Mensual;En curso - Total recepcionado;;C26
00377-YPF 3° loop;1000080474;30;ZPAN;03 SERV. PALEONTOLOG;;0;;;;ASABATINO;1022295;INFORME FINAL;1;0;1;0;1;;;Servicios;ADJUDICADO;CARBALLIDO JOSE LUIS;MR01;31/8/2026;6/1/2026;10139662;30;1;6/1/2026;6/1/2026;C26;4500116871;30;377;1;AGONZALEZ;8/1/2026;31/8/2026;C26;0;;0;0;1;0;0;0;0;0;0;03 Cert Mensual;En curso;;C26
00377-YPF 3° loop;1000080591;10;ZPAN;03 SERV AGUA RIEGO -;;0;;;;ASABATINO;1026120;SERV DE PROV DE AGUA NO POTABLE;10000000;6000000;10000000;0;4000000;5000175260;2/6/2026;Servicios;CUMPLIDO PARCIAL;CONSORCIO DE RIEGO CAMPO GRANDE;MR01;31/8/2026;8/1/2026;10139843;10;1;8/1/2026;8/1/2026;C25;4500117978;10;377;1;MPITTIA;20/1/2026;31/8/2026;C25;4;2/6/2026;0;7;1;-90;0;0;0;0;0;03 Cert Mensual;En curso;Rojo;C25
00374 TERMINAL PUNTA COLORADA;1000080632;10;ZPAN;03- Vigilancia Priva;;0;;;;DSUAREZ;1013147;SERV VIGIL OBRADOR SIERRA GRANDE;5760;2869;5760;0;2891;5000178096;25/6/2026;Servicios;CUMPLIDO PARCIAL;ARCE JAIME WALTER;MR01;31/12/2026;8/1/2026;10139903;10;1;8/1/2026;9/1/2026;C25;4500118284;10;374;1;MPITTIA;23/1/2026;31/12/2026;C25;6;25/6/2026;1;7;22;-189;0;0;0;0;0;03 Cert Mensual;En curso;Verde;C25
00374 TERMINAL PUNTA COLORADA;1000080632;20;ZPAN;03- Vigilancia Priva;;0;;;;DSUAREZ;1013147;SERV VIGIL OBRADOR PUNTA COLORADA;5760;2560;5760;0;3200;5000178096;25/6/2026;Servicios;CUMPLIDO PARCIAL;ARCE JAIME WALTER;MR01;31/12/2026;8/1/2026;10139903;30;1;8/1/2026;9/1/2026;C25;4500118284;30;374;1;MPITTIA;23/1/2026;31/12/2026;C25;6;25/6/2026;1;7;22;-189;0;0;0;0;0;03 Cert Mensual;En curso;Verde;C25
00374 TERMINAL PUNTA COLORADA;1000080632;30;ZPAN;03- Vigilancia Priva;;0;;;;DSUAREZ;1013147;SERV VIGIL POZO OLIVARES PUNTA COLORADA;1920;1806;1920;0;114;5000178096;25/6/2026;Servicios;CUMPLIDO PARCIAL;ARCE JAIME WALTER;MR01;31/12/2026;8/1/2026;10139903;20;1;8/1/2026;9/1/2026;C25;4500118284;20;374;1;MPITTIA;23/1/2026;31/12/2026;C25;6;25/6/2026;1;7;22;-189;0;0;0;0;0;03 Cert Mensual;En curso;Verde;C25
00377-YPF 3° loop;1000080756;20;ZPAI;TACOS MADERA;;0;;;;RTELLO;1042942;FLETE CORRALON X VIAJE;9;15;9;0;-6;5000165449;14/3/2026;Servicios;CUMPLIDO;TRANSPORCAM;MR01;1/3/2026;9/1/2026;10140031;20;1;12/1/2026;12/1/2026;C15;4500117823;10;377;1;JPUPULIN;19/1/2026;1/3/2026;C15;5;25/2/2026;0;1;1;-4;17;0;0;0;0;Sin aclaración;Vencido con cant pendiente a recep;;C15
00377-YPF 3° loop;1000080874;10;ZPAN;03 SERV CONS. AMBIEN;;0;;;;RTELLO;1042362;RESPONSABLE MEDIO AMBIENTE X MES;6;3;6;0;3;5000175279;2/6/2026;Servicios;CUMPLIDO PARCIAL;STEP ENERGY S. A. S.;MR01;31/8/2026;12/1/2026;10140142;10;1;12/1/2026;12/1/2026;C25;4500120551;10;377;2;MPITTIA;23/2/2026;31/8/2026;C25;5;2/6/2026;0;1;1;-90;0;0;0;0;0;03 Cert Mensual;En curso;Rojo;C25
00377-YPF 3° loop;1000080875;10;ZPAN;03 SERVICIO RADIOS;;0;;;;ASABATINO;1048594;SERV. DE RADIOS TETRA  X MES (18 TERMI.);176;109;176;0;67;5000175685;4/6/2026;Servicios;CUMPLIDO PARCIAL;INTEPLA SRL;MR01;30/9/2026;12/1/2026;10140144;10;1;12/1/2026;12/1/2026;C25;4500117684;10;377;1;MPITTIA;16/1/2026;30/9/2026;C25;7;4/6/2026;0;0;1;-118;0;0;0;0;0;03 Cert Mensual;En curso;Rojo;C25
00377-YPF 3° loop;1000080875;20;ZPAN;03 SERVICIO RADIOS;;0;;;;ASABATINO;1048591;SERV. DE RADIOS TETRA XMES (1 TERMINAL);8;5;8;0;3;5000175685;4/6/2026;Servicios;CUMPLIDO PARCIAL;INTEPLA SRL;MR01;30/9/2026;12/1/2026;10140144;20;1;12/1/2026;12/1/2026;C25;4500117684;20;377;1;MPITTIA;16/1/2026;30/9/2026;C25;5;4/6/2026;0;0;1;-118;0;0;0;0;0;03 Cert Mensual;En curso;Rojo;C25
00377-YPF 3° loop;1000080875;30;ZPAN;03 SERVICIO RADIOS;;0;;;;ASABATINO;1022295;PROGR./INSTALACION EN CAMIONETAS;15;15;15;0;0;5000160988;4/2/2026;Servicios;CUMPLIDO;INTEPLA SRL;MR01;30/9/2026;12/1/2026;10140144;30;1;12/1/2026;12/1/2026;C25;4500117684;30;377;1;MPITTIA;16/1/2026;30/9/2026;C25;1;4/2/2026;0;0;1;-238;0;0;0;0;0;03 Cert Mensual;En curso - Total recepcionado;;C25
00377-YPF 3° loop;1000080875;40;ZPAN;03 SERVICIO RADIOS;;0;;;;ASABATINO;1022295;PROGR./INSTALACION EN CAMION/MAQ.VIAL;7;1;7;0;6;5000162539;19/2/2026;Servicios;CUMPLIDO PARCIAL;INTEPLA SRL;MR01;30/9/2026;12/1/2026;10140144;40;1;12/1/2026;12/1/2026;C25;4500117684;40;377;1;MPITTIA;16/1/2026;30/9/2026;C25;3;19/2/2026;0;0;1;-223;0;0;0;0;0;03 Cert Mensual;En curso;Rojo;C25
00377-YPF 3° loop;1000080875;50;ZPAN;03 SERVICIO RADIOS;;0;;;;ASABATINO;1022295;PROGR./INSTALACION EQ.TETRA FIJA OBRADOR;1;1;1;0;0;5000160988;4/2/2026;Servicios;CUMPLIDO;INTEPLA SRL;MR01;30/9/2026;12/1/2026;10140144;50;1;12/1/2026;12/1/2026;C25;4500117684;50;377;1;MPITTIA;16/1/2026;30/9/2026;C25;1;4/2/2026;0;0;1;-238;0;0;0;0;0;03 Cert Mensual;En curso - Total recepcionado;;C25
00374 TERMINAL PUNTA COLORADA;1000080916;10;ZPAN;02-Viaticos 21% La A;;0;;;;DSUAREZ;1013024;VIATICOS 21%;200000000;199999999,2;200000000;0;0,84;5000176123;8/6/2026;Servicios;CUMPLIDO PARCIAL;SA IMPORTADORA Y EXP. DE LA PA;MR01;31/12/2026;13/1/2026;10140200;10;1;13/1/2026;13/1/2026;C25;4500117785;10;374;1;MPITTIA;19/1/2026;31/12/2026;C25;12;8/6/2026;0;4;-310;126;0;0;0;0;0;02 Cert Quincenal;En curso;Rojo;C25
00377-YPF 3° loop;1000080931;10;ZPAN;CONT INSPEC YPF;;20;;;;RTELLO;1033267;SERV ALQ CONT x 12 MTS OFICINA S/DETALLE;8;4,617;8;0;3,383;5000179569;6/7/2026;Servicios;CUMPLIDO PARCIAL;JORGE ALBERTO SOTO S.A.S.;MR01;31/8/2026;13/1/2026;10140217;10;1;13/1/2026;13/1/2026;C04;4500117290;10;377;1;WVENTURINI;13/1/2026;31/8/2026;C04;6;6/7/2026;0;0;1;-56;0;0;0;0;0;Sin aclaración;En curso;;C04
00377-YPF 3° loop;1000080931;20;ZPAN;CONT INSPEC YPF;;20;;;;RTELLO;1033267;SERV ALQ CONT x 12 MTS OFI/COMEDOR;8;5,5;8;0;2,5;5000179569;6/7/2026;Servicios;CUMPLIDO PARCIAL;JORGE ALBERTO SOTO S.A.S.;MR01;31/8/2026;13/1/2026;10140217;20;1;13/1/2026;13/1/2026;C04;4500117290;20;377;1;WVENTURINI;13/1/2026;31/8/2026;C04;6;6/7/2026;0;0;1;-56;0;0;0;0;0;Sin aclaración;En curso;;C04
00377-YPF 3° loop;1000080971;20;ZPAN;03 SERV BAÑOS QUIMIC;;0;;;;RTELLO;1013136;SERVICIO LIMPIEZA DESAGOTE BANO QUIMICO;1500;1249;1500;0;251;5000179583;6/7/2026;Servicios;CUMPLIDO PARCIAL;DASH SRL;MR01;31/8/2026;13/1/2026;10140277;20;1;13/1/2026;18/2/2026;C25;4500118762;20;377;1;MPITTIA;29/1/2026;1/7/2026;C25;6;6/7/2026;36;5;1;-56;0;0;0;0;0;03 Cert Mensual;En curso;Verde;C25
00377-YPF 3° loop;1000080971;40;ZPAN;03 SERV BAÑOS QUIMIC;;0;;;;RTELLO;1022295;FLETE ENTREGA BAÑO QUIM EN VEHI PESADO;10;1;10;0;9;5000168078;7/4/2026;Servicios;CUMPLIDO PARCIAL;DASH SRL;MR01;31/8/2026;13/1/2026;10140277;40;1;13/3/2026;13/3/2026;C25;4500123147;30;377;1;MPITTIA;23/3/2026;31/8/2026;C25;1;7/4/2026;0;15;1;-146;0;0;0;0;0;03 Cert Mensual;En curso;Rojo;C25
00377-YPF 3° loop;1000080971;50;ZPAN;03 SERV BAÑOS QUIMIC;;0;;;;RTELLO;1022295;FLETE RETIRO BAÑO QUIM VEHI PESADO X 10U;10;2;10;0;8;5000168433;9/4/2026;Servicios;CUMPLIDO PARCIAL;DASH SRL;MR01;31/8/2026;13/1/2026;10140277;50;1;13/3/2026;13/3/2026;C25;4500123147;40;377;1;MPITTIA;23/3/2026;31/8/2026;C25;2;9/4/2026;0;15;1;-144;0;0;0;0;0;03 Cert Mensual;En curso;Rojo;C25
00377-YPF 3° loop;1000081143;10;ZPAN;03 SERV AGUA POTABLE;;0;;;;ASABATINO;1025992;ALQUILER DISPENSER FRIO CALOR x MES;80;3,3;80;0;76,7;5000160953;4/2/2026;Servicios;CUMPLIDO PARCIAL;ABIUSI ANALIA VERONICA;MR01;31/8/2026;16/1/2026;10140535;10;1;16/1/2026;16/1/2026;C25;4500118273;10;377;1;MPITTIA;23/1/2026;31/8/2026;C25;1;4/2/2026;0;2;1;-208;0;0;0;0;0;03 Cert Mensual;En curso;Rojo;C25
00377-YPF 3° loop;1000081143;20;ZPAN;03 SERV AGUA POTABLE;;0;;;;ASABATINO;1010725;BIDON DE AGUA 20 L.;1000;1000;1000;0;0;5000172629;12/5/2026;Materiales usuales;ALMACENADO;ABIUSI ANALIA VERONICA;MR01;31/8/2026;16/1/2026;10140535;20;1;16/1/2026;16/1/2026;C25;4500118273;20;377;1;MPITTIA;23/1/2026;31/8/2026;C25;4;12/5/2026;0;2;1;-111;0;0;0;0;0;03 Cert Mensual;En curso - Total recepcionado;;C25
00377-YPF 3° loop;1000081143;30;ZPAN;03 SERV AGUA POTABLE;;0;;;;ASABATINO;1017912;ALQUILER DE FREZZER CHICO X MES;5;1;5;0;4;5000160953;4/2/2026;Servicios;CUMPLIDO PARCIAL;ABIUSI ANALIA VERONICA;MR01;31/8/2026;16/1/2026;10140535;30;1;16/1/2026;16/1/2026;C25;4500118273;30;377;1;MPITTIA;23/1/2026;31/8/2026;C25;1;4/2/2026;0;2;1;-208;0;0;0;0;0;03 Cert Mensual;En curso;Rojo;C25
00377-YPF 3° loop;1000081143;40;ZPAN;03 SERV AGUA POTABLE;;0;;;;ASABATINO;1017912;HIELO POR BOLSON X 2 KG;1000;1000;1000;0;0;5000172629;12/5/2026;Servicios;CUMPLIDO;ABIUSI ANALIA VERONICA;MR01;31/8/2026;16/1/2026;10140535;40;1;16/1/2026;16/1/2026;C25;4500118273;40;377;1;MPITTIA;23/1/2026;31/8/2026;C25;4;12/5/2026;0;2;1;-111;0;0;0;0;0;03 Cert Mensual;En curso - Total recepcionado;;C25
00377-YPF 3° loop;1000081157;10;ZPAN;03 CONT RESIDUOS;;0;;;;RTELLO;1035384;ALQ CONT RESIDUOS C/TAPA X UN;32;15,6;32;0;16,4;5000177858;23/6/2026;Servicios;CUMPLIDO PARCIAL;SOLUCIONES AMBIENTALES PATAGONIA;MR01;31/8/2026;16/1/2026;10140539;10;1;16/1/2026;16/1/2026;C25;4500118506;10;377;1;MPITTIA;27/1/2026;31/8/2026;C25;2;23/6/2026;0;0;1;-69;0;0;0;0;0;03 Cert Mensual;En curso;Verde;C25
00377-YPF 3° loop;1000081157;20;ZPAN;03 CONT RESIDUOS;;0;;;;RTELLO;1035384;ALQ CONT RESIDUOS S/TAPA X UN;16;15,21;16;0;0,79;5000172428;9/5/2026;Servicios;CUMPLIDO PARCIAL;SOLUCIONES AMBIENTALES PATAGONIA;MR01;31/8/2026;16/1/2026;10140539;20;1;16/1/2026;16/1/2026;C25;4500118506;20;377;1;MPITTIA;27/1/2026;31/8/2026;C25;2;9/5/2026;0;0;1;-114;0;0;0;0;0;03 Cert Mensual;En curso;Rojo;C25
00377-YPF 3° loop;1000081157;30;ZPAN;03 CONT RESIDUOS;;0;;;;RTELLO;1022295;TRAT. RESI PELIGROSOS Y5 X TN;1;0;1;0;1;;;Servicios;ADJUDICADO;SOLUCIONES AMBIENTALES PATAGONIA;MR01;31/8/2026;16/1/2026;10140539;30;1;16/1/2026;16/1/2026;C25;4500118506;30;377;1;MPITTIA;27/1/2026;31/8/2026;C25;0;;0;0;1;0;0;0;0;0;0;03 Cert Mensual;En curso;;C25
00377-YPF 3° loop;1000081157;40;ZPAN;03 CONT RESIDUOS;;0;;;;RTELLO;1022295;TRAT. RESI PELIGROSOS Y44 X TN;1;0;1;0;1;;;Servicios;ADJUDICADO;SOLUCIONES AMBIENTALES PATAGONIA;MR01;31/8/2026;16/1/2026;10140539;40;1;16/1/2026;16/1/2026;C25;4500118506;40;377;1;MPITTIA;27/1/2026;31/8/2026;C25;0;;0;0;1;0;0;0;0;0;0;03 Cert Mensual;En curso;;C25
00377-YPF 3° loop;1000081157;50;ZPAN;03 CONT RESIDUOS;;0;;;;RTELLO;1022295;TRAT. RESI PELIGROSOS Y15 X TN;1;1;1;0;0;5000177858;23/6/2026;Servicios;CUMPLIDO;SOLUCIONES AMBIENTALES PATAGONIA;MR01;31/8/2026;16/1/2026;10140539;50;1;16/1/2026;16/1/2026;C25;4500118506;50;377;1;MPITTIA;27/1/2026;31/8/2026;C25;1;23/6/2026;0;0;1;-69;0;0;0;0;0;03 Cert Mensual;En curso - Total recepcionado;;C25
00377-YPF 3° loop;1000081157;60;ZPAN;03 CONT RESIDUOS;;0;;;;RTELLO;1022295;TRAT. RESI NO PELIGROSOS - DOMICILIAROS;1;1;1;0;0;5000166895;26/3/2026;Servicios;CUMPLIDO;SOLUCIONES AMBIENTALES PATAGONIA;MR01;31/8/2026;16/1/2026;10140539;60;1;16/1/2026;16/1/2026;C25;4500118506;60;377;1;MPITTIA;27/1/2026;31/8/2026;C25;1;26/3/2026;0;0;1;-158;0;0;0;0;0;03 Cert Mensual;En curso - Total recepcionado;;C25
00377-YPF 3° loop;1000081157;70;ZPAN;03 CONT RESIDUOS;;0;;;;RTELLO;1022295;TRAT. RESI NO PELIGROSOS - SECOS X TN;1;1;1;0;0;5000166895;26/3/2026;Servicios;CUMPLIDO;SOLUCIONES AMBIENTALES PATAGONIA;MR01;31/8/2026;16/1/2026;10140539;70;1;16/1/2026;16/1/2026;C25;4500118506;70;377;1;MPITTIA;27/1/2026;31/8/2026;C25;1;26/3/2026;0;0;1;-158;0;0;0;0;0;03 Cert Mensual;En curso - Total recepcionado;;C25
00377-YPF 3° loop;1000081157;80;ZPAN;03 CONT RESIDUOS;;0;;;;RTELLO;1022295;TRAT. RESI INDUST - NO ESPECIALES X TN;1;1;1;0;0;5000166895;26/3/2026;Servicios;CUMPLIDO;SOLUCIONES AMBIENTALES PATAGONIA;MR01;31/8/2026;16/1/2026;10140539;80;1;16/1/2026;16/1/2026;C25;4500118506;80;377;1;MPITTIA;27/1/2026;31/8/2026;C25;1;26/3/2026;0;0;1;-158;0;0;0;0;0;03 Cert Mensual;En curso - Total recepcionado;;C25
00377-YPF 3° loop;1000081157;90;ZPAN;03 CONT RESIDUOS;;0;;;;RTELLO;1022295;TRASLADO RESI PELIGROSOS x KM;5;2,253;5;0;2,747;5000179531;6/7/2026;Servicios;CUMPLIDO PARCIAL;SOLUCIONES AMBIENTALES PATAGONIA;MR01;31/8/2026;16/1/2026;10140539;90;1;16/1/2026;16/1/2026;C25;4500118506;90;377;1;MPITTIA;27/1/2026;31/8/2026;C25;2;6/7/2026;0;0;1;-56;0;0;0;0;0;03 Cert Mensual;En curso;Verde;C25
00374 TERMINAL PUNTA COLORADA;1000081229;10;ZPAN;03 - SERV MEDICO MAI;;0;;;;MREYNA;1027345;SERVICIO MEDICO EN OBRA X MES;6;6;6;0;0;5000175453;3/6/2026;Servicios;CUMPLIDO;MAINETE JAVIER ALBERTO;MR01;30/7/2026;16/1/2026;10140637;10;1;16/1/2026;19/1/2026;C25;4500118313;10;374;1;MPITTIA;23/1/2026;30/7/2026;C25;8;3/6/2026;3;0;-59;3;0;0;0;0;0;03 Cert Mensual;En curso - Próximo a vencer;Rojo;C25
00374 TERMINAL PUNTA COLORADA;1000081358;10;ZPAN;03 - Alquiler BQ y l;;0;;;;DSUAREZ;1022693;ALQUILER BAÑO QUIMICO X MES;96;0;96;0;96;;;Servicios;ADJUDICADO;ECOPORTATILES SA;MR01;20/1/2027;20/1/2026;10140795;10;1;20/1/2026;20/1/2026;C25;4500118607;10;374;1;MPITTIA;28/1/2026;20/1/2027;C25;0;;0;2;1;0;0;0;0;0;0;03 Cert Mensual;En curso;;C25
00374 TERMINAL PUNTA COLORADA;1000081358;20;ZPAN;03 - Alquiler BQ y l;;0;;;;DSUAREZ;1013136;SERVICIO LIMPIEZA DESAGOTE BANO QUIMICO;2500;0;2500;0;2500;;;Servicios;ADJUDICADO;ECOPORTATILES SA;MR01;20/1/2027;20/1/2026;10140795;20;1;20/1/2026;20/1/2026;C25;4500118607;20;374;1;MPITTIA;28/1/2026;20/1/2027;C25;0;;0;2;1;0;0;0;0;0;0;03 Cert Mensual;En curso;;C25
00377-YPF 3° loop;1000081511;10;ZPAN;04 SUBC. SOLDADURA;;0;;;;ASABATINO;1042083;"Soldadura LR - Caño 24""Ø X70 2 CC 9.52";3521;3521;3521;0;0;5000172144;7/5/2026;Servicios;CUMPLIDO;CATEX SRL;MR01;31/8/2026;22/1/2026;10141079;10;1;22/1/2026;22/1/2026;C26;4500118251;10;377;1;AGONZALEZ;22/1/2026;31/8/2026;C26;4;7/5/2026;0;1;1;-116;0;0;0;0;0;04 Cert a Demanda;En curso - Total recepcionado;;C26
00377-YPF 3° loop;1000081511;20;ZPAN;04 SUBC. SOLDADURA;;0;;;;ASABATINO;1042083;"Soldadura LR - Caño 24""Ø X70 2 CC 14.27";55;55;55;0;0;5000172144;7/5/2026;Servicios;CUMPLIDO;CATEX SRL;MR01;31/8/2026;22/1/2026;10141079;20;1;22/1/2026;22/1/2026;C26;4500118251;20;377;1;AGONZALEZ;22/1/2026;31/8/2026;C26;2;7/5/2026;0;1;1;-116;0;0;0;0;0;04 Cert a Demanda;En curso - Total recepcionado;;C26
00377-YPF 3° loop;1000081511;50;ZPAN;04 SUBC. SOLDADURA;;0;;;;ASABATINO;1042083;"Empalmes/Cruces Especiales - Caño 24"" Ø";1;1;1;0;0;5000166613;25/3/2026;Servicios;CUMPLIDO;CATEX SRL;MR01;31/8/2026;22/1/2026;10141079;50;1;22/1/2026;22/1/2026;C26;4500118251;50;377;1;AGONZALEZ;22/1/2026;31/8/2026;C26;1;25/3/2026;0;1;1;-159;0;0;0;0;0;04 Cert a Demanda;En curso - Total recepcionado;;C26
00377-YPF 3° loop;1000081511;60;ZPAN;04 SUBC. SOLDADURA;;0;;;;ASABATINO;1042083;"Empalme/Cruces Especiales - Caño 24"" Ø";1;1;1;0;0;5000166613;25/3/2026;Servicios;CUMPLIDO;CATEX SRL;MR01;31/8/2026;22/1/2026;10141079;60;1;22/1/2026;22/1/2026;C26;4500118251;60;377;1;AGONZALEZ;22/1/2026;31/8/2026;C26;1;25/3/2026;0;1;1;-159;0;0;0;0;0;04 Cert a Demanda;En curso - Total recepcionado;;C26
00377-YPF 3° loop;1000081511;70;ZPAN;04 SUBC. SOLDADURA;;0;;;;ASABATINO;1042083;"Revestimiento LR - Caño 24"" Ø  X70 2 CC";3562;3562;3562;0;0;5000172144;7/5/2026;Servicios;CUMPLIDO;CATEX SRL;MR01;31/8/2026;22/1/2026;10141079;70;1;22/1/2026;22/1/2026;C26;4500118251;70;377;1;AGONZALEZ;22/1/2026;31/8/2026;C26;4;7/5/2026;0;1;1;-116;0;0;0;0;0;04 Cert a Demanda;En curso - Total recepcionado;;C26
00377-YPF 3° loop;1000081511;160;ZPAN;04 SUBC. SOLDADURA;;0;;;;ASABATINO;1035446;Alquiler Semi c/ Hidrogrua x mes;3;3;3;0;0;5000169752;20/4/2026;Servicios;CUMPLIDO;CATEX SRL;MR01;31/8/2026;22/1/2026;10141079;160;1;22/1/2026;22/1/2026;C26;4500118462;60;377;1;AGONZALEZ;26/1/2026;31/8/2026;C26;3;20/4/2026;0;4;1;-133;0;0;0;0;0;04 Cert a Demanda;En curso - Total recepcionado;;C26
00377-YPF 3° loop;1000081511;170;ZPAN;04 SUBC. SOLDADURA;;0;;;;ASABATINO;1035446;Alquiler Semi c/ Hidrogrua x mes;3;3;3;0;0;5000169752;20/4/2026;Servicios;CUMPLIDO;CATEX SRL;MR01;31/8/2026;22/1/2026;10141079;170;1;22/1/2026;22/1/2026;C26;4500118462;70;377;1;AGONZALEZ;26/1/2026;31/8/2026;C26;3;20/4/2026;0;4;1;-133;0;0;0;0;0;04 Cert a Demanda;En curso - Total recepcionado;;C26
00377-YPF 3° loop;1000081571;10;ZPAN;04 ENSAYOS NO DESTRU;;0;;;;ASABATINO;1042079;GAMMAGRAFIA Ø24 SCH 60 24,60 mm.;34;0;34;0;34;;;Servicios;ADJUDICADO;CAEFE S.A.;MR01;31/8/2026;22/1/2026;10141171;10;1;22/1/2026;23/1/2026;C26;4500118334;10;377;1;AGONZALEZ;23/1/2026;31/8/2026;C26;0;;1;4;1;0;0;0;0;0;0;04 Cert a Demanda;En curso;;C26
00377-YPF 3° loop;1000081571;20;ZPAN;04 ENSAYOS NO DESTRU;;0;;;;ASABATINO;1042079;GAMMAGRAFIA Ø24 SCH 30 14,27 mm.;24;19;24;0;5;5000179601;6/7/2026;Servicios;CUMPLIDO PARCIAL;CAEFE S.A.;MR01;31/8/2026;22/1/2026;10141171;20;1;22/1/2026;23/1/2026;C26;4500118334;20;377;1;AGONZALEZ;23/1/2026;31/8/2026;C26;2;6/7/2026;1;4;1;-56;0;0;0;0;0;04 Cert a Demanda;En curso;;C26
00377-YPF 3° loop;1000081571;30;ZPAN;04 ENSAYOS NO DESTRU;;0;;;;ASABATINO;1042079;GAMMAGRAFIA Ø16 SCH 80 21,04 mm.;38;26;38;0;12;5000179601;6/7/2026;Servicios;CUMPLIDO PARCIAL;CAEFE S.A.;MR01;31/8/2026;22/1/2026;10141171;30;1;22/1/2026;23/1/2026;C26;4500118334;30;377;1;AGONZALEZ;23/1/2026;31/8/2026;C26;2;6/7/2026;1;4;1;-56;0;0;0;0;0;04 Cert a Demanda;En curso;;C26
00377-YPF 3° loop;1000081571;40;ZPAN;04 ENSAYOS NO DESTRU;;0;;;;ASABATINO;1042079;GAMMAGRAFIA Ø16 SCH 30 9,52 mm.;10;0;10;0;10;;;Servicios;ADJUDICADO;CAEFE S.A.;MR01;31/8/2026;22/1/2026;10141171;40;1;22/1/2026;23/1/2026;C26;4500118334;40;377;1;AGONZALEZ;23/1/2026;31/8/2026;C26;0;;1;4;1;0;0;0;0;0;0;04 Cert a Demanda;En curso;;C26
00377-YPF 3° loop;1000081571;50;ZPAN;04 ENSAYOS NO DESTRU;;0;;;;ASABATINO;1042079;GAMMAGRAFIA Ø10 SCH 80 15,09 mm.;18;3;18;0;15;5000179601;6/7/2026;Servicios;CUMPLIDO PARCIAL;CAEFE S.A.;MR01;31/8/2026;22/1/2026;10141171;50;1;22/1/2026;23/1/2026;C26;4500118334;50;377;1;AGONZALEZ;23/1/2026;31/8/2026;C26;1;6/7/2026;1;4;1;-56;0;0;0;0;0;04 Cert a Demanda;En curso;;C26
00377-YPF 3° loop;1000081571;60;ZPAN;04 ENSAYOS NO DESTRU;;0;;;;ASABATINO;1042079;GAMMAGRAFIA Ø 8 SCH 80 12,7 mm.;20;20;20;0;0;5000179601;6/7/2026;Servicios;CUMPLIDO;CAEFE S.A.;MR01;31/8/2026;22/1/2026;10141171;60;1;22/1/2026;23/1/2026;C26;4500118334;60;377;1;AGONZALEZ;23/1/2026;31/8/2026;C26;2;6/7/2026;1;4;1;-56;0;0;0;0;0;04 Cert a Demanda;En curso - Total recepcionado;;C26
00377-YPF 3° loop;1000081571;70;ZPAN;04 ENSAYOS NO DESTRU;;0;;;;ASABATINO;1042079;GAMMAGRAFIA Ø 4 SCH 40 6,02 mm.;84;53;84;0;31;5000177863;23/6/2026;Servicios;CUMPLIDO PARCIAL;CAEFE S.A.;MR01;31/8/2026;22/1/2026;10141171;70;1;22/1/2026;23/1/2026;C26;4500118334;70;377;1;AGONZALEZ;23/1/2026;31/8/2026;C26;1;23/6/2026;1;4;1;-69;0;0;0;0;0;04 Cert a Demanda;En curso;;C26
00377-YPF 3° loop;1000081571;80;ZPAN;04 ENSAYOS NO DESTRU;;0;;;;ASABATINO;1042079;GAMMAGRAFIA Ø 3 SCH 40 5,49 mm.;5;0;5;0;5;;;Servicios;ADJUDICADO;CAEFE S.A.;MR01;31/8/2026;22/1/2026;10141171;80;1;22/1/2026;23/1/2026;C26;4500118334;80;377;1;AGONZALEZ;23/1/2026;31/8/2026;C26;0;;1;4;1;0;0;0;0;0;0;04 Cert a Demanda;En curso;;C26
00377-YPF 3° loop;1000081571;90;ZPAN;04 ENSAYOS NO DESTRU;;0;;;;ASABATINO;1042079;GAMMAGRAFIA Ø 2 SCH 80 5,55 mm.;72;29;72;0;43;5000179601;6/7/2026;Servicios;CUMPLIDO PARCIAL;CAEFE S.A.;MR01;31/8/2026;22/1/2026;10141171;90;1;22/1/2026;23/1/2026;C26;4500118334;90;377;1;AGONZALEZ;23/1/2026;31/8/2026;C26;1;6/7/2026;1;4;1;-56;0;0;0;0;0;04 Cert a Demanda;En curso;;C26
00377-YPF 3° loop;1000081571;100;ZPAN;04 ENSAYOS NO DESTRU;;0;;;;ASABATINO;1042079;GAMMAGRAFIA Ø 2 SCH 40 3,91 mm.;10;7;10;0;3;5000168517;10/4/2026;Servicios;CUMPLIDO PARCIAL;CAEFE S.A.;MR01;31/8/2026;22/1/2026;10141171;100;1;22/1/2026;23/1/2026;C26;4500118334;100;377;1;AGONZALEZ;23/1/2026;31/8/2026;C26;1;10/4/2026;1;4;1;-143;0;0;0;0;0;04 Cert a Demanda;En curso;;C26
00377-YPF 3° loop;1000081571;110;ZPAN;04 ENSAYOS NO DESTRU;;0;;;;ASABATINO;1042079;LIQUIDOS PENETRANTES;50;37,2;50;0;12,8;5000179601;6/7/2026;Servicios;CUMPLIDO PARCIAL;CAEFE S.A.;MR01;31/8/2026;22/1/2026;10141171;110;1;22/1/2026;23/1/2026;C26;4500118334;110;377;1;AGONZALEZ;23/1/2026;31/8/2026;C26;4;6/7/2026;1;4;1;-56;0;0;0;0;0;04 Cert a Demanda;En curso;;C26
00377-YPF 3° loop;1000081571;120;ZPAN;04 ENSAYOS NO DESTRU;;0;;;;ASABATINO;1042079;SERVCIO DIARIO DE GAMMAGRAFÍA EXT;60;28,2;60;0;31,8;5000179601;6/7/2026;Servicios;CUMPLIDO PARCIAL;CAEFE S.A.;MR01;31/8/2026;22/1/2026;10141171;120;1;22/1/2026;23/1/2026;C26;4500118334;120;377;1;AGONZALEZ;23/1/2026;31/8/2026;C26;3;6/7/2026;1;4;1;-56;0;0;0;0;0;04 Cert a Demanda;En curso;;C26
00377-YPF 3° loop;1000081571;130;ZPAN;04 ENSAYOS NO DESTRU;;0;;;;ASABATINO;1042079;SERVICIO DIARIO DE ULTRASONIDO (SAUT/PH;125;125;125;0;0;5000171831;6/5/2026;Servicios;CUMPLIDO;CAEFE S.A.;MR01;31/8/2026;22/1/2026;10141171;130;1;22/1/2026;23/1/2026;C26;4500118334;130;377;1;AGONZALEZ;23/1/2026;31/8/2026;C26;4;6/5/2026;1;4;1;-117;0;0;0;0;0;04 Cert a Demanda;En curso - Total recepcionado;;C26
00374 TERMINAL PUNTA COLORADA;1000081581;10;ZPAN;04-Extension Modulo;;0;;;;DSUAREZ;1013130;Módulo N° 5 - Esp Confinado REG FC6A45;24;24;24;0;0;5000160014;28/1/2026;Servicios;CUMPLIDO;MAINETE JAVIER ALBERTO;MR01;30/9/2026;23/1/2026;10141177;10;1;23/1/2026;23/1/2026;C25;4500118496;10;374;1;MPITTIA;26/1/2026;30/4/2026;C25;1;28/1/2026;0;1;-152;-92;0;0;0;0;0;04 Cert a Demanda;En curso - Total recepcionado;;C25
00374 TERMINAL PUNTA COLORADA;1000081581;20;ZPAN;04-Extension Modulo;;0;;;;DSUAREZ;1013130;Módulo N° 5 - Espacios Confinados;100;70;100;0;30;5000178946;1/7/2026;Servicios;CUMPLIDO PARCIAL;MAINETE JAVIER ALBERTO;MR01;30/9/2026;23/1/2026;10141177;20;1;23/1/2026;23/1/2026;C25;4500118616;10;374;1;MPITTIA;28/1/2026;30/9/2026;C25;3;1/7/2026;0;1;-152;62;0;0;0;0;0;04 Cert a Demanda;En curso;;C25
00377-YPF 3° loop;1000081633;10;ZPAN;ALQ IMPRESORAS;;0;;;;RTELLO;1026136;ALQ IMPRESORA MULTIF BYN A4 X MES;3;3;3;0;0;5000171785;6/5/2026;Servicios;CUMPLIDO;PRINTER SRL;MR01;31/8/2026;23/1/2026;10141243;10;1;23/1/2026;2/6/2026;C25;4500119456;10;377;1;MPITTIA;5/2/2026;31/8/2026;C25;3;6/5/2026;130;0;1;-117;0;0;0;0;0;Sin aclaración;En curso - Total recepcionado;;C25
00374 TERMINAL PUNTA COLORADA;1000081684;100;ZPAN;03 - Campa PM 2010 -;;24;;;;DSUAREZ;1025931;SERVICIO DE INTERNET 1TB X MES;4;4;4;0;0;5000175562;3/6/2026;Servicios;CUMPLIDO;JAWIT S.A.;MR01;26/9/2026;24/1/2026;10141306;100;1;24/1/2026;27/1/2026;C25;4500118752;100;374;1;MPITTIA;29/1/2026;26/9/2026;C25;4;3/6/2026;3;0;-224;110;0;0;0;0;0;03 Cert Mensual;En curso - Total recepcionado;;C25
00377-YPF 3° loop;1000081774;10;ZPAN;04 PROVISION SGFV;;0;;;;RTELLO;1012829;SISTEMA FV OFF GRID;4;1,2;4;0;2,8;5000174761;29/5/2026;Materiales genericos;RECEPCIONADO PARCIAL;CONTROL POINT S.A.;MR01;31/7/2026;26/1/2026;10141435;10;1;26/1/2026;27/1/2026;C26;4500118696;10;377;1;AGONZALEZ;28/1/2026;31/7/2026;C26;1;29/5/2026;1;8;-167;105;0;0;0;0;0;04 Cert a Demanda;En curso - Próximo a vencer;;C26
00377-YPF 3° loop;1000082023;10;ZPAN;EQUIP TRAILER YPF;;0;;;;RTELLO;1026315;ALQ IMP RICOH IM C2000(A3/A4) COLOR XMES;3;3;3;0;0;5000171784;6/5/2026;Servicios;CUMPLIDO;PRINTER SRL;MR01;31/8/2026;29/1/2026;10141757;10;1;29/1/2026;2/6/2026;C25;4500119459;10;377;1;MPITTIA;5/2/2026;31/8/2026;C25;3;6/5/2026;124;0;1;-117;0;0;0;0;0;Sin aclaración;En curso - Total recepcionado;;C25
00374 TERMINAL PUNTA COLORADA;1000082040;10;ZPAN;03 - CAMPAMENTO - AL;;24;;;;JIBANEZ;1033267;ALQ CONTENEDOR P/COMEDOR 6MTS X UN;6;4;6;0;2;5000175028;30/5/2026;Servicios;CUMPLIDO PARCIAL;BASANI SA;MR01;30/9/2026;30/1/2026;10141775;10;1;30/1/2026;30/1/2026;C04;4500119090;10;374;1;WVENTURINI;3/2/2026;30/9/2026;C04;4;30/5/2026;0;3;-70;-31;0;0;0;0;0;03 Cert Mensual;En curso;Rojo;C04
00374 TERMINAL PUNTA COLORADA;1000082040;20;ZPAN;03 - CAMPAMENTO - AL;;24;;;;JIBANEZ;1033267;ALQ CONTENEDOR P/COMEDOR 6MTS X UN;6;4;6;0;2;5000175028;30/5/2026;Servicios;CUMPLIDO PARCIAL;BASANI SA;MR01;30/9/2026;30/1/2026;10141775;20;1;30/1/2026;30/1/2026;C04;4500119090;20;374;1;WVENTURINI;3/2/2026;30/9/2026;C04;4;30/5/2026;0;3;-70;-31;0;0;0;0;0;03 Cert Mensual;En curso;Rojo;C04
00374 TERMINAL PUNTA COLORADA;1000082040;30;ZPAN;03 - CAMPAMENTO - AL;;24;;;;JIBANEZ;1033267;ALQ CONTENDOR P/OFICINA 6MTS X UN;6;4;6;0;2;5000175028;30/5/2026;Servicios;CUMPLIDO PARCIAL;BASANI SA;MR01;30/9/2026;30/1/2026;10141775;30;1;30/1/2026;30/1/2026;C04;4500119090;30;374;1;WVENTURINI;3/2/2026;30/9/2026;C04;4;30/5/2026;0;3;-70;-31;0;0;0;0;0;03 Cert Mensual;En curso;Rojo;C04
00374 TERMINAL PUNTA COLORADA;1000082040;40;ZPAN;03 - CAMPAMENTO - AL;;24;;;;JIBANEZ;1033267;ALQ CONTENEDOR P/PAÑOL 6MTS X UN;6;4;6;0;2;5000175028;30/5/2026;Servicios;CUMPLIDO PARCIAL;BASANI SA;MR01;30/9/2026;30/1/2026;10141775;40;1;30/1/2026;30/1/2026;C04;4500119090;40;374;1;WVENTURINI;3/2/2026;30/9/2026;C04;4;30/5/2026;0;3;-70;-31;0;0;0;0;0;03 Cert Mensual;En curso;Rojo;C04
00374 TERMINAL PUNTA COLORADA;1000082262;10;ZPAN;03- Transp Las Gruta;;0;;;;JIBANEZ;1013113;COLECTIVO 44 PAX - N° 6 x VIAJE;240;0;240;0;240;;;Servicios;ADJUDICADO;LAS GRUTAS S A;MR01;31/12/2026;3/2/2026;10142026;10;1;3/2/2026;3/2/2026;C25;4500119963;10;374;1;MPITTIA;12/2/2026;31/12/2026;C25;0;;0;1;1;0;0;0;0;0;0;03 Cert Mensual;En curso;;C25
00374 TERMINAL PUNTA COLORADA;1000082262;20;ZPAN;03- Transp Las Gruta;;0;;;;JIBANEZ;1013113;COLECTIVO 44 PAX - N° 7 x VIAJE;240;0;240;0;240;;;Servicios;ADJUDICADO;LAS GRUTAS S A;MR01;31/12/2026;3/2/2026;10142026;20;1;3/2/2026;3/2/2026;C25;4500119963;20;374;1;MPITTIA;12/2/2026;31/12/2026;C25;0;;0;1;1;0;0;0;0;0;0;03 Cert Mensual;En curso;;C25
00377-YPF 3° loop;1000082320;10;ZPAN;04 PUENTE GRUA;;0;;;;RTELLO;1042362;PUENTE GRUA DE TRASLADO E IZAJE MANUAL;1;0;1;0;1;;;Servicios;ADJUDICADO;AGTB INGENIERIA SRL;MR01;31/7/2026;3/2/2026;10142153;10;1;3/2/2026;3/2/2026;C26;4500119892;10;377;1;AGONZALEZ;11/2/2026;31/7/2026;C26;0;;0;1;-50;0;0;0;0;0;0;04 Cert a Demanda;En curso - Próximo a vencer;;C26
00377-YPF 3° loop;1000082320;20;ZPAN;04 PUENTE GRUA;;0;;;;RTELLO;1042362;PUENTE GRUA DE TRASLADO E IZAJE MOTORIZ.;1;0;1;0;1;;;Servicios;ADJUDICADO;AGTB INGENIERIA SRL;MR01;31/7/2026;3/2/2026;10142153;20;1;10/2/2026;11/2/2026;C26;4500119892;20;377;1;AGONZALEZ;11/2/2026;31/7/2026;C26;0;;1;1;-59;0;0;0;0;0;0;04 Cert a Demanda;En curso - Próximo a vencer;;C26
00377-YPF 3° loop;1000082320;30;ZPAN;04 PUENTE GRUA;;0;;;;RTELLO;1042362;SISTEMA DE ALIMENTACION P/CARROS PORTABL;8;0;8;0;8;;;Servicios;ADJUDICADO;AGTB INGENIERIA SRL;MR01;31/7/2026;3/2/2026;10142153;30;1;10/2/2026;11/2/2026;C26;4500119892;30;377;1;AGONZALEZ;11/2/2026;31/7/2026;C26;0;;1;1;-59;0;0;0;0;0;0;04 Cert a Demanda;En curso - Próximo a vencer;;C26
00377-YPF 3° loop;1000082320;40;ZPAN;04 PUENTE GRUA;;0;;;;RTELLO;1042362;PRUEBAS FAT EN PLANTA Y CERTIFICACION;2;0;2;0;2;;;Servicios;ADJUDICADO;AGTB INGENIERIA SRL;MR01;31/7/2026;3/2/2026;10142153;40;1;10/2/2026;11/2/2026;C26;4500119892;40;377;1;AGONZALEZ;11/2/2026;31/7/2026;C26;0;;1;1;-59;0;0;0;0;0;0;04 Cert a Demanda;En curso - Próximo a vencer;;C26
00377-YPF 3° loop;1000082320;50;ZPAN;04 PUENTE GRUA;;0;;;;RTELLO;1042362;ESTRUCTURA DE TRASLACION C/VIGAS CARRILE;2;0;2;0;2;;;Servicios;ADJUDICADO;AGTB INGENIERIA SRL;MR01;31/7/2026;3/2/2026;10142153;50;1;10/2/2026;11/2/2026;C26;4500119892;50;377;1;AGONZALEZ;11/2/2026;31/7/2026;C26;0;;1;1;-59;0;0;0;0;0;0;04 Cert a Demanda;En curso - Próximo a vencer;;C26
00377-YPF 3° loop;1000082320;60;ZPAN;04 PUENTE GRUA;;0;;;;RTELLO;1042362;TRASLADO;2;0;2;0;2;;;Servicios;ADJUDICADO;AGTB INGENIERIA SRL;MR01;31/7/2026;3/2/2026;10142153;60;1;10/2/2026;11/2/2026;C26;4500119892;60;377;1;AGONZALEZ;11/2/2026;31/7/2026;C26;0;;1;1;-59;0;0;0;0;0;0;04 Cert a Demanda;En curso - Próximo a vencer;;C26
00377-YPF 3° loop;1000082320;70;ZPAN;04 PUENTE GRUA;;0;;;;RTELLO;1042362;INSTALACION;2;0;2;0;2;;;Servicios;ADJUDICADO;AGTB INGENIERIA SRL;MR01;31/7/2026;3/2/2026;10142153;70;1;10/2/2026;11/2/2026;C26;4500119892;70;377;1;AGONZALEZ;11/2/2026;31/7/2026;C26;0;;1;1;-59;0;0;0;0;0;0;04 Cert a Demanda;En curso - Próximo a vencer;;C26
00374 TERMINAL PUNTA COLORADA;1000082384;10;ZPAN;03-Servicio Dosimetr;;0;;;;DSUAREZ;1042203;SERV DE DOSIMETRIA ANTONIO AYM X MES;12;5;12;0;7;5000178900;1/7/2026;Servicios;CUMPLIDO PARCIAL;ASOC.CIVIL PROF TECRADIOL ROSA;MR01;24/12/2026;4/2/2026;10142264;10;1;4/2/2026;4/2/2026;C24;4500119666;10;374;1;MPITTIA;9/2/2026;24/12/2026;C24;5;1/7/2026;0;0;1;-176;0;0;0;0;0;03 Cert Mensual;En curso;Verde;C24
00374 TERMINAL PUNTA COLORADA;1000082384;20;ZPAN;03-Servicio Dosimetr;;0;;;;DSUAREZ;1042203;SERV DE DOSIMETRIA SOFIA HERNA X MES;12;5;12;0;7;5000178900;1/7/2026;Servicios;CUMPLIDO PARCIAL;ASOC.CIVIL PROF TECRADIOL ROSA;MR01;24/12/2026;4/2/2026;10142264;20;1;4/2/2026;4/2/2026;C24;4500119666;20;374;1;MPITTIA;9/2/2026;24/12/2026;C24;5;1/7/2026;0;0;1;-176;0;0;0;0;0;03 Cert Mensual;En curso;Verde;C24
00374 TERMINAL PUNTA COLORADA;1000082384;30;ZPAN;03-Servicio Dosimetr;;0;;;;DSUAREZ;1042203;SERV DE DOSIMETRIA EMILIANO LEAL X MES;12;5;12;0;7;5000178900;1/7/2026;Servicios;CUMPLIDO PARCIAL;ASOC.CIVIL PROF TECRADIOL ROSA;MR01;24/12/2026;4/2/2026;10142264;30;1;4/2/2026;4/2/2026;C24;4500119666;30;374;1;MPITTIA;9/2/2026;24/12/2026;C24;5;1/7/2026;0;0;1;-176;0;0;0;0;0;03 Cert Mensual;En curso;Verde;C24
00374 TERMINAL PUNTA COLORADA;1000082384;40;ZPAN;03-Servicio Dosimetr;;0;;;;DSUAREZ;1042203;SERV DE DOSIMETRIA JONATAN VAZQUEZ X MES;12;5;12;0;7;5000178900;1/7/2026;Servicios;CUMPLIDO PARCIAL;ASOC.CIVIL PROF TECRADIOL ROSA;MR01;24/12/2026;4/2/2026;10142264;40;1;4/2/2026;4/2/2026;C24;4500119666;40;374;1;MPITTIA;9/2/2026;24/12/2026;C24;5;1/7/2026;0;0;1;-176;0;0;0;0;0;03 Cert Mensual;En curso;Verde;C24
00377-YPF 3° loop;1000082502;10;ZPAN;03 SERV. MEDICO - AM;;0;;;;ASABATINO;1048518;SS AMBULANCIA ALTA COMPLEJIDAD XMES;7;4,214;7;0;2,786;5000179620;7/7/2026;Servicios;CUMPLIDO PARCIAL;DATUM S.A.;MR01;31/8/2026;6/2/2026;10142394;10;1;6/2/2026;6/2/2026;C25;4500119517;10;377;1;MPITTIA;6/2/2026;31/8/2026;C25;5;7/7/2026;0;0;1;-55;0;0;0;0;0;03 Cert Mensual;En curso;Verde;C25
00377-YPF 3° loop;1000082502;20;ZPAN;03 SERV. MEDICO - AM;;0;;;;ASABATINO;1048518;SS AMBULANCIA ALTA COMPLEJIDAD XMES;7;4,214;7;0;2,786;5000179620;7/7/2026;Servicios;CUMPLIDO PARCIAL;DATUM S.A.;MR01;31/8/2026;6/2/2026;10142394;20;1;6/2/2026;6/2/2026;C25;4500119517;20;377;1;MPITTIA;6/2/2026;31/8/2026;C25;5;7/7/2026;0;0;1;-55;0;0;0;0;0;03 Cert Mensual;En curso;Verde;C25
00377-YPF 3° loop;1000082502;30;ZPAN;03 SERV. MEDICO - AM;;0;;;;ASABATINO;1048518;TRAILER CON EQUIPAMIENTO X MES;7;4,214;7;0;2,786;5000179620;7/7/2026;Servicios;CUMPLIDO PARCIAL;DATUM S.A.;MR01;31/8/2026;6/2/2026;10142394;30;1;6/2/2026;6/2/2026;C25;4500119517;30;377;1;MPITTIA;6/2/2026;31/8/2026;C25;5;7/7/2026;0;0;1;-55;0;0;0;0;0;03 Cert Mensual;En curso;Verde;C25
00377-YPF 3° loop;1000082502;40;ZPAN;03 SERV. MEDICO - AM;;0;;;;ASABATINO;1012745;STOCK INICIAL MEDICAMENTOS;1;1;1;0;0;5000166053;19/3/2026;Materiales genericos;ALMACENADO;DATUM S.A.;MR01;31/8/2026;6/2/2026;10142394;40;1;6/2/2026;6/2/2026;C25;4500119517;40;377;1;MPITTIA;6/2/2026;31/8/2026;C25;1;19/3/2026;0;0;1;-165;0;0;0;0;0;03 Cert Mensual;En curso - Total recepcionado;;C25
00377-YPF 3° loop;1000082502;50;ZPAN;03 SERV. MEDICO - AM;;0;;;;ASABATINO;1027266;RECOLECCION RESIDUOS PATOLOGICOS;100;3;100;0;97;5000179620;7/7/2026;Servicios;CUMPLIDO PARCIAL;DATUM S.A.;MR01;31/8/2026;6/2/2026;10142394;70;1;6/2/2026;6/2/2026;C25;4500119517;60;377;1;MPITTIA;6/2/2026;31/8/2026;C25;3;7/7/2026;0;0;1;-55;0;0;0;0;0;03 Cert Mensual;En curso;Verde;C25
00377-YPF 3° loop;1000082502;60;ZPAN;03 SERV. MEDICO - AM;;0;;;;ASABATINO;1012745;PROVISION DE OXIGENO MEDICINAL;10;10;10;0;0;5000176359;10/6/2026;Materiales genericos;ALMACENADO;DATUM S.A.;MR01;31/8/2026;6/2/2026;10142394;60;1;6/2/2026;6/2/2026;C25;4500119517;50;377;1;MPITTIA;6/2/2026;31/8/2026;C25;3;10/6/2026;0;0;1;-82;0;0;0;0;0;03 Cert Mensual;En curso - Total recepcionado;;C25
00377-YPF 3° loop;1000082502;70;ZPAN;03 SERV. MEDICO - AM;;0;10;4;9/2/2026;ASABATINO;1013038;HORAS EXTRAS PERSONAL MEDICO;100;0;0;100;0;;;Servicios;CUMPLIDO;;MR01;31/8/2026;6/2/2026;10142394;80;1;6/2/2026;6/2/2026;C25;;0;;0;;;;;0;;0;0;0;0;0;0;0;0;0;03 Cert Mensual;En curso - Total recepcionado;;C25
00377-YPF 3° loop;1000082502;80;ZPAN;03 SERV. MEDICO - AM;;0;10;4;9/2/2026;ASABATINO;1013038;HORAS EXTRAS PERSONAL CHOFER/ENFERMERO;100;0;0;100;0;;;Servicios;CUMPLIDO;;MR01;31/8/2026;6/2/2026;10142394;90;1;6/2/2026;6/2/2026;C25;;0;;0;;;;;0;;0;0;0;0;0;0;0;0;0;03 Cert Mensual;En curso - Total recepcionado;;C25
00377-YPF 3° loop;1000082502;90;ZPAN;03 SERV. MEDICO - AM;;0;;;;ASABATINO;1027345;REPOSICION DE MEDICAMENTOS POR MES;7;6;7;0;1;5000179620;7/7/2026;Servicios;CUMPLIDO PARCIAL;DATUM S.A.;MR01;31/8/2026;6/2/2026;10142394;100;1;6/2/2026;6/2/2026;C25;4500119517;90;377;1;MPITTIA;6/2/2026;31/8/2026;C25;3;7/7/2026;0;0;1;-55;0;0;0;0;0;03 Cert Mensual;En curso;Verde;C25
00377-YPF 3° loop;1000082502;100;ZPAN;03 SERV. MEDICO - AM;;0;;;;ASABATINO;1022295;SERVICIO DE REPRESENTACION TECNICA X MES;7;4;7;0;3;5000176392;10/6/2026;Servicios;CUMPLIDO PARCIAL;MAINETE JAVIER ALBERTO;MR01;31/8/2026;6/2/2026;10142394;110;1;10/2/2026;11/2/2026;C25;4500120000;30;377;1;MPITTIA;12/2/2026;31/8/2026;C25;3;10/6/2026;1;6;1;-82;0;0;0;0;0;03 Cert Mensual;En curso;Verde;C25
00377-YPF 3° loop;1000082502;110;ZPAN;03 SERV. MEDICO - AM;;0;;;;ASABATINO;1022295;SERVICIO DE REPRESENTACION TECNICA X MES;7;2;7;0;5;5000173668;19/5/2026;Servicios;CUMPLIDO PARCIAL;FABRICIO MUÑOZ;MR01;31/8/2026;6/2/2026;10142394;120;1;10/2/2026;11/2/2026;C25;4500120827;30;377;1;MPITTIA;25/2/2026;31/8/2026;C25;2;19/5/2026;1;0;1;-104;0;0;0;0;0;03 Cert Mensual;En curso;Rojo;C25
00377-YPF 3° loop;1000082502;120;ZPAN;03 SERV. MEDICO - AM;;0;;;;ASABATINO;1027345;EXTRA EQUIP. AMBULANCIA 1;7;4;7;0;3;5000179619;7/7/2026;Servicios;CUMPLIDO PARCIAL;DATUM S.A.;MR01;31/8/2026;6/2/2026;10142394;130;1;11/2/2026;11/2/2026;C25;4500119930;50;377;1;MPITTIA;11/2/2026;31/8/2026;C25;4;7/7/2026;0;0;1;-55;0;0;0;0;0;03 Cert Mensual;En curso;Verde;C25
00377-YPF 3° loop;1000082502;130;ZPAN;03 SERV. MEDICO - AM;;0;;;;ASABATINO;1027345;EXTRA EQUIP. AMBULANCIA 2;7;4;7;0;3;5000179619;7/7/2026;Servicios;CUMPLIDO PARCIAL;DATUM S.A.;MR01;31/8/2026;6/2/2026;10142394;140;1;11/2/2026;11/2/2026;C25;4500119930;60;377;1;MPITTIA;11/2/2026;31/8/2026;C25;4;7/7/2026;0;0;1;-55;0;0;0;0;0;03 Cert Mensual;En curso;Verde;C25
00377-YPF 3° loop;1000082502;140;ZPAN;03 SERV. MEDICO - AM;;0;;;;ASABATINO;1027345;EXTRA EQUIP. TRAILER;7;4;7;0;3;5000179619;7/7/2026;Servicios;CUMPLIDO PARCIAL;DATUM S.A.;MR01;31/8/2026;6/2/2026;10142394;150;1;11/2/2026;11/2/2026;C25;4500119930;70;377;1;MPITTIA;11/2/2026;31/8/2026;C25;4;7/7/2026;0;0;1;-55;0;0;0;0;0;03 Cert Mensual;En curso;Verde;C25
00374 TERMINAL PUNTA COLORADA;1000082558;10;ZPAN;03 - Medico en Obra;;0;;;;DSUAREZ;1013024;VIATICOS COMBUSTIBLE MAINETE;50;13;50;0;37;5000175451;3/6/2026;Servicios;CUMPLIDO PARCIAL;MAINETE JAVIER ALBERTO;MR01;31/12/2026;7/2/2026;10142487;10;1;7/2/2026;7/2/2026;C25;4500123150;10;374;1;MPITTIA;23/3/2026;31/12/2026;C25;3;3/6/2026;0;2;-162;-27;0;0;0;0;0;03 Cert Mensual;En curso;Rojo;C25
00374 TERMINAL PUNTA COLORADA;1000082558;20;ZPAN;03 - Medico en Obra;;0;;;;DSUAREZ;1013024;VIATICOS COMBUSTIBLE MAINETE FC196;2;2;2;0;0;5000162823;23/2/2026;Servicios;CUMPLIDO;MAINETE JAVIER ALBERTO;MR01;31/12/2026;7/2/2026;10142487;20;1;7/2/2026;7/2/2026;C25;4500120242;20;374;1;MPITTIA;18/2/2026;30/6/2026;C25;1;23/2/2026;0;0;-162;-127;0;0;0;0;0;03 Cert Mensual;En curso - Total recepcionado;;C25
00374 TERMINAL PUNTA COLORADA;1000082575;20;ZPAN;REG-REC INTER/JAWIT-;;0;;;;MALCARAZ;1022295;RECARGA STARLINK 50 GB;10;10;10;0;0;5000165410;13/3/2026;Servicios;CUMPLIDO;JAWIT S.A.;MR01;28/2/2027;7/2/2026;10142501;20;1;18/2/2026;19/2/2026;C25;4500120415;20;374;1;MPITTIA;20/2/2026;28/2/2027;C25;1;13/3/2026;1;0;22;-352;0;0;0;0;0;Sin aclaración;En curso - Total recepcionado;;C25
00377-YPF 3° loop;1000082598;10;ZPAN;03 SERV. CONTROL DE;;0;;;;ASABATINO;1013139;SS CONTROL DE PLAGAS X MES;7;4;7;0;3;5000179625;7/7/2026;Servicios;CUMPLIDO PARCIAL;EXTER NEQUEN SRL;MR01;31/8/2026;8/2/2026;10142523;10;1;8/2/2026;9/2/2026;C25;4500120629;10;377;1;MPITTIA;23/2/2026;31/8/2026;C25;6;7/7/2026;1;1;1;-55;0;0;0;0;0;03 Cert Mensual;En curso;Verde;C25
00377-YPF 3° loop;1000082983;10;ZPAN;CRUCE TELEDIRIGIDO;;0;;;;ASABATINO;1042362;"CRUCE DIRIGIDO RN151 - LINEA 24"" CON C.";45;0;45;0;45;;;Servicios;ADJUDICADO;SOLUCIONES MARFERMAT S.R.L.;MR01;30/4/2026;13/2/2026;10142981;10;1;13/2/2026;13/2/2026;C26;4500120323;10;377;1;ALOPEZ;19/2/2026;8/5/2026;C26;0;;0;4;-51;0;0;0;0;0;0;Sin aclaración;Vencido con cant pendiente a recep;;C26
00374 TERMINAL PUNTA COLORADA;1000083071;10;ZPAN;04 - Extension Alqul;;0;;;;DSUAREZ;1013105;ALQUILER TUBOS DE ACETILENO;6;6;6;0;0;5000163814;3/3/2026;Servicios;CUMPLIDO;ESCUDERO VIVIANA ANGELICA;MR01;9/7/2026;17/2/2026;10143073;10;1;17/2/2026;18/2/2026;C24;4500120816;10;374;1;MPITTIA;25/2/2026;9/7/2026;C24;1;3/3/2026;1;0;1;-128;0;0;0;0;0;04 Cert a Demanda;En curso - Próximo a vencer;;C24
00374 TERMINAL PUNTA COLORADA;1000083071;20;ZPAN;04 - Extension Alqul;;0;;;;DSUAREZ;1013105;ALQUILER TUBOS DE OXIGENO;6;6;6;0;0;5000163814;3/3/2026;Servicios;CUMPLIDO;ESCUDERO VIVIANA ANGELICA;MR01;9/7/2026;17/2/2026;10143073;20;1;17/2/2026;18/2/2026;C24;4500120816;20;374;1;MPITTIA;25/2/2026;9/7/2026;C24;1;3/3/2026;1;0;1;-128;0;0;0;0;0;04 Cert a Demanda;En curso - Próximo a vencer;;C24
00377-YPF 3° loop;1000083249;10;ZPAN;03 SERV INT CAMIONET;;0;;;;RTELLO;1025931;SERVICIO DE INTERNET X MES;35;30;35;0;5;5000179623;7/7/2026;Servicios;CUMPLIDO PARCIAL;JAWIT S.A.;MR01;31/8/2026;19/2/2026;10143307;10;1;19/2/2026;19/2/2026;C25;4500120925;10;377;1;MPITTIA;25/2/2026;31/8/2026;C25;10;7/7/2026;0;0;1;-55;0;0;0;0;0;03 Cert Mensual;En curso;Verde;C25
00377-YPF 3° loop;1000083249;20;ZPAN;03 SERV INT CAMIONET;;0;;;;RTELLO;1022295;SERV ACT SATELITAL INTERNET;5;5;5;0;0;5000168192;2/3/2026;Servicios;CUMPLIDO;JAWIT S.A.;MR01;31/8/2026;19/2/2026;10143307;20;1;19/2/2026;19/2/2026;C25;4500120925;20;377;1;MPITTIA;25/2/2026;31/8/2026;C25;3;2/3/2026;0;0;1;-182;0;0;0;0;0;03 Cert Mensual;En curso - Total recepcionado;;C25
00374 TERMINAL PUNTA COLORADA;1000083371;10;ZPAN;03 - ALQUILER BAÑOS;;0;;;;JIBANEZ;1047100;ALQUILER DE MODULO BAÑO 6MT X MES;24;2;24;0;22;5000179015;2/7/2026;Servicios;CUMPLIDO PARCIAL;ECOPORTATILES SA;MR01;28/2/2027;21/2/2026;10143466;10;1;21/2/2026;24/2/2026;C25;4500121508;10;374;1;MPITTIA;4/3/2026;28/2/2027;C25;1;2/7/2026;3;5;22;-241;0;0;0;0;0;03 Cert Mensual;En curso;Verde;C25
00374 TERMINAL PUNTA COLORADA;1000083371;20;ZPAN;03 - ALQUILER BAÑOS;;0;;;;JIBANEZ;1013136;SERVICIO LIMPIEZA DESAGOTE BANO QUIMICO;576;0;576;0;576;;;Servicios;ADJUDICADO;ECOPORTATILES SA;MR01;28/2/2027;21/2/2026;10143466;20;1;21/2/2026;24/2/2026;C25;4500121508;20;374;1;MPITTIA;4/3/2026;28/2/2027;C25;0;;3;5;22;0;0;0;0;0;0;03 Cert Mensual;En curso;;C25
00374 TERMINAL PUNTA COLORADA;1000083377;10;ZPAN;03 - PM 2023 CAMPAME;;24;;;;SFERNANDEZ;1033267;ALQUILER DE CONTENEDOR COMEDOR 6 MT;6;3;6;0;3;5000175029;30/5/2026;Servicios;CUMPLIDO PARCIAL;BASANI SA;MR01;28/7/2026;21/2/2026;10143478;10;1;21/2/2026;24/2/2026;C04;4500122327;10;374;1;WVENTURINI;12/3/2026;28/7/2026;C04;3;30/5/2026;3;0;-12;-46;0;0;0;0;0;03 Cert Mensual;En curso - Próximo a vencer;Rojo;C04
00374 TERMINAL PUNTA COLORADA;1000083377;20;ZPAN;03 - PM 2023 CAMPAME;;24;;;;SFERNANDEZ;1033267;ALQUILER DE CONTENEDOR COMEDOR 6 MT;6;3;6;0;3;5000175029;30/5/2026;Servicios;CUMPLIDO PARCIAL;BASANI SA;MR01;28/7/2026;21/2/2026;10143478;20;1;21/2/2026;24/2/2026;C04;4500122327;20;374;1;WVENTURINI;12/3/2026;28/7/2026;C04;3;30/5/2026;3;0;-12;-46;0;0;0;0;0;03 Cert Mensual;En curso - Próximo a vencer;Rojo;C04
00377-YPF 3° loop;1000083425;10;ZPAN;ALQ IMPRESORAS;;0;;;;RTELLO;1026315;ALQ IMP XMES EPSON L15150 A3/A4 COLOR;3;3;3;0;0;5000171786;6/5/2026;Servicios;CUMPLIDO;PRINTER SRL;MR01;31/8/2026;23/2/2026;10143553;10;1;23/2/2026;2/6/2026;C25;4500121642;10;377;1;MPITTIA;5/3/2026;31/8/2026;C25;3;6/5/2026;99;0;1;-117;0;0;0;0;0;Sin aclaración;En curso - Total recepcionado;;C25
00377-YPF 3° loop;1000083425;20;ZPAN;ALQ IMPRESORAS;;0;;;;RTELLO;1026315;ALQ IMP XMES EPSON L15150  A3/A4 COLOR;3;3;3;0;0;5000171786;6/5/2026;Servicios;CUMPLIDO;PRINTER SRL;MR01;31/8/2026;23/2/2026;10143553;20;1;23/2/2026;2/6/2026;C25;4500121642;20;377;1;MPITTIA;5/3/2026;31/8/2026;C25;3;6/5/2026;99;0;1;-117;0;0;0;0;0;Sin aclaración;En curso - Total recepcionado;;C25
00374 TERMINAL PUNTA COLORADA;1000083445;10;ZPAN;03 - SERVICIO MINBUS;;0;;;;SFERNANDEZ;1022295;MINIBUS TRANSPORTE FORANEOS  24PAX X MES;10;5;10;0;5;5000179255;3/7/2026;Servicios;CUMPLIDO PARCIAL;PAZ DIEGO ADRIAN;MR01;31/12/2026;23/2/2026;10143583;10;1;23/2/2026;24/2/2026;C25;4500120745;10;374;1;MPITTIA;24/2/2026;31/12/2026;C25;5;3/7/2026;1;4;1;-181;0;0;0;0;0;03 Cert Mensual;En curso;Verde;C25
00377-YPF 3° loop;1000083615;10;ZPAN;04 SUBC PROG PLC SCA;;0;;;;RTELLO;1042362;SUBC PROGRAMACION PLC SCADA HDMI;1;0,4;1;0;0,6;5000174763;29/5/2026;Servicios;CUMPLIDO PARCIAL;CONTROL POINT S.A.;MR01;31/7/2026;25/2/2026;10143905;10;1;25/2/2026;25/2/2026;C26;4500121047;10;377;1;FDESCARREGA;26/2/2026;31/7/2026;C26;1;29/5/2026;0;1;-91;29;0;0;0;0;0;04 Cert a Demanda;En curso - Próximo a vencer;;C26
00377-YPF 3° loop;1000083794;10;ZPAN;04 SUBC. HOT TAP;;0;;;;ASABATINO;1012782;"Hot Tap en Cañería de 20"" de API 5L Gr.";2;0;2;0;2;;;Materiales genericos;ADJUDICADO;LOCKWOOD SOCIEDAD ANONIMA;MR01;31/8/2026;27/2/2026;10144081;10;1;27/2/2026;17/3/2026;C26;4500122919;10;377;1;AGONZALEZ;18/3/2026;31/8/2026;C26;0;;18;2;1;0;0;0;0;0;0;04 Cert a Demanda;En curso;;C26
00377-YPF 3° loop;1000083794;20;ZPAN;04 SUBC. HOT TAP;;0;;;;ASABATINO;1012782;"Hot Tap en Cañería de 18"" de API 5L Gr.";2;0;2;0;2;;;Materiales genericos;ADJUDICADO;LOCKWOOD SOCIEDAD ANONIMA;MR01;31/8/2026;27/2/2026;10144081;20;1;27/2/2026;17/3/2026;C26;4500122919;20;377;1;AGONZALEZ;18/3/2026;31/8/2026;C26;0;;18;2;1;0;0;0;0;0;0;04 Cert a Demanda;En curso;;C26
00374 TERMINAL PUNTA COLORADA;1000083839;10;ZPAN;03 - VIATICOS INGEAP;;0;;;;JIBANEZ;1042086;VIATICOS X DIA;1300;413;1300;0;887;5000177914;24/6/2026;Servicios;CUMPLIDO PARCIAL;INGEAP S.A.S.;MR01;30/9/2026;27/2/2026;10144137;10;1;27/2/2026;28/2/2026;C26;4500121520;10;374;1;AGONZALEZ;4/3/2026;30/9/2026;C26;7;24/6/2026;1;1;1;-98;0;0;0;0;0;03 Cert Mensual;En curso;Verde;C26
00374 TERMINAL PUNTA COLORADA;1000083866;10;ZPAN;03-AUTOELEVADOR - EX;;0;;;;JIBANEZ;1033267;SERVICIO ALQUILER AUTOELEVADOR X MES;9;5;9;0;4;5000178095;25/6/2026;Servicios;CUMPLIDO PARCIAL;GRUAS SAN BLAS S.A;MR01;31/12/2026;28/2/2026;10144172;10;1;28/2/2026;2/3/2026;C04;4500121562;10;374;1;WVENTURINI;4/3/2026;31/12/2026;C04;4;25/6/2026;2;1;1;-189;0;0;0;0;0;03 Cert Mensual;En curso;Verde;C04
00374 TERMINAL PUNTA COLORADA;1000084139;10;ZPAN;04-Subcontrato Damlu;;24;;;;DSUAREZ;1012995;SUBC PIPING JORNADA X DIA;17;17;17;0;0;5000173545;19/5/2026;Servicios;CUMPLIDO;DAMLUC SERVICIOS Y MANTENIMIENTOS S;MR01;30/7/2026;4/3/2026;10144558;10;1;4/3/2026;5/3/2026;C26;4500121921;10;374;1;AGONZALEZ;9/3/2026;30/7/2026;C26;1;19/5/2026;1;7;-60;-11;0;0;0;0;0;04 Cert a Demanda;En curso - Próximo a vencer;;C26
00377-YPF 3° loop;1000084154;10;ZPAN;03 IMPRESORA TYS;;0;;;;RTELLO;1026315;ALQ IMP RICOH COLOR X MES #20180;5;4;5;0;1;5000179643;7/7/2026;Servicios;CUMPLIDO PARCIAL;TECNICA Y SISTEMAS SRL;MR01;31/8/2026;4/3/2026;10144582;10;1;4/3/2026;5/3/2026;C25;4500122323;10;377;1;MPITTIA;12/3/2026;31/8/2026;C25;4;7/7/2026;1;0;1;-55;0;0;0;0;0;03 Cert Mensual;En curso;Verde;C25
00374 TERMINAL PUNTA COLORADA;1000084445;20;ZPAN;03 - Extension OC 45;;0;;;;DSUAREZ;1026930;ALQUILER ESTACION TOTAL;3;3;3;0;0;5000175177;1/6/2026;Servicios;CUMPLIDO;INGEAP S.A.S.;MR01;30/7/2026;9/3/2026;10144942;20;1;9/3/2026;10/3/2026;C26;4500123020;20;374;1;AGONZALEZ;19/3/2026;30/7/2026;C26;3;1/6/2026;1;8;-8;-29;0;0;0;0;0;03 Cert Mensual;En curso - Próximo a vencer;Rojo;C26
00374 TERMINAL PUNTA COLORADA;1000084472;10;ZPAN;03-IMPRESORA LASER B;;0;;;;JIBANEZ;1026315;ALQUILER IMPRESORA BYN A3 X MES;6;4;6;0;2;5000178666;29/6/2026;Servicios;CUMPLIDO PARCIAL;TECNICA Y SISTEMAS SRL;MR01;30/9/2026;10/3/2026;10144972;10;1;10/3/2026;10/3/2026;C25;4500122130;10;374;1;MPITTIA;10/3/2026;30/9/2026;C25;4;29/6/2026;0;0;1;-93;0;0;0;0;0;03 Cert Mensual;En curso;Verde;C25
00374 TERMINAL PUNTA COLORADA;1000084568;10;ZPAN;04 - Transporte El C;;0;;;;DSUAREZ;1012981;FLETE PAQUETERIA;10000000;4637099,13;10000000;0;5362900,87;5000176640;11/6/2026;Servicios;CUMPLIDO PARCIAL;TRANS.EL COYOTE PATAGONICO SRL;MR01;30/7/2026;11/3/2026;10145112;10;1;11/3/2026;11/3/2026;C15;4500124316;10;374;1;GDIAZ;7/4/2026;30/7/2026;C15;6;11/6/2026;0;3;1;-49;0;0;0;0;0;04 Cert a Demanda;En curso - Próximo a vencer;;C15
00377-YPF 3° loop;1000084608;20;ZPAN;RECARGA INTERNET;;0;;;;ASIGNORELLI;1049859;SERVICIO DE INTERNET ADICIONAL X 50 GB;5;0;5;0;5;;;Servicios;ADJUDICADO;JAWIT S.A.;MR01;30/8/2026;11/3/2026;10145164;20;1;11/3/2026;12/3/2026;C25;4500123944;20;377;1;MPITTIA;1/4/2026;30/8/2026;C25;0;;1;0;-150;0;0;0;0;0;0;Sin aclaración;En curso;;C25
00374 TERMINAL PUNTA COLORADA;1000084633;10;ZPAN;03 - SEMI PLAYO EN O;;0;;;;JIBANEZ;1033267;ALQUILER TRACTOR + PLAYO PERMANENTE;3;3;3;0;0;5000178908;1/7/2026;Servicios;CUMPLIDO;DARNET LUCIANO GASTON;MR01;30/7/2026;11/3/2026;10145191;10;1;11/3/2026;12/3/2026;C04;4500122310;10;374;1;WVENTURINI;12/3/2026;30/7/2026;C04;3;1/7/2026;1;1;-8;1;0;0;0;0;0;03 Cert Mensual;En curso - Próximo a vencer;Verde;C04
00374 TERMINAL PUNTA COLORADA;1000084724;10;ZPAN;03 - CAMPAM - ALQU P;;24;;;;MALCARAZ;1033267;PLUMIN PARA HAULOTTE HTL4017;3;2;3;0;1;5000171915;6/5/2026;Servicios;CUMPLIDO PARCIAL;IMG RENTAL SRL;MR01;30/8/2026;12/3/2026;10145310;10;1;12/3/2026;12/3/2026;C04;4500123046;10;374;1;WVENTURINI;20/3/2026;30/8/2026;C04;2;6/5/2026;0;0;-60;-55;0;0;0;0;0;03 Cert Mensual;En curso;Rojo;C04
00374 TERMINAL PUNTA COLORADA;1000084724;20;ZPAN;03 - CAMPAM - ALQU P;;24;;;;MALCARAZ;1033267;PLUMIN PARA DIECI SAMSON 75.10;3;1;3;0;2;5000175147;1/6/2026;Servicios;CUMPLIDO PARCIAL;IMG RENTAL SRL;MR01;30/8/2026;12/3/2026;10145310;20;1;12/3/2026;12/3/2026;C04;4500123046;20;374;1;WVENTURINI;20/3/2026;30/8/2026;C04;1;1/6/2026;0;0;-60;-29;0;0;0;0;0;03 Cert Mensual;En curso;Rojo;C04
00374 TERMINAL PUNTA COLORADA;1000084826;10;ZPAN;04 - Mainete Psicome;;0;;;;DSUAREZ;1013130;PSICOMETRICO MOD 3,4 Y 5;45;90;45;0;-45;5000167753;6/4/2026;Servicios;CUMPLIDO;MAINETE JAVIER ALBERTO;MR01;7/4/2026;13/3/2026;10145414;10;1;13/3/2026;14/3/2026;C25;4500122994;10;374;1;MPITTIA;19/3/2026;7/4/2026;C25;2;6/4/2026;1;0;22;-1;0;0;0;0;0;04 Cert a Demanda;Vencido con cant pendiente a recep;;C25
00377-YPF 3° loop;1000085331;10;ZPAN;ADICIONAL O.C 45- 11;;0;;;;ASABATINO;1042083;"Empalme/Cruces especiales - Caño 24""";4;4;4;0;0;5000166866;26/3/2026;Servicios;CUMPLIDO;CATEX SRL;MR01;31/8/2026;23/3/2026;10146073;10;1;23/3/2026;23/3/2026;C26;4500123233;10;377;1;AGONZALEZ;23/3/2026;31/8/2026;C26;1;26/3/2026;0;2;1;-158;0;0;0;0;0;Sin aclaración;En curso - Total recepcionado;;C26
00377-YPF 3° loop;1000085331;20;ZPAN;ADICIONAL O.C 45- 11;;0;;;;ASABATINO;1042083;Dias de Stand By;3;3;3;0;0;5000166866;26/3/2026;Servicios;CUMPLIDO;CATEX SRL;MR01;31/8/2026;23/3/2026;10146073;20;1;23/3/2026;23/3/2026;C26;4500123233;20;377;1;AGONZALEZ;23/3/2026;31/8/2026;C26;1;26/3/2026;0;2;1;-158;0;0;0;0;0;Sin aclaración;En curso - Total recepcionado;;C26
00377-YPF 3° loop;1000085439;10;ZPAN;04 GRUA 100TN ADIC P;;0;;;;CKOTRBA;1042362;ALQ. GRUA 100 TN C/ OP. X JORNADA ADICIO;4;0;4;0;4;;;Servicios;ADJUDICADO;DEINOS S.R.L.;MR01;31/7/2026;25/3/2026;10146254;10;1;25/3/2026;26/3/2026;C26;4500124039;10;377;1;AGONZALEZ;1/4/2026;31/7/2026;C26;0;;1;4;-61;0;0;0;0;0;0;04 Cert a Demanda;En curso - Próximo a vencer;;C26
00377-YPF 3° loop;1000085439;30;ZPAN;04 GRUA 100TN ADIC P;;0;;;;CKOTRBA;1013034;MOV. Y DESMOV. DE CONTRAPESOS;4;3,7;4;0;0,3;5000168221;8/4/2026;Servicios;CUMPLIDO PARCIAL;DEINOS S.R.L.;MR01;31/7/2026;25/3/2026;10146254;30;1;31/3/2026;1/4/2026;C26;4500124039;30;377;1;AGONZALEZ;1/4/2026;30/5/2026;C26;1;8/4/2026;1;4;-739828;0;0;0;0;0;0;04 Cert a Demanda;En curso - Próximo a vencer;;C26
00374 TERMINAL PUNTA COLORADA;1000085452;10;ZPAN;04 - PM SERVICIO BOM;;24;;;;SFERNANDEZ;1012984;SERVICIO BOMBA PLUMA;20;0;20;0;20;;;Servicios;ADJUDICADO;BETONSUR SRL;MR01;30/7/2026;25/3/2026;10146266;10;1;25/3/2026;25/3/2026;C18;4500126294;10;374;1;JESPARZA;28/4/2026;30/7/2026;C18;0;;0;2;-113;0;0;0;0;0;0;04 Cert a Demanda;En curso - Próximo a vencer;;C18
00374 TERMINAL PUNTA COLORADA;1000085702;30;ZPAN;CAMPAMENTO- HORMIGON;;24;;;;MALCARAZ;1012984;ALQUILER DE BOMBA;7;7;7;0;0;5000171203;30/4/2026;Servicios;CUMPLIDO;BETONSUR SRL;MR01;30/8/2026;29/3/2026;10146544;30;1;29/3/2026;30/3/2026;C18;4500124144;30;374;1;JESPARZA;6/4/2026;29/8/2026;C18;3;30/4/2026;1;8;-71;-29;0;0;0;0;0;Sin aclaración;En curso - Total recepcionado;;C18
00374 TERMINAL PUNTA COLORADA;1000085702;40;ZPAN;CAMPAMENTO- HORMIGON;;24;;;;MALCARAZ;1012983;SERVICIO DE BOMBEO;322;322;322;0;0;5000171203;30/4/2026;Servicios;CUMPLIDO;BETONSUR SRL;MR01;30/8/2026;29/3/2026;10146544;40;1;8/4/2026;9/4/2026;C18;4500124144;40;374;1;JESPARZA;6/4/2026;29/8/2026;C18;3;30/4/2026;1;8;-71;-29;0;0;0;0;0;Sin aclaración;En curso - Total recepcionado;;C18
00377-YPF 3° loop;1000085781;20;ZPAN;03 SERV. LIMP. CASAS;;0;;;;CKOTRBA;1048681;SERVICIO LIMPIEZA OBRA X MES;5;3;5;0;2;5000179562;6/7/2026;Servicios;CUMPLIDO PARCIAL;VISER'S CORPORATION S.A.S;MR01;31/8/2026;30/3/2026;10146641;20;1;30/3/2026;1/4/2026;C25;4500124921;10;377;1;MPITTIA;14/4/2026;31/8/2026;C25;3;6/7/2026;2;0;-131;76;0;0;0;0;0;03 Cert Mensual;En curso;Verde;C25
00374 TERMINAL PUNTA COLORADA;1000085833;10;ZPAN;03-Servicio Botellon;;0;;;;DSUAREZ;1022295;BIDON DE AGUA X 20LTS;3600;164;3600;0;3436;5000179379;4/7/2026;Servicios;CUMPLIDO PARCIAL;KRIGER ALEJANDRO SEBASTIAN;MR01;31/12/2026;31/3/2026;10146693;10;1;31/3/2026;31/3/2026;C25;4500124511;10;374;1;MPITTIA;9/4/2026;31/12/2026;C25;3;4/7/2026;0;56;1;-180;0;0;0;0;0;03 Cert Mensual;En curso;Verde;C25
00377-YPF 3° loop;1000085905;10;ZPAN;04 SUBC. INGENIERIA;;0;;;;ASABATINO;1013007;SUBC INGENIERIA (COMPLEMENTARIA);1;0,91;1;0;0,09;5000177860;23/6/2026;Servicios;CUMPLIDO PARCIAL;VALENZUELA YULIANA EDITH;MR01;31/8/2026;1/4/2026;10146815;10;1;1/4/2026;6/4/2026;C26;4500124411;10;377;1;AGONZALEZ;8/4/2026;31/8/2026;C26;3;23/6/2026;5;0;1;-69;0;0;0;0;0;04 Cert a Demanda;En curso;;C26
00374 TERMINAL PUNTA COLORADA;1000085958;10;ZPAN;04 - Hielo en Obra;;0;;;;DSUAREZ;1017912;REGUL SERVICIO HIELO POR BOLSON 10KG XUN;131;131;131;0;0;5000170549;24/4/2026;Servicios;CUMPLIDO;CARRIZO PATRICIA DEL CARMEN;MR01;30/7/2026;2/4/2026;10146862;10;1;2/4/2026;2/4/2026;C25;4500124412;10;374;1;MPITTIA;8/4/2026;30/7/2026;C25;1;24/4/2026;0;5;1;-97;0;0;0;0;0;04 Cert a Demanda;En curso - Próximo a vencer;;C25
00374 TERMINAL PUNTA COLORADA;1000085958;20;ZPAN;04 - Hielo en Obra;;0;;;;DSUAREZ;1017912;SERVICIO HIELO POR BOLSON 10KG XUN;2000;230;2000;0;1770;5000171586;5/5/2026;Servicios;CUMPLIDO PARCIAL;CARRIZO PATRICIA DEL CARMEN;MR01;30/7/2026;2/4/2026;10146862;20;1;2/4/2026;2/4/2026;C25;4500124414;20;374;1;MPITTIA;8/4/2026;30/7/2026;C25;2;5/5/2026;0;2;1;-86;0;0;0;0;0;04 Cert a Demanda;En curso - Próximo a vencer;;C25
00377-YPF 3° loop;1000086059;10;ZPAN;PM-SALA REUNION P-OB;;0;;;;CKOTRBA;1033267;SERV ALQ SALA DE REUNION 6X5 S/DETALLE;5;2,533;5;0;2,467;5000179573;6/7/2026;Servicios;CUMPLIDO PARCIAL;JORGE ALBERTO SOTO S.A.S.;MR01;31/8/2026;6/4/2026;10146966;10;1;6/4/2026;6/4/2026;EFO;4500124649;10;377;1;GROSES;10/4/2026;31/8/2026;EFO;3;6/7/2026;0;4;1;-56;0;0;0;0;0;Sin aclaración;En curso;;EFO
00377-YPF 3° loop;1000086059;20;ZPAN;PM-SALA REUNION P-OB;;0;;;;CKOTRBA;1022296;FLETE IDA MODULOS;1;1;1;0;0;5000174086;22/5/2026;Servicios;CUMPLIDO;JORGE ALBERTO SOTO S.A.S.;MR01;31/8/2026;6/4/2026;10146966;20;1;6/4/2026;6/4/2026;EFO;4500124649;20;377;1;GROSES;10/4/2026;31/8/2026;EFO;1;22/5/2026;0;4;1;-101;0;0;0;0;0;Sin aclaración;En curso - Total recepcionado;;EFO
00374 TERMINAL PUNTA COLORADA;1000086236;10;ZPAN;03- RSU SAPSA;;0;;;;DSUAREZ;1035384;ALQUILER DE CONTENEDORES RESIDUOS X MES;132;20,9;132;0;111,1;5000175351;2/6/2026;Servicios;CUMPLIDO PARCIAL;SOLUCIONES AMBIENTALES PATAGONIA;MR01;31/12/2026;8/4/2026;10147211;10;1;8/4/2026;9/4/2026;C25;4500124877;10;374;1;MPITTIA;13/4/2026;31/12/2026;C25;2;2/6/2026;1;8;22;-212;0;0;0;0;0;03 Cert Mensual;En curso;Rojo;C25
00374 TERMINAL PUNTA COLORADA;1000086236;20;ZPAN;03- RSU SAPSA;;0;;;;DSUAREZ;1035384;RESIDUOS HUMEDOS VERDE RSU X TN;20;10;20;0;10;5000175583;3/6/2026;Servicios;CUMPLIDO PARCIAL;SOLUCIONES AMBIENTALES PATAGONIA;MR01;31/12/2026;8/4/2026;10147211;20;1;8/4/2026;9/4/2026;C25;4500124877;20;374;1;MPITTIA;13/4/2026;31/12/2026;C25;3;3/6/2026;1;8;22;-211;0;0;0;0;0;03 Cert Mensual;En curso;Rojo;C25
00374 TERMINAL PUNTA COLORADA;1000086236;30;ZPAN;03- RSU SAPSA;;0;;;;DSUAREZ;1035384;RESIDUOS RECICLABLES AMARILLO RSU X TN;50;19;50;0;31;5000175583;3/6/2026;Servicios;CUMPLIDO PARCIAL;SOLUCIONES AMBIENTALES PATAGONIA;MR01;31/12/2026;8/4/2026;10147211;30;1;8/4/2026;9/4/2026;C25;4500124877;30;374;1;MPITTIA;13/4/2026;31/12/2026;C25;3;3/6/2026;1;8;22;-211;0;0;0;0;0;03 Cert Mensual;En curso;Rojo;C25
00374 TERMINAL PUNTA COLORADA;1000086236;40;ZPAN;03- RSU SAPSA;;0;;;;DSUAREZ;1035384;RESIDUOS RECICLABLES INDUS AZUL RSU X TN;5;0;5;0;5;;;Servicios;ADJUDICADO;SOLUCIONES AMBIENTALES PATAGONIA;MR01;31/12/2026;8/4/2026;10147211;40;1;8/4/2026;9/4/2026;C25;4500124877;40;374;1;MPITTIA;13/4/2026;31/12/2026;C25;0;;1;8;22;0;0;0;0;0;0;03 Cert Mensual;En curso;;C25
00374 TERMINAL PUNTA COLORADA;1000086236;50;ZPAN;03- RSU SAPSA;;0;;;;DSUAREZ;1035384;FLETE TRANSPORTE CONTENEDOR 5MT3 X UN;264;29;264;0;235;5000175583;3/6/2026;Servicios;CUMPLIDO PARCIAL;SOLUCIONES AMBIENTALES PATAGONIA;MR01;31/12/2026;8/4/2026;10147211;50;1;8/4/2026;9/4/2026;C25;4500124877;50;374;1;MPITTIA;13/4/2026;31/12/2026;C25;3;3/6/2026;1;8;22;-211;0;0;0;0;0;03 Cert Mensual;En curso;Rojo;C25
00374 TERMINAL PUNTA COLORADA;1000086335;10;ZPAN;03-EXTENSION- TELEBE;;0;;;;SFERNANDEZ;1033267;ALQUILER TELEBELT TBS130;3;3;3;0;0;5000176814;12/6/2026;Servicios;CUMPLIDO;SE.MI. S. A.;MR01;30/7/2026;10/4/2026;10147331;10;1;10/4/2026;10/4/2026;C04;4500125170;10;374;1;WVENTURINI;16/4/2026;30/7/2026;C04;3;12/6/2026;0;6;-100;53;0;0;0;0;0;03 Cert Mensual;En curso - Próximo a vencer;Verde;C04
00374 TERMINAL PUNTA COLORADA;1000086368;10;ZPAN;04 - ESTUDIOS PSICOM;;0;;;;JIBANEZ;1013130;ESTUDIO PSICOMETRICOS X UN;50;21;50;0;29;5000178948;1/7/2026;Servicios;CUMPLIDO PARCIAL;MAINETE JAVIER ALBERTO;MR01;30/8/2026;10/4/2026;10147351;10;1;10/4/2026;11/4/2026;C25;4500125184;10;374;1;MPITTIA;16/4/2026;30/8/2026;C25;2;1/7/2026;1;1;1;-60;0;0;0;0;0;04 Cert a Demanda;En curso;;C25
00377-YPF 3° loop;1000086434;10;ZPAN;04 HSE X ANALISIS BA;;0;;;;CKOTRBA;1013049;ANALISIS PLANTA DE EFLUENTES;4;0;4;0;4;;;Servicios;ADJUDICADO;JORGE ALBERTO SOTO S.A.S.;MR01;31/8/2026;11/4/2026;10147446;10;1;11/4/2026;13/4/2026;C25;4500131864;10;377;2;MPITTIA;2/7/2026;31/8/2026;C25;2;;2;0;1;0;0;0;0;0;0;04 Cert a Demanda;En curso;;C25
00377-YPF 3° loop;1000086486;10;ZPAN;03 SERV INT MINI STA;;0;;;;CKOTRBA;1025931;SERVICIO DE INTERNET X MES MINI STARLINK;6;4;6;0;2;5000179624;7/7/2026;Servicios;CUMPLIDO PARCIAL;JAWIT S.A.;MR01;30/9/2026;13/4/2026;10147499;10;1;13/4/2026;13/4/2026;C25;4500124956;10;377;1;MPITTIA;14/4/2026;30/9/2026;C25;4;7/7/2026;0;0;1;-85;0;0;0;0;0;03 Cert Mensual;En curso;Verde;C25
00377-YPF 3° loop;1000086486;20;ZPAN;03 SERV INT MINI STA;;0;;;;CKOTRBA;1025931;SERVICIO DE INTERNET X MES MINI STARLINK;6;4;6;0;2;5000179624;7/7/2026;Servicios;CUMPLIDO PARCIAL;JAWIT S.A.;MR01;30/9/2026;13/4/2026;10147499;20;1;13/4/2026;13/4/2026;C25;4500124956;20;377;1;MPITTIA;14/4/2026;30/9/2026;C25;4;7/7/2026;0;0;1;-85;0;0;0;0;0;03 Cert Mensual;En curso;Verde;C25
00377-YPF 3° loop;1000086486;30;ZPAN;03 SERV INT MINI STA;;0;;;;CKOTRBA;1025931;SERVICIO DE INTERNET X MES MINI STARLINK;6;4;6;0;2;5000179624;7/7/2026;Servicios;CUMPLIDO PARCIAL;JAWIT S.A.;MR01;30/9/2026;13/4/2026;10147499;30;1;13/4/2026;13/4/2026;C25;4500124956;30;377;1;MPITTIA;14/4/2026;30/9/2026;C25;4;7/7/2026;0;0;1;-85;0;0;0;0;0;03 Cert Mensual;En curso;Verde;C25
00377-YPF 3° loop;1000086486;40;ZPAN;03 SERV INT MINI STA;;0;;;;CKOTRBA;1025931;SERVICIO DE INTERNET X MES MINI STARLINK;6;4;6;0;2;5000179624;7/7/2026;Servicios;CUMPLIDO PARCIAL;JAWIT S.A.;MR01;30/9/2026;13/4/2026;10147499;40;1;13/4/2026;13/4/2026;C25;4500124956;40;377;1;MPITTIA;14/4/2026;30/9/2026;C25;4;7/7/2026;0;0;1;-85;0;0;0;0;0;03 Cert Mensual;En curso;Verde;C25
00377-YPF 3° loop;1000086486;50;ZPAN;03 SERV INT MINI STA;;0;;;;CKOTRBA;1025931;SERVICIO DE INTERNET X MES MINI STARLINK;6;5;6;0;1;5000179624;7/7/2026;Servicios;CUMPLIDO PARCIAL;JAWIT S.A.;MR01;30/9/2026;13/4/2026;10147499;50;1;13/4/2026;13/4/2026;C25;4500124956;50;377;1;MPITTIA;14/4/2026;30/9/2026;C25;5;7/7/2026;0;0;1;-85;0;0;0;0;0;03 Cert Mensual;En curso;Verde;C25
00377-YPF 3° loop;1000086486;60;ZPAN;03 SERV INT MINI STA;;0;;;;CKOTRBA;1022295;ACTIVACION DE SERV. SATELITAL;5;5;5;0;0;5000169521;17/4/2026;Servicios;CUMPLIDO;JAWIT S.A.;MR01;30/9/2026;13/4/2026;10147499;60;1;13/4/2026;13/4/2026;C25;4500124956;60;377;1;MPITTIA;14/4/2026;30/9/2026;C25;1;17/4/2026;0;0;1;-166;0;0;0;0;0;03 Cert Mensual;En curso - Total recepcionado;;C25
00377-YPF 3° loop;1000086566;20;ZPAN;03 SERV INT BDM/PORT;;0;;;;RTELLO;1025931;SERVICIO DE INTERNET X MES;5;5;5;0;0;5000179622;7/7/2026;Servicios;CUMPLIDO;JAWIT S.A.;MR01;31/8/2026;14/4/2026;10147676;20;1;14/4/2026;15/4/2026;C25;4500125476;20;377;1;MPITTIA;20/4/2026;31/8/2026;C25;4;7/7/2026;1;2;-117;63;0;0;0;0;0;03 Cert Mensual;En curso - Total recepcionado;;C25
00377-YPF 3° loop;1000086575;10;ZPAN;03 SS INTERNET OBRAD;;0;;;;RTELLO;1025931;SERVICIO DE INTERNET X MES;6;3;6;0;3;5000179621;7/7/2026;Servicios;CUMPLIDO PARCIAL;JAWIT S.A.;MR01;30/9/2026;14/4/2026;10147684;10;1;14/4/2026;15/4/2026;C25;4500125233;10;377;1;MPITTIA;16/4/2026;30/9/2026;C25;5;7/7/2026;1;1;1;-85;0;0;0;0;0;03 Cert Mensual;En curso;Verde;C25
00377-YPF 3° loop;1000086654;10;ZPAN;03 SERV AGUA POTABLE;;0;;;;RTELLO;1010725;BIDON DE AGUA 20 L.;1000;679;1000;0;321;5000179128;11/6/2026;Materiales usuales;RECEPCIONADO PARCIAL;ABIUSI ANALIA VERONICA;MR01;31/8/2026;15/4/2026;10147754;10;1;15/4/2026;15/4/2026;C25;4500127161;10;377;1;MPITTIA;8/5/2026;31/8/2026;C25;5;11/6/2026;0;0;1;-81;0;0;0;0;0;03 Cert Mensual;En curso;Verde;C25
00377-YPF 3° loop;1000086654;20;ZPAN;03 SERV AGUA POTABLE;;0;;;;RTELLO;1017912;HIELO POR BOLSON X 2 KG;1000;244;1000;0;756;5000173123;11/5/2026;Servicios;CUMPLIDO PARCIAL;ABIUSI ANALIA VERONICA;MR01;31/8/2026;15/4/2026;10147754;20;1;15/4/2026;15/4/2026;C25;4500127161;20;377;1;MPITTIA;8/5/2026;31/8/2026;C25;3;11/5/2026;0;0;1;-112;0;0;0;0;0;03 Cert Mensual;En curso;Rojo;C25
00377-YPF 3° loop;1000086748;10;ZPAN;04 CONT RESI PELIGRO;;0;;;;RTELLO;1022295;RSU INDUST - DISP FINAL X TN;10;0;10;0;10;;;Servicios;ADJUDICADO;SOLUCIONES AMBIENTALES PATAGONIA;MR01;30/8/2026;16/4/2026;10147881;10;1;16/4/2026;16/4/2026;C25;4500125828;10;377;1;MPITTIA;23/4/2026;30/8/2026;C25;0;;0;4;-114;0;0;0;0;0;0;04 Cert a Demanda;En curso;;C25
00374 TERMINAL PUNTA COLORADA;1000086830;30;ZPAN;HORMIGON P/ OBRA- BE;;0;;;;SFERNANDEZ;1012984;SERVICIO BOMBA H° TELESCOPICA;15;15;15;0;0;5000178577;29/6/2026;Servicios;CUMPLIDO;BETONSUR SRL;MR01;30/8/2026;18/4/2026;10148035;30;1;18/4/2026;20/4/2026;C18;4500126369;30;374;1;JESPARZA;29/4/2026;29/8/2026;C18;9;29/6/2026;2;7;-96;35;0;0;0;0;0;Sin aclaración;En curso - Total recepcionado;;C18
00374 TERMINAL PUNTA COLORADA;1000086830;40;ZPAN;HORMIGON P/ OBRA- BE;;0;;;;SFERNANDEZ;1012983;SERVICIO DE BOMBEO;700;700;700;0;0;5000177230;18/6/2026;Servicios;CUMPLIDO;BETONSUR SRL;MR01;30/8/2026;18/4/2026;10148035;40;1;18/4/2026;20/4/2026;C18;4500126369;40;374;1;JESPARZA;29/4/2026;29/8/2026;C18;6;18/6/2026;2;7;-96;24;0;0;0;0;0;Sin aclaración;En curso - Total recepcionado;;C18
00374 TERMINAL PUNTA COLORADA;1000086833;30;ZPAN;04 - HORMIGON P/OBRA;;0;;;;SFERNANDEZ;1012984;SERVICIO BOMBA H° TELESCOPICA;15;1;15;0;14;5000175159;1/6/2026;Servicios;CUMPLIDO PARCIAL;CEMENTOS & CONSTRUCCIONES CF S. A.;MR01;25/10/2026;18/4/2026;10148038;30;1;18/4/2026;20/4/2026;C18;4500128279;30;374;1;JESPARZA;21/5/2026;25/10/2026;C18;1;1/6/2026;2;5;22;-146;0;0;0;0;0;04 Cert a Demanda;En curso;;C18
00374 TERMINAL PUNTA COLORADA;1000086833;40;ZPAN;04 - HORMIGON P/OBRA;;0;;;;SFERNANDEZ;1012983;SERVICIO DE BOMBEO;1200;126;1200;0;1074;5000175159;1/6/2026;Servicios;CUMPLIDO PARCIAL;CEMENTOS & CONSTRUCCIONES CF S. A.;MR01;25/10/2026;18/4/2026;10148038;40;1;18/4/2026;20/4/2026;C18;4500128279;40;374;1;JESPARZA;21/5/2026;25/10/2026;C18;1;1/6/2026;2;5;22;-146;0;0;0;0;0;04 Cert a Demanda;En curso;;C18
00377-YPF 3° loop;1000086869;20;ZPAN;CURSO AMOLADOR;;0;;;;RTELLO;1022295;CURSO AMOLADOR x UN;5;3;5;0;2;5000173361;16/5/2026;Servicios;CUMPLIDO PARCIAL;BUSTOS MARIA LORENA;MR01;30/5/2026;20/4/2026;10148066;20;1;23/4/2026;23/4/2026;C25;4500126081;20;377;1;MPITTIA;27/4/2026;11/5/2026;C25;3;16/5/2026;0;0;-18;5;0;0;0;0;0;Sin aclaración;Vencido con cant pendiente a recep;;C25
00374 TERMINAL PUNTA COLORADA;1000086927;10;ZPAN;04- SUBCONTRATO INGE;;24;;;;SFERNANDEZ;1042362;SUB.ISOMETRICO OD-4579-04 /05 /09/10/11;1;1;1;0;0;5000174170;22/5/2026;Servicios;CUMPLIDO;HR INDUSTRIAL SAS;MR01;18/7/2026;20/4/2026;10148127;10;1;20/4/2026;24/4/2026;C26;4500126154;10;374;1;YCOLMAN;27/4/2026;18/7/2026;C26;2;22/5/2026;4;3;-60;4;0;0;0;0;0;04 Cert a Demanda;En curso - Próximo a vencer;;C26
00374 TERMINAL PUNTA COLORADA;1000086927;20;ZPAN;04- SUBCONTRATO INGE;;24;;;;SFERNANDEZ;1042362;SUB. EPP /CONSUMIBLES (SEGUN DETALLE);1;1;1;0;0;5000174170;22/5/2026;Servicios;CUMPLIDO;HR INDUSTRIAL SAS;MR01;18/7/2026;20/4/2026;10148127;20;1;20/4/2026;24/4/2026;C26;4500126154;20;374;1;YCOLMAN;27/4/2026;18/7/2026;C26;2;22/5/2026;4;3;-60;4;0;0;0;0;0;04 Cert a Demanda;En curso - Próximo a vencer;;C26
00374 TERMINAL PUNTA COLORADA;1000086927;30;ZPAN;04- SUBCONTRATO INGE;;24;;;;SFERNANDEZ;1042362;SUB. MO (SEGUN DETALLLE);1;1;1;0;0;5000174170;22/5/2026;Servicios;CUMPLIDO;HR INDUSTRIAL SAS;MR01;18/7/2026;20/4/2026;10148127;30;1;20/4/2026;24/4/2026;C26;4500126154;30;374;1;YCOLMAN;27/4/2026;18/7/2026;C26;2;22/5/2026;4;3;-60;4;0;0;0;0;0;04 Cert a Demanda;En curso - Próximo a vencer;;C26
00374 TERMINAL PUNTA COLORADA;1000086927;40;ZPAN;04- SUBCONTRATO INGE;;24;;;;SFERNANDEZ;1042362;SUB. PROVISION DE EQUIPOS(SEGUN DETALLE);1;1;1;0;0;5000174170;22/5/2026;Servicios;CUMPLIDO;HR INDUSTRIAL SAS;MR01;18/7/2026;20/4/2026;10148127;40;1;20/4/2026;24/4/2026;C26;4500126154;40;374;1;YCOLMAN;27/4/2026;18/7/2026;C26;2;22/5/2026;4;3;-60;4;0;0;0;0;0;04 Cert a Demanda;En curso - Próximo a vencer;;C26
00374 TERMINAL PUNTA COLORADA;1000086927;50;ZPAN;04- SUBCONTRATO INGE;;24;;;;SFERNANDEZ;1042362;SUB.INSPECTORES/VEHICULO/TRANSP (S/DETAL;1;1;1;0;0;5000174170;22/5/2026;Servicios;CUMPLIDO;HR INDUSTRIAL SAS;MR01;18/7/2026;20/4/2026;10148127;50;1;20/4/2026;24/4/2026;C26;4500126154;50;374;1;YCOLMAN;27/4/2026;18/7/2026;C26;2;22/5/2026;4;3;-60;4;0;0;0;0;0;04 Cert a Demanda;En curso - Próximo a vencer;;C26
00374 TERMINAL PUNTA COLORADA;1000086937;10;ZPAN;04-SUB-TRABAJOS TK 4;;24;;;;SFERNANDEZ;1042362;SUB.MO- MONTAJE Y PRUEBA NEUMATICA;2;2;2;0;0;5000175394;3/6/2026;Servicios;CUMPLIDO;HR INDUSTRIAL SAS;MR01;18/7/2026;20/4/2026;10148136;10;1;20/4/2026;21/4/2026;C26;4500126136;10;374;1;YCOLMAN;27/4/2026;18/7/2026;C26;1;3/6/2026;1;3;-60;16;0;0;0;0;0;04 Cert a Demanda;En curso - Próximo a vencer;;C26
00374 TERMINAL PUNTA COLORADA;1000086937;20;ZPAN;04-SUB-TRABAJOS TK 4;;24;;;;SFERNANDEZ;1042362;SUB.MO- DESINTALACION DE INSTRUMENTAL;1;1;1;0;0;5000175394;3/6/2026;Servicios;CUMPLIDO;HR INDUSTRIAL SAS;MR01;18/7/2026;20/4/2026;10148136;20;1;20/4/2026;21/4/2026;C26;4500126136;20;374;1;YCOLMAN;27/4/2026;18/7/2026;C26;1;3/6/2026;1;3;-60;16;0;0;0;0;0;04 Cert a Demanda;En curso - Próximo a vencer;;C26
00374 TERMINAL PUNTA COLORADA;1000086937;30;ZPAN;04-SUB-TRABAJOS TK 4;;24;;;;SFERNANDEZ;1042362;SUB.MATERIALES Y CONSUMIBLES;1;1;1;0;0;5000175394;3/6/2026;Servicios;CUMPLIDO;HR INDUSTRIAL SAS;MR01;18/7/2026;20/4/2026;10148136;30;1;20/4/2026;21/4/2026;C26;4500126136;30;374;1;YCOLMAN;27/4/2026;18/7/2026;C26;1;3/6/2026;1;3;-60;16;0;0;0;0;0;04 Cert a Demanda;En curso - Próximo a vencer;;C26
00374 TERMINAL PUNTA COLORADA;1000086937;40;ZPAN;04-SUB-TRABAJOS TK 4;;24;;;;SFERNANDEZ;1042362;"SUB.MATERIALES -BRIDAS 24""";1;1;1;0;0;5000175394;3/6/2026;Servicios;CUMPLIDO;HR INDUSTRIAL SAS;MR01;18/7/2026;20/4/2026;10148136;40;1;20/4/2026;21/4/2026;C26;4500126136;40;374;1;YCOLMAN;27/4/2026;18/7/2026;C26;1;3/6/2026;1;3;-60;16;0;0;0;0;0;04 Cert a Demanda;En curso - Próximo a vencer;;C26
00374 TERMINAL PUNTA COLORADA;1000086937;50;ZPAN;04-SUB-TRABAJOS TK 4;;24;;;;SFERNANDEZ;1042362;SUB.INSTRUMENTACION;1;1;1;0;0;5000175394;3/6/2026;Servicios;CUMPLIDO;HR INDUSTRIAL SAS;MR01;18/7/2026;20/4/2026;10148136;50;1;20/4/2026;21/4/2026;C26;4500126136;50;374;1;YCOLMAN;27/4/2026;18/7/2026;C26;1;3/6/2026;1;3;-60;16;0;0;0;0;0;04 Cert a Demanda;En curso - Próximo a vencer;;C26
00374 TERMINAL PUNTA COLORADA;1000086937;60;ZPAN;04-SUB-TRABAJOS TK 4;;24;;;;SFERNANDEZ;1042362;SUB.INSTRUMENTACION-EQUIPO DE ELEVACION;2;2;2;0;0;5000175394;3/6/2026;Servicios;CUMPLIDO;HR INDUSTRIAL SAS;MR01;18/7/2026;20/4/2026;10148136;60;1;20/4/2026;21/4/2026;C26;4500126136;60;374;1;YCOLMAN;27/4/2026;18/7/2026;C26;1;3/6/2026;1;3;-60;16;0;0;0;0;0;04 Cert a Demanda;En curso - Próximo a vencer;;C26
00374 TERMINAL PUNTA COLORADA;1000086937;70;ZPAN;04-SUB-TRABAJOS TK 4;;24;;;;SFERNANDEZ;1042362;SUB.INGENIERIA Y DOC-ARMADO PROCEDIMIENT;1;1;1;0;0;5000175394;3/6/2026;Servicios;CUMPLIDO;HR INDUSTRIAL SAS;MR01;18/7/2026;20/4/2026;10148136;70;1;20/4/2026;21/4/2026;C26;4500126136;70;374;1;YCOLMAN;27/4/2026;18/7/2026;C26;1;3/6/2026;1;3;-60;16;0;0;0;0;0;04 Cert a Demanda;En curso - Próximo a vencer;;C26
00374 TERMINAL PUNTA COLORADA;1000086937;80;ZPAN;04-SUB-TRABAJOS TK 4;;24;;;;SFERNANDEZ;1042362;SUB.INGENIERIA Y DOC-INFORME FINAL;1;1;1;0;0;5000175394;3/6/2026;Servicios;CUMPLIDO;HR INDUSTRIAL SAS;MR01;18/7/2026;20/4/2026;10148136;80;1;20/4/2026;21/4/2026;C26;4500126136;80;374;1;YCOLMAN;27/4/2026;18/7/2026;C26;1;3/6/2026;1;3;-60;16;0;0;0;0;0;04 Cert a Demanda;En curso - Próximo a vencer;;C26
00374 TERMINAL PUNTA COLORADA;1000086937;90;ZPAN;04-SUB-TRABAJOS TK 4;;24;;;;SFERNANDEZ;1042362;SUB.SEGURIDAD- PLAN DE SEGURIDAD;2;2;2;0;0;5000175394;3/6/2026;Servicios;CUMPLIDO;HR INDUSTRIAL SAS;MR01;18/7/2026;20/4/2026;10148136;90;1;20/4/2026;21/4/2026;C26;4500126136;90;374;1;YCOLMAN;27/4/2026;18/7/2026;C26;1;3/6/2026;1;3;-60;16;0;0;0;0;0;04 Cert a Demanda;En curso - Próximo a vencer;;C26
00377-YPF 3° loop;1000086963;10;ZPAN;ENSAYOS PROBETAS;;0;;;;RTELLO;1013000;ENSAYO DE PROBETA HORMIGON;30;17;30;0;13;5000177331;18/6/2026;Servicios;CUMPLIDO PARCIAL;GEOCONSULT SRL;MR01;30/5/2026;21/4/2026;10148169;10;1;21/4/2026;21/4/2026;C20;4500126029;10;377;1;PRODRIGUEZ;24/4/2026;10/8/2026;C20;2;18/6/2026;0;0;-21;41;0;0;0;0;0;Sin aclaración;Vencido con cant pendiente a recep;;C20
00374 TERMINAL PUNTA COLORADA;1000087070;10;ZPAN;04 - Control de Carg;;0;;;;DSUAREZ;1026923;DISPENSER PUMP CONTROL 400L/M 24M3/H;1;0;1;0;1;;;Servicios;ADJUDICADO;PUMP CONTROL SRL;MR01;2/8/2026;22/4/2026;10148322;10;1;22/4/2026;22/4/2026;C23;4500126194;10;374;1;JESPARZA;28/4/2026;2/8/2026;C23;0;;0;13;-80;0;0;0;0;0;0;04 Cert a Demanda;En curso - Próximo a vencer;;C23
00374 TERMINAL PUNTA COLORADA;1000087070;20;ZPAN;04 - Control de Carg;;0;;;;DSUAREZ;1026923;COMPUTADOR KI04;1;0;1;0;1;;;Servicios;ADJUDICADO;PUMP CONTROL SRL;MR01;2/8/2026;22/4/2026;10148322;20;1;22/4/2026;22/4/2026;C23;4500126194;20;374;1;JESPARZA;28/4/2026;2/8/2026;C23;0;;0;13;-80;0;0;0;0;0;0;04 Cert a Demanda;En curso - Próximo a vencer;;C23
00374 TERMINAL PUNTA COLORADA;1000087070;30;ZPAN;04 - Control de Carg;;0;;;;DSUAREZ;1026923;EMISOR DE PULSOS 100P/V 2CH;1;0;1;0;1;;;Servicios;ADJUDICADO;PUMP CONTROL SRL;MR01;2/8/2026;22/4/2026;10148322;30;1;22/4/2026;22/4/2026;C23;4500126194;30;374;1;JESPARZA;28/4/2026;2/8/2026;C23;0;;0;13;-80;0;0;0;0;0;0;04 Cert a Demanda;En curso - Próximo a vencer;;C23
00374 TERMINAL PUNTA COLORADA;1000087070;40;ZPAN;04 - Control de Carg;;0;;;;DSUAREZ;1026923;FLEET MINI BASE;1;0;1;0;1;;;Servicios;ADJUDICADO;PUMP CONTROL SRL;MR01;2/8/2026;22/4/2026;10148322;40;1;22/4/2026;22/4/2026;C23;4500126194;40;374;1;JESPARZA;28/4/2026;2/8/2026;C23;0;;0;13;-80;0;0;0;0;0;0;04 Cert a Demanda;En curso - Próximo a vencer;;C23
00374 TERMINAL PUNTA COLORADA;1000087070;50;ZPAN;04 - Control de Carg;;0;;;;DSUAREZ;1026923;MODULO DE ALIMENTACION 110/220 VAC;1;0;1;0;1;;;Servicios;ADJUDICADO;PUMP CONTROL SRL;MR01;2/8/2026;22/4/2026;10148322;50;1;22/4/2026;22/4/2026;C23;4500126194;50;374;1;JESPARZA;28/4/2026;2/8/2026;C23;0;;0;13;-80;0;0;0;0;0;0;04 Cert a Demanda;En curso - Próximo a vencer;;C23
00374 TERMINAL PUNTA COLORADA;1000087070;60;ZPAN;04 - Control de Carg;;0;;;;DSUAREZ;1026923;MODULO LECTOR TARJETA C-FLEX;1;0;1;0;1;;;Servicios;ADJUDICADO;PUMP CONTROL SRL;MR01;2/8/2026;22/4/2026;10148322;60;1;22/4/2026;22/4/2026;C23;4500126194;60;374;1;JESPARZA;28/4/2026;2/8/2026;C23;0;;0;13;-80;0;0;0;0;0;0;04 Cert a Demanda;En curso - Próximo a vencer;;C23
00374 TERMINAL PUNTA COLORADA;1000087070;70;ZPAN;04 - Control de Carg;;0;;;;DSUAREZ;1026923;PEDESTAL;1;0;1;0;1;;;Servicios;ADJUDICADO;PUMP CONTROL SRL;MR01;2/8/2026;22/4/2026;10148322;70;1;22/4/2026;22/4/2026;C23;4500126194;70;374;1;JESPARZA;28/4/2026;2/8/2026;C23;0;;0;13;-80;0;0;0;0;0;0;04 Cert a Demanda;En curso - Próximo a vencer;;C23
00374 TERMINAL PUNTA COLORADA;1000087070;80;ZPAN;04 - Control de Carg;;0;;;;DSUAREZ;1026923;INSTALACION Y PUESTA EN MARCHA;1;0;1;0;1;;;Servicios;ADJUDICADO;PUMP CONTROL SRL;MR01;2/8/2026;22/4/2026;10148322;80;1;22/4/2026;22/4/2026;C23;4500126194;80;374;1;JESPARZA;28/4/2026;2/8/2026;C23;0;;0;13;-80;0;0;0;0;0;0;04 Cert a Demanda;En curso - Próximo a vencer;;C23
00374 TERMINAL PUNTA COLORADA;1000087070;90;ZPAN;04 - Control de Carg;;0;;;;DSUAREZ;1026923;IDENTIFICADOR TAG TIPO LLAVERO HTS256;3;0;3;0;3;;;Servicios;ADJUDICADO;PUMP CONTROL SRL;MR01;2/8/2026;22/4/2026;10148322;90;1;22/4/2026;22/4/2026;C23;4500126194;90;374;1;JESPARZA;28/4/2026;2/8/2026;C23;0;;0;13;-80;0;0;0;0;0;0;04 Cert a Demanda;En curso - Próximo a vencer;;C23
00374 TERMINAL PUNTA COLORADA;1000087070;100;ZPAN;04 - Control de Carg;;0;;;;DSUAREZ;1026923;MODULO ROUTER Y AP WIFI/3G;1;0;1;0;1;;;Servicios;ADJUDICADO;PUMP CONTROL SRL;MR01;2/8/2026;22/4/2026;10148322;100;1;22/4/2026;22/4/2026;C23;4500126194;100;374;1;JESPARZA;28/4/2026;2/8/2026;C23;0;;0;13;-80;0;0;0;0;0;0;04 Cert a Demanda;En curso - Próximo a vencer;;C23
00374 TERMINAL PUNTA COLORADA;1000087070;110;ZPAN;04 - Control de Carg;;0;;;;DSUAREZ;1026923;MODULO INTERFASE Y FUENTE ALIMENTACION;1;0;1;0;1;;;Servicios;ADJUDICADO;PUMP CONTROL SRL;MR01;2/8/2026;22/4/2026;10148322;110;1;22/4/2026;22/4/2026;C23;4500126194;110;374;1;JESPARZA;28/4/2026;2/8/2026;C23;0;;0;13;-80;0;0;0;0;0;0;04 Cert a Demanda;En curso - Próximo a vencer;;C23
00374 TERMINAL PUNTA COLORADA;1000087070;120;ZPAN;04 - Control de Carg;;0;;;;DSUAREZ;1026923;SONDA TELEMEDICION PUMP STICK PRO A-2,75;1;0;1;0;1;;;Servicios;ADJUDICADO;PUMP CONTROL SRL;MR01;2/8/2026;22/4/2026;10148322;120;1;22/4/2026;22/4/2026;C23;4500126194;120;374;1;JESPARZA;28/4/2026;2/8/2026;C23;0;;0;13;-80;0;0;0;0;0;0;04 Cert a Demanda;En curso - Próximo a vencer;;C23
00374 TERMINAL PUNTA COLORADA;1000087070;130;ZPAN;04 - Control de Carg;;0;;;;DSUAREZ;1026923;KIT ACCESORIOS PARA SONDA PRO A;1;0;1;0;1;;;Servicios;ADJUDICADO;PUMP CONTROL SRL;MR01;2/8/2026;22/4/2026;10148322;130;1;22/4/2026;22/4/2026;C23;4500126194;130;374;1;JESPARZA;28/4/2026;2/8/2026;C23;0;;0;13;-80;0;0;0;0;0;0;04 Cert a Demanda;En curso - Próximo a vencer;;C23
00374 TERMINAL PUNTA COLORADA;1000087070;140;ZPAN;04 - Control de Carg;;0;;;;DSUAREZ;1026923;"NIPLE 4"" X50CM M-M GALVANIZADO";1;0;1;0;1;;;Servicios;ADJUDICADO;PUMP CONTROL SRL;MR01;2/8/2026;22/4/2026;10148322;140;1;22/4/2026;22/4/2026;C23;4500126194;140;374;1;JESPARZA;28/4/2026;2/8/2026;C23;0;;0;13;-80;0;0;0;0;0;0;04 Cert a Demanda;En curso - Próximo a vencer;;C23
00374 TERMINAL PUNTA COLORADA;1000087070;150;ZPAN;04 - Control de Carg;;0;;;;DSUAREZ;1026923;"TAPA POLIPROPILENO 4"" C/PRENSACABLE 1/2""";1;0;1;0;1;;;Servicios;ADJUDICADO;PUMP CONTROL SRL;MR01;2/8/2026;22/4/2026;10148322;150;1;22/4/2026;22/4/2026;C23;4500126194;150;374;1;JESPARZA;28/4/2026;2/8/2026;C23;0;;0;13;-80;0;0;0;0;0;0;04 Cert a Demanda;En curso - Próximo a vencer;;C23
00377-YPF 3° loop;1000087083;10;ZPAN;04 SUB.EXCAV.C/CRIBA;;0;;;;CKOTRBA;1042362;ALQ. EXCAV. C/ OPE - B- CRIBADOR X MES;1;0;1;0;1;;;Servicios;ADJUDICADO;SULLAIR ARGENTINA S.A;MR01;31/5/2026;22/4/2026;10148346;10;1;22/4/2026;23/4/2026;C26;4500125916;10;377;1;WVENTURINI;23/4/2026;28/7/2026;C04;0;;1;6;1;0;0;0;0;0;0;04 Cert a Demanda;Vencido con cant pendiente a recep;;C04
00377-YPF 3° loop;1000087181;10;ZPAN;REGULARIZACION RSV;;0;;;;RTELLO;1022295;SERV TECN - SOFTWARE RSV;3;0;3;0;3;;;Servicios;ADJUDICADO;AC SAT S.R.L.;MR01;14/5/2026;23/4/2026;10148509;10;1;23/4/2026;23/4/2026;EFO;4500126080;10;377;1;GROSES;27/4/2026;14/5/2026;EFO;0;;0;0;1;0;0;0;0;0;0;Sin aclaración;Vencido con cant pendiente a recep;;EFO
00374 TERMINAL PUNTA COLORADA;1000087204;10;ZPAN;04-Remis Obra 374;;0;;;;DSUAREZ;1022296;SERVICIO REMIS POR KM - ANDRADE;15000;14855;15000;0;145;5000177927;24/6/2026;Servicios;CUMPLIDO PARCIAL;ANDRADE ERIC ALEXIS;MR01;31/12/2026;24/4/2026;10148538;10;1;24/4/2026;26/5/2026;C25;4500127369;10;374;1;MPITTIA;12/5/2026;31/12/2026;C25;8;24/6/2026;32;2;1;-190;0;0;0;0;0;04 Cert a Demanda;En curso;;C25
00374 TERMINAL PUNTA COLORADA;1000087204;20;ZPAN;04-Remis Obra 374;;0;;;;DSUAREZ;1022296;SERVICIO REMIS POR KM - FIBER;30000;0;30000;0;30000;;;Servicios;ADJUDICADO;HINOFUENTES HECTOR BELENCO;MR01;31/12/2026;24/4/2026;10148538;20;1;24/4/2026;24/4/2026;C25;4500126712;20;374;1;MPITTIA;5/5/2026;31/12/2026;C25;0;;0;1;1;0;0;0;0;0;0;04 Cert a Demanda;En curso;;C25
00374 TERMINAL PUNTA COLORADA;1000087214;10;ZPAN;04- EXTENSION DIRECT;;0;;;;SFERNANDEZ;1012981;FLETE PAQUETERIA DIRECTO SUR-;10000000;9849049,5;10000000;0;150950,5;5000179201;3/7/2026;Servicios;CUMPLIDO PARCIAL;DIRECTO SUR S. R. L.;MR01;31/12/2026;24/4/2026;10148546;10;1;24/4/2026;24/4/2026;C15;4500128657;10;374;1;GDIAZ;27/5/2026;31/12/2026;C15;5;3/7/2026;0;0;-162;3;0;0;0;0;0;04 Cert a Demanda;En curso;;C15
00377-YPF 3° loop;1000087294;10;ZPAN;03 SERV CONS. AMBIEN;;0;;;;RTELLO;1027343;SERV.CONSUL. AMBIENTAL X MES;3;2;3;0;1;5000175281;2/6/2026;Servicios;CUMPLIDO PARCIAL;STEP ENERGY S. A. S.;MR01;30/7/2026;26/4/2026;10148646;10;1;26/4/2026;27/4/2026;C25;4500127027;10;377;1;MPITTIA;7/5/2026;30/7/2026;C25;2;2/6/2026;1;1;1;-58;0;0;0;0;0;03 Cert Mensual;En curso - Próximo a vencer;Rojo;C25
00374 TERMINAL PUNTA COLORADA;1000087352;10;ZPAN;Radios Nexer;;0;;;;DSUAREZ;1013033;SERVICIO DE REPARACION EQUIPOS;1;1;1;0;0;5000176963;16/6/2026;Servicios;CUMPLIDO;NEXER S.A.;MR01;18/7/2026;27/4/2026;10148725;10;1;27/4/2026;28/4/2026;374;4500126355;10;374;1;JJCABRERA;29/4/2026;29/7/2026;374;1;16/6/2026;1;0;-39;29;0;0;0;0;0;Sin aclaración;En curso - Próximo a vencer;;374
00377-YPF 3° loop;1000087466;20;ZPAN;PM N° 32 REG. LENOR;;0;;;;CKOTRBA;1016081;Certificado de Operadores;3;2;3;0;1;5000172169;7/5/2026;Servicios;CUMPLIDO PARCIAL;LENOR SRL;MR01;8/5/2026;28/4/2026;10148813;20;1;28/4/2026;28/4/2026;EFO;4500126396;20;377;1;GROSES;29/4/2026;8/5/2026;EFO;1;7/5/2026;0;0;1;-1;0;0;0;0;0;Sin aclaración;Vencido con cant pendiente a recep;;EFO
00374 TERMINAL PUNTA COLORADA;1000087485;20;ZPAN;Regularizacion La An;;0;;;;DSUAREZ;1013024;VIATICOS 10,5%;50000000;35798239,61;50000000;0;14201760,39;5000178687;30/6/2026;Servicios;CUMPLIDO PARCIAL;SA IMPORTADORA Y EXP. DE LA PA;MR01;19/12/2026;28/4/2026;10148831;20;1;28/4/2026;29/4/2026;C25;4500126903;20;374;2;MPITTIA;6/5/2026;19/12/2026;C25;5;30/6/2026;1;5;1;-172;0;0;0;0;0;Sin aclaración;En curso;;C25
00374 TERMINAL PUNTA COLORADA;1000087492;10;ZPAN;03 - SERVICIO DE GOM;;0;;;;JIBANEZ;1034203;DESARME/ARME+ REP. liviano;100;27;100;0;73;5000179045;2/7/2026;Servicios;CUMPLIDO PARCIAL;CONTRERAS BRIAN ALEXANDER;MR01;31/12/2026;29/4/2026;10148857;10;1;29/4/2026;29/4/2026;C04;4500126452;10;374;1;GROSES;30/4/2026;31/12/2026;C04;2;2/7/2026;0;47;22;-182;0;0;0;0;0;03 Cert Mensual;En curso;Verde;C04
00374 TERMINAL PUNTA COLORADA;1000087492;20;ZPAN;03 - SERVICIO DE GOM;;0;;;;JIBANEZ;1034203;DESARME/ARME+ REP. camion s/camara;80;10;80;0;70;5000179045;2/7/2026;Servicios;CUMPLIDO PARCIAL;CONTRERAS BRIAN ALEXANDER;MR01;31/12/2026;29/4/2026;10148857;20;1;29/4/2026;29/4/2026;C04;4500126452;20;374;1;GROSES;30/4/2026;31/12/2026;C04;2;2/7/2026;0;47;22;-182;0;0;0;0;0;03 Cert Mensual;En curso;Verde;C04
00374 TERMINAL PUNTA COLORADA;1000087492;30;ZPAN;03 - SERVICIO DE GOM;;0;;;;JIBANEZ;1034203;DESARME/ARME+ REP. camion c/camara;80;21;80;0;59;5000179045;2/7/2026;Servicios;CUMPLIDO PARCIAL;CONTRERAS BRIAN ALEXANDER;MR01;31/12/2026;29/4/2026;10148857;30;1;29/4/2026;29/4/2026;C04;4500126452;30;374;1;GROSES;30/4/2026;31/12/2026;C04;2;2/7/2026;0;47;22;-182;0;0;0;0;0;03 Cert Mensual;En curso;Verde;C04
00374 TERMINAL PUNTA COLORADA;1000087492;40;ZPAN;03 - SERVICIO DE GOM;;0;;;;JIBANEZ;1034203;DESARME/ARME+ REP. pesados maquina;45;8;45;0;37;5000179045;2/7/2026;Servicios;CUMPLIDO PARCIAL;CONTRERAS BRIAN ALEXANDER;MR01;31/12/2026;29/4/2026;10148857;40;1;29/4/2026;29/4/2026;C04;4500126452;40;374;1;GROSES;30/4/2026;31/12/2026;C04;2;2/7/2026;0;47;22;-182;0;0;0;0;0;03 Cert Mensual;En curso;Verde;C04
00374 TERMINAL PUNTA COLORADA;1000087492;50;ZPAN;03 - SERVICIO DE GOM;;0;;;;JIBANEZ;1034203;DESARME/ARME+ REP. bobcat;10;6;10;0;4;5000179045;2/7/2026;Servicios;CUMPLIDO PARCIAL;CONTRERAS BRIAN ALEXANDER;MR01;31/12/2026;29/4/2026;10148857;50;1;29/4/2026;29/4/2026;C04;4500126452;50;374;1;GROSES;30/4/2026;31/12/2026;C04;2;2/7/2026;0;47;22;-182;0;0;0;0;0;03 Cert Mensual;En curso;Verde;C04
00374 TERMINAL PUNTA COLORADA;1000087492;60;ZPAN;03 - SERVICIO DE GOM;;0;;;;JIBANEZ;1034203;DESARME / ARME Liviano;80;16;80;0;64;5000179045;2/7/2026;Servicios;CUMPLIDO PARCIAL;CONTRERAS BRIAN ALEXANDER;MR01;31/12/2026;29/4/2026;10148857;60;1;29/4/2026;29/4/2026;C04;4500126452;60;374;1;GROSES;30/4/2026;31/12/2026;C04;2;2/7/2026;0;47;22;-182;0;0;0;0;0;03 Cert Mensual;En curso;Verde;C04
00374 TERMINAL PUNTA COLORADA;1000087492;70;ZPAN;03 - SERVICIO DE GOM;;0;;;;JIBANEZ;1034203;DESARME / ARME camion s/camara;80;14;80;0;66;5000175761;4/6/2026;Servicios;CUMPLIDO PARCIAL;CONTRERAS BRIAN ALEXANDER;MR01;31/12/2026;29/4/2026;10148857;70;1;29/4/2026;29/4/2026;C04;4500126452;70;374;1;GROSES;30/4/2026;31/12/2026;C04;1;4/6/2026;0;47;22;-210;0;0;0;0;0;03 Cert Mensual;En curso;Rojo;C04
00374 TERMINAL PUNTA COLORADA;1000087492;80;ZPAN;03 - SERVICIO DE GOM;;0;;;;JIBANEZ;1034203;DESARME / ARME camion c/camara;80;8;80;0;72;5000179045;2/7/2026;Servicios;CUMPLIDO PARCIAL;CONTRERAS BRIAN ALEXANDER;MR01;31/12/2026;29/4/2026;10148857;80;1;29/4/2026;29/4/2026;C04;4500126452;80;374;1;GROSES;30/4/2026;31/12/2026;C04;1;2/7/2026;0;47;22;-182;0;0;0;0;0;03 Cert Mensual;En curso;Verde;C04
00374 TERMINAL PUNTA COLORADA;1000087492;90;ZPAN;03 - SERVICIO DE GOM;;0;;;;JIBANEZ;1034203;DESARME / ARME pesados maquina;45;3;45;0;42;5000175761;4/6/2026;Servicios;CUMPLIDO PARCIAL;CONTRERAS BRIAN ALEXANDER;MR01;31/12/2026;29/4/2026;10148857;90;1;29/4/2026;29/4/2026;C04;4500126452;90;374;1;GROSES;30/4/2026;31/12/2026;C04;1;4/6/2026;0;47;22;-210;0;0;0;0;0;03 Cert Mensual;En curso;Rojo;C04
00374 TERMINAL PUNTA COLORADA;1000087492;100;ZPAN;03 - SERVICIO DE GOM;;0;;;;JIBANEZ;1034203;DESARME /ARME Bobcat;10;1;10;0;9;5000175761;4/6/2026;Servicios;CUMPLIDO PARCIAL;CONTRERAS BRIAN ALEXANDER;MR01;31/12/2026;29/4/2026;10148857;100;1;29/4/2026;29/4/2026;C04;4500126452;100;374;1;GROSES;30/4/2026;31/12/2026;C04;1;4/6/2026;0;47;22;-210;0;0;0;0;0;03 Cert Mensual;En curso;Rojo;C04
00374 TERMINAL PUNTA COLORADA;1000087492;110;ZPAN;03 - SERVICIO DE GOM;;0;;;;JIBANEZ;1034203;BALANCEO LIVIANO;100;38;100;0;62;5000179045;2/7/2026;Servicios;CUMPLIDO PARCIAL;CONTRERAS BRIAN ALEXANDER;MR01;31/12/2026;29/4/2026;10148857;110;1;29/4/2026;29/4/2026;C04;4500126452;110;374;1;GROSES;30/4/2026;31/12/2026;C04;2;2/7/2026;0;47;22;-182;0;0;0;0;0;03 Cert Mensual;En curso;Verde;C04
00374 TERMINAL PUNTA COLORADA;1000087492;120;ZPAN;03 - SERVICIO DE GOM;;0;;;;JIBANEZ;1034203;PICO CORTO LIVIANO;50;1;50;0;49;5000179045;2/7/2026;Servicios;CUMPLIDO PARCIAL;CONTRERAS BRIAN ALEXANDER;MR01;31/12/2026;29/4/2026;10148857;120;1;29/4/2026;29/4/2026;C04;4500126452;120;374;1;GROSES;30/4/2026;31/12/2026;C04;1;2/7/2026;0;47;22;-182;0;0;0;0;0;03 Cert Mensual;En curso;Verde;C04
00374 TERMINAL PUNTA COLORADA;1000087492;130;ZPAN;03 - SERVICIO DE GOM;;0;;;;JIBANEZ;1034203;PICO LARGO BRONCE;50;0;50;0;50;;;Servicios;ADJUDICADO;CONTRERAS BRIAN ALEXANDER;MR01;31/12/2026;29/4/2026;10148857;130;1;29/4/2026;29/4/2026;C04;4500126452;130;374;1;GROSES;30/4/2026;31/12/2026;C04;0;;0;47;22;0;0;0;0;0;0;03 Cert Mensual;En curso;;C04
00374 TERMINAL PUNTA COLORADA;1000087492;140;ZPAN;03 - SERVICIO DE GOM;;0;;;;JIBANEZ;1034203;PARCHE RAC10 (TIPTOCK);20;1;20;0;19;5000179045;2/7/2026;Servicios;CUMPLIDO PARCIAL;CONTRERAS BRIAN ALEXANDER;MR01;31/12/2026;29/4/2026;10148857;140;1;29/4/2026;29/4/2026;C04;4500126452;140;374;1;GROSES;30/4/2026;31/12/2026;C04;1;2/7/2026;0;47;22;-182;0;0;0;0;0;03 Cert Mensual;En curso;Verde;C04
00374 TERMINAL PUNTA COLORADA;1000087492;150;ZPAN;03 - SERVICIO DE GOM;;0;;;;JIBANEZ;1034203;PARCHE RAC14 (TIPTOCK);20;0;20;0;20;;;Servicios;ADJUDICADO;CONTRERAS BRIAN ALEXANDER;MR01;31/12/2026;29/4/2026;10148857;150;1;29/4/2026;29/4/2026;C04;4500126452;150;374;1;GROSES;30/4/2026;31/12/2026;C04;0;;0;47;22;0;0;0;0;0;0;03 Cert Mensual;En curso;;C04
00374 TERMINAL PUNTA COLORADA;1000087492;160;ZPAN;03 - SERVICIO DE GOM;;0;;;;JIBANEZ;1034203;PARCHE RAC80 (TIPTOCK);20;0;20;0;20;;;Servicios;ADJUDICADO;CONTRERAS BRIAN ALEXANDER;MR01;31/12/2026;29/4/2026;10148857;160;1;29/4/2026;29/4/2026;C04;4500126452;160;374;1;GROSES;30/4/2026;31/12/2026;C04;0;;0;47;22;0;0;0;0;0;0;03 Cert Mensual;En curso;;C04
00374 TERMINAL PUNTA COLORADA;1000087679;10;ZPAN;01 - SERVICIO DE LAV;;0;;;;JIBANEZ;1022295;LAVADO CAMIONETA - INT/EXT/CHASIS;100;37;100;0;63;5000179226;3/7/2026;Servicios;CUMPLIDO PARCIAL;CASTILLO JULIO JONATHAN ALEXANDER;MR01;31/12/2026;4/5/2026;10149084;10;1;4/5/2026;4/5/2026;C25;4500127237;10;374;1;MPITTIA;11/5/2026;31/12/2026;C25;2;3/7/2026;0;3;22;-181;0;0;0;0;0;01 Cert Semanal;En curso;Verde;C25
00374 TERMINAL PUNTA COLORADA;1000087679;20;ZPAN;01 - SERVICIO DE LAV;;0;;;;JIBANEZ;1022295;LAVADO Y DESENGRASE DE MOTOR CAMIONETA;100;1;100;0;99;5000179226;3/7/2026;Servicios;CUMPLIDO PARCIAL;CASTILLO JULIO JONATHAN ALEXANDER;MR01;31/12/2026;4/5/2026;10149084;20;1;4/5/2026;4/5/2026;C25;4500127237;20;374;1;MPITTIA;11/5/2026;31/12/2026;C25;1;3/7/2026;0;3;22;-181;0;0;0;0;0;01 Cert Semanal;En curso;Verde;C25
00374 TERMINAL PUNTA COLORADA;1000087679;30;ZPAN;01 - SERVICIO DE LAV;;0;;;;JIBANEZ;1022295;LAVADO CAMION  - INT/EXT/CHASIS;50;5;50;0;45;5000179226;3/7/2026;Servicios;CUMPLIDO PARCIAL;CASTILLO JULIO JONATHAN ALEXANDER;MR01;31/12/2026;4/5/2026;10149084;30;1;4/5/2026;4/5/2026;C25;4500127237;30;374;1;MPITTIA;11/5/2026;31/12/2026;C25;2;3/7/2026;0;3;22;-181;0;0;0;0;0;01 Cert Semanal;En curso;Verde;C25
00374 TERMINAL PUNTA COLORADA;1000087679;40;ZPAN;01 - SERVICIO DE LAV;;0;;;;JIBANEZ;1022295;LAVADO Y DESENGRASE DE MOTOR CAMION;50;2;50;0;48;5000179226;3/7/2026;Servicios;CUMPLIDO PARCIAL;CASTILLO JULIO JONATHAN ALEXANDER;MR01;31/12/2026;4/5/2026;10149084;40;1;4/5/2026;4/5/2026;C25;4500127237;40;374;1;MPITTIA;11/5/2026;31/12/2026;C25;2;3/7/2026;0;3;22;-181;0;0;0;0;0;01 Cert Semanal;En curso;Verde;C25
00374 TERMINAL PUNTA COLORADA;1000087679;50;ZPAN;01 - SERVICIO DE LAV;;0;;;;JIBANEZ;1022295;LAVADO CAMION MANT - INT/EXT/CHASIS;8;1;8;0;7;5000174366;26/5/2026;Servicios;CUMPLIDO PARCIAL;CASTILLO JULIO JONATHAN ALEXANDER;MR01;31/12/2026;4/5/2026;10149084;50;1;4/5/2026;4/5/2026;C25;4500127237;50;374;1;MPITTIA;11/5/2026;31/12/2026;C25;1;26/5/2026;0;3;22;-219;0;0;0;0;0;01 Cert Semanal;En curso;Rojo;C25
00374 TERMINAL PUNTA COLORADA;1000087679;60;ZPAN;01 - SERVICIO DE LAV;;0;;;;JIBANEZ;1022295;LAVADO CAMION COMBUSTIBLE - INT/EXT/CHAS;10;2;10;0;8;5000179226;3/7/2026;Servicios;CUMPLIDO PARCIAL;CASTILLO JULIO JONATHAN ALEXANDER;MR01;31/12/2026;4/5/2026;10149084;60;1;4/5/2026;4/5/2026;C25;4500127237;60;374;1;MPITTIA;11/5/2026;31/12/2026;C25;2;3/7/2026;0;3;22;-181;0;0;0;0;0;01 Cert Semanal;En curso;Verde;C25
00374 TERMINAL PUNTA COLORADA;1000087679;70;ZPAN;01 - SERVICIO DE LAV;;0;;;;JIBANEZ;1022295;LAVADO Y DESENGRASE DE MOTOR - GENERADOR;20;0;20;0;20;;;Servicios;ADJUDICADO;CASTILLO JULIO JONATHAN ALEXANDER;MR01;31/12/2026;4/5/2026;10149084;70;1;4/5/2026;4/5/2026;C25;4500127237;70;374;1;MPITTIA;11/5/2026;31/12/2026;C25;0;;0;3;22;0;0;0;0;0;0;01 Cert Semanal;En curso;;C25
00374 TERMINAL PUNTA COLORADA;1000087679;80;ZPAN;01 - SERVICIO DE LAV;;0;;;;JIBANEZ;1022295;LAVADO EQUIPO VIAL -INT/EXT/CHASIS/MOTOR;10;0;10;0;10;;;Servicios;ADJUDICADO;CASTILLO JULIO JONATHAN ALEXANDER;MR01;31/12/2026;4/5/2026;10149084;80;1;4/5/2026;4/5/2026;C25;4500127237;80;374;1;MPITTIA;11/5/2026;31/12/2026;C25;0;;0;3;22;0;0;0;0;0;0;01 Cert Semanal;En curso;;C25
00374 TERMINAL PUNTA COLORADA;1000087829;10;ZPAN;04 EXTENSION- RECARG;;0;;;;SFERNANDEZ;1035994;RECARGA DE MATAFUEGOS ABC 1 KG;15;0;15;0;15;;;Servicios;ADJUDICADO;ESCUDERO VIVIANA ANGELICA;MR01;1/12/2026;5/5/2026;10149357;10;1;5/5/2026;6/5/2026;C25;4500127596;10;374;1;MPITTIA;13/5/2026;1/12/2026;C25;0;;1;1;1;0;0;0;0;0;0;04 Cert a Demanda;En curso;;C25
00374 TERMINAL PUNTA COLORADA;1000087829;20;ZPAN;04 EXTENSION- RECARG;;0;;;;SFERNANDEZ;1013041;RECARGA DE MATAFUEGO 2,5KG;20;0;20;0;20;;;Servicios;ADJUDICADO;ESCUDERO VIVIANA ANGELICA;MR01;1/12/2026;5/5/2026;10149357;20;1;5/5/2026;6/5/2026;C25;4500127596;20;374;1;MPITTIA;13/5/2026;1/12/2026;C25;0;;1;1;1;0;0;0;0;0;0;04 Cert a Demanda;En curso;;C25
00374 TERMINAL PUNTA COLORADA;1000087829;30;ZPAN;04 EXTENSION- RECARG;;0;;;;SFERNANDEZ;1013042;RECARGA DE MATAFUEGO 5KG;50;0;50;0;50;;;Servicios;ADJUDICADO;ESCUDERO VIVIANA ANGELICA;MR01;1/12/2026;5/5/2026;10149357;30;1;5/5/2026;6/5/2026;C25;4500127596;30;374;1;MPITTIA;13/5/2026;1/12/2026;C25;0;;1;1;1;0;0;0;0;0;0;04 Cert a Demanda;En curso;;C25
00374 TERMINAL PUNTA COLORADA;1000087829;40;ZPAN;04 EXTENSION- RECARG;;0;;;;SFERNANDEZ;1013039;RECARGA DE MATAFUEGO 10KG;70;0;70;0;70;;;Servicios;ADJUDICADO;ESCUDERO VIVIANA ANGELICA;MR01;1/12/2026;5/5/2026;10149357;40;1;5/5/2026;6/5/2026;C25;4500127596;40;374;1;MPITTIA;13/5/2026;1/12/2026;C25;0;;1;1;1;0;0;0;0;0;0;04 Cert a Demanda;En curso;;C25
00374 TERMINAL PUNTA COLORADA;1000087829;50;ZPAN;04 EXTENSION- RECARG;;0;;;;SFERNANDEZ;1021938;RECARGA DE MATAFUEGO 50KG;2;0;2;0;2;;;Servicios;ADJUDICADO;ESCUDERO VIVIANA ANGELICA;MR01;1/12/2026;5/5/2026;10149357;50;1;5/5/2026;6/5/2026;C25;4500127596;50;374;1;MPITTIA;13/5/2026;1/12/2026;C25;0;;1;1;1;0;0;0;0;0;0;04 Cert a Demanda;En curso;;C25
00374 TERMINAL PUNTA COLORADA;1000087863;10;ZPAN;02 - Servicio de Bre;;0;;;;DSUAREZ;1022295;SERVICIO DE BREAK/SNACKS;45000;12500;45000;0;32500;5000179538;6/7/2026;Servicios;CUMPLIDO PARCIAL;FIBER RIO NEGRO SAS;MR01;30/8/2026;6/5/2026;10149394;10;1;6/5/2026;6/5/2026;C25;4500127413;10;374;2;MPITTIA;12/5/2026;30/8/2026;C25;1;6/7/2026;0;1;1;-55;0;0;0;0;0;02 Cert Quincenal;En curso;Verde;C25
00374 TERMINAL PUNTA COLORADA;1000087889;20;ZPAN;03 - SERV.INTERNET M;;0;;;;JIBANEZ;1025931;BLOQUE  X 500GB - ADICIONAL;2;1;2;0;1;5000176632;11/6/2026;Servicios;CUMPLIDO PARCIAL;JAWIT S.A.;MR01;15/8/2026;6/5/2026;10149439;20;1;6/5/2026;6/5/2026;C25;4500129714;10;374;1;MPITTIA;9/6/2026;15/8/2026;C25;1;11/6/2026;0;0;-49;6;0;0;0;0;0;03 Cert Mensual;En curso - Próximo a vencer;Verde;C25
00374 TERMINAL PUNTA COLORADA;1000087893;10;ZPAN;02 - PSB Servicios I;;24;;;;DSUAREZ;1012995;SUBC PIPING JORNADA X DIA;12,5;12,5;12,5;0;0;5000176643;11/6/2026;Servicios;CUMPLIDO;PSB SERVICIOS INDUSTRIALES S.R.L.;MR01;30/8/2026;6/5/2026;10149442;10;1;6/5/2026;6/5/2026;C26;4500127724;10;374;1;YCOLMAN;14/5/2026;18/7/2026;C26;2;11/6/2026;0;19;22;-80;0;0;0;0;0;02 Cert Quincenal;En curso - Total recepcionado;;C26
00374 TERMINAL PUNTA COLORADA;1000087948;20;ZPAN;03 - Adicional Contr;;0;;;;DSUAREZ;1013139;CONTROL PLAGAS EXTENSION AREA 8 Y 14;8;2;8;0;6;5000178901;1/7/2026;Servicios;CUMPLIDO PARCIAL;MOLINA SOTO MATIAS FABIAN;MR01;31/1/2027;7/5/2026;10149525;20;1;7/5/2026;8/5/2026;C25;4500127687;10;374;1;MPITTIA;14/5/2026;30/1/2027;C25;2;1/7/2026;1;1;-226;34;0;0;0;0;0;03 Cert Mensual;En curso;Verde;C25
00377-YPF 3° loop;1000088095;10;ZPAN;CALIFICACION REVEST;;0;;;;RTELLO;1022295;SERV CAPAC - CALIFIC APLICADORES;1;0;1;0;1;;;Servicios;ADJUDICADO;HTM SA;MR01;31/7/2026;9/5/2026;10149727;10;1;9/5/2026;2/6/2026;C25;4500129129;10;377;1;MPITTIA;2/6/2026;31/7/2026;C25;0;;24;0;-59;0;0;0;0;0;0;Sin aclaración;En curso - Próximo a vencer;;C25
00377-YPF 3° loop;1000088147;10;ZPAN;03 SERV RADIOS;;0;;;;RTELLO;1048594;SERV. DE RADIOS PORTATILES PT890;30;10;30;0;20;5000175683;4/6/2026;Servicios;CUMPLIDO PARCIAL;INTEPLA SRL;MR01;31/8/2026;11/5/2026;10149790;10;1;11/5/2026;11/5/2026;C25;4500128364;10;377;1;MPITTIA;21/5/2026;31/8/2026;C25;1;4/6/2026;0;1;1;-88;0;0;0;0;0;03 Cert Mensual;En curso;Rojo;C25
00377-YPF 3° loop;1000088228;10;ZPAN;03 SERV ALQ IMPRESOR;;0;;;;RTELLO;1026315;ALQ IMP XMES EPSON L15150 A3/A4 COLOR;4;2;4;0;2;5000179630;7/7/2026;Servicios;CUMPLIDO PARCIAL;PRINTER SRL;MR01;31/8/2026;12/5/2026;10149990;10;1;12/5/2026;12/5/2026;C25;4500128238;10;377;1;MPITTIA;20/5/2026;31/8/2026;C25;2;7/7/2026;0;0;1;-55;0;0;0;0;0;03 Cert Mensual;En curso;Verde;C25
00377-YPF 3° loop;1000088228;20;ZPAN;03 SERV ALQ IMPRESOR;;0;;;;RTELLO;1026315;ALQ IMP XMES EPSON L15150 A3/A4 COLOR;4;2;4;0;2;5000179630;7/7/2026;Servicios;CUMPLIDO PARCIAL;PRINTER SRL;MR01;31/8/2026;12/5/2026;10149990;20;1;12/5/2026;12/5/2026;C25;4500128238;20;377;1;MPITTIA;20/5/2026;31/8/2026;C25;2;7/7/2026;0;0;1;-55;0;0;0;0;0;03 Cert Mensual;En curso;Verde;C25
00377-YPF 3° loop;1000088228;30;ZPAN;03 SERV ALQ IMPRESOR;;0;;;;RTELLO;1026315;ALQ IMP XMES BRO-DCP-T820 A4 COLOR;4;2;4;0;2;5000179630;7/7/2026;Servicios;CUMPLIDO PARCIAL;PRINTER SRL;MR01;31/8/2026;12/5/2026;10149990;30;1;12/5/2026;12/5/2026;C25;4500128238;30;377;1;MPITTIA;20/5/2026;31/8/2026;C25;2;7/7/2026;0;0;1;-55;0;0;0;0;0;03 Cert Mensual;En curso;Verde;C25
00377-YPF 3° loop;1000088228;40;ZPAN;03 SERV ALQ IMPRESOR;;0;;;;RTELLO;1026315;ALQ IMP XMES RICOH IM-C2010 A3/A4 COLOR;4;2;4;0;2;5000179630;7/7/2026;Servicios;CUMPLIDO PARCIAL;PRINTER SRL;MR01;31/8/2026;12/5/2026;10149990;40;1;12/5/2026;12/5/2026;C25;4500128238;40;377;1;MPITTIA;20/5/2026;31/8/2026;C25;2;7/7/2026;0;0;1;-55;0;0;0;0;0;03 Cert Mensual;En curso;Verde;C25
00377-YPF 3° loop;1000088228;50;ZPAN;03 SERV ALQ IMPRESOR;;0;;;;RTELLO;1026315;ALQ IMP XMES RICOH IM-C2010 A3/A4 COLOR;4;2;4;0;2;5000179630;7/7/2026;Servicios;CUMPLIDO PARCIAL;PRINTER SRL;MR01;31/8/2026;12/5/2026;10149990;50;1;12/5/2026;12/5/2026;C25;4500128238;50;377;1;MPITTIA;20/5/2026;31/8/2026;C25;2;7/7/2026;0;0;1;-55;0;0;0;0;0;03 Cert Mensual;En curso;Verde;C25
00377-YPF 3° loop;1000088228;60;ZPAN;03 SERV ALQ IMPRESOR;;0;;;;RTELLO;1026315;ALQ IMP XMES BROT.MFC.8950 A4 B/N;4;2;4;0;2;5000179630;7/7/2026;Servicios;CUMPLIDO PARCIAL;PRINTER SRL;MR01;31/8/2026;12/5/2026;10149990;60;1;12/5/2026;12/5/2026;C25;4500128238;60;377;1;MPITTIA;20/5/2026;31/8/2026;C25;2;7/7/2026;0;0;1;-55;0;0;0;0;0;03 Cert Mensual;En curso;Verde;C25
00377-YPF 3° loop;1000088228;70;ZPAN;03 SERV ALQ IMPRESOR;;0;;;;RTELLO;1026315;ALQ IMP XMES ECOSYS M2040DN A4 B/N;4;2;4;0;2;5000179630;7/7/2026;Servicios;CUMPLIDO PARCIAL;PRINTER SRL;MR01;31/8/2026;12/5/2026;10149990;70;1;12/5/2026;12/5/2026;C25;4500128238;70;377;1;MPITTIA;20/5/2026;31/8/2026;C25;2;7/7/2026;0;0;1;-55;0;0;0;0;0;03 Cert Mensual;En curso;Verde;C25
00374 TERMINAL PUNTA COLORADA;1000088251;10;ZPAN;04-SUB-REEMPLAZO DE;;24;;;;SFERNANDEZ;1042362;MAT.EJECUCION ISOMETRICOS SEGUN DETALLE;1;1;1;0;0;5000177574;20/6/2026;Servicios;CUMPLIDO;HR INDUSTRIAL SAS;MR01;30/7/2026;13/5/2026;10150026;10;1;13/5/2026;13/5/2026;C26;4500127902;10;374;1;YCOLMAN;15/5/2026;10/6/2026;C26;2;20/6/2026;0;5;-70;31;0;0;0;0;0;04 Cert a Demanda;En curso - Próximo a vencer;;C26
00374 TERMINAL PUNTA COLORADA;1000088251;20;ZPAN;04-SUB-REEMPLAZO DE;;24;;;;SFERNANDEZ;1042362;EPP Y CONSUMIBLES;1;1;1;0;0;5000177574;20/6/2026;Servicios;CUMPLIDO;HR INDUSTRIAL SAS;MR01;30/7/2026;13/5/2026;10150026;20;1;13/5/2026;13/5/2026;C26;4500127902;20;374;1;YCOLMAN;15/5/2026;10/6/2026;C26;2;20/6/2026;0;5;-70;31;0;0;0;0;0;04 Cert a Demanda;En curso - Próximo a vencer;;C26
00374 TERMINAL PUNTA COLORADA;1000088251;30;ZPAN;04-SUB-REEMPLAZO DE;;24;;;;SFERNANDEZ;1042362;MANO DE OBRA P/TRABAJOS SEGUN DETALLE;1;1;1;0;0;5000177574;20/6/2026;Servicios;CUMPLIDO;HR INDUSTRIAL SAS;MR01;30/7/2026;13/5/2026;10150026;30;1;13/5/2026;13/5/2026;C26;4500127902;30;374;1;YCOLMAN;15/5/2026;10/6/2026;C26;2;20/6/2026;0;5;-70;31;0;0;0;0;0;04 Cert a Demanda;En curso - Próximo a vencer;;C26
00374 TERMINAL PUNTA COLORADA;1000088251;40;ZPAN;04-SUB-REEMPLAZO DE;;24;;;;SFERNANDEZ;1042362;PROVISION DE EQUIPOS;1;1;1;0;0;5000177574;20/6/2026;Servicios;CUMPLIDO;HR INDUSTRIAL SAS;MR01;30/7/2026;13/5/2026;10150026;40;1;13/5/2026;13/5/2026;C26;4500127902;40;374;1;YCOLMAN;15/5/2026;10/6/2026;C26;2;20/6/2026;0;5;-70;31;0;0;0;0;0;04 Cert a Demanda;En curso - Próximo a vencer;;C26
00374 TERMINAL PUNTA COLORADA;1000088251;50;ZPAN;04-SUB-REEMPLAZO DE;;24;;;;SFERNANDEZ;1042362;SUBCONTRATO DE INSPECTORES PARA END;1;1;1;0;0;5000177574;20/6/2026;Servicios;CUMPLIDO;HR INDUSTRIAL SAS;MR01;30/7/2026;13/5/2026;10150026;50;1;13/5/2026;13/5/2026;C26;4500127902;50;374;1;YCOLMAN;15/5/2026;10/6/2026;C26;2;20/6/2026;0;5;-70;31;0;0;0;0;0;04 Cert a Demanda;En curso - Próximo a vencer;;C26
00377-YPF 3° loop;1000088255;10;ZPAN;VTA Y ALQ.XCENTRIC R;;0;;;;CKOTRBA;1033267;SERVICIO ALQ. Ripper XR22;1;0;1;0;1;;;Servicios;ADJUDICADO;ZANELLATO E HIJOS S.A.;MR01;16/6/2026;13/5/2026;10150030;10;1;13/5/2026;13/5/2026;C04;4500127808;10;377;1;WVENTURINI;15/5/2026;21/7/2026;C04;0;;0;3;1;0;0;0;0;0;0;Sin aclaración;Vencido con cant pendiente a recep;;C04
00377-YPF 3° loop;1000088307;50;ZPAN;PM 50 - TALLER;;0;;;;RTELLO;1016081;CERTIFICACION OPERADOR OBRA;3;0;3;0;3;;;Servicios;ADJUDICADO;LENOR SRL;MR01;30/6/2026;13/5/2026;10150088;50;1;13/5/2026;13/5/2026;C25;4500128010;50;377;1;MPITTIA;18/5/2026;30/6/2026;C25;0;;0;0;-26;0;0;0;0;0;0;Sin aclaración;Vencido con cant pendiente a recep;;C25
00374 TERMINAL PUNTA COLORADA;1000088449;10;ZPAN;03-CAMPAMENTO - EXTE;;24;;;;MALCARAZ;1033267;ALQ JD E061770 - BALDE5962;1;0;1;0;1;;;Servicios;ADJUDICADO;SULLAIR ARGENTINA S.A;MR01;15/7/2026;15/5/2026;10150268;10;1;15/5/2026;18/5/2026;C04;4500128051;10;374;1;WVENTURINI;19/5/2026;23/7/2026;C04;0;;3;1;-53;0;0;0;0;0;0;03 Cert Mensual;En curso - Próximo a vencer;;C04
00374 TERMINAL PUNTA COLORADA;1000088449;20;ZPAN;03-CAMPAMENTO - EXTE;;24;;;;MALCARAZ;1033267;ALQ JD E061791 - BALDE 5659;1;0;1;0;1;;;Servicios;ADJUDICADO;SULLAIR ARGENTINA S.A;MR01;15/7/2026;15/5/2026;10150268;20;1;15/5/2026;18/5/2026;C04;4500128051;20;374;1;WVENTURINI;19/5/2026;23/7/2026;C04;0;;3;1;-53;0;0;0;0;0;0;03 Cert Mensual;En curso - Próximo a vencer;;C04
00374 TERMINAL PUNTA COLORADA;1000088483;10;ZPAN;04 EXTENSION- INGEAP;;0;;;;SFERNANDEZ;1027430;SERV TOPOG G JUAREZ X MES - EXTENSION;2;1;2;0;1;5000178915;1/7/2026;Servicios;CUMPLIDO PARCIAL;INGEAP S.A.S.;MR01;1/8/2026;15/5/2026;10150309;10;1;15/5/2026;18/5/2026;C26;4500128380;10;374;1;YCOLMAN;21/5/2026;1/8/2026;C26;1;1/7/2026;3;5;22;-31;0;0;0;0;0;04 Cert a Demanda;En curso - Próximo a vencer;;C26
00377-YPF 3° loop;1000088746;20;ZPAN;PM 54 - TALLER;;0;;;;RTELLO;1022295;CARNET HABILITANTE DIGITAL;8;5;8;0;3;5000175015;30/5/2026;Servicios;CUMPLIDO PARCIAL;WORKLIFT SA;MR01;10/6/2026;20/5/2026;10150583;20;1;20/5/2026;20/5/2026;C25;4500128243;20;377;1;MPITTIA;20/5/2026;31/7/2026;C25;1;30/5/2026;0;0;1;-11;0;0;0;0;0;Sin aclaración;Vencido con cant pendiente a recep;;C25
00377-YPF 3° loop;1000088802;10;ZPAN;CUB. METALICAS - PI;;0;;;;ASABATINO;1042087;PASARELAS - ESCALERAS PROVISION MATERIAL;3;0;3;0;3;;;Servicios;ADJUDICADO;LC SERVICE OIL AND GAS S. A. S.;MR01;10/7/2026;20/5/2026;10150633;10;1;20/5/2026;20/5/2026;C26;4500128297;10;377;1;YCOLMAN;21/5/2026;10/7/2026;C26;0;;0;5;1;0;0;0;0;0;0;Sin aclaración;En curso - Próximo a vencer;;C26
00377-YPF 3° loop;1000088802;20;ZPAN;CUB. METALICAS - PI;;0;;;;ASABATINO;1042087;PASARELAS - ESCALERAS ARMADO ESTRUCTURA;3;0;3;0;3;;;Servicios;ADJUDICADO;LC SERVICE OIL AND GAS S. A. S.;MR01;10/7/2026;20/5/2026;10150633;20;1;20/5/2026;20/5/2026;C26;4500128297;20;377;1;YCOLMAN;21/5/2026;10/7/2026;C26;0;;0;5;1;0;0;0;0;0;0;Sin aclaración;En curso - Próximo a vencer;;C26
00377-YPF 3° loop;1000088802;30;ZPAN;CUB. METALICAS - PI;;0;;;;ASABATINO;1042087;PASARELAS - ESCALERAS MONTAJE;3;0;3;0;3;;;Servicios;ADJUDICADO;LC SERVICE OIL AND GAS S. A. S.;MR01;10/7/2026;20/5/2026;10150633;30;1;20/5/2026;20/5/2026;C26;4500128297;30;377;1;YCOLMAN;21/5/2026;10/7/2026;C26;0;;0;5;1;0;0;0;0;0;0;Sin aclaración;En curso - Próximo a vencer;;C26
00377-YPF 3° loop;1000088802;40;ZPAN;CUB. METALICAS - PI;;0;;;;ASABATINO;1042087;CUBIERTAS METALICAS PROVISION MATERIALES;3;0;3;0;3;;;Servicios;ADJUDICADO;LC SERVICE OIL AND GAS S. A. S.;MR01;10/7/2026;20/5/2026;10150633;40;1;20/5/2026;20/5/2026;C26;4500128297;40;377;1;YCOLMAN;21/5/2026;10/7/2026;C26;0;;0;5;1;0;0;0;0;0;0;Sin aclaración;En curso - Próximo a vencer;;C26
00377-YPF 3° loop;1000088802;50;ZPAN;CUB. METALICAS - PI;;0;;;;ASABATINO;1042087;CUBIERTAS METALICAS ARMADO ESTRUCTURA;3;0;3;0;3;;;Servicios;ADJUDICADO;LC SERVICE OIL AND GAS S. A. S.;MR01;10/7/2026;20/5/2026;10150633;50;1;20/5/2026;20/5/2026;C26;4500128297;50;377;1;YCOLMAN;21/5/2026;10/7/2026;C26;0;;0;5;1;0;0;0;0;0;0;Sin aclaración;En curso - Próximo a vencer;;C26
00377-YPF 3° loop;1000088802;60;ZPAN;CUB. METALICAS - PI;;0;;;;ASABATINO;1042087;CUBIERTAS METALICAS MONTAJE;3;0;3;0;3;;;Servicios;ADJUDICADO;LC SERVICE OIL AND GAS S. A. S.;MR01;10/7/2026;20/5/2026;10150633;60;1;20/5/2026;20/5/2026;C26;4500128297;60;377;1;YCOLMAN;21/5/2026;10/7/2026;C26;0;;0;5;1;0;0;0;0;0;0;Sin aclaración;En curso - Próximo a vencer;;C26
00374 TERMINAL PUNTA COLORADA;1000088806;10;ZPAN;04-EXT OC 45/117294;;1;;;;MALCARAZ;1035491;SERVICIO RECARGA TUBO GAS 10 KG;10;9;10;0;1;5000177582;20/6/2026;Servicios;CUMPLIDO PARCIAL;AIRALDE VICTOR NICOLAS;MR01;10/8/2026;20/5/2026;10150637;10;1;20/5/2026;21/5/2026;C25;4500128574;10;374;1;MPITTIA;26/5/2026;10/8/2026;C25;4;20/6/2026;1;0;-74;24;0;0;0;0;0;04 Cert a Demanda;En curso - Próximo a vencer;;C25
00374 TERMINAL PUNTA COLORADA;1000088840;10;ZPAN;03 - Tractor + Semi;;0;;;;DSUAREZ;1033267;ALQUILER TRACTOR+SEMI+HIDRO;2;0;2;0;2;;;Servicios;ADJUDICADO;BESTNOR SAS;MR01;10/8/2026;21/5/2026;10150679;10;1;21/5/2026;21/5/2026;C04;4500128486;10;374;1;WVENTURINI;22/5/2026;10/8/2026;C04;0;;0;4;1;0;0;0;0;0;0;03 Cert Mensual;En curso - Próximo a vencer;;C04
00374 TERMINAL PUNTA COLORADA;1000088990;10;ZPAN;03 - Servicio Dosime;;0;;;;DSUAREZ;1042203;SERV DOSIMETRIA MANRIQUE MARTIN;8;0;8;0;8;;;Servicios;ADJUDICADO;ASOC.CIVIL PROF TECRADIOL ROSA;MR01;31/1/2027;23/5/2026;10150913;10;1;23/5/2026;25/5/2026;C24;4500128560;10;374;1;MPITTIA;26/5/2026;31/1/2027;C24;0;;2;0;22;0;0;0;0;0;0;03 Cert Mensual;En curso;;C24
00374 TERMINAL PUNTA COLORADA;1000088990;20;ZPAN;03 - Servicio Dosime;;0;;;;DSUAREZ;1042203;SERV DOSIMETRIA VAZQUEZ JONATAN;8;0;8;0;8;;;Servicios;ADJUDICADO;ASOC.CIVIL PROF TECRADIOL ROSA;MR01;31/1/2027;23/5/2026;10150913;20;1;23/5/2026;25/5/2026;C24;4500128560;20;374;1;MPITTIA;26/5/2026;31/1/2027;C24;0;;2;0;22;0;0;0;0;0;0;03 Cert Mensual;En curso;;C24
00374 TERMINAL PUNTA COLORADA;1000088990;30;ZPAN;03 - Servicio Dosime;;0;;;;DSUAREZ;1042203;SERV DOSIMETRIA ROSA RAMIRO;8;0;8;0;8;;;Servicios;ADJUDICADO;ASOC.CIVIL PROF TECRADIOL ROSA;MR01;31/1/2027;23/5/2026;10150913;30;1;23/5/2026;25/5/2026;C24;4500128560;30;374;1;MPITTIA;26/5/2026;31/1/2027;C24;0;;2;0;22;0;0;0;0;0;0;03 Cert Mensual;En curso;;C24
00374 TERMINAL PUNTA COLORADA;1000088990;40;ZPAN;03 - Servicio Dosime;;0;;;;DSUAREZ;1042203;SERV DOSIMETRIA DURCODOY LEANDRO;8;0;8;0;8;;;Servicios;ADJUDICADO;ASOC.CIVIL PROF TECRADIOL ROSA;MR01;31/1/2027;23/5/2026;10150913;40;1;23/5/2026;25/5/2026;C24;4500128560;40;374;1;MPITTIA;26/5/2026;31/1/2027;C24;0;;2;0;22;0;0;0;0;0;0;03 Cert Mensual;En curso;;C24
00374 TERMINAL PUNTA COLORADA;1000088990;50;ZPAN;03 - Servicio Dosime;;0;;;;DSUAREZ;1042203;SERV DOSIMETRIA PAEZ DANIEL;8;0;8;0;8;;;Servicios;ADJUDICADO;ASOC.CIVIL PROF TECRADIOL ROSA;MR01;31/1/2027;23/5/2026;10150913;50;1;23/5/2026;25/5/2026;C24;4500128560;50;374;1;MPITTIA;26/5/2026;31/1/2027;C24;0;;2;0;22;0;0;0;0;0;0;03 Cert Mensual;En curso;;C24
00374 TERMINAL PUNTA COLORADA;1000089082;10;ZPAN;01 - SERV LAVADERO E;;0;;;;JIBANEZ;1022295;LAVADO CAMIONETA - INT/EXT/CHASIS;40;5;40;0;35;5000177227;18/6/2026;Servicios;CUMPLIDO PARCIAL;BILELLO LUIS ALBERTO;MR01;30/9/2026;26/5/2026;10151015;10;1;26/5/2026;27/5/2026;C25;4500129220;10;374;1;MPITTIA;2/6/2026;30/9/2026;C25;1;18/6/2026;1;0;1;-104;0;0;0;0;0;01 Cert Semanal;En curso;Rojo;C25
00377-YPF 3° loop;1000089193;10;ZPAN;PM SERV.CALIBRACION;;0;;;;CKOTRBA;1026920;SERV. REPARACION DETECTOR DE FALLAS;1;0;0;1;0;;;Servicios;SIN TRATAMIENTO;;MR01;17/7/2026;28/5/2026;10151171;10;1;28/5/2026;29/5/2026;C23;;0;;0;;;;;0;;1;0;0;0;0;0;0;0;0;Sin aclaración;En curso - Próximo a vencer;;C23
00377-YPF 3° loop;1000089193;20;ZPAN;PM SERV.CALIBRACION;;0;;;;CKOTRBA;1026920;SERV. CALIBRACION DETECTOR DE FALLAS;1;0;0;1;0;;;Servicios;SIN TRATAMIENTO;;MR01;17/7/2026;28/5/2026;10151171;20;1;28/5/2026;29/5/2026;C23;;0;;0;;;;;0;;1;0;0;0;0;0;0;0;0;Sin aclaración;En curso - Próximo a vencer;;C23
00377-YPF 3° loop;1000089193;30;ZPAN;PM SERV.CALIBRACION;;0;;;;CKOTRBA;1026920;SERV. REPARACION DETECTOR DE FALLAS;1;0;0;1;0;;;Servicios;SIN TRATAMIENTO;;MR01;17/7/2026;28/5/2026;10151171;30;1;28/5/2026;29/5/2026;C23;;0;;0;;;;;0;;1;0;0;0;0;0;0;0;0;Sin aclaración;En curso - Próximo a vencer;;C23
00377-YPF 3° loop;1000089193;40;ZPAN;PM SERV.CALIBRACION;;0;;;;CKOTRBA;1026920;SERV. CALIBRACION DETECTOR DE FALLAS;1;0;0;1;0;;;Servicios;SIN TRATAMIENTO;;MR01;17/7/2026;28/5/2026;10151171;40;1;28/5/2026;29/5/2026;C23;;0;;0;;;;;0;;1;0;0;0;0;0;0;0;0;Sin aclaración;En curso - Próximo a vencer;;C23
00377-YPF 3° loop;1000089193;60;ZPAN;PM SERV.CALIBRACION;;0;;;;CKOTRBA;1026920;SERV. CALIBRACION CALIBRE WEMBLEY;1;0;0;1;0;;;Servicios;SIN TRATAMIENTO;;MR01;17/7/2026;28/5/2026;10151171;60;1;28/5/2026;29/5/2026;C23;;0;;0;;;;;0;;1;0;0;0;0;0;0;0;0;Sin aclaración;En curso - Próximo a vencer;;C23
00377-YPF 3° loop;1000089193;70;ZPAN;PM SERV.CALIBRACION;;0;;;;CKOTRBA;1026920;SERV. CALIB. MANOMETRO 0 A 40 BAR M:CENI;3;0;0;3;0;;;Servicios;SIN TRATAMIENTO;;MR01;17/7/2026;28/5/2026;10151171;70;1;28/5/2026;29/5/2026;C23;;0;;0;;;;;0;;1;0;0;0;0;0;0;0;0;Sin aclaración;En curso - Próximo a vencer;;C23
00377-YPF 3° loop;1000089193;80;ZPAN;PM SERV.CALIBRACION;;0;;;;CKOTRBA;1026920;SERV. REPACION  Y CALIB. MANOMETRO FIMET;1;0;0;1;0;;;Servicios;SIN TRATAMIENTO;;MR01;17/7/2026;28/5/2026;10151171;80;1;28/5/2026;29/5/2026;C23;;0;;0;;;;;0;;1;0;0;0;0;0;0;0;0;Sin aclaración;En curso - Próximo a vencer;;C23
00377-YPF 3° loop;1000089193;90;ZPAN;PM SERV.CALIBRACION;;0;;;;CKOTRBA;1026920;SERV. CALIBRACION MANOMETRO MARCA: FIMET;1;0;0;1;0;;;Servicios;SIN TRATAMIENTO;;MR01;17/7/2026;28/5/2026;10151171;90;1;28/5/2026;29/5/2026;C23;;0;;0;;;;;0;;1;0;0;0;0;0;0;0;0;Sin aclaración;En curso - Próximo a vencer;;C23
00377-YPF 3° loop;1000089193;100;ZPAN;PM SERV.CALIBRACION;;0;;;;CKOTRBA;1026920;SERV. CALIBRACION MANOMETRO MARCA:CAPINO;3;0;0;3;0;;;Servicios;SIN TRATAMIENTO;;MR01;17/7/2026;28/5/2026;10151171;100;1;28/5/2026;29/5/2026;C23;;0;;0;;;;;0;;1;0;0;0;0;0;0;0;0;Sin aclaración;En curso - Próximo a vencer;;C23
00377-YPF 3° loop;1000089193;110;ZPAN;PM SERV.CALIBRACION;;0;;;;CKOTRBA;1026920;SERV. CALIBRACION MANOMETRO MARCA: SIME;1;0;0;1;0;;;Servicios;SIN TRATAMIENTO;;MR01;17/7/2026;28/5/2026;10151171;110;1;28/5/2026;29/5/2026;C23;;0;;0;;;;;0;;1;0;0;0;0;0;0;0;0;Sin aclaración;En curso - Próximo a vencer;;C23
00377-YPF 3° loop;1000089193;120;ZPAN;PM SERV.CALIBRACION;;0;;;;CKOTRBA;1026920;SERV. CALIBRACION MANOMETRO M:NUOVA FIMA;1;0;0;1;0;;;Servicios;SIN TRATAMIENTO;;MR01;17/7/2026;28/5/2026;10151171;120;1;28/5/2026;29/5/2026;C23;;0;;0;;;;;0;;1;0;0;0;0;0;0;0;0;Sin aclaración;En curso - Próximo a vencer;;C23
00377-YPF 3° loop;1000089193;130;ZPAN;PM SERV.CALIBRACION;;0;;;;CKOTRBA;1026920;"SERV. CALIBRACION TAMIZ Nº 2""";1;0;0;1;0;;;Servicios;SIN TRATAMIENTO;;MR01;17/7/2026;28/5/2026;10151171;130;1;28/5/2026;29/5/2026;C23;;0;;0;;;;;0;;1;0;0;0;0;0;0;0;0;Sin aclaración;En curso - Próximo a vencer;;C23
00377-YPF 3° loop;1000089193;140;ZPAN;PM SERV.CALIBRACION;;0;;;;CKOTRBA;1026920;"SERV. CALIBRACION TAMIZ Nº 1"" 1/2""";1;0;0;1;0;;;Servicios;SIN TRATAMIENTO;;MR01;17/7/2026;28/5/2026;10151171;140;1;28/5/2026;29/5/2026;C23;;0;;0;;;;;0;;1;0;0;0;0;0;0;0;0;Sin aclaración;En curso - Próximo a vencer;;C23
00377-YPF 3° loop;1000089193;150;ZPAN;PM SERV.CALIBRACION;;0;;;;CKOTRBA;1026920;"SERV. CALIBRACION TAMIZ Nº 1""";1;0;0;1;0;;;Servicios;SIN TRATAMIENTO;;MR01;17/7/2026;28/5/2026;10151171;190;1;28/5/2026;29/5/2026;C23;;0;;0;;;;;0;;1;0;0;0;0;0;0;0;0;Sin aclaración;En curso - Próximo a vencer;;C23
00377-YPF 3° loop;1000089193;160;ZPAN;PM SERV.CALIBRACION;;0;;;;CKOTRBA;1026920;"SERV. CALIBRACION TAMIZ Nº 3/4""";1;0;0;1;0;;;Servicios;SIN TRATAMIENTO;;MR01;17/7/2026;28/5/2026;10151171;150;1;28/5/2026;29/5/2026;C23;;0;;0;;;;;0;;1;0;0;0;0;0;0;0;0;Sin aclaración;En curso - Próximo a vencer;;C23
00377-YPF 3° loop;1000089193;170;ZPAN;PM SERV.CALIBRACION;;0;;;;CKOTRBA;1026920;"SERV. CALIBRACION TAMIZ Nº 3/8""";1;0;0;1;0;;;Servicios;SIN TRATAMIENTO;;MR01;17/7/2026;28/5/2026;10151171;160;1;28/5/2026;29/5/2026;C23;;0;;0;;;;;0;;1;0;0;0;0;0;0;0;0;Sin aclaración;En curso - Próximo a vencer;;C23
00377-YPF 3° loop;1000089193;180;ZPAN;PM SERV.CALIBRACION;;0;;;;CKOTRBA;1026920;SERV. CALIBRACION TAMIZ Nº 4;1;0;0;1;0;;;Servicios;SIN TRATAMIENTO;;MR01;17/7/2026;28/5/2026;10151171;170;1;28/5/2026;29/5/2026;C23;;0;;0;;;;;0;;1;0;0;0;0;0;0;0;0;Sin aclaración;En curso - Próximo a vencer;;C23
00377-YPF 3° loop;1000089193;190;ZPAN;PM SERV.CALIBRACION;;0;;;;CKOTRBA;1026920;SERV. CALIBRACION TAMIZ Nº 20;1;0;0;1;0;;;Servicios;SIN TRATAMIENTO;;MR01;17/7/2026;28/5/2026;10151171;180;1;28/5/2026;29/5/2026;C23;;0;;0;;;;;0;;1;0;0;0;0;0;0;0;0;Sin aclaración;En curso - Próximo a vencer;;C23
00377-YPF 3° loop;1000089193;200;ZPAN;PM SERV.CALIBRACION;;0;;;;CKOTRBA;1026920;SERV. CALIB. BALANZA HEINZE BA-020;1;0;0;1;0;;;Servicios;SIN TRATAMIENTO;;MR01;17/7/2026;28/5/2026;10151171;200;1;28/5/2026;29/5/2026;C23;;0;;0;;;;;0;;1;0;0;0;0;0;0;0;0;Sin aclaración;En curso - Próximo a vencer;;C23
00377-YPF 3° loop;1000089193;210;ZPAN;PM SERV.CALIBRACION;;0;;;;CKOTRBA;1026920;SERV. CALIB.MOLDE Y PISTON PROCTOR T-180;1;0;0;1;0;;;Servicios;SIN TRATAMIENTO;;MR01;17/7/2026;28/5/2026;10151171;210;1;28/5/2026;29/5/2026;C23;;0;;0;;;;;0;;1;0;0;0;0;0;0;0;0;Sin aclaración;En curso - Próximo a vencer;;C23
00377-YPF 3° loop;1000089193;220;ZPAN;PM SERV.CALIBRACION;;0;;;;CKOTRBA;1026920;SERV. CALIB.MOLDE Y PISTON PROCTOR T-99;1;0;0;1;0;;;Servicios;SIN TRATAMIENTO;;MR01;17/7/2026;28/5/2026;10151171;220;1;28/5/2026;29/5/2026;C23;;0;;0;;;;;0;;1;0;0;0;0;0;0;0;0;Sin aclaración;En curso - Próximo a vencer;;C23
00377-YPF 3° loop;1000089193;230;ZPAN;PM SERV.CALIBRACION;;0;;;;CKOTRBA;1026920;SERV. CALIB. y REP.DETECTO GAS MSA;1;0;0;1;0;;;Servicios;SIN TRATAMIENTO;;MR01;17/7/2026;28/5/2026;10151171;230;1;28/5/2026;29/5/2026;C23;;0;;0;;;;;0;;1;0;0;0;0;0;0;0;0;Sin aclaración;En curso - Próximo a vencer;;C23
00377-YPF 3° loop;1000089193;240;ZPAN;PM SERV.CALIBRACION;;0;;;;CKOTRBA;1026920;SERV. CALIBRACION ANEMOMETRO DIG. TRIGGE;1;0;0;1;0;;;Servicios;SIN TRATAMIENTO;;MR01;17/7/2026;28/5/2026;10151171;240;1;28/5/2026;29/5/2026;C23;;0;;0;;;;;0;;1;0;0;0;0;0;0;0;0;Sin aclaración;En curso - Próximo a vencer;;C23
00377-YPF 3° loop;1000089193;250;ZPAN;PM SERV.CALIBRACION;;0;;;;CKOTRBA;1026920;"SERV. CALIBRACION MANGUERA 2"" S/DETALLE";1;0;0;1;0;;;Servicios;SIN TRATAMIENTO;;MR01;17/7/2026;28/5/2026;10151171;250;1;5/6/2026;5/6/2026;C23;;0;;0;;;;;0;;0;0;0;0;0;0;0;0;0;Sin aclaración;En curso - Próximo a vencer;;C23
00377-YPF 3° loop;1000089193;260;ZPAN;PM SERV.CALIBRACION;;0;;;;CKOTRBA;1026920;"SERV. CALIBRACION MANGUERA 2 "" S/DETALLE";1;0;0;1;0;;;Servicios;SIN TRATAMIENTO;;MR01;17/7/2026;28/5/2026;10151171;260;1;5/6/2026;5/6/2026;C23;;0;;0;;;;;0;;0;0;0;0;0;0;0;0;0;Sin aclaración;En curso - Próximo a vencer;;C23
00377-YPF 3° loop;1000089193;270;ZPAN;PM SERV.CALIBRACION;;0;;;;CKOTRBA;1026920;"SERV. CALIBRACION MANGUERA  3/4 "" S/DETA";1;0;0;1;0;;;Servicios;SIN TRATAMIENTO;;MR01;17/7/2026;28/5/2026;10151171;270;1;5/6/2026;5/6/2026;C23;;0;;0;;;;;0;;0;0;0;0;0;0;0;0;0;Sin aclaración;En curso - Próximo a vencer;;C23
00377-YPF 3° loop;1000089193;280;ZPAN;PM SERV.CALIBRACION;;0;;;;CKOTRBA;1026920;"SERV. CALIBRACION MANGUERA 3/4 "" S/DETAL";1;0;0;1;0;;;Servicios;SIN TRATAMIENTO;;MR01;17/7/2026;28/5/2026;10151171;280;1;5/6/2026;5/6/2026;C23;;0;;0;;;;;0;;0;0;0;0;0;0;0;0;0;Sin aclaración;En curso - Próximo a vencer;;C23
00377-YPF 3° loop;1000089193;290;ZPAN;PM SERV.CALIBRACION;;0;;;;CKOTRBA;1026920;"SERV. CALIBRACION MANGUERA 1/2"" S/DETALL";1;0;0;1;0;;;Servicios;SIN TRATAMIENTO;;MR01;17/7/2026;28/5/2026;10151171;290;1;5/6/2026;5/6/2026;C23;;0;;0;;;;;0;;0;0;0;0;0;0;0;0;0;Sin aclaración;En curso - Próximo a vencer;;C23
00377-YPF 3° loop;1000089193;300;ZPAN;PM SERV.CALIBRACION;;0;;;;CKOTRBA;1026920;"SERV. CALIBRACION MANGUERA 1"" S/DETALLE";1;0;0;1;0;;;Servicios;SIN TRATAMIENTO;;MR01;17/7/2026;28/5/2026;10151171;300;1;5/6/2026;5/6/2026;C23;;0;;0;;;;;0;;0;0;0;0;0;0;0;0;0;Sin aclaración;En curso - Próximo a vencer;;C23
00377-YPF 3° loop;1000089278;10;ZPAN;03 SERV.MEDICO;;0;;;;CKOTRBA;1018836;SERVICIO MEDICO X MES;3;1,06;3;0;1,94;5000179617;7/7/2026;Servicios;CUMPLIDO PARCIAL;DATUM S.A.;MR01;31/8/2026;29/5/2026;10151242;10;1;29/5/2026;29/5/2026;C24;4500128991;10;377;1;MPITTIA;29/5/2026;31/8/2026;C24;2;7/7/2026;0;5;-73;19;0;0;0;0;0;03 Cert Mensual;En curso;Verde;C24
00374 TERMINAL PUNTA COLORADA;1000089288;10;ZPAN;PM10217 REV - RED CO;;9;;;;MALCARAZ;1022295;AGUJEREADO BRIDA CIEGA 10P PERF NIPLE 2P;2;2;2;0;0;5000178904;1/7/2026;Servicios;CUMPLIDO;HR INDUSTRIAL SAS;MR01;18/7/2026;29/5/2026;10151262;10;1;29/5/2026;30/5/2026;374;4500130276;10;374;1;JJCABRERA;16/6/2026;2/7/2026;374;1;1/7/2026;1;0;-4;9;0;0;0;0;0;Sin aclaración;En curso - Próximo a vencer;;374
00374 TERMINAL PUNTA COLORADA;1000089288;20;ZPAN;PM10217 REV - RED CO;;9;;;;MALCARAZ;1022295;AGUJEREAD BRID CIEGA 10P PERF NIPLE 1/2P;2;2;2;0;0;5000178904;1/7/2026;Servicios;CUMPLIDO;HR INDUSTRIAL SAS;MR01;18/7/2026;29/5/2026;10151262;20;1;29/5/2026;30/5/2026;374;4500130276;20;374;1;JJCABRERA;16/6/2026;2/7/2026;374;1;1/7/2026;1;0;-4;9;0;0;0;0;0;Sin aclaración;En curso - Próximo a vencer;;374
00374 TERMINAL PUNTA COLORADA;1000089288;30;ZPAN;PM10217 REV - RED CO;;9;;;;MALCARAZ;1022295;AGUJEREAD BRID CIEGA 6P PERF NIPLE 1/2P;6;6;6;0;0;5000178904;1/7/2026;Servicios;CUMPLIDO;HR INDUSTRIAL SAS;MR01;18/7/2026;29/5/2026;10151262;30;1;29/5/2026;30/5/2026;374;4500130276;30;374;1;JJCABRERA;16/6/2026;2/7/2026;374;1;1/7/2026;1;0;-4;9;0;0;0;0;0;Sin aclaración;En curso - Próximo a vencer;;374
00374 TERMINAL PUNTA COLORADA;1000089298;10;ZPAN;COPIAS EXCEDENTES X;;0;;;;SFERNANDEZ;1026181;COPIAS EXCEDENTES;100000;8911;100000;0;91089;5000178666;29/6/2026;Servicios;CUMPLIDO PARCIAL;TECNICA Y SISTEMAS SRL;MR01;10/10/2026;29/5/2026;10151266;10;1;29/5/2026;30/5/2026;C25;4500130182;10;374;1;MPITTIA;16/6/2026;31/8/2026;C25;1;29/6/2026;1;0;-39;-63;0;0;0;0;0;Sin aclaración;En curso;;C25
00374 TERMINAL PUNTA COLORADA;1000089321;10;ZPAN;03-EXT-OC 127248-INT;;0;;;;SFERNANDEZ;1025931;SERVICIO DE INTERNET X MES 5TB;7;1;7;0;6;5000179282;3/7/2026;Servicios;CUMPLIDO PARCIAL;JAWIT S.A.;MR01;1/2/2027;30/5/2026;10151292;10;1;30/5/2026;30/5/2026;C25;4500129970;10;374;1;MPITTIA;11/6/2026;1/2/2027;C25;1;3/7/2026;0;5;22;-213;0;0;0;0;0;03 Cert Mensual;En curso;Verde;C25
00377-YPF 3° loop;1000089359;10;ZPAN;PM ALQ.COMEDOR/OFICI;;0;;;;CKOTRBA;1033267;SERV ALQ CONT x 12 MTS COMEDOR;3;1,085;3;0;1,915;5000179568;6/7/2026;Servicios;CUMPLIDO PARCIAL;JORGE ALBERTO SOTO S.A.S.;MR01;31/8/2026;1/6/2026;10151325;10;1;1/6/2026;1/6/2026;EFO;4500130395;10;377;2;GROSES;17/6/2026;31/8/2026;EFO;1;6/7/2026;0;1;1;-56;0;0;0;0;0;Sin aclaración;En curso;;EFO
00377-YPF 3° loop;1000089359;20;ZPAN;PM ALQ.COMEDOR/OFICI;;0;;;;CKOTRBA;1033267;SERV ALQ CONT x 12 MTS OFICINA;3;1,06;3;0;1,94;5000179568;6/7/2026;Servicios;CUMPLIDO PARCIAL;JORGE ALBERTO SOTO S.A.S.;MR01;31/8/2026;1/6/2026;10151325;20;1;1/6/2026;1/6/2026;EFO;4500130395;20;377;2;GROSES;17/6/2026;31/8/2026;EFO;1;6/7/2026;0;1;1;-56;0;0;0;0;0;Sin aclaración;En curso;;EFO
00377-YPF 3° loop;1000089359;30;ZPAN;PM ALQ.COMEDOR/OFICI;;0;;;;CKOTRBA;1022296;FLETE IDA MODULOS;2;2;2;0;0;5000179568;6/7/2026;Servicios;CUMPLIDO;JORGE ALBERTO SOTO S.A.S.;MR01;31/8/2026;1/6/2026;10151325;30;1;1/6/2026;1/6/2026;EFO;4500130395;30;377;2;GROSES;17/6/2026;31/8/2026;EFO;1;6/7/2026;0;1;1;-56;0;0;0;0;0;Sin aclaración;En curso - Total recepcionado;;EFO
00377-YPF 3° loop;1000089465;30;ZPAN;REG SAPSA MAYO;;0;;;;RTELLO;1022295;TRAT. RESI PELIGROSOS Y15 X TN;1;0,62;1;0;0,38;5000177464;19/6/2026;Servicios;CUMPLIDO PARCIAL;SOLUCIONES AMBIENTALES PATAGONIA;MR01;30/6/2026;2/6/2026;10151488;30;1;2/6/2026;2/6/2026;C25;4500129971;30;377;1;MPITTIA;11/6/2026;30/7/2026;C25;1;19/6/2026;0;0;1;-11;0;0;0;0;0;Sin aclaración;Vencido con cant pendiente a recep;;C25
00374 TERMINAL PUNTA COLORADA;1000089556;10;ZPAN;03 - Adicional 2026;;0;;;;DSUAREZ;1022295;COMBI DIAS ADICIONALES 2026;100;13;100;0;87;5000179544;6/7/2026;Servicios;CUMPLIDO PARCIAL;TRANSPORTES VA S.R.L.;MR01;31/12/2026;3/6/2026;10151580;10;1;3/6/2026;18/6/2026;C25;4500129972;10;374;1;MPITTIA;11/6/2026;31/12/2026;C25;1;6/7/2026;15;5;22;-178;0;0;0;0;0;03 Cert Mensual;En curso;Verde;C25
00374 TERMINAL PUNTA COLORADA;1000089587;10;ZPAN;02 - Subcontrato Pip;;0;;;;DSUAREZ;1012995;"SUBCONTRATO TERMOFUSION 18""";200;88;200;0;112;5000179691;7/7/2026;Servicios;CUMPLIDO PARCIAL;PSB SERVICIOS INDUSTRIALES S.R.L.;MR01;15/9/2026;3/6/2026;10151626;10;1;3/6/2026;3/6/2026;C26;4500129699;10;374;1;YCOLMAN;8/6/2026;15/9/2026;C26;1;7/7/2026;0;16;1;-70;0;0;0;0;0;02 Cert Quincenal;En curso;Verde;C26
00374 TERMINAL PUNTA COLORADA;1000089587;20;ZPAN;02 - Subcontrato Pip;;0;;;;DSUAREZ;1012995;"SUBCONTRATO TERMOFUSION 12""";200;118;200;0;82;5000179691;7/7/2026;Servicios;CUMPLIDO PARCIAL;PSB SERVICIOS INDUSTRIALES S.R.L.;MR01;15/9/2026;3/6/2026;10151626;20;1;3/6/2026;3/6/2026;C26;4500129699;20;374;1;YCOLMAN;8/6/2026;15/9/2026;C26;1;7/7/2026;0;16;1;-70;0;0;0;0;0;02 Cert Quincenal;En curso;Verde;C26
00374 TERMINAL PUNTA COLORADA;1000089587;30;ZPAN;02 - Subcontrato Pip;;0;;;;DSUAREZ;1012995;"SUBCONTRATO TERMOFUSION 10""";25;5;25;0;20;5000179691;7/7/2026;Servicios;CUMPLIDO PARCIAL;PSB SERVICIOS INDUSTRIALES S.R.L.;MR01;15/9/2026;3/6/2026;10151626;30;1;3/6/2026;3/6/2026;C26;4500129699;30;374;1;YCOLMAN;8/6/2026;15/9/2026;C26;1;7/7/2026;0;16;1;-70;0;0;0;0;0;02 Cert Quincenal;En curso;Verde;C26
00374 TERMINAL PUNTA COLORADA;1000089587;40;ZPAN;02 - Subcontrato Pip;;0;;;;DSUAREZ;1012995;"SUBCONTRATO TERMOFUSION 6""";200;91;200;0;109;5000179691;7/7/2026;Servicios;CUMPLIDO PARCIAL;PSB SERVICIOS INDUSTRIALES S.R.L.;MR01;15/9/2026;3/6/2026;10151626;40;1;3/6/2026;3/6/2026;C26;4500129699;40;374;1;YCOLMAN;8/6/2026;15/9/2026;C26;1;7/7/2026;0;16;1;-70;0;0;0;0;0;02 Cert Quincenal;En curso;Verde;C26
00374 TERMINAL PUNTA COLORADA;1000089587;50;ZPAN;02 - Subcontrato Pip;;0;;;;DSUAREZ;1012995;STAND BY;20;0;20;0;20;;;Servicios;ADJUDICADO;PSB SERVICIOS INDUSTRIALES S.R.L.;MR01;15/9/2026;3/6/2026;10151626;50;1;3/6/2026;3/6/2026;C26;4500129699;50;374;1;YCOLMAN;8/6/2026;15/9/2026;C26;0;;0;16;1;0;0;0;0;0;0;02 Cert Quincenal;En curso;;C26
00374 TERMINAL PUNTA COLORADA;1000089707;10;ZPAN;04 - Subcontrato Sol;;0;;;;DSUAREZ;1042362;SUBC SOLDADURA CODIGO AWS;1;1;1;0;0;5000177220;18/6/2026;Servicios;CUMPLIDO;HR INDUSTRIAL SAS;MR01;25/8/2026;4/6/2026;10151781;10;1;4/6/2026;8/6/2026;C26;4500129748;10;374;1;YCOLMAN;9/6/2026;25/8/2026;C26;1;18/6/2026;4;7;22;-68;0;0;0;0;0;04 Cert a Demanda;En curso - Total recepcionado;;C26
00377-YPF 3° loop;1000089895;10;ZPAN;Renov.ALQ.GRADORES;;0;;;;CKOTRBA;1013066;ALQUILER GENERADOR;30;30;30;0;0;5000178549;29/6/2026;Servicios;CUMPLIDO;LA CASA DE LAS HERRAMIENTAS SA;MR01;8/7/2026;9/6/2026;10152059;10;1;9/6/2026;9/6/2026;EFO;4500130068;10;377;1;GROSES;12/6/2026;8/7/2026;EFO;1;29/6/2026;0;5;1;-9;0;0;0;0;0;Sin aclaración;En curso - Próximo a vencer;;EFO
00377-YPF 3° loop;1000089895;20;ZPAN;Renov.ALQ.GRADORES;;0;;;;CKOTRBA;1013066;ALQUILER GENERADOR;30;30;30;0;0;5000178551;29/6/2026;Servicios;CUMPLIDO;LA CASA DE LAS HERRAMIENTAS SA;MR01;8/7/2026;9/6/2026;10152059;20;1;9/6/2026;9/6/2026;EFO;4500130068;20;377;1;GROSES;12/6/2026;8/7/2026;EFO;1;29/6/2026;0;5;1;-9;0;0;0;0;0;Sin aclaración;En curso - Próximo a vencer;;EFO
00377-YPF 3° loop;1000089895;30;ZPAN;Renov.ALQ.GRADORES;;0;;;;CKOTRBA;1013066;ALQUILER GENERADOR;30;30;30;0;0;5000178551;29/6/2026;Servicios;CUMPLIDO;LA CASA DE LAS HERRAMIENTAS SA;MR01;8/7/2026;9/6/2026;10152059;30;1;9/6/2026;9/6/2026;EFO;4500130068;30;377;1;GROSES;12/6/2026;8/7/2026;EFO;1;29/6/2026;0;5;1;-9;0;0;0;0;0;Sin aclaración;En curso - Próximo a vencer;;EFO
00377-YPF 3° loop;1000089895;40;ZPAN;Renov.ALQ.GRADORES;;0;;;;CKOTRBA;1013066;ALQUILER GENERADOR;30;30;30;0;0;5000178551;29/6/2026;Servicios;CUMPLIDO;LA CASA DE LAS HERRAMIENTAS SA;MR01;8/7/2026;9/6/2026;10152059;40;1;9/6/2026;9/6/2026;EFO;4500130068;40;377;1;GROSES;12/6/2026;8/7/2026;EFO;1;29/6/2026;0;5;1;-9;0;0;0;0;0;Sin aclaración;En curso - Próximo a vencer;;EFO
00377-YPF 3° loop;1000089895;50;ZPAN;Renov.ALQ.GRADORES;;0;;;;CKOTRBA;1013066;ALQUILER GENERADOR;30;30;30;0;0;5000178551;29/6/2026;Servicios;CUMPLIDO;LA CASA DE LAS HERRAMIENTAS SA;MR01;8/7/2026;9/6/2026;10152059;50;1;9/6/2026;9/6/2026;EFO;4500130068;50;377;1;GROSES;12/6/2026;8/7/2026;EFO;1;29/6/2026;0;5;1;-9;0;0;0;0;0;Sin aclaración;En curso - Próximo a vencer;;EFO
00377-YPF 3° loop;1000089913;10;ZPAN;PM ALQ.ANDAMIOS;;12;;;;CKOTRBA;1035542;ALQUILER DE ANDAMIO X MES;1;0;1;0;1;;;Servicios;ADJUDICADO;ECVA S.R.L.;MR01;11/7/2026;9/6/2026;10152077;10;1;9/6/2026;9/6/2026;C26;4500130491;10;377;1;YCOLMAN;17/6/2026;19/7/2026;C26;0;;0;1;1;0;0;0;0;0;0;Sin aclaración;En curso - Próximo a vencer;;C26
00377-YPF 3° loop;1000089913;20;ZPAN;PM ALQ.ANDAMIOS;;12;;;;CKOTRBA;1035542;ALQUILER DE ANDAMIO X MES;1;0;1;0;1;;;Servicios;ADJUDICADO;ECVA S.R.L.;MR01;11/7/2026;9/6/2026;10152077;20;1;9/6/2026;9/6/2026;C26;4500130491;20;377;1;YCOLMAN;17/6/2026;19/7/2026;C26;0;;0;1;1;0;0;0;0;0;0;Sin aclaración;En curso - Próximo a vencer;;C26
00377-YPF 3° loop;1000089913;30;ZPAN;PM ALQ.ANDAMIOS;;0;;;;CKOTRBA;1022294;SERV CAPACITACION ANDAMISTA X 4PERS;1;1;1;0;0;5000177584;20/6/2026;Servicios;CUMPLIDO;ECVA S.R.L.;MR01;11/7/2026;9/6/2026;10152077;30;1;18/6/2026;18/6/2026;C26;4500130573;10;377;1;YCOLMAN;18/6/2026;11/7/2026;C26;1;20/6/2026;0;0;1;-21;0;0;0;0;0;Sin aclaración;En curso - Próximo a vencer;;C26
00374 TERMINAL PUNTA COLORADA;1000089927;10;ZPAN;03- INTERNET PAÑOL A;;0;;;;MALCARAZ;1025931;SERVICIO DE INTERNET 1TB X MES;6;1;6;0;5;5000179282;3/7/2026;Servicios;CUMPLIDO PARCIAL;JAWIT S.A.;MR01;15/12/2026;9/6/2026;10152086;10;1;9/6/2026;9/6/2026;C25;4500130191;10;374;1;MPITTIA;16/6/2026;15/12/2026;C25;1;3/7/2026;0;0;22;-165;0;0;0;0;0;03 Cert Mensual;En curso;Verde;C25
00374 TERMINAL PUNTA COLORADA;1000089978;10;ZPAN;02-Viaticos 21% La A;;0;;;;SFERNANDEZ;1013024;VIATICOS 21%;400000000;34418539,18;400000000;0;365581460,8;5000178686;30/6/2026;Servicios;CUMPLIDO PARCIAL;SA IMPORTADORA Y EXP. DE LA PA;MR01;15/1/2027;10/6/2026;10152146;10;1;10/6/2026;10/6/2026;C25;4500130230;10;374;1;MPITTIA;16/6/2026;15/1/2027;C25;1;30/6/2026;0;3;1;-199;0;0;0;0;0;02 Cert Quincenal;En curso;Verde;C25
00374 TERMINAL PUNTA COLORADA;1000090034;10;ZPAN;03- ALQ JD MINIEXCAV;;0;;;;MALCARAZ;1033267;ALQ JD E061791 - BALDE 5659;3;0;3;0;3;;;Servicios;ADJUDICADO;SULLAIR ARGENTINA S.A;MR01;10/10/2026;11/6/2026;10152237;10;1;11/6/2026;11/6/2026;C04;4500130562;10;374;1;WVENTURINI;18/6/2026;10/10/2026;C04;0;;0;0;1;0;0;0;0;0;0;03 Cert Mensual;En curso;;C04
00374 TERMINAL PUNTA COLORADA;1000090040;10;ZPAN;03 - ALQ PLUMIN IZAJ;;0;;;;MALCARAZ;1033267;PLUMIN PARA DIECI SAMSON 75.10;3;0;3;0;3;;;Servicios;ADJUDICADO;IGARRETA MAQUINAS S.A.;MR01;5/10/2026;11/6/2026;10152243;10;1;11/6/2026;12/6/2026;C04;4500130945;10;374;1;WVENTURINI;23/6/2026;5/10/2026;C04;0;;1;1;1;0;0;0;0;0;0;03 Cert Mensual;En curso;;C04
00377-YPF 3° loop;1000090052;10;ZPAN;SS ALQ CAMION C/HIDR;;20;;;;AFORTUNA;1012975;FLETE CAMION C/ HIDROGRUA X MES;2;1;2;0;1;5000176935;16/6/2026;Servicios;CUMPLIDO PARCIAL;GIANNELLI OSCAR RUBEN;MR01;30/6/2026;11/6/2026;10152251;10;1;11/6/2026;11/6/2026;C26;4500130038;10;377;1;YCOLMAN;11/6/2026;30/6/2026;C26;3;16/6/2026;0;1;1;-14;0;0;0;0;0;Sin aclaración;Vencido con cant pendiente a recep;;C26
00374 TERMINAL PUNTA COLORADA;1000090149;30;ZPAN;04 -HORMIGON P/OBRA;;0;;;;SFERNANDEZ;1012984;SERVICIO BOMBA PLUMA;15;4;15;0;11;5000178581;29/6/2026;Servicios;CUMPLIDO PARCIAL;BETONSUR SRL;MR01;3/8/2026;12/6/2026;10152328;30;1;12/6/2026;15/6/2026;C18;4500130536;30;374;1;JESPARZA;18/6/2026;3/8/2026;C18;1;29/6/2026;3;1;-30;-4;0;0;0;0;0;04 Cert a Demanda;En curso - Próximo a vencer;;C18
00374 TERMINAL PUNTA COLORADA;1000090149;40;ZPAN;04 -HORMIGON P/OBRA;;0;;;;SFERNANDEZ;1012983;SERVICIO DE BOMBEO;700;495;700;0;205;5000178581;29/6/2026;Servicios;CUMPLIDO PARCIAL;BETONSUR SRL;MR01;3/8/2026;12/6/2026;10152328;40;1;12/6/2026;15/6/2026;C18;4500130536;40;374;1;JESPARZA;18/6/2026;3/8/2026;C18;3;29/6/2026;3;1;-30;-4;0;0;0;0;0;04 Cert a Demanda;En curso - Próximo a vencer;;C18
00374 TERMINAL PUNTA COLORADA;1000090271;10;ZPAN;04- RECARGA DE GAS E;;0;;;;MALCARAZ;1035489;SERVICIO RECARGA TUBO GAS 45 KG;20;5;20;0;15;5000178578;29/6/2026;Servicios;CUMPLIDO PARCIAL;AIRALDE VICTOR NICOLAS;MR01;6/9/2026;15/6/2026;10152464;10;1;15/6/2026;16/6/2026;C25;4500130371;10;374;1;MPITTIA;17/6/2026;6/9/2026;C25;2;29/6/2026;1;1;22;-69;0;0;0;0;0;04 Cert a Demanda;En curso;;C25
00374 TERMINAL PUNTA COLORADA;1000090271;20;ZPAN;04- RECARGA DE GAS E;;0;;;;MALCARAZ;1035491;SERVICIO RECARGA TUBO GAS 10 KG;20;5;20;0;15;5000178578;29/6/2026;Servicios;CUMPLIDO PARCIAL;AIRALDE VICTOR NICOLAS;MR01;6/9/2026;15/6/2026;10152464;20;1;15/6/2026;16/6/2026;C25;4500130371;20;374;1;MPITTIA;17/6/2026;6/9/2026;C25;1;29/6/2026;1;1;22;-69;0;0;0;0;0;04 Cert a Demanda;En curso;;C25
00374 TERMINAL PUNTA COLORADA;1000090322;10;ZPAN;03 - EXTENSION EFCO;;1;;;;MALCARAZ;1035474;ALQ.FUND TANQ CRUDA;4;1;4;0;3;5000179500;6/7/2026;Servicios;CUMPLIDO PARCIAL;EFCO ARGENTINA SA;MR01;10/10/2026;16/6/2026;10152513;10;1;16/6/2026;17/6/2026;C26;4500130880;50;374;2;YCOLMAN;22/6/2026;10/10/2026;C26;1;6/7/2026;1;2;22;-96;0;0;0;0;0;03 Cert Mensual;En curso;Verde;C26
00374 TERMINAL PUNTA COLORADA;1000090322;20;ZPAN;03 - EXTENSION EFCO;;1;;;;MALCARAZ;1035474;ALQ. ALCANTARILLA DE ACCESO;4;1;4;0;3;5000179500;6/7/2026;Servicios;CUMPLIDO PARCIAL;EFCO ARGENTINA SA;MR01;7/7/2026;16/6/2026;10152513;20;1;16/6/2026;17/6/2026;C26;4500130880;20;374;1;YCOLMAN;22/6/2026;10/10/2026;C26;1;6/7/2026;1;2;117;-96;0;0;0;0;0;03 Cert Mensual;Vencido con cant pendiente a recep;;C26
00374 TERMINAL PUNTA COLORADA;1000090322;30;ZPAN;03 - EXTENSION EFCO;;1;;;;MALCARAZ;1035474;ALQ. BRAZOS DE ANDAMIO;4;1;4;0;3;5000179500;6/7/2026;Servicios;CUMPLIDO PARCIAL;EFCO ARGENTINA SA;MR01;7/7/2026;16/6/2026;10152513;30;1;16/6/2026;17/6/2026;C26;4500130880;30;374;1;YCOLMAN;22/6/2026;10/10/2026;C26;1;6/7/2026;1;2;117;-96;0;0;0;0;0;03 Cert Mensual;Vencido con cant pendiente a recep;;C26
00374 TERMINAL PUNTA COLORADA;1000090322;40;ZPAN;03 - EXTENSION EFCO;;1;;;;MALCARAZ;1035474;ALQ. PUNTALES ALINEADORES Y ACC;4;1;4;0;3;5000179500;6/7/2026;Servicios;CUMPLIDO PARCIAL;EFCO ARGENTINA SA;MR01;7/7/2026;16/6/2026;10152513;40;1;16/6/2026;17/6/2026;C26;4500130880;40;374;1;YCOLMAN;22/6/2026;10/10/2026;C26;1;6/7/2026;1;2;117;-96;0;0;0;0;0;03 Cert Mensual;Vencido con cant pendiente a recep;;C26
00377-YPF 3° loop;1000090329;10;ZPAN;REG - SUBC. CAEFE;;0;;;;ASABATINO;1042079;SERVICIO DIARIO DE ULTRASONIDO;130;117,8;130;0;12,2;5000179602;6/7/2026;Servicios;CUMPLIDO PARCIAL;CAEFE S.A.;MR01;30/7/2026;16/6/2026;10152520;10;1;16/6/2026;16/6/2026;C26;4500130827;10;377;1;YCOLMAN;20/6/2026;30/7/2026;C26;2;6/7/2026;0;3;1;-24;0;0;0;0;0;Sin aclaración;En curso - Próximo a vencer;;C26
00377-YPF 3° loop;1000090336;10;ZPAN;02 SERV VIANDAS;;0;;;;ASABATINO;1013121;VIANDA ALMUERZO XUN;5000;1093;5000;0;3907;5000179546;6/7/2026;Servicios;CUMPLIDO PARCIAL;MAXIMIA S.A.;MR01;30/9/2026;16/6/2026;10152527;10;1;16/6/2026;16/6/2026;C25;4500130889;10;377;1;MPITTIA;22/6/2026;30/9/2026;C25;1;6/7/2026;0;1;1;-86;0;0;0;0;0;02 Cert Quincenal;En curso;Verde;C25
00374 TERMINAL PUNTA COLORADA;1000090390;10;ZPAN;CMD - 17/06/2026;;0;;;;JIBANEZ;1022295;CURSO MANEJO DEFENSIVO;3;0;3;0;3;;;Servicios;ADJUDICADO;BUSTOS MARIA LORENA;MR01;6/7/2026;17/6/2026;10152613;10;1;17/6/2026;17/6/2026;374;4500130488;10;374;1;WDILLMAN;17/6/2026;6/7/2026;374;0;;0;0;24;0;0;0;0;0;0;Sin aclaración;Vencido con cant pendiente a recep;;374
00374 TERMINAL PUNTA COLORADA;1000090404;10;ZPAN;REGULARIZACION - PUN;;0;;;;JIBANEZ;1013121;VIANDA ALMUERZO XUN;118;118;118;0;0;5000178357;26/6/2026;Servicios;CUMPLIDO;PUNTA NORTE S.R.L.;MR01;8/7/2026;17/6/2026;10152631;10;1;17/6/2026;17/6/2026;C25;4500130519;10;374;1;MPITTIA;18/6/2026;8/7/2026;C25;1;26/6/2026;0;6;1;-12;0;0;0;0;0;Sin aclaración;En curso - Próximo a vencer;;C25
00374 TERMINAL PUNTA COLORADA;1000090407;10;ZPAN;04 - ADICIONALES VAR;;0;;;;JIBANEZ;1013130;Módulo N° 3 - Tareas de Altura;50;0;50;0;50;;;Servicios;ADJUDICADO;MAINETE JAVIER ALBERTO;MR01;31/12/2026;17/6/2026;10152635;10;1;17/6/2026;17/6/2026;C25;4500130469;10;374;1;MPITTIA;17/6/2026;31/12/2026;C25;0;;0;7;1;0;0;0;0;0;0;04 Cert a Demanda;En curso;;C25
00374 TERMINAL PUNTA COLORADA;1000090407;20;ZPAN;04 - ADICIONALES VAR;;0;;;;JIBANEZ;1013130;Módulo N° 4 - Conductores de Vehículos;50;0;50;0;50;;;Servicios;ADJUDICADO;MAINETE JAVIER ALBERTO;MR01;31/12/2026;17/6/2026;10152635;20;1;17/6/2026;17/6/2026;C25;4500130469;20;374;1;MPITTIA;17/6/2026;31/12/2026;C25;0;;0;7;1;0;0;0;0;0;0;04 Cert a Demanda;En curso;;C25
00374 TERMINAL PUNTA COLORADA;1000090407;30;ZPAN;04 - ADICIONALES VAR;;0;;;;JIBANEZ;1013130;Modulo N° 6 - S/Ergo;50;0;50;0;50;;;Servicios;ADJUDICADO;MAINETE JAVIER ALBERTO;MR01;31/12/2026;17/6/2026;10152635;30;1;17/6/2026;17/6/2026;C25;4500130469;30;374;1;MPITTIA;17/6/2026;31/12/2026;C25;0;;0;7;1;0;0;0;0;0;0;04 Cert a Demanda;En curso;;C25
00374 TERMINAL PUNTA COLORADA;1000090407;40;ZPAN;04 - ADICIONALES VAR;;0;;;;JIBANEZ;1013130;Reid Epworth x un;50;0;50;0;50;;;Servicios;ADJUDICADO;MAINETE JAVIER ALBERTO;MR01;31/12/2026;17/6/2026;10152635;40;1;17/6/2026;17/6/2026;C25;4500130469;40;374;1;MPITTIA;17/6/2026;31/12/2026;C25;0;;0;7;1;0;0;0;0;0;0;04 Cert a Demanda;En curso;;C25
00374 TERMINAL PUNTA COLORADA;1000090407;50;ZPAN;04 - ADICIONALES VAR;;0;;;;JIBANEZ;1013130;Egresos x un;50;0;50;0;50;;;Servicios;ADJUDICADO;MAINETE JAVIER ALBERTO;MR01;31/12/2026;17/6/2026;10152635;50;1;17/6/2026;17/6/2026;C25;4500130469;50;374;1;MPITTIA;17/6/2026;31/12/2026;C25;0;;0;7;1;0;0;0;0;0;0;04 Cert a Demanda;En curso;;C25
00374 TERMINAL PUNTA COLORADA;1000090407;60;ZPAN;04 - ADICIONALES VAR;;0;;;;JIBANEZ;1013130;Ergometria x un;50;0;50;0;50;;;Servicios;ADJUDICADO;MAINETE JAVIER ALBERTO;MR01;31/12/2026;17/6/2026;10152635;60;1;17/6/2026;17/6/2026;C25;4500130469;60;374;1;MPITTIA;17/6/2026;31/12/2026;C25;0;;0;7;1;0;0;0;0;0;0;04 Cert a Demanda;En curso;;C25
00374 TERMINAL PUNTA COLORADA;1000090408;10;ZPAN;04 - SERVICIO MEDICO;;0;;;;JIBANEZ;1027345;SERVICIO MEDICO X MES;6;0;6;0;6;;;Servicios;ADJUDICADO;MAINETE JAVIER ALBERTO;MR01;30/1/2027;17/6/2026;10152636;10;1;17/6/2026;18/6/2026;C25;4500130941;10;374;1;MPITTIA;23/6/2026;30/1/2027;C25;0;;1;0;1;0;0;0;0;0;0;04 Cert a Demanda;En curso;;C25
00374 TERMINAL PUNTA COLORADA;1000090413;10;ZPAN;PM10245-Bridas aguje;;9;;;;MALCARAZ;1022295;AGUJEREAD Ø61mm SOLD A NIPLE 2P-BRIDA 2P;3;0;3;0;3;;;Servicios;ADJUDICADO;BLACKSMITH SAS;MR01;17/7/2026;17/6/2026;10152642;10;1;17/6/2026;18/6/2026;374;4500131047;10;374;1;JJCABRERA;23/6/2026;16/7/2026;374;0;;1;1;-14;0;0;0;0;0;0;Sin aclaración;En curso - Próximo a vencer;;374
00377-YPF 3° loop;1000090513;10;ZPAN;REG - REVESTIMIENTO;;0;;;;ASABATINO;1042362;IMPERMEABILIZACION PILETA + ACCESORIOS;1;0;1;0;1;;;Servicios;ADJUDICADO;AMADEI JUAN ANDRES;MR01;1/7/2026;19/6/2026;10152835;10;1;19/6/2026;19/6/2026;C26;4500130828;10;377;1;YCOLMAN;20/6/2026;1/7/2026;C26;0;;0;0;1;0;0;0;0;0;0;Sin aclaración;Vencido con cant pendiente a recep;;C26
00377-YPF 3° loop;1000090520;10;ZPAN;REG - PERFORACION AD;;0;;;;ASABATINO;1042362;PERFORACION DE AGUA + ACCESORIOS;1;0;1;0;1;;;Servicios;ADJUDICADO;AMADEI JUAN ANDRES;MR01;15/7/2026;19/6/2026;10152841;10;1;19/6/2026;19/6/2026;C26;4500130829;10;377;1;YCOLMAN;20/6/2026;15/7/2026;C26;0;;0;4;1;0;0;0;0;0;0;Sin aclaración;En curso - Próximo a vencer;;C26
00377-YPF 3° loop;1000090524;20;ZPAN;EQ CAMARAS DE 360;;0;;;;CKOTRBA;1048942;SERVICIO INSTALACION EQUIPOS;1;0;1;0;1;;;Servicios;ADJUDICADO;GPS SERVICE SPA;MR01;13/7/2026;19/6/2026;10152846;20;1;19/6/2026;19/6/2026;C03;4500130930;20;377;1;WVENTURINI;22/6/2026;25/7/2026;C03;0;;0;2;13;0;0;0;0;0;0;Sin aclaración;En curso - Próximo a vencer;;C03
00374 TERMINAL PUNTA COLORADA;1000090526;10;ZPAN;04 - LENOR Pto 27960;;0;;;;JIBANEZ;1013021;CERTIFICACION EQUIPO;3;3;3;0;0;5000178456;27/6/2026;Servicios;CUMPLIDO;LENOR SRL;MR01;13/7/2026;19/6/2026;10152848;10;1;19/6/2026;19/6/2026;374;4500130816;10;374;1;JJCABRERA;20/6/2026;13/7/2026;374;1;27/6/2026;0;1;22;-16;0;0;0;0;0;04 Cert a Demanda;En curso - Próximo a vencer;;374
00374 TERMINAL PUNTA COLORADA;1000090526;20;ZPAN;04 - LENOR Pto 27960;;0;;;;JIBANEZ;1016081;JORNADA INSPECCION DE EQUIPOS;1;1;1;0;0;5000178456;27/6/2026;Servicios;CUMPLIDO;LENOR SRL;MR01;13/7/2026;19/6/2026;10152848;20;1;19/6/2026;19/6/2026;374;4500130816;20;374;1;JJCABRERA;20/6/2026;13/7/2026;374;1;27/6/2026;0;1;22;-16;0;0;0;0;0;04 Cert a Demanda;En curso - Próximo a vencer;;374
00374 TERMINAL PUNTA COLORADA;1000090526;30;ZPAN;04 - LENOR Pto 27960;;0;;;;JIBANEZ;1013024;VIATICOS;1;1;1;0;0;5000178456;27/6/2026;Servicios;CUMPLIDO;LENOR SRL;MR01;13/7/2026;19/6/2026;10152848;30;1;19/6/2026;19/6/2026;374;4500130816;30;374;1;JJCABRERA;20/6/2026;13/7/2026;374;1;27/6/2026;0;1;22;-16;0;0;0;0;0;04 Cert a Demanda;En curso - Próximo a vencer;;374
00377-YPF 3° loop;1000090553;10;ZPAN;ALQUILER COMPRESOR;;0;;;;ASABATINO;1033267;ALQUILER COMPRESOR S 900 CFM;1;0;1;0;1;;;Servicios;ADJUDICADO;SULLAIR ARGENTINA S.A;MR01;31/7/2026;19/6/2026;10152874;10;1;19/6/2026;19/6/2026;C04;4500130972;10;377;1;WVENTURINI;23/6/2026;31/7/2026;C04;0;;0;1;1;0;0;0;0;0;0;Sin aclaración;En curso - Próximo a vencer;;C04
00377-YPF 3° loop;1000090594;10;ZPAN;REG. CALIF. PROC. +;;0;;;;ASABATINO;1013029;CALIF. SOLD NIVEL II O III;1;1;1;0;0;5000178428;27/6/2026;Servicios;CUMPLIDO;S & S SOLDADURAS Y SERVICIOS SRL;MR01;14/7/2026;20/6/2026;10152942;10;1;20/6/2026;22/6/2026;C26;4500131318;10;377;1;YCOLMAN;26/6/2026;14/7/2026;C26;1;27/6/2026;2;0;1;-17;0;0;0;0;0;Sin aclaración;En curso - Próximo a vencer;;C26
00377-YPF 3° loop;1000090594;20;ZPAN;REG. CALIF. PROC. +;;0;;;;ASABATINO;1013029;PROC. SOLD. API 1104;1;1;1;0;0;5000178428;27/6/2026;Servicios;CUMPLIDO;S & S SOLDADURAS Y SERVICIOS SRL;MR01;14/7/2026;20/6/2026;10152942;20;1;24/6/2026;24/6/2026;C26;4500131318;20;377;1;YCOLMAN;26/6/2026;14/7/2026;C26;1;27/6/2026;0;0;1;-17;0;0;0;0;0;Sin aclaración;En curso - Próximo a vencer;;C26
00377-YPF 3° loop;1000090594;30;ZPAN;REG. CALIF. PROC. +;;0;;;;ASABATINO;1013029;CALIF. SOLD API 1104 API 5L X70;1;1;1;0;0;5000178428;27/6/2026;Servicios;CUMPLIDO;S & S SOLDADURAS Y SERVICIOS SRL;MR01;14/7/2026;20/6/2026;10152942;30;1;24/6/2026;24/6/2026;C26;4500131318;30;377;1;YCOLMAN;26/6/2026;14/7/2026;C26;1;27/6/2026;0;0;1;-17;0;0;0;0;0;Sin aclaración;En curso - Próximo a vencer;;C26
00377-YPF 3° loop;1000090594;40;ZPAN;REG. CALIF. PROC. +;;0;;;;ASABATINO;1013029;CALIF. SOL PROBETAS PROCEDIMIENTO;1;1;1;0;0;5000178428;27/6/2026;Servicios;CUMPLIDO;S & S SOLDADURAS Y SERVICIOS SRL;MR01;14/7/2026;20/6/2026;10152942;40;1;24/6/2026;24/6/2026;C26;4500131318;40;377;1;YCOLMAN;26/6/2026;14/7/2026;C26;1;27/6/2026;0;0;1;-17;0;0;0;0;0;Sin aclaración;En curso - Próximo a vencer;;C26
00377-YPF 3° loop;1000090594;50;ZPAN;REG. CALIF. PROC. +;;0;;;;ASABATINO;1013024;VIATICOS;94;94;94;0;0;5000178428;27/6/2026;Servicios;CUMPLIDO;S & S SOLDADURAS Y SERVICIOS SRL;MR01;14/7/2026;20/6/2026;10152942;50;1;24/6/2026;24/6/2026;C26;4500131318;50;377;1;YCOLMAN;26/6/2026;14/7/2026;C26;1;27/6/2026;0;0;1;-17;0;0;0;0;0;Sin aclaración;En curso - Próximo a vencer;;C26
00377-YPF 3° loop;1000090630;10;ZPAN;RECARGAS STARLINK;;0;;;;ASABATINO;1022295;RECARGA INTERNET 1 TERA - STARLINK;1;0;1;0;1;;;Servicios;ADJUDICADO;JAWIT S.A.;MR01;14/7/2026;22/6/2026;10152983;10;1;22/6/2026;23/6/2026;C25;4500131066;10;377;1;MPITTIA;24/6/2026;14/7/2026;C25;0;;1;0;1;0;0;0;0;0;0;Sin aclaración;En curso - Próximo a vencer;;C25
00377-YPF 3° loop;1000090691;10;ZPAN;SSYMA-CURSO TRAB.ALT;;0;;;;CKOTRBA;1022295;SERV CAPACITACION TRAB.EN ALTURA;3;0;3;0;3;;;Servicios;ADJUDICADO;BUSTOS MARIA LORENA;MR01;14/7/2026;23/6/2026;10153060;10;1;23/6/2026;;C25;4500131267;10;377;1;MPITTIA;25/6/2026;14/7/2026;C25;0;;0;1;1;0;0;0;0;0;0;Sin aclaración;En curso - Próximo a vencer;;C25
00377-YPF 3° loop;1000090701;10;ZPAN;PH-ZC TANQUE AUSTRAL;;0;;;;CKOTRBA;1042100;ALQ. TANQUE AUSTRALIANO 5000M3;1;0;1;0;1;;;Servicios;ADJUDICADO;HIDROFRAC S.A.;MR01;14/7/2026;23/6/2026;10153074;10;1;23/6/2026;24/6/2026;C26;4500131526;10;377;1;YCOLMAN;29/6/2026;1/8/2026;C26;0;;1;2;19;0;0;0;0;0;0;Sin aclaración;En curso - Próximo a vencer;;C26
00377-YPF 3° loop;1000090701;20;ZPAN;PH-ZC TANQUE AUSTRAL;;0;;;;CKOTRBA;1042100;SERV.ARMADO Y DESARME DE TANQUE AUSTRALI;1;0;1;0;1;;;Servicios;ADJUDICADO;HIDROFRAC S.A.;MR01;14/7/2026;23/6/2026;10153074;20;1;23/6/2026;24/6/2026;C26;4500131526;20;377;1;YCOLMAN;29/6/2026;1/8/2026;C26;0;;1;2;19;0;0;0;0;0;0;Sin aclaración;En curso - Próximo a vencer;;C26
00377-YPF 3° loop;1000090731;10;ZPAN;E&I NJ CALIB.INSTRUM;;0;;;;CKOTRBA;1026920;Calibracion Transmisor LIT-604B;1;0;0;1;0;;;Servicios;SIN TRATAMIENTO;;MR01;14/7/2026;23/6/2026;10153109;10;1;23/6/2026;24/6/2026;377;;0;;0;;;;;0;;1;0;0;0;0;0;0;0;0;Sin aclaración;En curso - Próximo a vencer;;377
00377-YPF 3° loop;1000090731;20;ZPAN;E&I NJ CALIB.INSTRUM;;0;;;;CKOTRBA;1026920;Calibracion Switch LS-604A;1;0;0;1;0;;;Servicios;SIN TRATAMIENTO;;MR01;14/7/2026;23/6/2026;10153109;20;1;23/6/2026;24/6/2026;377;;0;;0;;;;;0;;1;0;0;0;0;0;0;0;0;Sin aclaración;En curso - Próximo a vencer;;377
00374 TERMINAL PUNTA COLORADA;1000090756;10;ZPAN;04- EXTENSION REMIS;;0;;;;SFERNANDEZ;1022296;SERVICIO REMIS POR KM - ANDRADE;15000;0;15000;0;15000;;;Servicios;ADJUDICADO;ANDRADE ERIC ALEXIS;MR01;24/10/2026;24/6/2026;10153138;10;1;24/6/2026;24/6/2026;C25;4500131487;10;374;1;MPITTIA;29/6/2026;24/10/2026;C25;0;;0;2;22;0;0;0;0;0;0;04 Cert a Demanda;En curso;;C25
00377-YPF 3° loop;1000090785;10;ZPAN;REG. CALIF. PROC. +;;0;;;;RTELLO;1013029;CALIF. SOL NIVEL II O III;1;1;1;0;0;5000178427;27/6/2026;Servicios;CUMPLIDO;S & S SOLDADURAS Y SERVICIOS SRL;MR01;15/7/2026;24/6/2026;10153178;10;1;24/6/2026;24/6/2026;C26;4500131329;10;377;1;YCOLMAN;26/6/2026;15/7/2026;C26;1;27/6/2026;0;0;1;-18;0;0;0;0;0;Sin aclaración;En curso - Próximo a vencer;;C26
00377-YPF 3° loop;1000090785;20;ZPAN;REG. CALIF. PROC. +;;0;;;;RTELLO;1013029;CALIF. SOL API 1104 PROCEDIMIENTO;1;1;1;0;0;5000178427;27/6/2026;Servicios;CUMPLIDO;S & S SOLDADURAS Y SERVICIOS SRL;MR01;15/7/2026;24/6/2026;10153178;20;1;24/6/2026;24/6/2026;C26;4500131329;20;377;1;YCOLMAN;26/6/2026;15/7/2026;C26;1;27/6/2026;0;0;1;-18;0;0;0;0;0;Sin aclaración;En curso - Próximo a vencer;;C26
00377-YPF 3° loop;1000090785;30;ZPAN;REG. CALIF. PROC. +;;0;;;;RTELLO;1013029;CALIF. SOL API 1104 NPS 24 + ENSAYOS;1;1;1;0;0;5000178427;27/6/2026;Servicios;CUMPLIDO;S & S SOLDADURAS Y SERVICIOS SRL;MR01;15/7/2026;24/6/2026;10153178;30;1;24/6/2026;24/6/2026;C26;4500131329;30;377;1;YCOLMAN;26/6/2026;15/7/2026;C26;1;27/6/2026;0;0;1;-18;0;0;0;0;0;Sin aclaración;En curso - Próximo a vencer;;C26
00377-YPF 3° loop;1000090785;40;ZPAN;REG. CALIF. PROC. +;;0;;;;RTELLO;1013029;CALIF. SOL PROBETAS PROCEDIMIENTO;2;2;2;0;0;5000178427;27/6/2026;Servicios;CUMPLIDO;S & S SOLDADURAS Y SERVICIOS SRL;MR01;15/7/2026;24/6/2026;10153178;40;1;24/6/2026;24/6/2026;C26;4500131329;40;377;1;YCOLMAN;26/6/2026;15/7/2026;C26;1;27/6/2026;0;0;1;-18;0;0;0;0;0;Sin aclaración;En curso - Próximo a vencer;;C26
00374 TERMINAL PUNTA COLORADA;1000090793;10;ZPAN;PREGULARIZACION HR;;0;;;;JIBANEZ;1022295;"ARMADO Y SOLDADURA CARRETEL 18""";6;6;6;0;0;5000178284;26/6/2026;Servicios;CUMPLIDO;HR INDUSTRIAL SAS;MR01;15/7/2026;24/6/2026;10153206;10;1;24/6/2026;25/6/2026;374;4500131334;10;374;1;JJCABRERA;26/6/2026;15/7/2026;374;1;26/6/2026;1;0;22;-19;0;0;0;0;0;Sin aclaración;En curso - Próximo a vencer;;374
00374 TERMINAL PUNTA COLORADA;1000090793;20;ZPAN;PREGULARIZACION HR;;0;;;;JIBANEZ;1022295;"ADECUACION Y SOLDADURA NIPLE 2""";1;1;1;0;0;5000178284;26/6/2026;Servicios;CUMPLIDO;HR INDUSTRIAL SAS;MR01;15/7/2026;24/6/2026;10153206;20;1;24/6/2026;25/6/2026;374;4500131334;20;374;1;JJCABRERA;26/6/2026;15/7/2026;374;1;26/6/2026;1;0;22;-19;0;0;0;0;0;Sin aclaración;En curso - Próximo a vencer;;374
00377-YPF 3° loop;1000090796;10;ZPAN;PINTURA -ARENADO PRE;;0;;;;ASABATINO;1042087;PINTURA/ARENADO EN PREFABRICADOS X M2;500;0;500;0;500;;;Servicios;ADJUDICADO;LC SERVICE OIL AND GAS S. A. S.;MR01;31/7/2026;24/6/2026;10153212;10;1;24/6/2026;24/6/2026;C26;4500131638;10;377;1;YCOLMAN;30/6/2026;31/7/2026;C26;0;;0;3;1;0;0;0;0;0;0;Sin aclaración;En curso - Próximo a vencer;;C26
00377-YPF 3° loop;1000090796;20;ZPAN;PINTURA -ARENADO PRE;;0;;;;ASABATINO;1042087;PINTURA/ARENADO EN ESTRUCTURAS X M2;100;0;100;0;100;;;Servicios;ADJUDICADO;LC SERVICE OIL AND GAS S. A. S.;MR01;31/7/2026;24/6/2026;10153212;20;1;24/6/2026;24/6/2026;C26;4500131638;20;377;1;YCOLMAN;30/6/2026;31/7/2026;C26;0;;0;3;1;0;0;0;0;0;0;Sin aclaración;En curso - Próximo a vencer;;C26
00374 TERMINAL PUNTA COLORADA;1000090870;10;ZPAN;03- EXT OC 45/114265;;1;;;;MALCARAZ;1036581;SERVICIO ALQ. GARITA DE SEG PUNTA2 X MES;6;0;6;0;6;;;Servicios;ADJUDICADO;ECOPORTATILES SA;MR01;15/1/2027;25/6/2026;10153326;10;1;25/6/2026;26/6/2026;C03;4500131626;10;374;1;EFUNES;30/6/2026;15/1/2027;C03;0;;1;1;1;0;0;0;0;0;0;03 Cert Mensual;En curso;;C03
00374 TERMINAL PUNTA COLORADA;1000090870;20;ZPAN;03- EXT OC 45/114265;;1;;;;MALCARAZ;1036581;AIRE ACONDICIONADO PARA GARITA X MES;6;0;6;0;6;;;Servicios;ADJUDICADO;ECOPORTATILES SA;MR01;15/1/2027;25/6/2026;10153326;20;1;25/6/2026;26/6/2026;C03;4500131626;20;374;1;EFUNES;30/6/2026;15/1/2027;C03;0;;1;1;1;0;0;0;0;0;0;03 Cert Mensual;En curso;;C03
00374 TERMINAL PUNTA COLORADA;1000090870;30;ZPAN;03- EXT OC 45/114265;;1;;;;MALCARAZ;1036581;SERVICIO ALQ. GARITA DE SEG POZO X MES;6;0;6;0;6;;;Servicios;ADJUDICADO;ECOPORTATILES SA;MR01;15/1/2027;25/6/2026;10153326;30;1;25/6/2026;26/6/2026;C03;4500131626;30;374;1;EFUNES;30/6/2026;15/1/2027;C03;0;;1;1;1;0;0;0;0;0;0;03 Cert Mensual;En curso;;C03
00374 TERMINAL PUNTA COLORADA;1000090870;40;ZPAN;03- EXT OC 45/114265;;1;;;;MALCARAZ;1036581;SERVICIO ALQ. GARITA DE SEG SIERRA X MES;6;0;6;0;6;;;Servicios;ADJUDICADO;ECOPORTATILES SA;MR01;15/1/2027;25/6/2026;10153326;40;1;25/6/2026;26/6/2026;C03;4500131626;40;374;1;EFUNES;30/6/2026;15/1/2027;C03;0;;1;1;1;0;0;0;0;0;0;03 Cert Mensual;En curso;;C03
00374 TERMINAL PUNTA COLORADA;1000090870;50;ZPAN;03- EXT OC 45/114265;;1;;;;MALCARAZ;1036581;SERVICIO ALQ. GARITA DE SEG PUNTA X MES;6;0;6;0;6;;;Servicios;ADJUDICADO;ECOPORTATILES SA;MR01;15/1/2027;25/6/2026;10153326;50;1;25/6/2026;26/6/2026;C03;4500131626;50;374;1;EFUNES;30/6/2026;15/1/2027;C03;0;;1;1;1;0;0;0;0;0;0;03 Cert Mensual;En curso;;C03
00377-YPF 3° loop;1000090883;10;ZPAN;AGUA PARA PRUEBA HID;;0;;;;ASABATINO;1042362;SERVICIO DE TRANSF. DE 9000 M3 DE AGUA;1;0;1;0;1;;;Servicios;ADJUDICADO;HYDRERA SA;MR01;30/7/2026;26/6/2026;10153340;10;1;26/6/2026;26/6/2026;C26;4500131361;10;377;1;YCOLMAN;26/6/2026;30/7/2026;C26;0;;0;6;1;0;0;0;0;0;0;Sin aclaración;En curso - Próximo a vencer;;C26
00377-YPF 3° loop;1000090883;20;ZPAN;AGUA PARA PRUEBA HID;;0;;;;ASABATINO;1042362;DIA DE OPERACION ADICIONAL (24 HS);1;0;1;0;1;;;Servicios;ADJUDICADO;HYDRERA SA;MR01;30/7/2026;26/6/2026;10153340;20;1;26/6/2026;26/6/2026;C26;4500131361;20;377;1;YCOLMAN;26/6/2026;30/7/2026;C26;0;;0;6;1;0;0;0;0;0;0;Sin aclaración;En curso - Próximo a vencer;;C26
00377-YPF 3° loop;1000090889;10;ZPAN;PM FLETE DEVOL MECHA;;0;;;;CKOTRBA;1012974;FLETE SEMIRREMOLQUE 14,5MT XVIAJE;1;0;0;1;0;;;Servicios;SIN TRATAMIENTO;;MR01;7/7/2026;26/6/2026;10153350;10;1;26/6/2026;26/6/2026;C15;;0;;0;;;;;0;;0;0;0;0;0;0;0;0;0;Sin aclaración;Vencido con cant pendiente a recep;;C15
00377-YPF 3° loop;1000090889;20;ZPAN;PM FLETE DEVOL MECHA;;0;;;;CKOTRBA;1012974;FLETE SEMIRREMOLQUE 14,5MT XVIAJE;1;0;0;1;0;;;Servicios;SIN TRATAMIENTO;;MR01;7/7/2026;26/6/2026;10153350;20;1;1/7/2026;2/7/2026;C15;;0;;0;;;;;0;;1;0;0;0;0;0;0;0;0;Sin aclaración;Vencido con cant pendiente a recep;;C15
00374 TERMINAL PUNTA COLORADA;1000090942;10;ZPAN;04 - Certificacion M;;0;;;;DSUAREZ;1016081;CERT SOLDADOR ASME IX Y AWS D1.1;1;1;1;0;0;5000178457;27/6/2026;Servicios;CUMPLIDO;KUHN MATIAS DANIEL;MR01;17/7/2026;26/6/2026;10153439;10;1;26/6/2026;27/6/2026;374;4500131433;10;374;1;JJCABRERA;27/6/2026;17/7/2026;374;1;27/6/2026;1;0;22;-20;0;0;0;0;0;04 Cert a Demanda;En curso - Próximo a vencer;;374
00377-YPF 3° loop;1000090957;10;ZPAN;03 SERV CONS. AMBIEN;;0;;;;ASABATINO;1027343;SERV.CONSUL. AMBIENTAL X MES;2;0;2;0;2;;;Servicios;ADJUDICADO;STEP ENERGY S. A. S.;MR01;31/8/2026;27/6/2026;10153460;10;1;27/6/2026;29/6/2026;C25;4500132099;10;377;1;MPITTIA;6/7/2026;31/8/2026;C25;0;;2;0;1;0;0;0;0;0;0;03 Cert Mensual;En curso;;C25
00374 TERMINAL PUNTA COLORADA;1000090967;30;ZPAN;PM 89 CALIDAD-;;0;;;;SFERNANDEZ;1026920;REPARACION DE BALANZA- 600000925;1;0;0;1;0;;;Servicios;SIN TRATAMIENTO;;MR01;20/7/2026;29/6/2026;10153480;30;1;29/6/2026;29/6/2026;374;;0;;0;;;;;0;;0;0;0;0;0;0;0;0;0;Sin aclaración;En curso - Próximo a vencer;;374
00374 TERMINAL PUNTA COLORADA;1000090967;40;ZPAN;PM 89 CALIDAD-;;0;;;;SFERNANDEZ;1026920;REPARACION DE BALANZA- 600000688;1;0;0;1;0;;;Servicios;SIN TRATAMIENTO;;MR01;20/7/2026;29/6/2026;10153480;40;1;29/6/2026;29/6/2026;374;;0;;0;;;;;0;;0;0;0;0;0;0;0;0;0;Sin aclaración;En curso - Próximo a vencer;;374
00377-YPF 3° loop;1000090973;10;ZPAN;PM ALQ.ACCE. ANDAMIO;;0;;;;CKOTRBA;1035542;POLEAS C/FRENO Y MENSULA P/ANDAMIO X MES;1;0;1;0;1;;;Servicios;ADJUDICADO;ECVA S.R.L.;MR01;30/7/2026;29/6/2026;10153494;10;1;29/6/2026;29/6/2026;C26;4500131635;10;377;1;YCOLMAN;30/6/2026;30/7/2026;C26;0;;0;0;1;0;0;0;0;0;0;Sin aclaración;En curso - Próximo a vencer;;C26
00377-YPF 3° loop;1000090993;10;ZPAN;REG LENOR FC 118552;;0;;;;RTELLO;1022294;DIA DE INSPECCION;1;1;1;0;0;5000179119;2/7/2026;Servicios;CUMPLIDO;LENOR SRL;MR01;20/7/2026;29/6/2026;10153512;10;1;29/6/2026;29/6/2026;C25;4500131595;10;377;1;MPITTIA;30/6/2026;20/7/2026;C25;1;2/7/2026;0;0;1;-18;0;0;0;0;0;Sin aclaración;En curso - Próximo a vencer;;C25
00377-YPF 3° loop;1000090993;20;ZPAN;REG LENOR FC 118552;;0;;;;RTELLO;1013021;CERTIFICACION EQUIPO;4;4;4;0;0;5000179119;2/7/2026;Servicios;CUMPLIDO;LENOR SRL;MR01;20/7/2026;29/6/2026;10153512;20;1;29/6/2026;29/6/2026;C25;4500131595;20;377;1;MPITTIA;30/6/2026;20/7/2026;C25;1;2/7/2026;0;0;1;-18;0;0;0;0;0;Sin aclaración;En curso - Próximo a vencer;;C25
00377-YPF 3° loop;1000090993;30;ZPAN;REG LENOR FC 118552;;0;;;;RTELLO;1013024;VIATICOS;1;1;1;0;0;5000179119;2/7/2026;Servicios;CUMPLIDO;LENOR SRL;MR01;20/7/2026;29/6/2026;10153512;30;1;29/6/2026;29/6/2026;C25;4500131595;30;377;1;MPITTIA;30/6/2026;20/7/2026;C25;1;2/7/2026;0;0;1;-18;0;0;0;0;0;Sin aclaración;En curso - Próximo a vencer;;C25
00377-YPF 3° loop;1000090993;40;ZPAN;REG LENOR FC 118552;;0;;;;RTELLO;1022295;CERTIFICADO ELEMENTOS IZAJE;3;3;3;0;0;5000179119;2/7/2026;Servicios;CUMPLIDO;LENOR SRL;MR01;20/7/2026;29/6/2026;10153512;40;1;29/6/2026;29/6/2026;C25;4500131595;40;377;1;MPITTIA;30/6/2026;20/7/2026;C25;1;2/7/2026;0;0;1;-18;0;0;0;0;0;Sin aclaración;En curso - Próximo a vencer;;C25
00377-YPF 3° loop;1000090995;10;ZPAN;REG LENOR FC 118606;;0;;;;RTELLO;1022295;CERTIFICADO ELEMENTOS IZAJE;2;0;2;0;2;;;Servicios;ADJUDICADO;LENOR SRL;MR01;20/7/2026;29/6/2026;10153513;10;1;29/6/2026;29/6/2026;C25;4500131594;10;377;1;MPITTIA;30/6/2026;20/7/2026;C25;2;;0;0;1;0;0;0;0;0;0;Sin aclaración;En curso - Próximo a vencer;;C25
00377-YPF 3° loop;1000090995;20;ZPAN;REG LENOR FC 118606;;0;;;;RTELLO;1022294;DIA DE INSPECCION;1;0;1;0;1;;;Servicios;ADJUDICADO;LENOR SRL;MR01;20/7/2026;29/6/2026;10153513;20;1;29/6/2026;29/6/2026;C25;4500131594;20;377;1;MPITTIA;30/6/2026;20/7/2026;C25;2;;0;0;1;0;0;0;0;0;0;Sin aclaración;En curso - Próximo a vencer;;C25
00377-YPF 3° loop;1000090995;30;ZPAN;REG LENOR FC 118606;;0;;;;RTELLO;1022295;CERTIFICADO ELEMENTOS IZAJE;2;0;2;0;2;;;Servicios;ADJUDICADO;LENOR SRL;MR01;20/7/2026;29/6/2026;10153513;30;1;29/6/2026;29/6/2026;C25;4500131594;30;377;1;MPITTIA;30/6/2026;20/7/2026;C25;2;;0;0;1;0;0;0;0;0;0;Sin aclaración;En curso - Próximo a vencer;;C25
00377-YPF 3° loop;1000090995;40;ZPAN;REG LENOR FC 118606;;0;;;;RTELLO;1013024;VIATICOS;1;0;1;0;1;;;Servicios;ADJUDICADO;LENOR SRL;MR01;20/7/2026;29/6/2026;10153513;40;1;29/6/2026;29/6/2026;C25;4500131594;40;377;1;MPITTIA;30/6/2026;20/7/2026;C25;2;;0;0;1;0;0;0;0;0;0;Sin aclaración;En curso - Próximo a vencer;;C25
00377-YPF 3° loop;1000090996;10;ZPAN;REG LENOR FC 117128;;0;;;;RTELLO;1022295;CERTIFICADO ELEMENTOS IZAJE;2;2;2;0;0;5000179123;2/7/2026;Servicios;CUMPLIDO;LENOR SRL;MR01;20/7/2026;29/6/2026;10153515;10;1;29/6/2026;29/6/2026;C25;4500131592;10;377;1;MPITTIA;30/6/2026;20/7/2026;C25;1;2/7/2026;0;0;1;-18;0;0;0;0;0;Sin aclaración;En curso - Próximo a vencer;;C25
00377-YPF 3° loop;1000090996;20;ZPAN;REG LENOR FC 117128;;0;;;;RTELLO;1022294;DIA DE INSPECCION;1;1;1;0;0;5000179123;2/7/2026;Servicios;CUMPLIDO;LENOR SRL;MR01;20/7/2026;29/6/2026;10153515;20;1;29/6/2026;29/6/2026;C25;4500131592;20;377;1;MPITTIA;30/6/2026;20/7/2026;C25;1;2/7/2026;0;0;1;-18;0;0;0;0;0;Sin aclaración;En curso - Próximo a vencer;;C25
00377-YPF 3° loop;1000090996;30;ZPAN;REG LENOR FC 117128;;0;;;;RTELLO;1016081;CERTIFICACION OPERADOR OBRA;2;2;2;0;0;5000179123;2/7/2026;Servicios;CUMPLIDO;LENOR SRL;MR01;20/7/2026;29/6/2026;10153515;30;1;29/6/2026;29/6/2026;C25;4500131592;30;377;1;MPITTIA;30/6/2026;20/7/2026;C25;1;2/7/2026;0;0;1;-18;0;0;0;0;0;Sin aclaración;En curso - Próximo a vencer;;C25
00377-YPF 3° loop;1000090996;40;ZPAN;REG LENOR FC 117128;;0;;;;RTELLO;1013024;VIATICOS;1;1;1;0;0;5000179123;2/7/2026;Servicios;CUMPLIDO;LENOR SRL;MR01;20/7/2026;29/6/2026;10153515;40;1;29/6/2026;29/6/2026;C25;4500131592;40;377;1;MPITTIA;30/6/2026;20/7/2026;C25;1;2/7/2026;0;0;1;-18;0;0;0;0;0;Sin aclaración;En curso - Próximo a vencer;;C25
00377-YPF 3° loop;1000091015;10;ZPAN;REG JAWIT FC 2-1312;;0;;;;RTELLO;1049859;SERVICIO DE INTERNET ADICIONAL X GB;7;7;7;0;0;5000179109;2/7/2026;Servicios;CUMPLIDO;JAWIT S.A.;MR01;20/7/2026;29/6/2026;10153524;10;1;29/6/2026;2/7/2026;C25;4500131591;10;377;1;MPITTIA;30/6/2026;20/7/2026;C25;1;2/7/2026;3;0;1;-18;0;0;0;0;0;Sin aclaración;En curso - Próximo a vencer;;C25
00374 TERMINAL PUNTA COLORADA;1000091044;10;ZPAN;Reparaciones;;0;;;;DSUAREZ;1022295;ARREGLO DE DISPENSER;1;1;1;0;0;5000178824;1/7/2026;Servicios;CUMPLIDO;MORAN OSVALDO JOSE;MR01;21/7/2026;30/6/2026;10153558;10;1;30/6/2026;30/6/2026;374;4500131693;10;374;1;WDILLMAN;1/7/2026;8/7/2026;374;1;1/7/2026;0;0;-12;-7;0;0;0;0;0;Sin aclaración;En curso - Próximo a vencer;;374
00374 TERMINAL PUNTA COLORADA;1000091044;20;ZPAN;Reparaciones;;0;;;;DSUAREZ;1022295;SERV REPARACION AA;1;1;1;0;0;5000178824;1/7/2026;Servicios;CUMPLIDO;MORAN OSVALDO JOSE;MR01;21/7/2026;30/6/2026;10153558;20;1;30/6/2026;30/6/2026;374;4500131693;20;374;1;WDILLMAN;1/7/2026;8/7/2026;374;1;1/7/2026;0;0;-12;-7;0;0;0;0;0;Sin aclaración;En curso - Próximo a vencer;;374
00374 TERMINAL PUNTA COLORADA;1000091052;10;ZPAN;CERTIFICACION GRILLE;;0;;;;SFERNANDEZ;1036349;CERTIFICACION GRILLETES SEGUN PTTO;1;1;1;0;0;5000179672;7/7/2026;Servicios;CUMPLIDO;CHIECCHIO PABLO;MR01;10/7/2026;30/6/2026;10153579;10;1;30/6/2026;30/6/2026;374;4500131676;10;374;1;JJCABRERA;30/6/2026;10/7/2026;374;1;7/7/2026;0;0;22;-3;0;0;0;0;0;Sin aclaración;En curso - Próximo a vencer;;374
00374 TERMINAL PUNTA COLORADA;1000091109;10;ZPAN;04 - OT RSV;;0;;;;DSUAREZ;1022295;SERVICIO TECNICO SOFTWARE;4;4;4;0;0;5000179490;6/7/2026;Servicios;CUMPLIDO;AC SAT S.R.L.;MR01;22/7/2026;1/7/2026;10153633;10;1;1/7/2026;1/7/2026;C25;4500132033;10;374;1;MPITTIA;6/7/2026;22/7/2026;C25;1;6/7/2026;0;0;22;-16;0;0;0;0;0;04 Cert a Demanda;En curso - Próximo a vencer;;C25
00374 TERMINAL PUNTA COLORADA;1000091109;20;ZPAN;04 - OT RSV;;0;;;;DSUAREZ;1022295;BUZZER;2;2;2;0;0;5000179490;6/7/2026;Servicios;CUMPLIDO;AC SAT S.R.L.;MR01;22/7/2026;1/7/2026;10153633;20;1;1/7/2026;1/7/2026;C25;4500132033;20;374;1;MPITTIA;6/7/2026;22/7/2026;C25;1;6/7/2026;0;0;22;-16;0;0;0;0;0;04 Cert a Demanda;En curso - Próximo a vencer;;C25
00374 TERMINAL PUNTA COLORADA;1000091109;30;ZPAN;04 - OT RSV;;0;;;;DSUAREZ;1022295;RELAY 12V;1;1;1;0;0;5000179490;6/7/2026;Servicios;CUMPLIDO;AC SAT S.R.L.;MR01;22/7/2026;1/7/2026;10153633;30;1;1/7/2026;1/7/2026;C25;4500132033;30;374;1;MPITTIA;6/7/2026;22/7/2026;C25;1;6/7/2026;0;0;22;-16;0;0;0;0;0;04 Cert a Demanda;En curso - Próximo a vencer;;C25
00374 TERMINAL PUNTA COLORADA;1000091109;40;ZPAN;04 - OT RSV;;0;;;;DSUAREZ;1022295;MONTAJE AVL COMPLETO;1;1;1;0;0;5000179490;6/7/2026;Servicios;CUMPLIDO;AC SAT S.R.L.;MR01;22/7/2026;1/7/2026;10153633;40;1;1/7/2026;1/7/2026;C25;4500132035;40;374;1;MPITTIA;6/7/2026;22/7/2026;C25;1;6/7/2026;0;0;22;-16;0;0;0;0;0;04 Cert a Demanda;En curso - Próximo a vencer;;C25
00377-YPF 3° loop;1000091125;10;ZPAN;REG RSV 87145;;0;;;;RTELLO;1022295;SERV TECN - SOFTWARE RSV;1;1;1;0;0;5000179664;7/7/2026;Servicios;CUMPLIDO;AC SAT S.R.L.;MR01;22/7/2026;1/7/2026;10153662;10;1;1/7/2026;2/7/2026;C25;4500132062;10;377;1;MPITTIA;6/7/2026;22/7/2026;C25;1;7/7/2026;1;0;1;-15;0;0;0;0;0;Sin aclaración;En curso - Próximo a vencer;;C25
00377-YPF 3° loop;1000091135;10;ZPAN;FLETE RETIRO PELTEC;;0;;;;CKOTRBA;1012973;FLETE SEMIRREMOLQUE 13,5MT XVIAJE;1;0;0;1;0;;;Servicios;SIN TRATAMIENTO;;MR01;8/7/2026;1/7/2026;10153704;10;1;1/7/2026;2/7/2026;C15;;0;;0;;;;;0;;1;0;0;0;0;0;0;0;0;Sin aclaración;En curso - Próximo a vencer;;C15
00374 TERMINAL PUNTA COLORADA;1000091141;10;ZPAN;04- REG - INGEAP- AL;;0;;;;SFERNANDEZ;1026930;ALQUILER ESTACION TOTAL;1;1;1;0;0;5000179492;6/7/2026;Servicios;CUMPLIDO;INGEAP S.A.S.;MR01;10/7/2026;1/7/2026;10153708;10;1;1/7/2026;2/7/2026;C26;4500132071;10;374;1;YCOLMAN;6/7/2026;10/7/2026;C26;1;6/7/2026;1;0;1;-4;0;0;0;0;0;04 Cert a Demanda;En curso - Próximo a vencer;;C26
00377-YPF 3° loop;1000091142;20;ZPAN;CIVIL-PC HORMIGON HR;;0;;;;CKOTRBA;1012984;SERVICIO BOMBA PLUMA;1;0;1;0;1;;;Servicios;ADJUDICADO;CONFLUENCIA HORMIGON;MR01;8/7/2026;1/7/2026;10153709;20;1;6/7/2026;6/7/2026;C18;4500132239;20;377;2;JESPARZA;7/7/2026;8/7/2026;C18;0;;0;-1;1;0;0;0;0;0;0;Sin aclaración;En curso - Próximo a vencer;;C18
00377-YPF 3° loop;1000091148;10;ZPAN;FLETE RETIRO SULLAIR;;0;;;;CKOTRBA;1012973;FLETE SEMIRREMOLQUE 13,5MT XVIAJE;1;0;0;1;0;;;Servicios;SIN TRATAMIENTO;;MR01;7/7/2026;1/7/2026;10153721;10;1;1/7/2026;2/7/2026;C15;;0;;0;;;;;0;;1;0;0;0;0;0;0;0;0;Sin aclaración;Vencido con cant pendiente a recep;;C15
00377-YPF 3° loop;1000091165;10;ZPAN;ALQ REGADOR JUNIO;;0;;;;CKOTRBA;1033267;SERV ALQ REGADOR 10.000 LTS;1;0;1;0;1;;;Servicios;ADJUDICADO;HUILCALEO MICAELA Y NAHUELHUEN SH;MR01;7/7/2026;1/7/2026;10153737;10;1;1/7/2026;2/7/2026;EFO;4500132046;10;377;1;GROSES;6/7/2026;7/7/2026;EFO;0;;1;0;1;0;0;0;0;0;0;Sin aclaración;Vencido con cant pendiente a recep;;EFO
00377-YPF 3° loop;1000091234;10;ZPAN;04 FORM ALQ EQUIPOS;;0;;;;CKOTRBA;1042083;EQUIPO DE EMPALME- SOLADADURA COMP.X DIA;12;0;6;6;12;;;Servicios;ADJUDICADO PARCIAL;CATEX SRL;MR01;15/7/2026;2/7/2026;10153799;10;1;2/7/2026;2/7/2026;C26;4500131886;10;377;1;YCOLMAN;2/7/2026;10/7/2026;C26;0;;0;0;-4;0;0;0;0;0;0;04 Cert a Demanda;En curso - Próximo a vencer;;C26
00377-YPF 3° loop;1000091234;20;ZPAN;04 FORM ALQ EQUIPOS;;0;;;;CKOTRBA;1042083;EQUIPO DE ARENADO - REVEST. COMP.X DIA;12;0;6;6;12;;;Servicios;ADJUDICADO PARCIAL;CATEX SRL;MR01;15/7/2026;2/7/2026;10153799;20;1;2/7/2026;2/7/2026;C26;4500131886;20;377;1;YCOLMAN;2/7/2026;10/7/2026;C26;0;;0;0;-4;0;0;0;0;0;0;04 Cert a Demanda;En curso - Próximo a vencer;;C26
00377-YPF 3° loop;1000091234;30;ZPAN;04 FORM ALQ EQUIPOS;;0;;;;CKOTRBA;1042083;EQUIPO DE EMPALME- SOLADADURA COMP.X DIA;12;0;0;12;0;;;Servicios;SIN TRATAMIENTO;;MR01;15/7/2026;2/7/2026;10153799;30;1;7/7/2026;7/7/2026;C26;;0;;0;;;;;0;;0;0;0;0;0;0;0;0;0;04 Cert a Demanda;En curso - Próximo a vencer;;C26
00374 TERMINAL PUNTA COLORADA;1000091274;10;ZPAN;04 - Servicio Paquet;;0;;;;DSUAREZ;1012981;FLETE PAQUETERIA DIRECTO SUR-;20000000;0;0;20000000;0;;;Servicios;SIN TRATAMIENTO;;MR01;30/9/2026;2/7/2026;10153828;10;1;2/7/2026;3/7/2026;C15;;0;;0;;;;;0;;1;0;0;0;0;0;0;0;0;04 Cert a Demanda;En curso;;C15
00374 TERMINAL PUNTA COLORADA;1000091294;10;ZPAN;04 EXTENSION INGEAP;;0;;;;SFERNANDEZ;1042086;SUBC.TOPOGRAFIA PERSONAL EN CAMPO;6;0;6;0;6;;;Servicios;ADJUDICADO;INGEAP S.A.S.;MR01;31/1/2027;3/7/2026;10153847;10;1;3/7/2026;4/7/2026;C26;4500132114;10;374;1;YCOLMAN;6/7/2026;10/1/2027;C26;0;;1;-2;1;0;0;0;0;0;0;04 Cert a Demanda;En curso;;C26
00374 TERMINAL PUNTA COLORADA;1000091294;20;ZPAN;04 EXTENSION INGEAP;;0;;;;SFERNANDEZ;1042086;SUBC.TOPOGRAFIA PERSONAL EN OFICINA TEC;6;0;6;0;6;;;Servicios;ADJUDICADO;INGEAP S.A.S.;MR01;31/1/2027;3/7/2026;10153847;20;1;3/7/2026;4/7/2026;C26;4500132114;20;374;1;YCOLMAN;6/7/2026;10/1/2027;C26;0;;1;-2;1;0;0;0;0;0;0;04 Cert a Demanda;En curso;;C26
00374 TERMINAL PUNTA COLORADA;1000091294;30;ZPAN;04 EXTENSION INGEAP;;0;;;;SFERNANDEZ;1042086;ESTACION TOTAL M3 D051565;6;0;6;0;6;;;Servicios;ADJUDICADO;INGEAP S.A.S.;MR01;31/1/2027;3/7/2026;10153847;30;1;4/7/2026;4/7/2026;C26;4500132114;30;374;1;YCOLMAN;6/7/2026;10/1/2027;C26;0;;0;-2;1;0;0;0;0;0;0;04 Cert a Demanda;En curso;;C26
00374 TERMINAL PUNTA COLORADA;1000091299;10;ZPAN;04 - Lavandería Play;;0;;;;DSUAREZ;1013077;SERVICIO DE LAVANDERIA CAJON COMPLETO;1000;0;1000;0;1000;;;Servicios;ADJUDICADO;MALDONADO ELVA;MR01;31/12/2026;3/7/2026;10153851;10;1;3/7/2026;4/7/2026;C25;4500132186;10;374;1;MPITTIA;7/7/2026;31/12/2026;C25;0;;1;1;1;0;0;0;0;0;0;04 Cert a Demanda;En curso;;C25
00374 TERMINAL PUNTA COLORADA;1000091299;20;ZPAN;04 - Lavandería Play;;0;;4;7/7/2026;DSUAREZ;1013077;SERVICIO DE LAVANDERIA MEDIO CAJON;500;0;0;500;0;;;Servicios;RESPONDIDO;;MR01;31/12/2026;3/7/2026;10153851;20;1;3/7/2026;3/7/2026;C25;;0;;0;;;;;0;;0;0;0;0;0;0;0;0;0;04 Cert a Demanda;En curso - Total recepcionado;;C25
00374 TERMINAL PUNTA COLORADA;1000091299;30;ZPAN;04 - Lavandería Play;;0;;;;DSUAREZ;1013077;SERVICIO DE LAVANDERIA CAMPERAS;300;0;300;0;300;;;Servicios;ADJUDICADO;MALDONADO ELVA;MR01;31/12/2026;3/7/2026;10153851;30;1;3/7/2026;4/7/2026;C25;4500132186;30;374;1;MPITTIA;7/7/2026;31/12/2026;C25;0;;1;1;1;0;0;0;0;0;0;04 Cert a Demanda;En curso;;C25
00374 TERMINAL PUNTA COLORADA;1000091304;10;ZPAN;04 - Regularizacion;;0;;;;DSUAREZ;1013077;SERV LAVAND CAJON COMPLETO FC 3C503;70;70;70;0;0;5000179564;6/7/2026;Servicios;CUMPLIDO;MALDONADO ELVA;MR01;24/7/2026;3/7/2026;10153861;10;1;3/7/2026;4/7/2026;C25;4500132045;10;374;1;MPITTIA;6/7/2026;24/7/2026;C25;1;6/7/2026;1;0;22;-18;0;0;0;0;0;04 Cert a Demanda;En curso - Próximo a vencer;;C25
00377-YPF 3° loop;1000091333;10;ZPAN;EXC COPIAS - TYS FC;;0;;;;RTELLO;1026181;COPIAS EXCEDENTES;2242;2242;2242;0;0;5000179635;7/7/2026;Servicios;CUMPLIDO;TECNICA Y SISTEMAS SRL;MR01;24/7/2026;3/7/2026;10153901;10;1;3/7/2026;6/7/2026;C25;4500132167;10;377;1;MPITTIA;7/7/2026;24/7/2026;C25;1;7/7/2026;3;0;1;-17;0;0;0;0;0;Sin aclaración;En curso - Próximo a vencer;;C25
00377-YPF 3° loop;1000091338;10;ZPAN;SS ALQ CAMION C/HIDR;;0;;;;CKOTRBA;1042362;SERV ALQ SEMI C/TRACTOR C/HIDRO;15;0;15;0;15;;;Servicios;ADJUDICADO;GIANNELLI OSCAR RUBEN;MR01;18/7/2026;3/7/2026;10153904;10;1;3/7/2026;6/7/2026;C26;4500132214;10;377;1;YCOLMAN;7/7/2026;18/7/2026;C26;0;;3;1;1;0;0;0;0;0;0;Sin aclaración;En curso - Próximo a vencer;;C26
00374 TERMINAL PUNTA COLORADA;1000091374;10;ZPAN;04 - Extrusora Ext O;;0;;;;DSUAREZ;1033267;EXTRUSORA LESITER WELDPLAST S2;2;0;0;2;0;;;Servicios;SIN TRATAMIENTO;;MR01;15/8/2026;6/7/2026;10153956;10;1;6/7/2026;7/7/2026;EFO;;0;;0;;;;;0;;1;0;0;0;0;0;0;0;0;04 Cert a Demanda;En curso - Próximo a vencer;;EFO
00377-YPF 3° loop;1000091400;10;ZPAN;CURSO HYTORC;;0;;;;ASABATINO;1022295;CURSO DE TORQUEADO KAMMAN Y ASOC;4;0;4;0;4;;;Servicios;ADJUDICADO;KAMMAN OLMOS CRISTIAN LEONARDO;MR01;27/7/2026;6/7/2026;10154004;10;1;6/7/2026;6/7/2026;C25;4500132169;10;377;1;MPITTIA;7/7/2026;27/7/2026;C25;0;;0;0;1;0;0;0;0;0;0;Sin aclaración;En curso - Próximo a vencer;;C25
00377-YPF 3° loop;1000091416;10;ZPAN;PROVISION AGUA PARA;;0;;;;ASABATINO;1042362;AGUA INDUSTRIAL X M3;10000;0;0;10000;0;;;Servicios;SIN TRATAMIENTO;;MR01;27/7/2026;6/7/2026;10154020;10;1;6/7/2026;6/7/2026;C26;;0;;0;;;;;0;;0;0;0;0;0;0;0;0;0;Sin aclaración;En curso - Próximo a vencer;;C26
00377-YPF 3° loop;1000091431;10;ZPAN;VIATICOS - INGEAP;;0;;;;RTELLO;1013024;VIATICOS;1;0;0;1;0;;;Servicios;SIN TRATAMIENTO;;MR01;27/7/2026;6/7/2026;10154038;10;1;6/7/2026;6/7/2026;C26;;0;;0;;;;;0;;0;0;0;0;0;0;0;0;0;Sin aclaración;En curso - Próximo a vencer;;C26
00377-YPF 3° loop;1000091432;10;ZPAN;PM ALQ.ANDAMIOS ADIC;;0;;;;CKOTRBA;1035542;ALQUILER DE ANDAMIO X MES;1;0;1;0;1;;;Servicios;ADJUDICADO;ECVA S.R.L.;MR01;8/8/2026;6/7/2026;10154039;10;1;6/7/2026;6/7/2026;C26;4500132221;10;377;1;YCOLMAN;7/7/2026;8/8/2026;C26;0;;0;1;1;0;0;0;0;0;0;Sin aclaración;En curso - Próximo a vencer;;C26
00377-YPF 3° loop;1000091432;20;ZPAN;PM ALQ.ANDAMIOS ADIC;;0;;;;CKOTRBA;1035542;ALQUILER DE ANDAMIO X MES;1;0;1;0;1;;;Servicios;ADJUDICADO;ECVA S.R.L.;MR01;8/8/2026;6/7/2026;10154039;20;1;6/7/2026;6/7/2026;C26;4500132221;20;377;1;YCOLMAN;7/7/2026;8/8/2026;C26;0;;0;1;1;0;0;0;0;0;0;Sin aclaración;En curso - Próximo a vencer;;C26
00374 TERMINAL PUNTA COLORADA;1000091443;10;ZPAN;04 - CMD 08/07;;0;;;;DSUAREZ;1048859;CURSO DE MANEJO DEFENSIVO;3;0;0;3;0;;;Servicios;SIN TRATAMIENTO;;MR01;28/7/2026;7/7/2026;10154053;10;1;7/7/2026;7/7/2026;374;;0;;0;;;;;0;;0;0;0;0;0;0;0;0;0;04 Cert a Demanda;En curso - Próximo a vencer;;374
00377-YPF 3° loop;1000091485;10;ZPAN;JORNADAS NOCTURNAS D;;0;;;;ASABATINO;1013124;JORNADA NOCTURNA SERVICIO MEDICO;3;0;0;3;0;;;Servicios;SIN TRATAMIENTO;;MR01;28/7/2026;7/7/2026;10154140;10;1;7/7/2026;7/7/2026;C25;;0;;0;;;;;0;;0;0;0;0;0;0;0;0;0;Sin aclaración;En curso - Próximo a vencer;;C25
0376 VELADERO FASE 8B /SAN JUAN;1000076504;10;ZPAN;SS mensual Recarga V;;0;;;;MFALERO;1034560;RECARGA VIRTUAL;2500000;1367360,718;2500000;0;1132639,282;5000177978;24/6/2026;Servicios;CUMPLIDO PARCIAL;NUBI S.A.;MM01;31/8/2026;24/10/2025;10134292;10;1;24/10/2025;24/10/2025;C25;4500112092;10;376;1;MPITTIA;31/10/2025;30/6/2026;C25;12;24/6/2026;0;0;-60;-6;0;0;0;0;0;Sin aclaración;En curso;;C25
0376 VELADERO FASE 8B /SAN JUAN;1000079138;10;ZPAN;PI. 4000006145 - SER;;0;;;;CBAREA;1022295;A.1 MOVILIZACIÓN;1;2;1;0;-1;5000158039;12/1/2026;Servicios;CUMPLIDO;ANDDES ARGENTINA S.A.;MM01;30/4/2026;6/12/2025;10137675;10;1;6/12/2025;6/12/2025;C26;4500115158;10;376;1;AGONZALEZ;11/12/2025;30/4/2026;C26;2;12/1/2026;0;1;-739735;0;0;0;0;0;0;Sin aclaración;Vencido con cant pendiente a recep;;C26
0376 VELADERO FASE 8B /SAN JUAN;1000081467;10;ZPAN;COPIAS EXCEDENTES;;0;;;;ARIVERO;1026181;COPIAS EXCEDENTES COLOR;30000;20449;30000;0;9551;5000175414;3/6/2026;Servicios;CUMPLIDO PARCIAL;TECNICA Y SISTEMAS SRL;MM01;31/7/2026;21/1/2026;10141012;10;1;21/1/2026;21/1/2026;C25;4500118605;10;376;1;MPITTIA;28/1/2026;15/8/2026;C25;4;3/6/2026;0;1;-59;3;0;0;0;0;0;Sin aclaración;En curso - Próximo a vencer;;C25
0376 VELADERO FASE 8B /SAN JUAN;1000081535;10;ZPAN;ADICIONAL HABILITACI;;0;;;;ARIVERO;1022295;CERTIF FACTIBILIDAD USO DEL SUELO Y LOC;1;0;1;0;1;;;Servicios;ADJUDICADO;LOPEZ RIOS FACUNDO GABRIE;MM01;31/7/2026;22/1/2026;10141113;10;1;22/1/2026;22/1/2026;C25;4500118735;10;376;1;MPITTIA;29/1/2026;30/7/2026;C25;2;;0;0;-121;0;0;0;0;0;0;Sin aclaración;En curso - Próximo a vencer;;C25
0376 VELADERO FASE 8B /SAN JUAN;1000081535;30;ZPAN;ADICIONAL HABILITACI;;0;;;;ARIVERO;1022295;APROB CONFORME OBRA CONCLUIDA EN DPDU;1;0;1;0;1;;;Servicios;ADJUDICADO;LOPEZ RIOS FACUNDO GABRIE;MM01;31/7/2026;22/1/2026;10141113;30;1;22/1/2026;22/1/2026;C25;4500118735;30;376;1;MPITTIA;29/1/2026;30/7/2026;C25;2;;0;0;-121;0;0;0;0;0;0;Sin aclaración;En curso - Próximo a vencer;;C25
0376 VELADERO FASE 8B /SAN JUAN;1000081535;40;ZPAN;ADICIONAL HABILITACI;;0;;;;ARIVERO;1022295;CERTIF PROTECCIÓN CONTRA INCENDIO> 500m2;1;0;1;0;1;;;Servicios;ADJUDICADO;LOPEZ RIOS FACUNDO GABRIE;MM01;31/7/2026;22/1/2026;10141113;40;1;22/1/2026;22/1/2026;C25;4500118735;40;376;1;MPITTIA;29/1/2026;30/7/2026;C25;0;;0;0;-121;0;0;0;0;0;0;Sin aclaración;En curso - Próximo a vencer;;C25
0376 VELADERO FASE 8B /SAN JUAN;1000081535;50;ZPAN;ADICIONAL HABILITACI;;0;;;;ARIVERO;1022295;HABIL. OBRAS CIVILES DE CONST TASA MUNI;1;0;1;0;1;;;Servicios;ADJUDICADO;LOPEZ RIOS FACUNDO GABRIE;MM01;31/7/2026;22/1/2026;10141113;50;1;22/1/2026;22/1/2026;C25;4500118735;50;376;1;MPITTIA;29/1/2026;30/7/2026;C25;2;;0;0;-121;0;0;0;0;0;0;Sin aclaración;En curso - Próximo a vencer;;C25
0376 VELADERO FASE 8B /SAN JUAN;1000081535;60;ZPAN;ADICIONAL HABILITACI;;0;;;;ARIVERO;1022295;CERT FINAL DE OBRA-LIC USO O HABIL DPDU;1;0;1;0;1;;;Servicios;ADJUDICADO;LOPEZ RIOS FACUNDO GABRIE;MM01;31/7/2026;22/1/2026;10141113;60;1;22/1/2026;22/1/2026;C25;4500118735;60;376;1;MPITTIA;29/1/2026;30/7/2026;C25;2;;0;0;-121;0;0;0;0;0;0;Sin aclaración;En curso - Próximo a vencer;;C25
0376 VELADERO FASE 8B /SAN JUAN;1000082865;10;ZPAN;Habilitación Galpón;;0;;;;CBAREA;1022295;Certificado de Factibilidad suelo;1;0;1;0;1;;;Servicios;ADJUDICADO;LOPEZ RIOS FACUNDO GABRIE;MM01;30/8/2026;12/2/2026;10142822;10;1;12/2/2026;12/2/2026;C25;4500120029;10;376;1;MPITTIA;12/2/2026;30/8/2026;C25;0;;0;1;-182;0;0;0;0;0;0;Sin aclaración;En curso;;C25
0376 VELADERO FASE 8B /SAN JUAN;1000082865;20;ZPAN;Habilitación Galpón;;0;;;;CBAREA;1022295;Tramite en DPDU de Planos;1;0;1;0;1;;;Servicios;ADJUDICADO;LOPEZ RIOS FACUNDO GABRIE;MM01;30/8/2026;12/2/2026;10142822;20;1;12/2/2026;12/2/2026;C25;4500120029;20;376;1;MPITTIA;12/2/2026;30/8/2026;C25;0;;0;1;-182;0;0;0;0;0;0;Sin aclaración;En curso;;C25
0376 VELADERO FASE 8B /SAN JUAN;1000082865;30;ZPAN;Habilitación Galpón;;0;;;;CBAREA;1022295;Aprobación de Planos;1;0;1;0;1;;;Servicios;ADJUDICADO;LOPEZ RIOS FACUNDO GABRIE;MM01;30/8/2026;12/2/2026;10142822;30;1;12/2/2026;12/2/2026;C25;4500120029;30;376;1;MPITTIA;12/2/2026;30/8/2026;C25;0;;0;1;-182;0;0;0;0;0;0;Sin aclaración;En curso;;C25
0376 VELADERO FASE 8B /SAN JUAN;1000082865;40;ZPAN;Habilitación Galpón;;0;;;;CBAREA;1022295;Certificado Final del Servicio;1;0;1;0;1;;;Servicios;ADJUDICADO;LOPEZ RIOS FACUNDO GABRIE;MM01;30/8/2026;12/2/2026;10142822;40;1;12/2/2026;12/2/2026;C25;4500120029;40;376;1;MPITTIA;12/2/2026;30/8/2026;C25;0;;0;1;-182;0;0;0;0;0;0;Sin aclaración;En curso;;C25
0376 VELADERO FASE 8B /SAN JUAN;1000082865;50;ZPAN;Habilitación Galpón;;0;;;;CBAREA;1022295;Habilitación de obras Civiles;1;0;1;0;1;;;Servicios;ADJUDICADO;LOPEZ RIOS FACUNDO GABRIE;MM01;30/8/2026;12/2/2026;10142822;50;1;12/2/2026;12/2/2026;C25;4500120029;50;376;1;MPITTIA;12/2/2026;30/8/2026;C25;0;;0;1;-182;0;0;0;0;0;0;Sin aclaración;En curso;;C25
0376 VELADERO FASE 8B /SAN JUAN;1000082865;60;ZPAN;Habilitación Galpón;;0;;;;CBAREA;1022295;Certificado Final de Obra-Licencia;1;0;1;0;1;;;Servicios;ADJUDICADO;LOPEZ RIOS FACUNDO GABRIE;MM01;30/8/2026;12/2/2026;10142822;60;1;12/2/2026;12/2/2026;C25;4500120029;60;376;1;MPITTIA;12/2/2026;30/8/2026;C25;0;;0;1;-182;0;0;0;0;0;0;Sin aclaración;En curso;;C25
0376 VELADERO FASE 8B /SAN JUAN;1000085957;10;ZPAN;MEDICINA LABORAL;;0;;;;CBAREA;1022295;SERVICIO DE MEDICO LABORAL x MES;2;2;2;0;0;5000178037;24/6/2026;Servicios;CUMPLIDO;SERVICIOS INT. DE MEDICINA LAB;MM01;31/7/2026;2/4/2026;10146861;10;1;2/4/2026;2/4/2026;C25;4500124407;10;376;1;MPITTIA;8/4/2026;31/7/2026;C25;2;24/6/2026;0;0;-59;24;0;0;0;0;0;Sin aclaración;En curso - Próximo a vencer;;C25
0376 VELADERO FASE 8B /SAN JUAN;1000086500;10;ZPAN;ALQUILER BAÑOS PREDI;;0;;;;ARIVERO;1022295;ALQUILER BAÑO QUIMICO CON LIMPIEZA;2;0;2;0;2;;;Servicios;ADJUDICADO;GONZALEZ SANCHEZ LEONARDO ISMAEL;MM01;30/7/2026;13/4/2026;10147547;10;1;13/4/2026;15/4/2026;C25;4500126076;10;2000;1;MPITTIA;27/4/2026;30/7/2026;C25;0;;2;0;13;0;0;0;0;0;0;Sin aclaración;En curso - Próximo a vencer;;C25
0376 VELADERO FASE 8B /SAN JUAN;1000086500;20;ZPAN;ALQUILER BAÑOS PREDI;;0;;;;ARIVERO;1022295;SERVICIO DE LIMPIEZA BAÑO QUIMICO;72;0;72;0;72;;;Servicios;ADJUDICADO;GONZALEZ SANCHEZ LEONARDO ISMAEL;MM01;30/7/2026;13/4/2026;10147547;20;1;23/4/2026;25/4/2026;C25;4500126076;20;376;1;MPITTIA;27/4/2026;30/7/2026;C25;0;;2;0;2;0;0;0;0;0;0;Sin aclaración;En curso - Próximo a vencer;;C25
0376 VELADERO FASE 8B /SAN JUAN;1000087064;10;ZPAN;IMPRESORA COLOR SEDE;;0;;;;ARIVERO;1022294;Ss. Alq. impresora 4 multif. COLOR x dia;60;0;60;0;60;;;Servicios;ADJUDICADO;TECNICA Y SISTEMAS SRL;MM01;31/7/2026;22/4/2026;10148318;10;1;22/4/2026;23/4/2026;C25;4500126274;10;376;1;MPITTIA;28/4/2026;31/7/2026;C25;0;;1;0;2;0;0;0;0;0;0;Sin aclaración;En curso - Próximo a vencer;;C25
00378 YPF – Oleoducto Cnel. Pringle;1000087193;10;ZPAN;03 - SERV. TOPOGRAFÍ;;0;;;;JPIEDRABUENA;1027430;SERVICIO DE TOPOGRAFIA x MES;6;0,733;6;0;5,267;5000179599;6/7/2026;Servicios;CUMPLIDO PARCIAL;INGEAP S.A.S.;MR01;15/1/2027;23/4/2026;10148521;10;1;23/4/2026;14/5/2026;C26;4500127691;10;378;1;AGONZALEZ;14/5/2026;15/1/2027;C26;1;6/7/2026;21;1;1;-193;0;0;0;0;0;03 Cert Mensual;En curso;Verde;C26
00378 YPF – Oleoducto Cnel. Pringle;1000087193;20;ZPAN;03 - SERV. TOPOGRAFÍ;;0;;;;JPIEDRABUENA;1013081;SERVICIO DE TOPOGRAFIA RELEVAMIENTO;1;1;1;0;0;5000178200;25/6/2026;Servicios;CUMPLIDO;INGEAP S.A.S.;MR01;15/1/2027;23/4/2026;10148521;20;1;23/4/2026;14/5/2026;C26;4500127691;20;378;1;AGONZALEZ;14/5/2026;15/1/2027;C26;1;25/6/2026;21;1;1;-204;0;0;0;0;0;03 Cert Mensual;En curso - Total recepcionado;;C26
00378 YPF – Oleoducto Cnel. Pringle;1000087193;30;ZPAN;03 - SERV. TOPOGRAFÍ;;0;;;;JPIEDRABUENA;1042110;ALQUILER EQUIPO RECEPTOR GNSS;6;1;6;0;5;5000179599;6/7/2026;Servicios;CUMPLIDO PARCIAL;INGEAP S.A.S.;MR01;15/1/2027;23/4/2026;10148521;30;1;13/5/2026;14/5/2026;C26;4500127691;30;378;1;AGONZALEZ;14/5/2026;15/1/2027;C26;1;6/7/2026;1;1;1;-193;0;0;0;0;0;03 Cert Mensual;En curso;Verde;C26
00378 YPF – Oleoducto Cnel. Pringle;1000087193;40;ZPAN;03 - SERV. TOPOGRAFÍ;;0;;;;JPIEDRABUENA;1042110;ALQUILER EQUIPO ESTACION TOTAL;6;0;6;0;6;;;Servicios;ADJUDICADO;INGEAP S.A.S.;MR01;15/1/2027;23/4/2026;10148521;40;1;13/5/2026;14/5/2026;C26;4500127691;40;378;1;AGONZALEZ;14/5/2026;15/1/2027;C26;0;;1;1;1;0;0;0;0;0;0;03 Cert Mensual;En curso;;C26
00378 YPF – Oleoducto Cnel. Pringle;1000087193;50;ZPAN;03 - SERV. TOPOGRAFÍ;;0;;;;JPIEDRABUENA;1013024;VIATICOS;12;1;12;0;11;5000179599;6/7/2026;Servicios;CUMPLIDO PARCIAL;INGEAP S.A.S.;MR01;15/1/2027;23/4/2026;10148521;50;1;14/5/2026;14/5/2026;C26;4500127691;50;378;1;AGONZALEZ;14/5/2026;15/1/2027;C26;1;6/7/2026;0;1;1;-193;0;0;0;0;0;03 Cert Mensual;En curso;Verde;C26
00378 YPF – Oleoducto Cnel. Pringle;1000088429;10;ZPAN;03- SUBCONTRATO DE I;;0;;;;GPUJOL;1013007;SUBC. DE INGENIERIA OBRA 378;1;0,7;1;0;0,3;5000176545;10/6/2026;Servicios;CUMPLIDO PARCIAL;INGENIERIA METALMECANICA ECKERDT;MR01;15/7/2026;15/5/2026;10150250;10;1;15/5/2026;15/5/2026;C26;4500127892;10;378;1;AGONZALEZ;15/5/2026;15/7/2026;C26;1;10/6/2026;0;3;1;-35;0;0;0;0;0;03 Cert Mensual;En curso - Próximo a vencer;Verde;C26
00378 YPF – Oleoducto Cnel. Pringle;1000088496;10;ZPAN;04-RECARGA DE MATAFU;;0;;;;GPUJOL;1022295;RECARGA DE MATAFUEGO 10KG;35;5;35;0;30;5000175576;3/6/2026;Servicios;CUMPLIDO PARCIAL;DAGOSTINO SERGIO OSMAR;MR01;15/7/2026;15/5/2026;10150311;10;1;15/5/2026;15/5/2026;C25;4500128313;10;378;1;MPITTIA;21/5/2026;15/7/2026;C25;1;3/6/2026;0;0;1;-42;0;0;0;0;0;04 Cert a Demanda;En curso - Próximo a vencer;;C25
00378 YPF – Oleoducto Cnel. Pringle;1000088496;20;ZPAN;04-RECARGA DE MATAFU;;0;;;;GPUJOL;1022295;RECARGA DE MATAFUEGO 5KG;15;5;15;0;10;5000175576;3/6/2026;Servicios;CUMPLIDO PARCIAL;DAGOSTINO SERGIO OSMAR;MR01;15/7/2026;15/5/2026;10150311;20;1;15/5/2026;15/5/2026;C25;4500128313;20;378;1;MPITTIA;21/5/2026;15/7/2026;C25;1;3/6/2026;0;0;1;-42;0;0;0;0;0;04 Cert a Demanda;En curso - Próximo a vencer;;C25
0376 VELADERO FASE 8B /SAN JUAN;1000088650;10;ZPAN;PEDIDO S/ MAIL ADJ.;;0;;;;ASIGNORELLI;1049859;SERVICIO DE INTERNET ADICIONAL X 350GB;1;0,287;1;0;0,713;5000177146;17/6/2026;Servicios;CUMPLIDO PARCIAL;JAWIT S.A.;MM01;30/8/2026;19/5/2026;10150486;10;1;19/5/2026;27/5/2026;C25;4500129720;10;376;1;MPITTIA;9/6/2026;30/8/2026;C25;1;17/6/2026;8;0;-80;8;0;0;0;0;0;Sin aclaración;En curso;;C25
00378 YPF – Oleoducto Cnel. Pringle;1000089391;10;ZPAN;Subcontrato semis;;20;;;;JPIEDRABUENA;1035446;SERV ALQ CAMION+SEMI  12MT+OPERADOR;2;0;2;0;2;;;Servicios;ADJUDICADO;CATEX SRL;MR01;19/8/2026;1/6/2026;10151355;10;1;1/6/2026;1/6/2026;C26;4500129322;10;378;1;YCOLMAN;3/6/2026;8/8/2026;C26;0;;0;1;-14;0;0;0;0;0;0;Sin aclaración;En curso - Próximo a vencer;;C26
00378 YPF – Oleoducto Cnel. Pringle;1000089391;20;ZPAN;Subcontrato semis;;20;;;;JPIEDRABUENA;1035446;SERV ALQ CAMION+SEMI  12MT+OPERADOR;2;0;2;0;2;;;Servicios;ADJUDICADO;CATEX SRL;MR01;19/8/2026;1/6/2026;10151355;20;1;1/6/2026;1/6/2026;C26;4500129322;20;378;1;YCOLMAN;3/6/2026;8/8/2026;C26;0;;0;1;-14;0;0;0;0;0;0;Sin aclaración;En curso - Próximo a vencer;;C26
00378 YPF – Oleoducto Cnel. Pringle;1000089391;30;ZPAN;Subcontrato semis;;20;;;;JPIEDRABUENA;1035446;SERV ALQ CAMION+SEMI  12MT SIN CHOFER;2;0;0;2;2;;;Servicios;SIN TRATAMIENTO;;MR01;19/8/2026;1/6/2026;10151355;30;1;1/6/2026;1/6/2026;C03;;0;;1;;;;;0;;0;0;0;0;0;0;0;0;0;Sin aclaración;En curso - Próximo a vencer;;C03
00378 YPF – Oleoducto Cnel. Pringle;1000089906;10;ZPAN;02-SERVICIO DE VIAND;;0;;;;GPUJOL;1013121;VIANDA ALMUERZO XUN;9000;0;9000;0;9000;;;Servicios;ADJUDICADO;COLONNA OMAR RODOLFO;MR01;15/2/2027;9/6/2026;10152066;10;1;9/6/2026;26/6/2026;C25;4500131564;10;378;2;MPITTIA;29/6/2026;15/2/2027;C25;0;;17;3;1;0;0;0;0;0;0;02 Cert Quincenal;En curso;;C25
00378 YPF – Oleoducto Cnel. Pringle;1000089983;10;ZPAN;04-SERVICIO DE SUBC;;0;;;;GPUJOL;1042083;"SOLDADURA LR. CAÑO 32"" X COSTURA";1021;0;1021;0;1021;;;Servicios;ADJUDICADO;CATEX SRL;MR01;15/2/2027;10/6/2026;10152157;10;1;10/6/2026;10/6/2026;C26;4500130174;10;378;1;YCOLMAN;12/6/2026;1/9/2026;C26;0;;0;18;1;0;0;0;0;0;0;04 Cert a Demanda;En curso;;C26
00378 YPF – Oleoducto Cnel. Pringle;1000090011;10;ZPAN;POLIZA DE SEGURO RES;;0;;;;GPUJOL;1012957;SEGURO RESPONSABILIDAD CIVIL;1;1;1;0;0;5000177415;19/6/2026;Servicios;CUMPLIDO;CIA. SEG. LA MERCANTIL ANDINA;MR01;1/8/2026;10/6/2026;10152211;10;1;10/6/2026;10/6/2026;C16;4500130676;10;378;1;JESPARZA;19/6/2026;1/8/2026;C16;1;19/6/2026;0;0;1;-43;0;0;0;0;0;Sin aclaración;En curso - Próximo a vencer;;C16
00378 YPF – Oleoducto Cnel. Pringle;1000090023;10;ZPAN;03- ALQUILER DE IMPR;;0;;;;GPUJOL;1026315;ALQUILER IMPRESORA XMES;8;0;8;0;8;;;Servicios;ADJUDICADO;TECNICA Y SISTEMAS SRL;MR01;1/2/2027;10/6/2026;10152222;10;1;10/6/2026;11/6/2026;C24;4500130346;10;378;1;MPITTIA;17/6/2026;1/2/2027;C24;0;;1;0;1;0;0;0;0;0;0;03 Cert Mensual;En curso;;C24
00378 YPF – Oleoducto Cnel. Pringle;1000090205;10;ZPAN;03-ALQ DISPENSER Y A;;0;;;;GPUJOL;1022295;SERVICIO BOTELLON DE 20 LTS XUN;2000;0;2000;0;2000;;;Servicios;ADJUDICADO;SUR AGUA TRES ARROYOS S.A.;MR01;15/2/2027;12/6/2026;10152358;10;1;12/6/2026;12/6/2026;C25;4500130611;10;378;1;MPITTIA;18/6/2026;15/2/2027;C25;0;;0;1;1;0;0;0;0;0;0;03 Cert Mensual;En curso;;C25
00378 YPF – Oleoducto Cnel. Pringle;1000090224;10;ZPAN;03-BAÑOS PARA OBRA 3;;0;;;;GPUJOL;1046066;ALQUILER BAÑO QUIMICO X UN. X MES;60;0;60;0;60;;;Servicios;ADJUDICADO;ZIJLSTRA ALBERTO ANTONIO;MR01;15/2/2027;12/6/2026;10152367;10;1;12/6/2026;12/6/2026;C25;4500130834;10;378;1;MPITTIA;22/6/2026;15/2/2027;C25;0;;0;0;1;0;0;0;0;0;0;03 Cert Mensual;En curso;;C25
00378 YPF – Oleoducto Cnel. Pringle;1000090224;20;ZPAN;03-BAÑOS PARA OBRA 3;;0;;;;GPUJOL;1013136;SERVICIO LIMPIEZA DESAGOTE BANO QUIMICO;72;0;72;0;72;;;Servicios;ADJUDICADO;ZIJLSTRA ALBERTO ANTONIO;MR01;15/2/2027;12/6/2026;10152367;20;1;12/6/2026;12/6/2026;C25;4500130834;20;378;1;MPITTIA;22/6/2026;15/2/2027;C25;0;;0;0;1;0;0;0;0;0;0;03 Cert Mensual;En curso;;C25
00378 YPF – Oleoducto Cnel. Pringle;1000090252;10;ZPAN;04-SERVICIO DE GAMMA;;0;;;;GPUJOL;1035533;SERVICIO ENSAYO ULTRASONIDO PHASED ARRAY;50;0;50;0;50;;;Servicios;ADJUDICADO;CAEFE S.A.;MR01;30/10/2026;13/6/2026;10152438;10;1;13/6/2026;16/6/2026;C26;4500130328;10;378;1;YCOLMAN;16/6/2026;16/11/2026;C26;0;;3;10;-115;0;0;0;0;0;0;04 Cert a Demanda;En curso;;C26
00378 YPF – Oleoducto Cnel. Pringle;1000090252;20;ZPAN;04-SERVICIO DE GAMMA;;0;;;;GPUJOL;1013016;EQUIPO GAMMAGRAFIA EXTERNO;15;0;15;0;15;;;Servicios;ADJUDICADO;CAEFE S.A.;MR01;30/10/2026;13/6/2026;10152438;20;1;19/6/2026;19/6/2026;C26;4500130328;20;378;1;YCOLMAN;16/6/2026;16/11/2026;C26;0;;0;10;-256;0;0;0;0;0;0;04 Cert a Demanda;En curso;;C26
00378 YPF – Oleoducto Cnel. Pringle;1000090252;30;ZPAN;04-SERVICIO DE GAMMA;;0;;;;GPUJOL;1013018;SERVICIO LIQUIDOS PENETRANTES;25;0;25;0;25;;;Servicios;ADJUDICADO;CAEFE S.A.;MR01;30/10/2026;13/6/2026;10152438;30;1;19/6/2026;19/6/2026;C26;4500130328;30;378;1;YCOLMAN;16/6/2026;16/11/2026;C26;0;;0;10;-256;0;0;0;0;0;0;04 Cert a Demanda;En curso;;C26
00378 YPF – Oleoducto Cnel. Pringle;1000090252;40;ZPAN;04-SERVICIO DE GAMMA;;0;;;;GPUJOL;1035427;"PLACA GAMMA JUNTA Ø32"" SAUT";1045;0;1045;0;1045;;;Servicios;ADJUDICADO;CAEFE S.A.;MR01;30/10/2026;13/6/2026;10152438;60;1;19/6/2026;19/6/2026;C26;4500130328;40;378;1;YCOLMAN;16/6/2026;16/11/2026;C26;0;;0;10;-256;0;0;0;0;0;0;04 Cert a Demanda;En curso;;C26
00378 YPF – Oleoducto Cnel. Pringle;1000090255;20;ZPAN;PM ARENA PARA REVEST;;0;;;;GPUJOL;1012974;FLETE SEMIRREMOLQUE 14,5MT XVIAJE;2;0;0;2;0;;;Servicios;SIN TRATAMIENTO;;MR01;1/8/2026;13/6/2026;10152441;20;1;13/6/2026;16/6/2026;C15;;0;;0;;;;;0;;3;0;0;0;0;0;0;0;0;Sin aclaración;En curso - Próximo a vencer;;C15
0376 VELADERO FASE 8B /SAN JUAN;1000090295;10;ZPAN;PIM 90 Gato Hid;;0;;;;GORIHUELA;1022295;Ss. de reparacion gato hidraulico xun;1;1;1;0;0;5000179333;3/7/2026;Servicios;CUMPLIDO;RAMPACH S. R. L.;MM01;20/7/2026;16/6/2026;10152487;10;1;16/6/2026;16/6/2026;C13;4500131502;10;2001;1;MALVAREZ;29/6/2026;3/7/2026;C13;1;2/7/2026;0;0;-4;-1;1;0;0;0;0;Sin aclaración;En curso - Próximo a vencer;;C13
00378 YPF – Oleoducto Cnel. Pringle;1000090328;10;ZPAN;04-SERVICIO DE FUMIG;;0;;;;GPUJOL;1035446;SERVICIO DE DESRATIZACION;6;0;6;0;6;;;Servicios;ADJUDICADO;ARAMBERRI LUIS ALFREDO;MR01;15/1/2027;16/6/2026;10152519;10;1;16/6/2026;17/6/2026;C25;4500130966;10;378;1;MPITTIA;23/6/2026;15/1/2027;C25;0;;1;0;1;0;0;0;0;0;0;04 Cert a Demanda;En curso;;C25
00378 YPF – Oleoducto Cnel. Pringle;1000090334;10;ZPAN;PM EXAMENES TOXICOLO;;0;;;;GPUJOL;1022295;EXAMEN TOXICOLOGICO  COCAINA, MARIHUANA;30;7;30;0;23;5000178178;25/6/2026;Servicios;CUMPLIDO PARCIAL;BURON FERNANDO ANDRES;MR01;15/8/2026;16/6/2026;10152524;10;1;16/6/2026;17/6/2026;C25;4500130392;10;378;1;MPITTIA;17/6/2026;15/8/2026;C25;1;25/6/2026;1;0;1;-51;0;0;0;0;0;Sin aclaración;En curso - Próximo a vencer;;C25
00378 YPF – Oleoducto Cnel. Pringle;1000090339;10;ZPAN;POLIZA DE RESPONSABI;;0;;;;GPUJOL;1012957;SEGURO RESPONSABILIDAD CIVIL;1;1;1;0;0;5000179578;6/7/2026;Servicios;CUMPLIDO;SANCOR COOP. DE SEG. LTDA.;MR01;15/10/2026;16/6/2026;10152531;10;1;16/6/2026;17/6/2026;C16;4500131412;10;378;1;JESPARZA;26/6/2026;15/10/2026;C16;1;6/7/2026;1;4;1;-101;0;0;0;0;0;Sin aclaración;En curso - Total recepcionado;;C16
0376 VELADERO FASE 8B /SAN JUAN;1000090347;10;ZPAN;Semis p/generadores;;0;;;;GORIHUELA;1022295;SS tte semirremolque x un SJ-Ros;2;2;2;0;0;5000179652;7/7/2026;Servicios;CUMPLIDO;TRANSPORTE ANA S.R.L.;MM01;20/7/2026;16/6/2026;10152541;10;1;16/6/2026;16/6/2026;C15;4500131858;10;376;1;GDIAZ;2/7/2026;20/7/2026;C15;1;7/7/2026;0;1;2;-13;0;0;0;0;0;Sin aclaración;En curso - Próximo a vencer;;C15
00378 YPF – Oleoducto Cnel. Pringle;1000090394;10;ZPAN;Examenes Pre-ocupaci;;2;;;;JPIEDRABUENA;1013131;EXAMEN PREOCUPACIONAL ADICIONALES XUN;50;0;50;0;50;;;Servicios;ADJUDICADO;CENTRO DEL TRABAJO SA;MR01;20/9/2026;17/6/2026;10152620;10;1;17/6/2026;17/6/2026;C25;4500130920;10;378;1;MPITTIA;22/6/2026;20/9/2026;C25;0;;0;1;1;0;0;0;0;0;0;Sin aclaración;En curso;;C25
00378 YPF – Oleoducto Cnel. Pringle;1000090394;20;ZPAN;Examenes Pre-ocupaci;;0;;;;JPIEDRABUENA;1013131;EXAMEN PREOCUPACIONAL ADICIONALES XUN;50;0;50;0;50;;;Servicios;ADJUDICADO;CENTRO DEL TRABAJO SA;MR01;20/9/2026;17/6/2026;10152620;20;1;19/6/2026;19/6/2026;C25;4500130920;20;378;1;MPITTIA;22/6/2026;20/9/2026;C25;0;;0;1;1;0;0;0;0;0;0;Sin aclaración;En curso;;C25
00378 YPF – Oleoducto Cnel. Pringle;1000090480;10;ZPAN;PM Certificacion CAR;;0;;;;GPUJOL;1013021;CERTIFICACION DE CARTER SECO TAUSEM;1;0;0;1;0;;;Servicios;SIN TRATAMIENTO;;MR01;15/7/2026;18/6/2026;10152776;10;1;18/6/2026;18/6/2026;C25;;0;;0;;;;;0;;0;0;0;0;0;0;0;0;0;Sin aclaración;En curso - Próximo a vencer;;C25
00378 YPF – Oleoducto Cnel. Pringle;1000090480;20;ZPAN;PM Certificacion CAR;;0;;;;GPUJOL;1013021;CERTIFICACION  DE COMPRESOR;1;0;0;1;0;;;Servicios;SIN TRATAMIENTO;;MR01;15/7/2026;18/6/2026;10152776;20;1;18/6/2026;18/6/2026;C25;;0;;0;;;;;0;;0;0;0;0;0;0;0;0;0;Sin aclaración;En curso - Próximo a vencer;;C25
00378 YPF – Oleoducto Cnel. Pringle;1000090484;10;ZPAN;03-ALQUILER DE CARRE;;0;;1;30/6/2026;GPUJOL;1033267;ALQUILER DE CARRETON X MES;2;0;0;2;0;;;Servicios;INCOMPLETO;;MR01;20/8/2026;18/6/2026;10152796;10;1;18/6/2026;18/6/2026;C04;;0;;0;;;;;0;;0;0;0;0;0;0;0;0;0;03 Cert Mensual;En curso - Próximo a vencer;;C04
00378 YPF – Oleoducto Cnel. Pringle;1000090554;10;ZPAN;CERTIFICACION DE OPE;;0;;1;2/7/2026;JPIEDRABUENA;1016081;CERTIFICACION OPERADOR  SEÑALERO / ESLIN;6;0;0;6;0;;;Servicios;INCOMPLETO;;MR01;13/7/2026;19/6/2026;10152875;10;1;19/6/2026;19/6/2026;C25;;0;;0;;;;;0;;0;0;0;0;0;0;0;0;0;Sin aclaración;En curso - Próximo a vencer;;C25
00378 YPF – Oleoducto Cnel. Pringle;1000090554;20;ZPAN;CERTIFICACION DE OPE;;0;;1;2/7/2026;JPIEDRABUENA;1016081;CERTIFICACION OPERADOR SUPERVISOR  IZAJE;7;0;0;7;0;;;Servicios;INCOMPLETO;;MR01;13/7/2026;19/6/2026;10152875;20;1;19/6/2026;19/6/2026;C25;;0;;0;;;;;0;;0;0;0;0;0;0;0;0;0;Sin aclaración;En curso - Próximo a vencer;;C25
00378 YPF – Oleoducto Cnel. Pringle;1000090620;10;ZPAN;04-RECARGA GAS Y ALQ;;0;;;;GPUJOL;1022295;RECARGA TUBO GAS BUTANO X45KG X UN;60;0;60;0;60;;;Servicios;ADJUDICADO;FERRO MANUEL OSVALDO;MR01;20/12/2026;22/6/2026;10152971;10;1;22/6/2026;22/6/2026;C25;4500132074;10;378;2;MPITTIA;6/7/2026;20/12/2026;C25;0;;0;0;1;0;0;0;0;0;0;04 Cert a Demanda;En curso;;C25
00378 YPF – Oleoducto Cnel. Pringle;1000090620;20;ZPAN;04-RECARGA GAS Y ALQ;;0;;;;GPUJOL;1022295;RECARGA TUBO GAS BUTANO X10KG X UN;25;0;25;0;25;;;Servicios;ADJUDICADO;FERRO MANUEL OSVALDO;MR01;20/12/2026;22/6/2026;10152971;20;1;22/6/2026;22/6/2026;C25;4500132074;20;378;2;MPITTIA;6/7/2026;20/12/2026;C25;0;;0;0;1;0;0;0;0;0;0;04 Cert a Demanda;En curso;;C25
00378 YPF – Oleoducto Cnel. Pringle;1000090620;30;ZPAN;04-RECARGA GAS Y ALQ;;0;;;;GPUJOL;1022295;ALQUILER TUBO GAS BUTANO 45KG XUNXMES;48;0;48;0;48;;;Servicios;ADJUDICADO;FERRO MANUEL OSVALDO;MR01;20/12/2026;22/6/2026;10152971;30;1;22/6/2026;22/6/2026;C25;4500132074;30;378;2;MPITTIA;6/7/2026;20/12/2026;C25;0;;0;0;1;0;0;0;0;0;0;04 Cert a Demanda;En curso;;C25
00378 YPF – Oleoducto Cnel. Pringle;1000090620;40;ZPAN;04-RECARGA GAS Y ALQ;;0;;;;GPUJOL;1022295;ALQUILER TUBO GAS BUTANO 10KG XUNXMES;30;0;30;0;30;;;Servicios;ADJUDICADO;FERRO MANUEL OSVALDO;MR01;20/12/2026;22/6/2026;10152971;40;1;22/6/2026;22/6/2026;C25;4500132074;40;378;2;MPITTIA;6/7/2026;20/12/2026;C25;0;;0;0;1;0;0;0;0;0;0;04 Cert a Demanda;En curso;;C25
00378 YPF – Oleoducto Cnel. Pringle;1000090695;10;ZPAN;04-ESTUDIO DE SUELO;;0;;;;GPUJOL;1042362;DIAS DE STANDBY;1;1;1;0;0;5000178274;26/6/2026;Servicios;CUMPLIDO;INGENIERIA DE SUELOS S.H. DE BARBAG;MR01;20/7/2026;23/6/2026;10153064;10;1;23/6/2026;23/6/2026;C26;4500131025;10;378;1;YCOLMAN;23/6/2026;20/7/2026;C26;1;26/6/2026;0;0;1;-24;0;0;0;0;0;04 Cert a Demanda;En curso - Próximo a vencer;;C26
00378 YPF – Oleoducto Cnel. Pringle;1000090876;10;ZPAN;012-PM MANEJO DEFENS;;0;;;;GPUJOL;1022295;MANEJO DEFENSIVO TEORICO -PRACTICO;20;0;20;0;20;;;Servicios;ADJUDICADO;DER OHANESSIAN GUSTAVO;MR01;20/8/2026;25/6/2026;10153331;10;1;25/6/2026;26/6/2026;C25;4500131495;10;378;1;MPITTIA;29/6/2026;20/8/2026;C25;0;;1;1;1;0;0;0;0;0;0;01 Cert Semanal;En curso - Próximo a vencer;;C25
00378 YPF – Oleoducto Cnel. Pringle;1000091001;20;ZPAN;TOSCA PARA MEJORA DE;;20;;;;JPIEDRABUENA;1022295;FLETE PARA TOSCA X TONELADA;2;0;0;2;0;;;Servicios;SIN TRATAMIENTO;;MR01;20/7/2026;29/6/2026;10153517;20;1;29/6/2026;30/6/2026;378;;0;;0;;;;;0;;1;0;0;0;0;0;0;0;0;Sin aclaración;En curso - Próximo a vencer;;378
00378 YPF – Oleoducto Cnel. Pringle;1000091139;10;ZPAN;PEDIDO SERV INTERNET;;0;;;;JPIEDRABUENA;1025931;SERVICIO DE INTERNET X MES;9;0;9;0;9;;;Servicios;ADJUDICADO;ISP NET LA S.R.L.;MR01;31/3/2027;1/7/2026;10153707;10;1;1/7/2026;1/7/2026;C25;4500132043;10;378;1;MPITTIA;6/7/2026;31/3/2027;C25;0;;0;0;1;0;0;0;0;0;0;Sin aclaración;En curso;;C25
00378 YPF – Oleoducto Cnel. Pringle;1000091427;10;ZPAN;03-SERVICIO DE INTER;;0;;;;GPUJOL;1034212;SERVICIO DE INTERNET STARLINK X MES ANT1;6;0;6;0;6;;;Servicios;ADJUDICADO;JAWIT S.A.;MR01;15/1/2027;6/7/2026;10154033;10;1;6/7/2026;6/7/2026;C25;4500132163;10;378;1;MPITTIA;7/7/2026;15/1/2027;C25;0;;0;0;1;0;0;0;0;0;0;03 Cert Mensual;En curso;;C25
00378 YPF – Oleoducto Cnel. Pringle;1000091427;20;ZPAN;03-SERVICIO DE INTER;;0;;;;GPUJOL;1034212;SERVICIO DE INTERNET STARLINK X MES ANT2;6;0;6;0;6;;;Servicios;ADJUDICADO;JAWIT S.A.;MR01;15/1/2027;6/7/2026;10154033;20;1;6/7/2026;6/7/2026;C25;4500132163;20;378;1;MPITTIA;7/7/2026;15/1/2027;C25;0;;0;0;1;0;0;0;0;0;0;03 Cert Mensual;En curso;;C25
00378 YPF – Oleoducto Cnel. Pringle;1000091427;30;ZPAN;03-SERVICIO DE INTER;;0;;;;GPUJOL;1034212;SERVICIO DE INTERNET STARLINK X MES ANT3;6;0;6;0;6;;;Servicios;ADJUDICADO;JAWIT S.A.;MR01;15/1/2027;6/7/2026;10154033;30;1;6/7/2026;6/7/2026;C25;4500132163;30;378;1;MPITTIA;7/7/2026;15/1/2027;C25;0;;0;0;1;0;0;0;0;0;0;03 Cert Mensual;En curso;;C25
00378 YPF – Oleoducto Cnel. Pringle;1000091427;40;ZPAN;03-SERVICIO DE INTER;;0;;;;GPUJOL;1034212;SERVICIO DE INTERNET STARLINK X MES ANT4;6;0;6;0;6;;;Servicios;ADJUDICADO;JAWIT S.A.;MR01;15/1/2027;6/7/2026;10154033;40;1;6/7/2026;6/7/2026;C25;4500132163;40;378;1;MPITTIA;7/7/2026;15/1/2027;C25;0;;0;0;1;0;0;0;0;0;0;03 Cert Mensual;En curso;;C25
00378 YPF – Oleoducto Cnel. Pringle;1000091440;10;ZPAN;ENVIO DE PRESUPUESTO;;0;;;;GPUJOL;1022294;JORNADA DE INSPECCION;1;0;0;1;0;;;Servicios;SIN TRATAMIENTO;;MR01;28/7/2026;7/7/2026;10154051;10;1;7/7/2026;7/7/2026;C25;;0;;0;;;;;0;;0;0;0;0;0;0;0;0;0;Sin aclaración;En curso - Próximo a vencer;;C25
00378 YPF – Oleoducto Cnel. Pringle;1000091440;20;ZPAN;ENVIO DE PRESUPUESTO;;0;;;;GPUJOL;1013021;CERTIFICACION DE EQUIPOS;4;0;0;4;0;;;Servicios;SIN TRATAMIENTO;;MR01;28/7/2026;7/7/2026;10154051;20;1;7/7/2026;7/7/2026;C25;;0;;0;;;;;0;;0;0;0;0;0;0;0;0;0;Sin aclaración;En curso - Próximo a vencer;;C25
00378 YPF – Oleoducto Cnel. Pringle;1000091440;30;ZPAN;ENVIO DE PRESUPUESTO;;0;;;;GPUJOL;1016081;CERTIFICACION OPERADORADORES;4;0;0;4;0;;;Servicios;SIN TRATAMIENTO;;MR01;28/7/2026;7/7/2026;10154051;30;1;7/7/2026;7/7/2026;C25;;0;;0;;;;;0;;0;0;0;0;0;0;0;0;0;Sin aclaración;En curso - Próximo a vencer;;C25
00378 YPF – Oleoducto Cnel. Pringle;1000091440;40;ZPAN;ENVIO DE PRESUPUESTO;;0;;;;GPUJOL;1036349;CERTIFICACION LOTE DE GRILLETES;1;0;0;1;0;;;Servicios;SIN TRATAMIENTO;;MR01;28/7/2026;7/7/2026;10154051;40;1;7/7/2026;7/7/2026;C25;;0;;0;;;;;0;;0;0;0;0;0;0;0;0;0;Sin aclaración;En curso - Próximo a vencer;;C25
00378 YPF – Oleoducto Cnel. Pringle;1000091440;50;ZPAN;ENVIO DE PRESUPUESTO;;0;;;;GPUJOL;1036348;CERTIFICACION LOTEDE ESLINGAS SINTETICAS;1;0;0;1;0;;;Servicios;SIN TRATAMIENTO;;MR01;28/7/2026;7/7/2026;10154051;50;1;7/7/2026;7/7/2026;C25;;0;;0;;;;;0;;0;0;0;0;0;0;0;0;0;Sin aclaración;En curso - Próximo a vencer;;C25
00378 YPF – Oleoducto Cnel. Pringle;1000091440;60;ZPAN;ENVIO DE PRESUPUESTO;;0;;;;GPUJOL;1036348;CERTIFICACION GARRAS DE ELEVACION;1;0;0;1;0;;;Servicios;SIN TRATAMIENTO;;MR01;28/7/2026;7/7/2026;10154051;60;1;7/7/2026;7/7/2026;C25;;0;;0;;;;;0;;0;0;0;0;0;0;0;0;0;Sin aclaración;En curso - Próximo a vencer;;C25
00378 YPF – Oleoducto Cnel. Pringle;1000091440;70;ZPAN;ENVIO DE PRESUPUESTO;;0;;;;GPUJOL;1036348;CERTIFICACION DE GANCHO;1;0;0;1;0;;;Servicios;SIN TRATAMIENTO;;MR01;28/7/2026;7/7/2026;10154051;70;1;7/7/2026;7/7/2026;C25;;0;;0;;;;;0;;0;0;0;0;0;0;0;0;0;Sin aclaración;En curso - Próximo a vencer;;C25
00378 YPF – Oleoducto Cnel. Pringle;1000091440;80;ZPAN;ENVIO DE PRESUPUESTO;;0;;;;GPUJOL;1013024;VIATICOS;1;0;0;1;0;;;Servicios;SIN TRATAMIENTO;;MR01;28/7/2026;7/7/2026;10154051;80;1;7/7/2026;7/7/2026;C25;;0;;0;;;;;0;;0;0;0;0;0;0;0;0;0;Sin aclaración;En curso - Próximo a vencer;;C25
00378 YPF – Oleoducto Cnel. Pringle;1000091487;10;ZPAN;04-MONTAJE DE ANTENA;;0;;;;GPUJOL;1022295;ARMADO DE TORRE ITEM 1;1;0;1;0;1;;;Servicios;ADJUDICADO;MEGAHERTZ S.R.L.;MR01;28/7/2026;7/7/2026;10154141;10;1;7/7/2026;7/7/2026;C25;4500132270;10;378;1;MPITTIA;8/7/2026;28/7/2026;C25;0;;0;0;1;0;0;0;0;0;0;04 Cert a Demanda;En curso - Próximo a vencer;;C25
00378 YPF – Oleoducto Cnel. Pringle;1000091487;20;ZPAN;04-MONTAJE DE ANTENA;;0;;;;GPUJOL;1022295;INSTALACION Y PUESTA A PUNTO ITEM 2;1;0;1;0;1;;;Servicios;ADJUDICADO;MEGAHERTZ S.R.L.;MR01;28/7/2026;7/7/2026;10154141;20;1;7/7/2026;7/7/2026;C25;4500132270;20;378;1;MPITTIA;8/7/2026;28/7/2026;C25;0;;0;0;1;0;0;0;0;0;0;04 Cert a Demanda;En curso - Próximo a vencer;;C25
00378 YPF – Oleoducto Cnel. Pringle;1000091487;30;ZPAN;04-MONTAJE DE ANTENA;;0;;;;GPUJOL;1022295;METROS DE CABLE COAXIAL ITEM 3;30;0;30;0;30;;;Servicios;ADJUDICADO;MEGAHERTZ S.R.L.;MR01;28/7/2026;7/7/2026;10154141;30;1;7/7/2026;7/7/2026;C25;4500132270;30;378;1;MPITTIA;8/7/2026;28/7/2026;C25;0;;0;0;1;0;0;0;0;0;0;04 Cert a Demanda;En curso - Próximo a vencer;;C25
00378 YPF – Oleoducto Cnel. Pringle;1000091487;40;ZPAN;04-MONTAJE DE ANTENA;;0;;;;GPUJOL;1022295;ANTENA PARA REPETIDOR ITEM 4;1;0;1;0;1;;;Servicios;ADJUDICADO;MEGAHERTZ S.R.L.;MR01;28/7/2026;7/7/2026;10154141;40;1;7/7/2026;7/7/2026;C25;4500132270;40;378;1;MPITTIA;8/7/2026;28/7/2026;C25;0;;0;0;1;0;0;0;0;0;0;04 Cert a Demanda;En curso - Próximo a vencer;;C25
00378 YPF – Oleoducto Cnel. Pringle;1000091487;50;ZPAN;04-MONTAJE DE ANTENA;;0;;;;GPUJOL;1022295;FUENTE SWITCHING ITEM 5;1;0;1;0;1;;;Servicios;ADJUDICADO;MEGAHERTZ S.R.L.;MR01;28/7/2026;7/7/2026;10154141;50;1;7/7/2026;7/7/2026;C25;4500132270;50;378;1;MPITTIA;8/7/2026;28/7/2026;C25;0;;0;0;1;0;0;0;0;0;0;04 Cert a Demanda;En curso - Próximo a vencer;;C25
00378 YPF – Oleoducto Cnel. Pringle;1000091502;10;ZPAN;CALIFICACION DE SOLD;;0;;;;GPUJOL;1013029;CALIFICACION DE SOLDADOR;30;0;0;30;0;;;Servicios;SIN TRATAMIENTO;;MR01;29/7/2026;8/7/2026;10154172;10;1;8/7/2026;8/7/2026;C25;;0;;0;;;;;0;;0;0;0;0;0;0;0;0;0;Sin aclaración;En curso - Próximo a vencer;;C25
00378 YPF – Oleoducto Cnel. Pringle;1000091506;10;ZPAN;03-SERV DE ATENC PRI;;0;;;;GPUJOL;1027345;SERVICIO ATENCION PRIMARIA X MES;6;0;0;6;0;;;Servicios;SIN TRATAMIENTO;;MR01;20/2/2027;8/7/2026;10154179;10;1;8/7/2026;8/7/2026;C25;;0;;0;;;;;0;;0;0;0;0;0;0;0;0;0;03 Cert Mensual;En curso;;C25
00014 SISTEMAS;1000015472;30;ZPAN;C1 N° 2-13092022;;0;;;;MLSIGAL;1013089;ALQ LIC RAINBOW BUSINESS X19UN XMES;36;36,334;36;0;-0,334;5000151332;5/11/2025;Servicios;CUMPLIDO;MAGRI TELEFONIA S.R.L.;MR01;30/9/2025;16/9/2022;10021363;30;1;16/9/2022;16/9/2022;C24;4500024223;30;MR14;1;VBARRA;27/9/2022;30/11/2025;C24;39;5/11/2025;0;0;1;36;0;0;0;0;0;Sin aclaración;Vencido con cant pendiente a recep;;C24
00014 SISTEMAS;1000018261;10;ZPAN;Anexo 1 C1 N° 2-1309;;0;;;;GLOPEZ;1013089;ABONO SISTEMA CENTRAL TELEFONICA;36;37;36;0;-1;5000151333;5/11/2025;Servicios;CUMPLIDO;MAGRI TELEFONIA S.R.L.;MR01;30/10/2025;3/11/2022;10025725;10;1;3/11/2022;7/11/2022;C24;4500029421;10;MR14;1;VBARRA;23/11/2022;30/11/2025;C24;37;5/11/2025;4;0;1;6;0;0;0;0;0;Sin aclaración;Vencido con cant pendiente a recep;;C24
"00001 GENERAL SEDE&#160;";1000024687;10;ZPAN;GESTIONA CRIS DEBUON;;0;;;;FDIAZ;1013146;SERVICIO DE VIGILANCIA DIURNA XHS;27000;27003;27000;0;-3;5000172467;11/5/2026;Servicios;CUMPLIDO;SEGURIDAD Y RESGUARDO SRL;MR01;15/5/2026;22/2/2023;10046040;10;1;22/2/2023;23/2/2023;C24;4500038553;10;2001;1;VBARRA;13/3/2023;1/5/2026;C24;46;11/5/2026;1;5;-43;40;0;0;0;0;0;Sin aclaración;Vencido con cant pendiente a recep;;C24
00014 SISTEMAS;1000027099;70;ZPAN;Contrato SuccessFact;;0;;;;DINGRAO;1013082;Período 31.12.2025 - 30.12.2026;4;3;4;0;1;5000178811;30/6/2026;Servicios;CUMPLIDO PARCIAL;SAP ARGENTINA SA;MR01;30/12/2026;3/4/2023;10051168;70;1;3/4/2023;3/4/2023;C24;4500041032;70;MR14;1;MPITTIA;12/4/2023;30/12/2026;C24;3;30/6/2026;0;28;-739980;0;0;0;0;0;0;Sin aclaración;En curso;;C24
00014 SISTEMAS;1000027099;80;ZPAN;Contrato SuccessFact;;0;;;;DINGRAO;1013082;Período 31.12.2026 - 30.12.2027;4;0;4;0;4;;;Servicios;ADJUDICADO;SAP ARGENTINA SA;MR01;30/12/2027;3/4/2023;10051168;80;1;3/4/2023;3/4/2023;C24;4500041032;80;MR14;1;MPITTIA;12/4/2023;30/12/2027;C24;0;;0;28;-740345;0;0;0;0;0;0;Sin aclaración;En curso;;C24
00006 CONSTRUCTORA;1000035267;10;ZPAN;curso de drones fern;;0;;;;JBURON;1022311;Manual de usuario x U Certificación x U;1;0;1;0;1;;;Materiales usuales;ADJUDICADO;DRONE OPERATOR SCHOOL S.A.S.;MR01;30/7/2026;5/9/2023;10079281;30;1;7/9/2023;25/11/2024;C24;4500054539;10;MR04;1;MPITTIA;11/9/2023;30/7/2026;C24;0;;445;0;-944;0;0;0;0;0;0;Sin aclaración;En curso - Próximo a vencer;;C24
00014 SISTEMAS;1000036472;50;ZPAN;Proyecto SSFF Contra;;0;;;;DINGRAO;1012850;SAP SFSF ECP 31.12.2025 - 30.12.2026;4;3;4;0;1;5000178812;30/6/2026;Materiales genericos;RECEPCIONADO PARCIAL;SAP ARGENTINA SA;MR01;30/12/2026;25/9/2023;10080792;40;1;25/9/2023;25/9/2023;C24;4500056475;40;MR14;1;MPITTIA;29/9/2023;30/12/2026;C24;3;30/6/2026;0;0;-739980;0;0;0;0;0;0;Sin aclaración;En curso;;C24
00014 SISTEMAS;1000036472;60;ZPAN;Proyecto SSFF Contra;;0;;;;DINGRAO;1012850;SAP SFSF ECP 31.12.2026 - 30.12.2027;4;0;4;0;4;;;Materiales genericos;ADJUDICADO;SAP ARGENTINA SA;MR01;30/12/2027;25/9/2023;10080792;60;1;25/9/2023;25/9/2023;C24;4500056475;60;MR14;1;MPITTIA;29/9/2023;30/12/2027;C24;0;;0;0;-740345;0;0;0;0;0;0;Sin aclaración;En curso;;C24
00008 ABASTECIMIENTO;1000042303;40;ZPAN;BUSPACK;;0;;;;AFORTUNA;1012981;SERVICIO FLETE DE PAQUETERIA XUN;100000000;47997792,21;100000000;0;52002207,79;5000179213;30/6/2026;Servicios;CUMPLIDO PARCIAL;BUS PACK  SA;MR01;31/3/2027;12/1/2024;10088231;40;1;3/5/2024;3/5/2024;C15;4500074601;10;2000;1;GDIAZ;6/5/2024;31/7/2026;C15;60;30/6/2026;0;245;-1063;790;0;0;0;0;0;Sin aclaración;En curso;;C15
"00001 GENERAL SEDE&#160;";1000049211;10;ZPAN;PM 101 00496 DESAGOT;;0;;;;DYANEZ;1028840;DESAGOTE DE PILETA DECANTADORA LAVADERO;10;12;10;0;-2;5000125805;25/2/2025;Servicios;CUMPLIDO;GONZALEZ SANCHEZ LEONARDO ISMAEL;MM01;30/6/2025;3/6/2024;10099618;10;1;3/6/2024;25/10/2024;C25;4500077154;10;2001;1;MPITTIA;7/6/2024;30/6/2025;C25;9;25/2/2025;144;0;1;-125;0;0;0;0;0;Sin aclaración;Vencido con cant pendiente a recep;;C25
00015 RRHH;1000049619;10;ZPAN;SERVICIO ENFERMERIA;;0;;;;JMARCHINI;1017930;SERVICIO ENFERMERIA XMES;19;19;19;0;0;5000157594;7/1/2026;Servicios;CUMPLIDO;IRT- MEDICINA P/EMPRESAS S.A.;MR01;31/7/2026;11/6/2024;10100069;10;1;11/6/2024;11/6/2024;C24;4500077972;10;2001;1;MPITTIA;24/6/2024;31/1/2026;C24;19;7/1/2026;0;9;-180;-24;0;0;0;0;0;Sin aclaración;En curso - Próximo a vencer;;C24
"00001 GENERAL SEDE&#160;";1000049899;10;ZPAN;GESTIONA CRIS DEBUON;;0;;;;CMORENO;1022651;SERVICIO LIMPIEZA VIDRIOS X MES;24;27;24;0;-3;5000179443;6/7/2026;Servicios;CUMPLIDO;AM GASTRONOMÍA Y SERVICIOS SRL;MR01;10/7/2026;18/6/2024;10100386;10;1;18/6/2024;18/6/2024;C24;4500078027;10;2001;1;MPITTIA;25/6/2024;10/7/2026;C24;27;6/7/2026;0;1;1;-4;0;0;0;0;0;Sin aclaración;En curso - Próximo a vencer;;C24
"00001 GENERAL SEDE&#160;";1000049899;20;ZPAN;GESTIONA CRIS DEBUON;;0;;;;CMORENO;1022652;SERVICIO LIMPIEZA SEDE X MES;24;29;24;0;-5;5000179443;6/7/2026;Servicios;CUMPLIDO;AM GASTRONOMÍA Y SERVICIOS SRL;MR01;10/7/2026;18/6/2024;10100386;20;1;18/6/2024;18/6/2024;C24;4500078027;20;2001;1;MPITTIA;25/6/2024;10/7/2026;C24;34;6/7/2026;0;1;1;-4;0;0;0;0;0;Sin aclaración;En curso - Próximo a vencer;;C24
"00001 GENERAL SEDE&#160;";1000049899;30;ZPAN;GESTIONA CRIS DEBUON;;0;;;;CMORENO;1022653;SERVICIO LIMPIEZA SEDE BS AS X MES;24;29;24;0;-5;5000179443;6/7/2026;Servicios;CUMPLIDO;AM GASTRONOMÍA Y SERVICIOS SRL;MR01;10/7/2026;18/6/2024;10100386;30;1;18/6/2024;18/6/2024;C24;4500078027;30;2001;1;MPITTIA;25/6/2024;10/7/2026;C24;33;6/7/2026;0;1;1;-4;0;0;0;0;0;Sin aclaración;En curso - Próximo a vencer;;C24
00013 Servicios Generales;1000049904;10;ZPAN;RENOVACION LIMPIEZA;;0;;;;CMORENO;1022654;SERVICIO LIMPIEZA CASA AVELLANEDA X MES;24;23;24;0;1;5000176313;1/6/2026;Servicios;CUMPLIDO PARCIAL;AM GASTRONOMÍA Y SERVICIOS SRL;MR01;30/7/2026;18/6/2024;10100390;10;1;18/6/2024;2/7/2024;C24;4500078757;10;MR13;1;MPITTIA;5/7/2024;30/7/2026;C24;23;1/6/2026;14;3;1;-59;0;0;0;0;0;Sin aclaración;En curso - Próximo a vencer;;C24
00005 TALLER;1000050033;10;ZPAN;Tratamiento Residuos;;0;;;;DCLAUSEN;1013096;TRATAMIENTO DE RESIDUOS PELIGROSOS Y48;45000;40692;45000;0;4308;5000173945;14/5/2026;Servicios;CUMPLIDO PARCIAL;BRAVO ENERGY ARGENTINA S.C.A.;MR01;30/12/2026;24/6/2024;10100565;10;1;24/6/2024;26/7/2024;C24;4500080101;20;MR05;2;MPITTIA;29/7/2024;30/12/2026;C24;40;14/5/2026;32;2;-553;324;0;0;0;0;0;Sin aclaración;En curso;;C24
00005 TALLER;1000050033;20;ZPAN;Tratamiento Residuos;;0;;;;DCLAUSEN;1013095;RECOLECCION DE RESIDUOS PELIGROSOS Y9;10000;8410;10000;0;1590;5000172252;8/5/2026;Servicios;CUMPLIDO PARCIAL;BRAVO ENERGY ARGENTINA S.C.A.;MR01;30/12/2026;24/6/2024;10100565;20;1;19/7/2024;19/7/2024;C24;4500080101;30;MR05;1;MPITTIA;29/7/2024;30/12/2026;C24;12;8/5/2026;0;2;-553;318;0;0;0;0;0;Sin aclaración;En curso;;C24
00005 TALLER;1000050033;30;ZPAN;Tratamiento Residuos;;0;;;;DCLAUSEN;1012982;FLETE CARGA PUNTUAL XVIAJE;40;37;40;0;3;5000171165;28/4/2026;Servicios;CUMPLIDO PARCIAL;BRAVO ENERGY ARGENTINA S.C.A.;MR01;30/12/2026;24/6/2024;10100565;30;1;19/7/2024;19/7/2024;C24;4500080101;40;MR05;1;MPITTIA;29/7/2024;30/12/2026;C24;34;28/4/2026;0;2;-553;308;0;0;0;0;0;Sin aclaración;En curso;;C24
"00001 GENERAL SEDE&#160;";1000050271;10;ZPAN;RENOVACION RECARGA D;;0;;;;CMORENO;1013092;PROVISION GAS A GRANEL PROPANO;10000;9896;10000;0;104;5000179046;1/7/2026;Servicios;CUMPLIDO PARCIAL;ITALGAS S.A.;MR01;30/7/2026;28/6/2024;10100842;10;1;28/6/2024;28/6/2024;C24;4500079119;10;2001;1;MPITTIA;12/7/2024;30/7/2026;C24;28;1/7/2026;0;18;-375;347;0;0;0;0;0;Sin aclaración;En curso - Próximo a vencer;;C24
00005 TALLER;1000051197;40;ZPAN;VA TRAT RESIDUOS 19/;;0;;;;SPONCE;1013094;RECOLECCION DE RESIDUOS PELIGROSOS Y8;15000;15000;15000;0;0;5000147178;29/9/2025;Servicios;CUMPLIDO;BRAVO ENERGY ARGENTINA S.C.A.;MR01;30/12/2026;19/7/2024;10102066;10;1;23/7/2024;23/7/2024;C24;4500080101;10;MR05;1;MPITTIA;29/7/2024;24/12/2025;C24;7;29/9/2025;0;2;-879;423;0;0;0;0;0;Sin aclaración;En curso - Total recepcionado;;C24
00014 SISTEMAS;1000051752;30;ZPAN;ADENDA SAP;;0;;;;DINGRAO;1029890;Adenda SAP SFSF 31.12.2025 - 30.12.2026;4;3;4;0;1;5000178813;30/6/2026;Servicios;CUMPLIDO PARCIAL;SAP ARGENTINA SA;MR01;30/12/2026;31/7/2024;10102703;30;1;31/7/2024;31/7/2024;C24;4500080559;30;MR14;1;JJCABRERA;2/8/2024;30/12/2026;C24;3;30/6/2026;0;6;1;-183;0;0;0;0;0;Sin aclaración;En curso;;C24
00014 SISTEMAS;1000051752;40;ZPAN;ADENDA SAP;;0;;;;DINGRAO;1029890;Adenda SAP SFSF 31.12.2026 - 30.12.2027;4;0;4;0;4;;;Servicios;ADJUDICADO;SAP ARGENTINA SA;MR01;30/12/2027;31/7/2024;10102703;40;1;31/7/2024;31/7/2024;C24;4500080559;40;MR14;1;JJCABRERA;2/8/2024;30/12/2027;C24;0;;0;6;1;0;0;0;0;0;0;Sin aclaración;En curso;;C24
"00001 GENERAL SEDE&#160;";1000052873;10;ZPAN;MANTENIMIENTO AA;;0;;;;MCRETTAZ;1013108;SERVICIO MANTENIMIENTO AA CENTRAL;11,5;14,5;11,5;0;-3;5000147728;3/10/2025;Servicios;CUMPLIDO;LINO JOSE LUIS;MR01;30/9/2025;20/8/2024;10104218;10;1;20/8/2024;30/12/2025;C24;4500083004;10;2001;1;MPITTIA;3/9/2024;30/10/2025;C24;15;3/10/2025;497;2;1;3;0;0;0;0;0;Sin aclaración;Vencido con cant pendiente a recep;;C24
00008 ABASTECIMIENTO;1000054046;10;ZPAN;RENOVACION OC;;0;;;;MCRETTAZ;1012981;SERVICIO FLETE DE PAQUETERIA XUN;50000000;43444988,49;50000000;0;6555011,51;5000179739;1/7/2026;Servicios;CUMPLIDO PARCIAL;V.MASSON TRAP.CRUZ DEL SUR SA;MM01;30/8/2026;12/9/2024;10105722;10;1;12/9/2024;14/1/2026;C15;4500087495;10;3000;2;GDIAZ;8/11/2024;27/8/2026;C15;118;1/7/2026;489;0;-606;547;0;0;0;0;0;Sin aclaración;En curso;;C15
00007 COMERCIAL OF LICITACION;1000054294;10;ZPAN;PEDIDO DE RAUL RIOS;;0;;;;MCRETTAZ;1018727;SERVICIO ASESORAMIENTO EXTERNO;1440;214;1440;0;1226;5000133755;28/5/2025;Servicios;CUMPLIDO PARCIAL;SZTRUM JORGE MARIO;MR01;31/12/2026;17/9/2024;10105944;10;1;17/9/2024;17/9/2024;C24;4500084958;10;2001;1;MPITTIA;1/10/2024;31/12/2026;C24;9;28/5/2025;0;0;-425;-156;0;0;0;0;0;Sin aclaración;En curso;;C24
00007 COMERCIAL OF LICITACION;1000054294;20;ZPAN;PEDIDO DE RAUL RIOS;;0;;;;MCRETTAZ;1029923;CONSULTA AISLADA SIN INSPECCIÓN;60;0;60;0;60;;;Materiales genericos;ADJUDICADO;SZTRUM JORGE MARIO;MR01;31/12/2026;17/9/2024;10105944;20;1;17/9/2024;17/9/2024;C24;4500084958;20;2001;1;MPITTIA;1/10/2024;31/12/2026;C24;0;;0;0;-425;0;0;0;0;0;0;Sin aclaración;En curso;;C24
00008 ABASTECIMIENTO;1000055089;10;ZPAN;SERVICIO PAQUETERIA;;0;;;;MCRETTAZ;1012981;SERVICIO FLETE DE PAQUETERIA XUN;10000000;4480548,63;10000000;0;5519451,37;5000179340;3/7/2026;Servicios;CUMPLIDO PARCIAL;ANDREANI LOGISTICA SA;MM01;31/3/2026;2/10/2024;10106905;10;1;2/10/2024;14/1/2026;C15;4500087452;10;2001;1;GDIAZ;7/11/2024;26/8/2026;C15;1;3/7/2026;469;0;-523;618;0;0;0;0;0;Sin aclaración;Vencido con cant pendiente a recep;;C15
00016 SEGURIDAD E HIGIENE;1000061096;10;ZPAN;MATRIZ DE CUMPLIMIEN;;0;;;;ASOTO;1026895;MATRIZ DE CUMPLIMIENTO LEGAL;1;1;1;0;29;5000125187;19/2/2025;Servicios;CUMPLIDO;CONSULDAR SRL;MR01;28/1/2026;28/1/2025;10114406;10;1;28/1/2025;30/1/2025;C24;4500092582;10;MR03;1;MPITTIA;31/1/2025;28/1/2026;C24;1;19/2/2025;2;0;1;-343;0;0;0;0;0;Sin aclaración;Vencido con cant pendiente a recep;;C24
00040-Comunic y Sustentabilidad;1000063015;10;ZPAN;Publicidad Fuerza Mi;;0;;;;NMONTENEGRO;1026661;pauta publicitaria FUERZA MINERA;12;17;12;0;-5;5000164721;10/3/2026;Servicios;CUMPLIDO;GARCIA JUAN IGNACIO;MR01;15/3/2026;5/3/2025;10116731;10;1;5/3/2025;6/3/2025;C24;4500095542;10;MR23;1;JJCABRERA;18/3/2025;15/3/2026;C24;17;10/3/2026;1;0;1;-5;0;0;0;0;0;Sin aclaración;Vencido con cant pendiente a recep;;C24
"00001 GENERAL SEDE&#160;";1000066666;10;ZPAN;PM 101 617 SERV ARCH;;0;;;;DYANEZ;1034248;SERV.ALMACENAJE ARCHIVO CUSTODIA X CAJA;2052;2055;2052;0;-3;5000172105;7/5/2026;Servicios;CUMPLIDO;CUST DE ARCHIVOS SAN JUAN SRL;MM01;13/5/2026;13/5/2025;10121308;10;1;13/5/2025;13/5/2025;C24;4500099023;10;2001;1;JESPARZA;14/5/2025;13/5/2026;C24;15;7/5/2026;0;0;1;-6;0;0;0;0;0;Sin aclaración;Vencido con cant pendiente a recep;;C24
"00001 GENERAL SEDE&#160;";1000069479;10;ZPAN;Todoplaga;;0;;;;GCAROSSO;1013139;SS CONTROL DE PLAGAS XUN;12;12;12;0;0;5000176142;8/6/2026;Servicios;CUMPLIDO;CEPEDA LEANDRO ESTEBAN;MR01;30/7/2026;1/7/2025;10125031;10;1;1/7/2025;1/7/2025;C25;4500103553;10;2001;1;MPITTIA;14/7/2025;30/7/2026;C25;14;8/6/2026;0;0;1;-52;0;0;0;0;0;Sin aclaración;En curso - Próximo a vencer;;C25
00018 EQUIPOS;1000069498;10;ZPAN;POLIZA 13432358## NU;;0;;;;NLAFORNARO;1012965;POLIZA AUTOMOTOR MSA 13432358 MSA;1;1;1;0;0;5000137819;7/7/2025;Servicios;CUMPLIDO;SANCOR COOP. DE SEG. LTDA.;MR01;13/7/2026;1/7/2025;10125051;10;1;1/7/2025;1/7/2025;C16;4500102846;10;MR13;1;ALOPEZ;3/7/2025;13/7/2026;C16;1;7/7/2025;0;1;1;-371;0;0;0;0;0;Sin aclaración;En curso - Próximo a vencer;;C16
00014 SISTEMAS;1000069560;10;ZPAN;Abono tu Recibo;;0;;;;MGOMEZ;1013087;ABONO TU RECIBO Agosto 25 - julio 26;12;12;12;0;0;5000168797;13/4/2026;Servicios;CUMPLIDO;VISMA ARGENTINA S.A.;MR01;31/7/2026;2/7/2025;10125124;10;1;2/7/2025;29/7/2025;C24;4500105363;10;MR14;1;MPITTIA;6/8/2025;31/7/2026;C24;9;13/4/2026;27;6;1;-109;0;0;0;0;0;Sin aclaración;En curso - Próximo a vencer;;C24
00016 SEGURIDAD E HIGIENE;1000069565;10;ZPAN;SERVICIO DOSIMETRIA;;0;;;;JGONZALEZ;1042203;SERVICIO DE DOSIMETRIA;12;7;12;0;5;5000165643;16/3/2026;Servicios;CUMPLIDO PARCIAL;ASOC.CIVIL PROF TECRADIOL ROSA;MR01;1/8/2026;2/7/2025;10125160;10;1;2/7/2025;2/7/2025;C24;4500102995;10;2001;1;MPITTIA;4/7/2025;1/8/2026;C24;7;16/3/2026;0;0;1;-138;0;0;0;0;0;Sin aclaración;En curso - Próximo a vencer;;C24
00018 EQUIPOS;1000069678;10;ZPAN;RENOVACION DE POLIZA;;0;;;;NLAFORNARO;1012965;POLIZA AUTOMOTOR MMSA 13432128;1;1;1;0;0;5000138897;17/7/2025;Servicios;CUMPLIDO;SANCOR COOP. DE SEG. LTDA.;MM01;13/7/2026;3/7/2025;10125271;10;1;3/7/2025;4/7/2025;C16;4500103254;10;MM13;1;JESPARZA;8/7/2025;13/7/2026;C16;1;17/7/2025;1;7;1;-361;0;0;0;0;0;Sin aclaración;En curso - Próximo a vencer;;C16
00014 SISTEMAS;1000069759;20;ZPAN;Sistema Minexus Cont;;0;;;;MGOMEZ;1042349;Abono Sistemas Minexus Jul2025-Jun2026;12;7;12;0;5;5000176980;16/6/2026;Servicios;CUMPLIDO PARCIAL;MINEXUS S.A.S.;MR01;30/6/2026;4/7/2025;10125393;20;1;4/7/2025;7/7/2025;C24;4500103211;20;MR14;1;MPITTIA;8/7/2025;30/6/2026;C24;8;16/6/2026;3;9;-739797;0;0;0;0;0;0;Sin aclaración;Vencido con cant pendiente a recep;;C24
00018 EQUIPOS;1000070400;10;ZPAN;NUEVA POLIZA DE TRAN;;0;;;;NLAFORNARO;1012962;POLIZA DE TRANSPORTES;1;1;1;0;0;5000140897;5/8/2025;Servicios;CUMPLIDO;SANCOR COOP. DE SEG. LTDA.;MR01;13/7/2026;17/7/2025;10126286;10;1;17/7/2025;17/7/2025;C16;4500104592;10;MR13;1;JESPARZA;25/7/2025;13/7/2026;C16;1;5/8/2025;0;3;1;-342;0;0;0;0;0;Sin aclaración;En curso - Próximo a vencer;;C16
00018 EQUIPOS;1000070402;10;ZPAN;NUEVA POLIZA DE TRAN;;0;;;;NLAFORNARO;1012962;POLIZA DE TRANSPORTES;1;1;1;0;0;5000141037;6/8/2025;Servicios;CUMPLIDO;SANCOR COOP. DE SEG. LTDA.;MM01;13/7/2026;17/7/2025;10126288;10;1;17/7/2025;17/7/2025;C16;4500104593;10;MM13;1;JESPARZA;25/7/2025;13/7/2026;C16;1;6/8/2025;0;3;1;-341;0;0;0;0;0;Sin aclaración;En curso - Próximo a vencer;;C16
"00001 GENERAL SEDE&#160;";1000070842;10;ZPAN;POLIZA TODO RIESGO O;;0;;;;NLAFORNARO;1012959;POLIZA TODO RIESGO OPERATIVO MSA;1;1;1;0;0;5000140862;5/8/2025;Servicios;CUMPLIDO;SAN CRISTOBAL S.M. DE SEGUROS GENER;MR01;13/7/2026;24/7/2025;10126836;10;1;24/7/2025;24/7/2025;C16;4500104595;10;2001;1;JESPARZA;25/7/2025;13/7/2026;C16;1;5/8/2025;0;3;1;-342;0;0;0;0;0;Sin aclaración;En curso - Próximo a vencer;;C16
"00001 GENERAL SEDE&#160;";1000070844;10;ZPAN;POLIZA TODO RIESGO O;;0;;;;NLAFORNARO;1012959;POLIZA TODO RIESGO OPERATIVO MMSA;1;1;1;0;0;5000140775;5/8/2025;Servicios;CUMPLIDO;SAN CRISTOBAL S.M. DE SEGUROS GENER;MM01;13/7/2026;24/7/2025;10126838;10;1;24/7/2025;24/7/2025;C16;4500105229;10;2001;1;JESPARZA;4/8/2025;13/7/2026;C16;1;5/8/2025;0;0;1;-342;0;0;0;0;0;Sin aclaración;En curso - Próximo a vencer;;C16
"00001 GENERAL SEDE&#160;";1000070880;10;ZPAN;CAUCION TANQUE DE CO;;0;;;;NLAFORNARO;1012957;POLIZA RC TANQUE 3733911;1;1;1;0;0;5000146897;25/9/2025;Servicios;CUMPLIDO;FEDERACION PATRONAL SEG. S.A.;MR01;13/7/2026;24/7/2025;10126876;10;1;24/7/2025;24/7/2025;C16;4500109321;10;2001;1;JESPARZA;25/9/2025;13/7/2026;C16;1;25/9/2025;0;0;1;-291;0;0;0;0;0;Sin aclaración;En curso - Próximo a vencer;;C16
00014 SISTEMAS;1000071041;10;ZPAN;.;;0;;4;1/7/2026;MGOMEZ;1029365;SOPORTE AMS SAP PIPOBI;240;201;200;40;39;5000171732;6/5/2026;Servicios;CUMPLIDO;ALEJANDRES MAXIMILIANO NORBERTO;MR01;30/7/2026;28/7/2025;10127073;10;1;28/7/2025;28/7/2025;C24;4500105247;10;MR14;1;JPUPULIN;4/8/2025;31/5/2026;C24;8;6/5/2026;0;0;-210;126;0;0;0;0;0;Sin aclaración;En curso - Próximo a vencer;;C24
00018 EQUIPOS;1000071083;10;ZPAN;ENDOSO POLIZA AUTOMO;;0;;;;NLAFORNARO;1022034;ENDOSO POLIZA AUTOMOTOR CARRETONES;1;1;1;0;0;5000144011;1/9/2025;Servicios;CUMPLIDO;SANCOR COOP. DE SEG. LTDA.;MR01;13/7/2026;29/7/2025;10127121;10;1;29/7/2025;29/7/2025;C16;4500107353;10;MR13;1;JESPARZA;29/8/2025;13/7/2026;C16;1;1/9/2025;0;0;1;-315;0;0;0;0;0;Sin aclaración;En curso - Próximo a vencer;;C16
00014 SISTEMAS;1000071123;10;ZPAN;licencias primavera;;0;;;;DINGRAO;20000010;Primavera P6 Professional Project Manage;4;4;4;0;0;5000149455;20/10/2025;Materiales Sistemas;ALMACENADO;ORACLE ARGENTINA S.R.L.;MR01;1/8/2026;29/7/2025;10127152;10;1;29/7/2025;29/7/2025;C24;4500104849;10;MR14;1;MPITTIA;30/7/2025;1/8/2026;C24;1;20/10/2025;0;0;1;-285;0;0;0;0;0;Sin aclaración;En curso - Próximo a vencer;;C24
00014 SISTEMAS;1000071123;20;ZPAN;licencias primavera;;0;;;;DINGRAO;20000010;Software Update License & Support;1;1;1;0;0;5000149455;20/10/2025;Materiales Sistemas;ALMACENADO;ORACLE ARGENTINA S.R.L.;MR01;1/8/2026;29/7/2025;10127152;20;1;29/7/2025;29/7/2025;C24;4500104849;20;MR14;1;MPITTIA;30/7/2025;1/8/2026;C24;1;20/10/2025;0;0;1;-285;0;0;0;0;0;Sin aclaración;En curso - Próximo a vencer;;C24
00018 EQUIPOS;1000071403;10;ZPAN;POLIZA DE SEGURO TEC;;0;;;;NLAFORNARO;1012963;POLIZA DE ST MSA 189133;1;2;1;0;-1;5000164975;11/3/2026;Servicios;CUMPLIDO;NACION SEGUROS SA;MR01;13/8/2026;1/8/2025;10127482;10;1;1/8/2025;4/8/2025;C16;4500105238;10;MR13;1;JESPARZA;4/8/2025;13/8/2026;C16;2;11/3/2026;3;1;1;-155;0;0;0;0;0;Sin aclaración;En curso - Próximo a vencer;;C16
00018 EQUIPOS;1000071404;10;ZPAN;POLIZA DE SEGURO TEC;;0;;;;NLAFORNARO;1012963;POLIZA DE ST MMSA 189135;1;1;1;0;0;5000141194;7/8/2025;Servicios;CUMPLIDO;NACION SEGUROS SA;MM01;13/8/2026;1/8/2025;10127489;10;1;1/8/2025;4/8/2025;C16;4500105242;10;MM13;1;JESPARZA;4/8/2025;13/8/2026;C16;1;7/8/2025;3;2;1;-371;0;0;0;0;0;Sin aclaración;En curso - Próximo a vencer;;C16
00005 TALLER;1000071565;10;ZPAN;Serv. Retiro Residuo;;0;;;;GGUEVARA;1021987;RECOLECCION DE RESID PELIG Y48 Xm3;25;25;25;0;0;5000174284;26/5/2026;Servicios;CUMPLIDO;BIO CORDILLERANA SRL;MM01;31/7/2026;5/8/2025;10127738;10;1;5/8/2025;21/8/2025;C24;4500106789;10;MM05;1;MPITTIA;25/8/2025;30/9/2026;C24;6;26/5/2026;16;1;1;-66;0;0;0;0;0;Sin aclaración;En curso - Próximo a vencer;;C24
00014 SISTEMAS;1000072104;10;ZPAN;Renovación Usuarios;;0;;;;MGOMEZ;1013086;Suscrip. Construct. Full x8u Sep25-Ago26;12;11;12;0;1;5000179264;3/7/2026;Servicios;CUMPLIDO PARCIAL;FINNEGANS SA;MR01;31/8/2026;13/8/2025;10128460;10;1;13/8/2025;14/8/2025;C24;4500106349;10;MR14;1;MPITTIA;19/8/2025;31/8/2026;C24;11;3/7/2026;1;2;1;-59;0;0;0;0;0;Sin aclaración;En curso;;C24
00014 SISTEMAS;1000072104;20;ZPAN;Renovación Usuarios;;0;;;;MGOMEZ;1013086;Suscrip. Us. Limitado x22u Sep25-Ago26;12;11;12;0;1;5000179264;3/7/2026;Servicios;CUMPLIDO PARCIAL;FINNEGANS SA;MR01;31/8/2026;13/8/2025;10128460;20;1;13/8/2025;14/8/2025;C24;4500106349;20;MR14;1;MPITTIA;19/8/2025;31/8/2026;C24;11;3/7/2026;1;2;1;-59;0;0;0;0;0;Sin aclaración;En curso;;C24
00014 SISTEMAS;1000072104;30;ZPAN;Renovación Usuarios;;0;;;;MGOMEZ;1013086;Suscrip. Maquinarias x1u Sep25-Ago26;12;11;12;0;1;5000179264;3/7/2026;Servicios;CUMPLIDO PARCIAL;FINNEGANS SA;MR01;31/8/2026;13/8/2025;10128460;30;1;13/8/2025;14/8/2025;C24;4500106349;30;MR14;1;MPITTIA;19/8/2025;31/8/2026;C24;11;3/7/2026;1;2;1;-59;0;0;0;0;0;Sin aclaración;En curso;;C24
00014 SISTEMAS;1000072319;20;ZPAN;Concur abano mensual;;0;;;;MGOMEZ;1013082;CONCUR-Setup:Expense-Prof. OCT25-SEP26;12;9;12;0;3;5000176755;12/6/2026;Servicios;CUMPLIDO PARCIAL;CONCUR HOLDINGS;MR01;30/9/2026;18/8/2025;10128721;20;1;9/10/2025;9/10/2025;C24;4500111043;10;MR14;1;MPITTIA;17/10/2025;30/9/2026;C24;9;12/6/2026;0;3;1;-110;0;0;0;0;0;Sin aclaración;En curso;;C24
00018 EQUIPOS;1000072537;10;ZPAN;VOLVO L120H;;0;;;;NLAFORNARO;1022033;POLIZA 198133 ENDOSO 8;1;1;1;0;0;5000144690;5/9/2025;Servicios;CUMPLIDO;NACION SEGUROS SA;MR01;13/8/2026;20/8/2025;10129015;10;1;20/8/2025;21/8/2025;C16;4500107355;10;MR13;1;JESPARZA;29/8/2025;13/8/2026;C16;1;5/9/2025;1;0;1;-342;0;0;0;0;0;Sin aclaración;En curso - Próximo a vencer;;C16
00018 EQUIPOS;1000072714;10;ZPAN;POLIZA 189133;;0;;;;NLAFORNARO;1022033;ENDOSO 14 POLIZA ST 189133;1;1;1;0;0;5000144446;4/9/2025;Servicios;CUMPLIDO;NACION SEGUROS SA;MR01;13/8/2026;25/8/2025;10129308;10;1;25/8/2025;25/8/2025;C16;4500107764;10;MR13;1;JESPARZA;4/9/2025;13/8/2026;C16;1;4/9/2025;0;0;1;-343;0;0;0;0;0;Sin aclaración;En curso - Próximo a vencer;;C16
00014 SISTEMAS;1000073221;10;ZPAN;Suscripción FG Apps;;0;;;;MGOMEZ;1013086;Suscripción FG Apps - DW;11;9;11;0;2;5000179265;3/7/2026;Servicios;CUMPLIDO PARCIAL;FINNEGANS SA;MR01;31/8/2026;2/9/2025;10130081;10;1;2/9/2025;2/9/2025;C24;4500108428;10;MR14;1;MPITTIA;12/9/2025;31/8/2026;C24;9;3/7/2026;0;0;1;-59;0;0;0;0;0;Sin aclaración;En curso;;C24
00008 ABASTECIMIENTO;1000074174;10;ZPAN;FLETE SAN JOSE;;0;;;;ASIGNORELLI;1012981;FLETE PAQUETERIA S DETALLE XUN;5000000;2522265;5000000;0;2477735;5000179244;1/7/2026;Servicios;CUMPLIDO PARCIAL;TRANSPORTES SAN JOSE SRL;MM01;30/8/2026;16/9/2025;10131196;10;1;16/9/2025;17/9/2025;C15;4500108948;10;2001;1;GDIAZ;19/9/2025;27/8/2026;C15;21;1/7/2026;1;3;-152;93;0;0;0;0;0;Sin aclaración;En curso;;C15
00014 SISTEMAS;1000074657;10;ZPAN;Renovacion ACAD AEC;;0;;;;DINGRAO;1013352;LICENCIA AEC Multiuser 2:1;4;4;4;0;0;5000147945;6/10/2025;Materiales Sistemas;ALMACENADO;ARQUICAD S R L;MR01;16/10/2026;25/9/2025;10131823;30;1;25/9/2025;25/9/2025;C24;4500109471;20;MR14;1;MPITTIA;26/9/2025;16/10/2026;C24;1;6/10/2025;0;3;1;-375;0;0;0;0;0;Sin aclaración;En curso - Total recepcionado;;C24
00014 SISTEMAS;1000074657;20;ZPAN;Renovacion ACAD AEC;;0;;;;DINGRAO;1013352;LICENCIA AEC;2;2;2;0;0;5000147945;6/10/2025;Materiales Sistemas;ALMACENADO;ARQUICAD S R L;MR01;16/10/2026;25/9/2025;10131823;20;1;25/9/2025;25/9/2025;C24;4500109471;10;MR14;1;MPITTIA;26/9/2025;16/10/2026;C24;1;6/10/2025;0;3;1;-375;0;0;0;0;0;Sin aclaración;En curso - Total recepcionado;;C24
"00001 GENERAL SEDE&#160;";1000074796;10;ZPAN;PM 101 673 SERV.CONS;;0;;;;DYANEZ;1042362;CONSULTORIA AMBIENTAL X MES;12;10;12;0;2;5000179338;3/7/2026;Servicios;CUMPLIDO PARCIAL;PALUMBO MAÑAS ELVIO;MM01;30/9/2026;26/9/2025;10131999;10;1;26/9/2025;29/9/2025;C25;4500110572;10;2001;1;MPITTIA;13/10/2025;30/9/2026;C25;10;3/7/2026;3;7;1;-89;0;0;0;0;0;Sin aclaración;En curso;;C25
00022 DIRECTORIO;1000074914;10;ZPAN;POLIZA DE ACC PERSON;;0;;;;NLAFORNARO;1022032;POLIZA DE ACC PERSONALES GERENCIA;1;1;1;0;0;5000149617;21/10/2025;Servicios;CUMPLIDO;LA SEGUNDA CIA SEG. DE PERSONA;MR01;4/10/2026;30/9/2025;10132139;10;1;30/9/2025;30/9/2025;C16;4500111274;10;2001;2;JESPARZA;21/10/2025;4/10/2026;C16;3;21/10/2025;0;0;1;-348;0;0;0;0;0;Sin aclaración;En curso - Total recepcionado;;C16
00018 EQUIPOS;1000074967;10;ZPAN;endoso poliza automo;;0;;;;NLAFORNARO;1022034;endoso automotores vehículo F. LUFFT;1;1;1;0;0;5000148777;14/10/2025;Servicios;CUMPLIDO;SANCOR COOP. DE SEG. LTDA.;MR01;13/7/2026;30/9/2025;10132230;10;1;30/9/2025;1/10/2025;C16;4500110682;10;MR13;1;JESPARZA;14/10/2025;13/7/2026;C16;1;14/10/2025;1;0;1;-272;0;0;0;0;0;Sin aclaración;En curso - Próximo a vencer;;C16
00018 EQUIPOS;1000075082;10;ZPAN;ENDOSO POLIZA EQUIPO;;0;;;;NLAFORNARO;1022033;ENDOSO 15 SEGURO TÉNICO 189133;1;1;1;0;0;5000148553;9/10/2025;Servicios;CUMPLIDO;NACION SEGUROS SA;MR01;13/8/2026;2/10/2025;10132366;10;1;2/10/2025;2/10/2025;C16;4500110454;10;MR13;1;JESPARZA;9/10/2025;13/8/2026;C16;1;9/10/2025;0;0;1;-308;0;0;0;0;0;Sin aclaración;En curso - Próximo a vencer;;C16
"00001 GENERAL SEDE&#160;";1000075209;10;ZPAN;RENOVACION MANTEN. A;;0;;;;ASIGNORELLI;1013108;SERVICIO MANTENIMIENTO AA CENTRAL;12;8;12;0;4;5000175749;4/6/2026;Servicios;CUMPLIDO PARCIAL;LINO JOSE LUIS;MR01;24/11/2026;3/10/2025;10132521;10;1;3/10/2025;3/10/2025;C24;4500111131;10;2001;1;MPITTIA;20/10/2025;24/10/2026;C24;8;4/6/2026;0;0;-395;223;0;0;0;0;0;Sin aclaración;En curso;;C24
00040-Comunic y Sustentabilidad;1000075414;10;ZPAN;ABONO DE SERVICIO DE;;0;;;;NMONTENEGRO;1026661;SERVICIO DE DISEÑO GRÁFICO GLOBAL VISION;12;8;12;0;4;5000178670;29/6/2026;Servicios;CUMPLIDO PARCIAL;GLOBAL VM SRL;MR01;28/10/2026;7/10/2025;10132818;10;1;7/10/2025;7/10/2025;C24;4500111914;10;MR23;1;MPITTIA;29/10/2025;28/10/2026;C24;8;29/6/2026;0;0;-364;244;0;0;0;0;0;Sin aclaración;En curso;;C24
00008 ABASTECIMIENTO;1000076052;10;ZPAN;FLETE RETIRO EZEIZA;;0;;;;ASIGNORELLI;1012981;FLETE PAQUETERIA S DETALLE XUN;6000000;4797700;6000000;0;1202300;5000176847;12/6/2026;Servicios;CUMPLIDO PARCIAL;TRANSPORTES SAN JOSE SRL;MM01;30/8/2026;17/10/2025;10133643;10;1;17/10/2025;17/10/2025;C15;4500111253;10;2001;1;GDIAZ;21/10/2025;27/8/2026;C15;12;12/6/2026;0;0;-241;163;0;0;0;0;0;Sin aclaración;En curso;;C15
00040-Comunic y Sustentabilidad;1000076494;10;ZPAN;RENOVACIÓN SALTA MIN;;0;;;;NMONTENEGRO;1026661;PAUTA PUBLICITARIA SALTA MINING;4;1;4;0;3;5000152538;14/11/2025;Servicios;CUMPLIDO PARCIAL;RODRIGUEZ GALINDEZ MARTIN MIGUEL;MR01;30/1/2027;24/10/2025;10134281;10;1;24/10/2025;24/10/2025;C24;4500112106;10;MR23;1;MPITTIA;31/10/2025;10/1/2027;C24;7;14/11/2025;0;0;-442;1;0;0;0;0;0;Sin aclaración;En curso;;C24
"00001 GENERAL SEDE&#160;";1000076688;10;ZPAN;PM 101 685 M.O LIMPI;;0;;;;DYANEZ;1013143;SERVICIO DE LIMPIEZA HS NORMALES XHS;2320;1458;2320;0;862;5000179197;3/7/2026;Servicios;CUMPLIDO PARCIAL;MDLS S. A. S.;MM01;31/10/2026;28/10/2025;10134570;10;1;28/10/2025;28/10/2025;C25;4500112197;10;2001;1;MPITTIA;3/11/2025;31/10/2026;C25;8;3/7/2026;0;3;1;-120;0;0;0;0;0;Sin aclaración;En curso;;C25
"00001 GENERAL SEDE&#160;";1000076960;10;ZPAN;PM 101 688 ALQ DISPE;;0;;;;DYANEZ;1010725;BIDON DE AGUA 20 L.;750;441;750;0;309;5000179476;6/7/2026;Materiales usuales;RECEPCIONADO PARCIAL;OVIEDO CRISTIAN EDUARDO;MM01;31/10/2026;31/10/2025;10134922;10;1;31/10/2025;31/10/2025;C25;4500112826;10;2001;1;MPITTIA;11/11/2025;31/10/2026;C25;9;6/7/2026;0;30;1;-117;0;0;0;0;0;Sin aclaración;En curso;;C25
"00001 GENERAL SEDE&#160;";1000076960;20;ZPAN;PM 101 688 ALQ DISPE;;0;;;;DYANEZ;1025992;ALQUILER DISPENSER FRIO CALOR x MES;96;58;96;0;38;5000179476;6/7/2026;Servicios;CUMPLIDO PARCIAL;OVIEDO CRISTIAN EDUARDO;MM01;31/10/2026;31/10/2025;10134922;20;1;31/10/2025;31/10/2025;C25;4500112826;20;2001;1;MPITTIA;11/11/2025;31/10/2026;C25;7;6/7/2026;0;30;1;-117;0;0;0;0;0;Sin aclaración;En curso;;C25
00014 SISTEMAS;1000077103;10;ZPAN;ERP Finneg UY Full 3;;0;;;;MGOMEZ;1013086;ERP Finneg UY Full 3 users dic25-nov26;12;8;12;0;4;5000179266;3/7/2026;Servicios;CUMPLIDO PARCIAL;FINNEGANS SA;MR01;30/11/2026;4/11/2025;10135097;10;1;4/11/2025;6/11/2025;C24;4500112937;10;MR14;1;MPITTIA;11/11/2025;30/11/2026;C24;8;3/7/2026;2;6;1;-150;0;0;0;0;0;Sin aclaración;En curso;;C24
00040-Comunic y Sustentabilidad;1000077652;10;ZPAN;MINING PRESS + ENER;;0;;;;NMONTENEGRO;1026661;MINING PRESS | ENER NEWS PAUTA ANUAL;12;5;12;0;7;5000172720;12/5/2026;Servicios;CUMPLIDO PARCIAL;D & C VISUAL S.R.L.;MR01;10/1/2027;12/11/2025;10135835;10;1;12/11/2025;14/11/2025;C24;4500113214;10;MR23;1;MPITTIA;14/11/2025;5/1/2027;C24;9;12/5/2026;2;0;-403;161;0;0;0;0;0;Sin aclaración;En curso;;C24
"00001 GENERAL SEDE&#160;";1000078146;10;ZPAN;PM 101 701 ALQ. CONT;;0;;;;DYANEZ;1013104;ALQUILER DE CONTENEDORES RESIDUOS;24;24;24;0;0;5000179791;8/7/2026;Servicios;CUMPLIDO;FRAM SRL;MM01;30/11/2026;20/11/2025;10136419;10;1;20/11/2025;20/11/2025;C24;4500114385;10;2001;1;MPITTIA;2/12/2025;30/11/2026;C24;8;8/7/2026;0;1;1;-145;0;0;0;0;0;Sin aclaración;En curso - Total recepcionado;;C24
"00001 GENERAL SEDE&#160;";1000078146;20;ZPAN;PM 101 701 ALQ. CONT;;0;;;;DYANEZ;1036089;FLETE RETIRO POR VIAJE CAMION RSU SEDE;60;41;60;0;19;5000179791;8/7/2026;Servicios;CUMPLIDO PARCIAL;FRAM SRL;MM01;30/11/2026;20/11/2025;10136419;20;1;20/11/2025;20/11/2025;C24;4500114385;20;2001;1;MPITTIA;2/12/2025;30/11/2026;C24;7;8/7/2026;0;1;1;-145;0;0;0;0;0;Sin aclaración;En curso;;C24
00015 RRHH;1000078263;10;ZPAN;TARJETA DAR;;0;;;;JMARCHINI;1034560;RECARGA VIRTUAL;384000000;162197450;384000000;0;221802550;5000179260;3/7/2026;Servicios;CUMPLIDO PARCIAL;DAVID ROSENTAL E HIJOS SACI;MR01;30/11/2026;21/11/2025;10136586;10;1;21/11/2025;25/11/2025;C24;4500113860;10;2001;2;MPITTIA;25/11/2025;30/11/2026;C24;16;3/7/2026;4;2;1;-150;0;0;0;0;0;Sin aclaración;En curso;;C24
00014 SISTEMAS;1000078337;10;ZPAN;Tipo de cambio;;0;;;;MGOMEZ;1048260;SERVICIO COTIZACION DE MONEDA;1;1;1;0;0;5000154875;9/12/2025;Servicios;CUMPLIDO;INFOAVAL S.R.L.;MR01;10/12/2026;25/11/2025;10136655;10;1;25/11/2025;26/11/2025;C24;4500114538;10;MR14;1;MPITTIA;3/12/2025;10/12/2026;C24;1;9/12/2025;1;1;1;-366;0;0;0;0;0;Sin aclaración;En curso - Total recepcionado;;C24
00018 EQUIPOS;1000078838;10;ZPAN;ENDOSO POLIZA EQUIPO;;0;;;;NLAFORNARO;1022033;ENDOSO 21 SEGURO TÉNICO EQUIPOS;1;1;1;0;0;5000156028;18/12/2025;Servicios;CUMPLIDO;NACION SEGUROS SA;MR01;13/7/2026;2/12/2025;10137283;10;1;2/12/2025;4/12/2025;C16;4500115694;10;MR13;1;JESPARZA;18/12/2025;13/7/2026;C16;1;18/12/2025;2;0;1;-207;0;0;0;0;0;Sin aclaración;En curso - Próximo a vencer;;C16
00014 SISTEMAS;1000078845;10;ZPAN;usuarios FInnegans P;;0;;;;MGOMEZ;1013086;Susc. FG Peru 5 users limit. hasta Ago26;8;7;8;0;1;5000179263;3/7/2026;Servicios;CUMPLIDO PARCIAL;FINNEGANS SA;MR01;31/8/2026;2/12/2025;10137295;10;1;2/12/2025;3/12/2025;C24;4500115505;10;MR14;1;MPITTIA;16/12/2025;31/8/2026;C24;7;3/7/2026;1;22;1;-59;0;0;0;0;0;Sin aclaración;En curso;;C24
00008 ABASTECIMIENTO;1000078921;10;ZPAN;TRANSP. SAN JOSE EZE;;0;;;;ASIGNORELLI;1012981;FLETE PAQUETERIA RETIROS EZEIZA;6000000;3145000;6000000;0;2855000;5000175235;12/5/2026;Servicios;CUMPLIDO PARCIAL;TRANSPORTES SAN JOSE SRL;MR01;31/7/2026;3/12/2025;10137382;10;1;3/12/2025;3/12/2025;C15;4500114904;10;2001;1;GDIAZ;9/12/2025;31/7/2026;C15;10;12/5/2026;0;0;1;-80;0;0;0;0;0;Sin aclaración;En curso - Próximo a vencer;;C15
00008 ABASTECIMIENTO;1000079049;10;ZPAN;TRANSP. CAMIONERA MM;;0;;;;ASIGNORELLI;1012981;FLETE PAQUETERIA CAMIONERA MM;12000000;6807122,63;12000000;0;5192877,37;5000171770;25/4/2026;Servicios;CUMPLIDO PARCIAL;LA CAMIONERA MENDOCINA SRL;MM01;30/12/2026;4/12/2025;10137556;10;1;4/12/2025;5/12/2025;C15;4500116200;10;2001;1;GDIAZ;26/12/2025;30/12/2026;C15;4;25/4/2026;1;0;1;-249;0;0;0;0;0;Sin aclaración;En curso;;C15
"00001 GENERAL SEDE&#160;";1000079287;20;ZPAN;RECERTIFICACIÓN MSA+;;0;;;;VHEREÑU;1034226;AUDITORIA 1ER MANTENIMIENTO ISO;1;0;1;0;1;;;Servicios;ADJUDICADO;BUREAU VERITAS ARG. S.A.;MR01;31/3/2027;10/12/2025;10137855;20;1;10/12/2025;10/12/2025;C24;4500115783;20;2001;1;MPITTIA;19/12/2025;31/3/2027;C24;0;;0;10;-740071;0;0;0;0;0;0;Sin aclaración;En curso;;C24
"00001 GENERAL SEDE&#160;";1000079287;30;ZPAN;RECERTIFICACIÓN MSA+;;0;;;;VHEREÑU;1034461;AUDITORIA 2DO MANTENIMIENTO ISO;1;0;1;0;1;;;Servicios;ADJUDICADO;BUREAU VERITAS ARG. S.A.;MR01;31/3/2028;10/12/2025;10137855;30;1;10/12/2025;10/12/2025;C24;4500115783;30;2001;1;MPITTIA;19/12/2025;31/3/2028;C24;0;;0;10;-740437;0;0;0;0;0;0;Sin aclaración;En curso;;C24
"00001 GENERAL SEDE&#160;";1000079415;10;ZPAN;PM 101 706 SERV. LIM;;0;;;;DYANEZ;1013143;SERVICIO DE LIMPIEZA HS NORMALES XHS;2208;1301;2208;0;907;5000179191;3/7/2026;Servicios;CUMPLIDO PARCIAL;MDLS S. A. S.;MM01;30/11/2026;12/12/2025;10138070;10;1;12/12/2025;12/12/2025;C25;4500115843;10;2001;1;MPITTIA;19/12/2025;30/11/2026;C25;6;3/7/2026;0;4;1;-150;0;0;0;0;0;Sin aclaración;En curso;;C25
00018 EQUIPOS;1000079558;10;ZPAN;endoso N° 22;;0;;;;NLAFORNARO;1022033;ENDOSO 22 SEGURO TÉCNICO EQUIPOS;1;1;1;0;0;5000156897;29/12/2025;Servicios;CUMPLIDO;NACION SEGUROS SA;MR01;13/8/2026;15/12/2025;10138212;10;1;15/12/2025;17/12/2025;C16;4500116319;10;MR13;1;JESPARZA;29/12/2025;13/8/2026;C16;1;29/12/2025;2;0;1;-227;0;0;0;0;0;Sin aclaración;En curso - Próximo a vencer;;C16
00016 SEGURIDAD E HIGIENE;1000079634;10;ZPAN;RECARGA DE MATAFUEGO;;0;;;;GCAROSSO;1013039;RECARGA DE MATAFUEGO 10KG;80;10;80;0;70;5000176314;9/6/2026;Servicios;CUMPLIDO PARCIAL;IMPALLARI JULIAN LEONEL;MR01;15/1/2027;15/12/2025;10138343;10;1;15/12/2025;16/12/2025;C25;4500115610;10;2001;1;MPITTIA;17/12/2025;15/1/2027;C25;6;9/6/2026;1;34;1;-220;0;0;0;0;0;Sin aclaración;En curso;;C25
00016 SEGURIDAD E HIGIENE;1000079634;20;ZPAN;RECARGA DE MATAFUEGO;;0;;;;GCAROSSO;1013040;RECARGA DE MATAFUEGO 2KG;5;0;5;0;5;;;Servicios;ADJUDICADO;IMPALLARI JULIAN LEONEL;MR01;15/1/2027;15/12/2025;10138343;20;1;15/12/2025;16/12/2025;C25;4500115610;20;2001;1;MPITTIA;17/12/2025;15/1/2027;C25;0;;1;34;1;0;0;0;0;0;0;Sin aclaración;En curso;;C25
00016 SEGURIDAD E HIGIENE;1000079634;30;ZPAN;RECARGA DE MATAFUEGO;;0;;;;GCAROSSO;1013041;RECARGA DE MATAFUEGO 2,5KG;5;0;5;0;5;;;Servicios;ADJUDICADO;IMPALLARI JULIAN LEONEL;MR01;15/1/2027;15/12/2025;10138343;30;1;15/12/2025;16/12/2025;C25;4500115610;30;2001;1;MPITTIA;17/12/2025;15/1/2027;C25;2;;1;34;1;0;0;0;0;0;0;Sin aclaración;En curso;;C25
00016 SEGURIDAD E HIGIENE;1000079634;40;ZPAN;RECARGA DE MATAFUEGO;;0;;;;GCAROSSO;1013042;RECARGA DE MATAFUEGO 5KG;40;5;40;0;35;5000176314;9/6/2026;Servicios;CUMPLIDO PARCIAL;IMPALLARI JULIAN LEONEL;MR01;15/1/2027;15/12/2025;10138343;40;1;15/12/2025;16/12/2025;C25;4500115610;40;2001;1;MPITTIA;17/12/2025;15/1/2027;C25;5;9/6/2026;1;34;1;-220;0;0;0;0;0;Sin aclaración;En curso;;C25
00016 SEGURIDAD E HIGIENE;1000079634;60;ZPAN;RECARGA DE MATAFUEGO;;0;;;;GCAROSSO;1021937;RECARGA DE MATAFUEGO 25KG;5;0;5;0;5;;;Servicios;ADJUDICADO;IMPALLARI JULIAN LEONEL;MR01;15/1/2027;15/12/2025;10138343;60;1;15/12/2025;16/12/2025;C25;4500115610;60;2001;1;MPITTIA;17/12/2025;15/1/2027;C25;2;;1;34;1;0;0;0;0;0;0;Sin aclaración;En curso;;C25
00016 SEGURIDAD E HIGIENE;1000079634;70;ZPAN;RECARGA DE MATAFUEGO;;0;;;;GCAROSSO;1021938;RECARGA DE MATAFUEGO 50KG;5;0;5;0;5;;;Servicios;ADJUDICADO;IMPALLARI JULIAN LEONEL;MR01;15/1/2027;15/12/2025;10138343;70;1;15/12/2025;16/12/2025;C25;4500115610;70;2001;1;MPITTIA;17/12/2025;15/1/2027;C25;2;;1;34;1;0;0;0;0;0;0;Sin aclaración;En curso;;C25
00016 SEGURIDAD E HIGIENE;1000079634;80;ZPAN;RECARGA DE MATAFUEGO;;0;;;;GCAROSSO;1034388;RECAMBIO DE MANGUERA DE MATAFUEGO;5;1;5;0;4;5000176314;9/6/2026;Servicios;CUMPLIDO PARCIAL;IMPALLARI JULIAN LEONEL;MR01;15/1/2027;15/12/2025;10138343;80;1;15/12/2025;16/12/2025;C24;4500115610;80;2001;1;MPITTIA;17/12/2025;15/1/2027;C25;1;9/6/2026;1;34;1;-220;0;0;0;0;0;Sin aclaración;En curso;;C25
00016 SEGURIDAD E HIGIENE;1000079634;90;ZPAN;RECARGA DE MATAFUEGO;;0;;;;GCAROSSO;1034243;RECARGA KGS DE POLVO ABC;30;0;30;0;30;;;Servicios;ADJUDICADO;IMPALLARI JULIAN LEONEL;MR01;15/1/2027;15/12/2025;10138343;90;1;15/12/2025;16/12/2025;C24;4500115610;90;2001;1;MPITTIA;17/12/2025;15/1/2027;C25;0;;1;34;1;0;0;0;0;0;0;Sin aclaración;En curso;;C25
00016 SEGURIDAD E HIGIENE;1000079634;100;ZPAN;RECARGA DE MATAFUEGO;;0;;;;GCAROSSO;1034244;RECAMBIO DE PRECINTOS PLÁSTICOS;10;0;10;0;10;;;Servicios;ADJUDICADO;IMPALLARI JULIAN LEONEL;MR01;15/1/2027;15/12/2025;10138343;100;1;15/12/2025;16/12/2025;C24;4500115610;100;2001;1;MPITTIA;17/12/2025;15/1/2027;C25;0;;1;34;1;0;0;0;0;0;0;Sin aclaración;En curso;;C25
00016 SEGURIDAD E HIGIENE;1000079634;110;ZPAN;RECARGA DE MATAFUEGO;;0;;;;GCAROSSO;1034246;RECAMBIO DE MANOMETRO;5;1;5;0;4;5000176314;9/6/2026;Servicios;CUMPLIDO PARCIAL;IMPALLARI JULIAN LEONEL;MR01;15/1/2027;15/12/2025;10138343;110;1;15/12/2025;16/12/2025;C24;4500115610;110;2001;1;MPITTIA;17/12/2025;15/1/2027;C25;1;9/6/2026;1;34;1;-220;0;0;0;0;0;Sin aclaración;En curso;;C25
00016 SEGURIDAD E HIGIENE;1000079634;120;ZPAN;RECARGA DE MATAFUEGO;;0;;;;GCAROSSO;1034247;PRUEBA HIDRÁULICA C/ CERTIFICADO;50;2;50;0;48;5000176314;9/6/2026;Servicios;CUMPLIDO PARCIAL;IMPALLARI JULIAN LEONEL;MR01;15/1/2027;15/12/2025;10138343;120;1;15/12/2025;16/12/2025;C24;4500115610;120;2001;1;MPITTIA;17/12/2025;15/1/2027;C25;4;9/6/2026;1;34;1;-220;0;0;0;0;0;Sin aclaración;En curso;;C25
00016 SEGURIDAD E HIGIENE;1000079634;130;ZPAN;RECARGA DE MATAFUEGO;;0;;;;GCAROSSO;1034241;RECARGA DE MATAFUEGO BC X 10KG;5;0;5;0;5;;;Servicios;ADJUDICADO;IMPALLARI JULIAN LEONEL;MR01;15/1/2027;15/12/2025;10138343;130;1;15/12/2025;16/12/2025;C24;4500115610;130;2001;1;MPITTIA;17/12/2025;15/1/2027;C25;0;;1;34;1;0;0;0;0;0;0;Sin aclaración;En curso;;C25
00016 SEGURIDAD E HIGIENE;1000079634;140;ZPAN;RECARGA DE MATAFUEGO;;0;;;;GCAROSSO;1034242;RECARGA DE MATAFUEGO BC X 5KG;5;0;5;0;5;;;Servicios;ADJUDICADO;IMPALLARI JULIAN LEONEL;MR01;15/1/2027;15/12/2025;10138343;140;1;15/12/2025;16/12/2025;C24;4500115610;140;2001;1;MPITTIA;17/12/2025;15/1/2027;C25;0;;1;34;1;0;0;0;0;0;0;Sin aclaración;En curso;;C25
00016 SEGURIDAD E HIGIENE;1000079634;150;ZPAN;RECARGA DE MATAFUEGO;;0;;;;GCAROSSO;1035126;SERVICIO PINTURA-RESTAURACIÓN EXTINTORES;10;0;10;0;10;;;Servicios;ADJUDICADO;IMPALLARI JULIAN LEONEL;MR01;15/1/2027;15/12/2025;10138343;150;1;15/12/2025;16/12/2025;C24;4500115610;150;2001;1;MPITTIA;17/12/2025;15/1/2027;C25;0;;1;34;1;0;0;0;0;0;0;Sin aclaración;En curso;;C25
00016 SEGURIDAD E HIGIENE;1000079634;160;ZPAN;RECARGA DE MATAFUEGO;;0;;;;GCAROSSO;1048751;SERVICIO RECAMBIO VALVULA M30 P/EXTINTOR;5;0;5;0;5;;;Servicios;ADJUDICADO;IMPALLARI JULIAN LEONEL;MR01;15/1/2027;15/12/2025;10138343;170;1;16/12/2025;18/12/2025;C24;4500116703;10;2001;1;MPITTIA;6/1/2026;15/1/2027;C24;2;;2;0;1;0;0;0;0;0;0;Sin aclaración;En curso;;C24
00015 RRHH;1000079693;10;ZPAN;SERVICIOS PROFESIONA;;0;;;;JMARCHINI;1018236;ASESORAMIENTO EXTERNO SOPORTE;1;1;1;0;0;5000158085;12/1/2026;Servicios;CUMPLIDO;HAY ARGENTINA SA;MR01;31/12/2026;16/12/2025;10138447;10;1;16/12/2025;16/12/2025;C24;4500116835;10;2001;1;MPITTIA;7/1/2026;31/12/2026;C24;1;12/1/2026;0;0;1;-353;0;0;0;0;0;Sin aclaración;En curso - Total recepcionado;;C24
00014 SISTEMAS;1000080057;50;ZPAN;BlatoRH;;0;;;;MGOMEZ;1029365;Soporte EC+ECP Enero - Junio;780;600;780;0;180;5000176740;12/6/2026;Servicios;CUMPLIDO PARCIAL;BLATORH GROUP S.R.L.;MR01;28/7/2026;23/12/2025;10138931;50;1;3/2/2026;4/2/2026;C24;4500120448;30;MR14;1;MPITTIA;20/2/2026;30/6/2026;C24;7;12/6/2026;1;3;-149;104;0;0;0;0;0;Sin aclaración;En curso - Próximo a vencer;;C24
00018 EQUIPOS;1000080138;10;ZPAN;POLIZA AUTOMOTOR CAM;;0;;;;NLAFORNARO;1022034;ENDOSO POLIZA AUTOMOTOR 6365 5 CAM IVECO;1;1;1;0;0;5000157012;30/12/2025;Servicios;CUMPLIDO;SANCOR COOP. DE SEG. LTDA.;MR01;13/7/2026;26/12/2025;10139086;10;1;26/12/2025;26/12/2025;C16;4500116418;10;MR13;1;JESPARZA;30/12/2025;13/7/2026;C16;1;30/12/2025;0;0;1;-195;0;0;0;0;0;Sin aclaración;En curso - Próximo a vencer;;C16
00040-Comunic y Sustentabilidad;1000080346;10;ZPAN;ECONOJOURNAL - RENOV;;0;;;;NMONTENEGRO;1026661;SERVICIO DE PAUTA PUBLICITARIA X MES;6;5;6;0;1;5000172609;11/5/2026;Servicios;CUMPLIDO PARCIAL;ECONO JOURNAL SRL;MR01;15/7/2026;2/1/2026;10139489;10;1;2/1/2026;2/1/2026;C24;4500116755;10;MR23;1;MPITTIA;6/1/2026;30/6/2026;C24;7;11/5/2026;0;1;-173;109;0;0;0;0;0;Sin aclaración;En curso - Próximo a vencer;;C24
00040-Comunic y Sustentabilidad;1000080373;10;ZPAN;ONG La Higuera;;0;;;;MZUPEL;1029975;Donación mensual a ONG La Higuera;12;4;12;0;8;5000167902;6/4/2026;Servicios;CUMPLIDO PARCIAL;ASOCIACION CIVIL LA HIGUERA;MR01;30/12/2026;5/1/2026;10139522;10;1;5/1/2026;5/1/2026;C24;4500116756;10;MR23;1;MPITTIA;6/1/2026;30/12/2026;C24;6;6/4/2026;0;0;1;-268;0;0;0;0;0;Sin aclaración;En curso;;C24
00014 SISTEMAS;1000080891;10;ZPAN;Sosporte BI;;0;;4;1/7/2026;MGOMEZ;1049454;Soporte BI Enero/Marzo 2026;240;214;214;26;26;5000171919;6/5/2026;Servicios;CUMPLIDO;INTELIGENCIA ANALITICA SRL;MR01;31/7/2026;12/1/2026;10140169;10;1;12/1/2026;12/1/2026;C24;4500118073;10;MR14;1;MPITTIA;21/1/2026;31/3/2026;C24;3;6/5/2026;0;0;-121;36;0;0;0;0;0;Sin aclaración;En curso - Próximo a vencer;;C24
00014 SISTEMAS;1000080895;10;ZPAN;Implementación SFS P;;0;;;;MGOMEZ;1029365;Implementación SFSFPeru;565;0;565;0;565;;;Servicios;ADJUDICADO;BLATORH GROUP S.R.L.;MR01;12/1/2026;12/1/2026;10140172;10;1;12/1/2026;12/1/2026;C24;4500118323;10;MR14;1;NQUINTERO;23/1/2026;12/2/2026;C24;2;;0;4;1;0;0;0;0;0;0;Sin aclaración;Vencido con cant pendiente a recep;;C24
"00001 GENERAL SEDE&#160;";1000080980;10;ZPAN;POLIZA DAÑO AMBIENTA;;0;;;;NLAFORNARO;1012964;poliza de daño ambiental de inic. colect;1;1;1;0;0;5000158612;15/1/2026;Servicios;CUMPLIDO;TESTIMONIO COMPANIA DE SEGUROS;MR01;1/1/2027;13/1/2026;10140287;10;1;13/1/2026;14/1/2026;C16;4500117603;10;2001;1;JESPARZA;15/1/2026;1/1/2027;C16;1;15/1/2026;1;0;1;-351;0;0;0;0;0;Sin aclaración;En curso - Total recepcionado;;C16
00014 SISTEMAS;1000080984;10;ZPAN;EHS OSHPRO;;0;;;;DINGRAO;1049480;Proyecto SAP EHS Incident Management;5;1;5;0;4;5000170195;22/4/2026;Servicios;CUMPLIDO PARCIAL;OSH PRO SRL;MR01;1/10/2026;13/1/2026;10140300;10;1;13/1/2026;14/1/2026;C24;4500118328;10;MR14;1;NQUINTERO;23/1/2026;1/10/2026;C24;1;22/4/2026;1;4;1;-162;0;0;0;0;0;Sin aclaración;En curso;;C24
00014 SISTEMAS;1000080984;20;ZPAN;EHS OSHPRO;;0;;;;DINGRAO;1049480;Proyecto SAP EHS Risk Assessment;5;0;5;0;5;;;Servicios;ADJUDICADO;OSH PRO SRL;MR01;1/10/2026;13/1/2026;10140300;20;1;13/1/2026;14/1/2026;C24;4500118328;20;MR14;1;NQUINTERO;23/1/2026;1/10/2026;C24;0;;1;4;1;0;0;0;0;0;0;Sin aclaración;En curso;;C24
00014 SISTEMAS;1000080984;30;ZPAN;EHS OSHPRO;;0;;;;DINGRAO;1049480;Proyecto SAP BTP Fiori para Inspecciones;4;0;4;0;4;;;Servicios;ADJUDICADO;OSH PRO SRL;MR01;1/10/2026;13/1/2026;10140300;30;1;13/1/2026;14/1/2026;C24;4500118328;30;MR14;1;NQUINTERO;23/1/2026;1/10/2026;C24;0;;1;4;1;0;0;0;0;0;0;Sin aclaración;En curso;;C24
00015 RRHH;1000081030;10;ZPAN;SERVICIO ASESORAMIEN;;0;;;;JMARCHINI;1018236;ASESORAMIENTO EXTERNO SOPORTE;12;5;12;0;7;5000175777;4/6/2026;Servicios;CUMPLIDO PARCIAL;PEREZ MARZO SAS;MR01;31/12/2026;14/1/2026;10140374;10;1;14/1/2026;14/1/2026;C24;4500118104;10;2001;1;MPITTIA;21/1/2026;31/12/2026;C24;5;4/6/2026;0;12;1;-210;0;0;0;0;0;Sin aclaración;En curso;;C24
00015 RRHH;1000081031;10;ZPAN;PM 101 716 VIANDAS M;;0;;;;DYANEZ;1034560;RECARGA VIRTUAL MAXICONSUMO;60720000;28106196;60720000;0;32613804;5000179131;2/7/2026;Servicios;CUMPLIDO PARCIAL;MAXICONSUMO S A;MM01;28/12/2026;14/1/2026;10140375;10;1;14/1/2026;15/1/2026;C24;4500117642;10;2001;1;MPITTIA;16/1/2026;31/12/2026;C24;6;2/7/2026;1;3;-333;155;0;0;0;0;0;Sin aclaración;En curso;;C24
00040-Comunic y Sustentabilidad;1000081204;10;ZPAN;Donación ARAS;;0;;;;MZUPEL;1026661;Donación mensual ARAS;12;5;12;0;7;5000172893;13/5/2026;Servicios;CUMPLIDO PARCIAL;ASOC. ROSARINA DE AYUDA SOLIDA;MR01;30/12/2026;16/1/2026;10140598;10;1;16/1/2026;16/1/2026;C24;4500118340;10;MR23;1;NQUINTERO;23/1/2026;30/12/2026;C24;7;13/5/2026;0;0;1;-231;0;0;0;0;0;Sin aclaración;En curso;;C24
00016 SEGURIDAD E HIGIENE;1000081394;10;ZPAN;SERVICIO MEDICO ROSA;;0;;;;VHEREÑU;1018836;SERVICIO MEDICO X MES;24;6;24;0;18;5000179318;3/7/2026;Servicios;CUMPLIDO PARCIAL;ALMIRON MAXIMILIANO;MR01;31/12/2028;20/1/2026;10140830;10;1;20/1/2026;20/1/2026;C24;4500118644;10;2001;1;MPITTIA;28/1/2026;31/12/2028;C24;6;3/7/2026;0;16;1;-912;0;0;0;0;0;Sin aclaración;En curso;;C24
00019 HIGIENE URBANA;1000081410;10;ZPAN;CONSTITUCION DE DOMI;;0;;;;DBENITEZ;1018776;CONSTITUCION DE DOMICILIO NEUQUEN;12;6;12;0;6;5000179111;2/7/2026;Servicios;CUMPLIDO PARCIAL;POMA SCIANCA & ASOCIADOS SA;MR01;9/2/2027;20/1/2026;10140900;10;1;20/1/2026;20/1/2026;C24;4500118979;10;2001;1;MPITTIA;2/2/2026;31/1/2027;C24;6;2/7/2026;0;1;-364;143;0;0;0;0;0;Sin aclaración;En curso;;C24
00019 HIGIENE URBANA;1000081410;20;ZPAN;CONSTITUCION DE DOMI;;0;;;;DBENITEZ;1018776;CONSTITUCION DE DOMICILIO RIO NEGRO;12;6;12;0;6;5000179111;2/7/2026;Servicios;CUMPLIDO PARCIAL;POMA SCIANCA & ASOCIADOS SA;MR01;9/2/2027;20/1/2026;10140900;20;1;20/1/2026;20/1/2026;C24;4500118979;20;2001;1;MPITTIA;2/2/2026;31/1/2027;C24;6;2/7/2026;0;1;-364;143;0;0;0;0;0;Sin aclaración;En curso;;C24
00040-Comunic y Sustentabilidad;1000081415;10;ZPAN;PAUTA ECOS365 - 2026;;0;;;;NMONTENEGRO;1026661;SERVICIO DE PAUTA PUBLICITARIA X MES;12;4;12;0;8;5000171954;6/5/2026;Servicios;CUMPLIDO PARCIAL;MOBINT SRL;MR01;14/2/2027;20/1/2026;10140904;10;1;20/1/2026;20/1/2026;C24;4500118386;10;MR23;1;NQUINTERO;25/1/2026;9/2/2027;C24;4;6/5/2026;0;0;-369;86;0;0;0;0;0;Sin aclaración;En curso;;C24
"00001 GENERAL SEDE&#160;";1000081438;10;ZPAN;RECOLECCIÓN RESIDUOS;;0;;;;VHEREÑU;1013099;RECOLECCION DE RESIDUOS RSU;12;6;12;0;6;5000179444;6/7/2026;Servicios;CUMPLIDO PARCIAL;CLEAN CITY S.A.;MR01;31/12/2026;21/1/2026;10140938;10;1;21/1/2026;27/2/2026;C24;4500121214;10;2001;1;MPITTIA;2/3/2026;31/12/2026;C24;6;6/7/2026;37;3;1;-178;0;0;0;0;0;Sin aclaración;En curso;;C24
00008 ABASTECIMIENTO;1000081463;10;ZPAN;FLETE SAN JOSE;;0;;;;ASIGNORELLI;1012981;FLETE PAQUETERIA S DETALLE XUN;6000000;2035266;6000000;0;3964734;5000179243;1/7/2026;Servicios;CUMPLIDO PARCIAL;TRANSPORTES SAN JOSE SRL;MR01;31/7/2026;21/1/2026;10141006;10;1;21/1/2026;21/1/2026;C15;4500118757;10;2001;1;JPUPULIN;29/1/2026;31/7/2026;C15;14;1/7/2026;0;0;1;-30;0;0;0;0;0;Sin aclaración;En curso - Próximo a vencer;;C15
00040-Comunic y Sustentabilidad;1000081590;10;ZPAN;CLUB MINERO PAUTA 20;;0;;;;NMONTENEGRO;1026661;SERVICIO DE PAUTA PUBLICITARIA X MES;12;5;12;0;7;5000178790;30/6/2026;Servicios;CUMPLIDO PARCIAL;BOSQUE MINERO;MR01;12/2/2027;23/1/2026;10141183;10;1;23/1/2026;23/1/2026;C24;4500118553;10;MR23;1;NQUINTERO;27/1/2026;12/2/2027;C24;5;30/6/2026;0;0;1;-227;0;0;0;0;0;Sin aclaración;En curso;;C24
00007 COMERCIAL OF LICITACION;1000081591;10;ZPAN;Stand GAPP en la AOG;;0;;;;MZUPEL;1028064;PAUTA PUBLICITARIA x U;1;0,8;1;0;0,2;5000172686;12/5/2026;Servicios;CUMPLIDO PARCIAL;ASOS CIVIL G.A.P.P;MR01;30/8/2026;23/1/2026;10141184;50;1;23/1/2026;26/1/2026;C24;4500118594;50;2001;1;NQUINTERO;27/1/2026;14/8/2026;C24;3;12/5/2026;3;0;-213;104;0;0;0;0;0;Sin aclaración;En curso;;C24
00014 SISTEMAS;1000081648;10;ZPAN;oc Softtek;;0;;;;DINGRAO;1029365;SOP. AMS SAP Ene-Dic 2026;1800;771;1800;0;1029;5000176946;16/6/2026;Servicios;CUMPLIDO PARCIAL;CONSUL EN TECNOLOG DE INFOR SA;MR01;31/12/2026;23/1/2026;10141260;10;1;23/1/2026;26/1/2026;C24;4500118460;10;MR14;1;NQUINTERO;26/1/2026;31/12/2026;C24;5;16/6/2026;3;4;-327;130;0;0;0;0;0;Sin aclaración;En curso;;C24
00014 SISTEMAS;1000081753;10;ZPAN;Abono Neural;;0;;;;MGOMEZ;1013084;Abono Customer Care Presea 01/26 a 12/26;12;12;12;0;0;5000168843;13/4/2026;Servicios;CUMPLIDO;NEURALSOFT S.R.L.;MR01;31/12/2026;26/1/2026;10141411;10;1;26/1/2026;27/1/2026;C24;4500118745;10;MR14;1;MPITTIA;29/1/2026;31/12/2026;C24;3;13/4/2026;1;0;1;-262;0;0;0;0;0;Sin aclaración;En curso - Total recepcionado;;C24
00014 SISTEMAS;1000081753;20;ZPAN;Abono Neural;;0;;;;MGOMEZ;1013084;Upgrade Software Presea;2;2;2;0;0;5000168843;13/4/2026;Servicios;CUMPLIDO;NEURALSOFT S.R.L.;MR01;31/12/2026;26/1/2026;10141411;20;1;26/1/2026;27/1/2026;C24;4500118745;20;MR14;1;MPITTIA;29/1/2026;31/12/2026;C24;2;13/4/2026;1;0;1;-262;0;0;0;0;0;Sin aclaración;En curso - Total recepcionado;;C24
00015 RRHH;1000081893;10;ZPAN;EXAMENES MEDICOS PRE;;0;;;;JMARCHINI;1013130;EXAMEN PREOCUPACIONAL BASICO XUN;15000000;15000000;15000000;0;0;5000178525;29/6/2026;Servicios;CUMPLIDO;ASTROLABORAL SRL;MR01;31/12/2026;28/1/2026;10141603;10;1;28/1/2026;24/2/2026;C25;4500120819;10;2001;2;MPITTIA;25/2/2026;31/12/2026;C25;10;29/6/2026;27;7;1;-185;0;0;0;0;0;Sin aclaración;En curso - Total recepcionado;;C25
"00001 GENERAL SEDE&#160;";1000082000;10;ZPAN;RECOLECCIÓN RESIDUOS;;0;;;;VHEREÑU;1027624;RECOLECCIÓN DE RESIDUOS PATOLÓGICOS;12;4;12;0;8;5000179451;6/7/2026;Servicios;CUMPLIDO PARCIAL;SOMA SA;MR01;31/12/2026;29/1/2026;10141719;10;1;29/1/2026;29/1/2026;C24;4500119106;10;2001;1;MPITTIA;3/2/2026;31/12/2026;C24;4;6/7/2026;0;0;1;-178;0;0;0;0;0;Sin aclaración;En curso;;C24
00014 SISTEMAS;1000082266;10;ZPAN;Licencia Fabric F2;;0;;;;MGOMEZ;1042357;LICENCIAS Fabric capacidad F2;12;0;12;0;12;;;Servicios;ADJUDICADO;NEXSYS ARGENTINA SA;MR01;30/3/2027;3/2/2026;10142031;10;1;3/2/2026;4/2/2026;C24;4500120179;10;MR14;1;MPITTIA;18/2/2026;1/2/2027;C24;0;;1;0;-407;0;0;0;0;0;0;Sin aclaración;En curso;;C24
"00001 GENERAL SEDE&#160;";1000082294;10;ZPAN;PM 101 730 SERV. VIG;;0;;;;DYANEZ;1013146;SERV.SEDE VIGILANCIA UN GUARDIA XHS;17520;3600;17520;0;13920;5000179030;2/7/2026;Servicios;CUMPLIDO PARCIAL;EL GUARDIAN SRL;MM01;31/1/2028;3/2/2026;10142066;10;1;3/2/2026;4/2/2026;C25;4500119822;10;2001;1;MPITTIA;10/2/2026;31/1/2028;C25;5;2/7/2026;1;2;1;-578;0;0;0;0;0;Sin aclaración;En curso;;C25
"00001 GENERAL SEDE&#160;";1000082294;20;ZPAN;PM 101 730 SERV. VIG;;0;;;;DYANEZ;1013146;SERV.PREDIO VIGILANCIA UN GUARDIA XHS;17520;3600;17520;0;13920;5000179043;2/7/2026;Servicios;CUMPLIDO PARCIAL;EL GUARDIAN SRL;MM01;31/1/2028;3/2/2026;10142066;20;1;3/2/2026;4/2/2026;C25;4500119822;20;2001;1;MPITTIA;10/2/2026;31/1/2028;C25;5;2/7/2026;1;2;1;-578;0;0;0;0;0;Sin aclaración;En curso;;C25
00040-Comunic y Sustentabilidad;1000082305;10;ZPAN;RENOVACIÓN PAUTA ENE;;0;;;;NMONTENEGRO;1026661;SERVICIO DE PAUTA PUBLICITARIA X MES;12;5;12;0;7;5000178986;1/7/2026;Servicios;CUMPLIDO PARCIAL;GRAFIKARE SRL;MR01;28/2/2027;3/2/2026;10142127;10;1;3/2/2026;4/2/2026;C24;4500119659;10;MR23;1;MPITTIA;9/2/2026;28/2/2027;C24;7;1/7/2026;1;0;1;-242;0;0;0;0;0;Sin aclaración;En curso;;C24
00040-Comunic y Sustentabilidad;1000082672;10;ZPAN;RENOVACIÓN PAUTA SER;;0;;;;NMONTENEGRO;1026661;SERVICIO DE PAUTA PUBLICITARIA X MES;6;5;6;0;1;5000175545;1/6/2026;Servicios;CUMPLIDO PARCIAL;CONTEMORI SERGIO;MR01;19/7/2026;9/2/2026;10142599;10;1;9/2/2026;9/2/2026;C24;4500120633;10;MR23;1;MPITTIA;23/2/2026;19/7/2026;C24;7;1/6/2026;0;0;1;-48;0;0;0;0;0;Sin aclaración;En curso - Próximo a vencer;;C24
00040-Comunic y Sustentabilidad;1000082737;10;ZPAN;MANTENIMIENTO WEB WO;;0;;;;NMONTENEGRO;1034248;MANTENIMIENTO WEB MENSUAL;12;2;12;0;10;5000165149;12/3/2026;Servicios;CUMPLIDO PARCIAL;OMEDES MARTIN MARCELO;MR01;14/2/2027;10/2/2026;10142654;10;1;10/2/2026;11/2/2026;C24;4500119989;10;MR23;1;MPITTIA;12/2/2026;14/2/2027;C24;2;12/3/2026;1;1;1;-339;0;0;0;0;0;Sin aclaración;En curso;;C24
00040-Comunic y Sustentabilidad;1000082762;10;ZPAN;publicidad El Constr;;0;;;;NMONTENEGRO;1026661;SPAUTA EL CONSTRUCTOR;4;0;4;0;4;;;Servicios;ADJUDICADO;EL CONSTRUCTOR S.R.L.;MR01;17/1/2027;10/2/2026;10142703;10;1;10/2/2026;10/2/2026;C24;4500120635;10;MR23;1;MPITTIA;23/2/2026;17/1/2027;C24;0;;0;1;1;0;0;0;0;0;0;Sin aclaración;En curso;;C24
00008 ABASTECIMIENTO;1000083313;10;ZPAN;LOGISTICA ASEGURADA;;0;;;;GLOPEZ;1050520;FLETE PAQUETERIA LOGISTICA ASEGURADA XUN;500000;0;500000;0;500000;;;Servicios;ADJUDICADO;ANDREANI LOGISTICA SA;MR01;30/12/2026;20/2/2026;10143382;10;1;20/2/2026;20/2/2026;C15;4500120782;10;2001;1;GDIAZ;24/2/2026;30/12/2026;C15;0;;0;0;1;0;0;0;0;0;0;Sin aclaración;En curso;;C15
00008 ABASTECIMIENTO;1000083314;10;ZPAN;LOGISTICA ASEGURADA;;0;;;;GLOPEZ;1050520;FLETE PAQUETERIA LOGISTICA ASEGURADA XUN;500000;0;500000;0;500000;;;Servicios;ADJUDICADO;ANDREANI LOGISTICA SA;MM01;30/12/2026;20/2/2026;10143386;10;1;20/2/2026;20/2/2026;C15;4500120792;10;2001;1;GDIAZ;24/2/2026;30/12/2026;C15;0;;0;0;1;0;0;0;0;0;0;Sin aclaración;En curso;;C15
00008 ABASTECIMIENTO;1000083423;10;ZPAN;SERVICIO PAQUETERIA;;0;;;;DBENITEZ;1012981;SERVICIO FLETE DE PAQUETERIA XUN;50000000;50000000;50000000;0;0;5000174669;28/5/2026;Servicios;CUMPLIDO;ANDREANI LOGISTICA SA;MR01;13/3/2027;23/2/2026;10143545;10;1;23/2/2026;24/2/2026;C15;4500121275;10;2001;1;GDIAZ;2/3/2026;30/6/2026;C15;8;28/5/2026;1;8;-364;76;0;0;0;0;0;Sin aclaración;En curso - Total recepcionado;;C15
00015 RRHH;1000083537;10;ZPAN;EXAMENES MEDICOS PRE;;0;;;;JMARCHINI;1013130;EXAMEN PREOCUPACIONAL BASICO XUN;15000000;11100744,72;15000000;0;3899255,28;5000177975;24/6/2026;Servicios;CUMPLIDO PARCIAL;IRT- MEDICINA P/EMPRESAS S.A.;MR01;31/12/2026;24/2/2026;10143685;10;1;24/2/2026;24/2/2026;C25;4500121411;10;2001;1;MPITTIA;3/3/2026;31/12/2026;C25;23;24/6/2026;0;1;1;-190;0;0;0;0;0;Sin aclaración;En curso;;C25
00026-CANTERA SOLDINI;1000083650;10;ZPAN;SERV. VIGILANCIA CAN;;0;;;;ASIGNORELLI;1050759;SERVICIO DE VIGILANCIA X HS.;600;207;600;0;393;5000169026;31/3/2026;Servicios;CUMPLIDO PARCIAL;SEGURIDAD Y RESGUARDO SRL;MR01;30/12/2026;25/2/2026;10143936;10;1;25/2/2026;26/2/2026;C24;4500121644;10;2001;1;MPITTIA;5/3/2026;30/12/2026;C24;6;31/3/2026;1;0;1;-274;0;0;0;0;0;Sin aclaración;En curso;;C24
00016 SEGURIDAD E HIGIENE;1000083820;10;ZPAN;SERVICIO DE ENFERMER;;0;;;;VHEREÑU;1017930;SERVICIO ENFERMERIA XMES;24;4;24;0;20;5000179436;6/7/2026;Servicios;CUMPLIDO PARCIAL;IRT- MEDICINA P/EMPRESAS S.A.;MR01;31/12/2027;27/2/2026;10144120;10;1;27/2/2026;27/2/2026;C24;4500123157;10;2001;1;MPITTIA;23/3/2026;31/3/2028;C24;4;6/7/2026;0;15;1;-543;0;0;0;0;0;Sin aclaración;En curso;;C24
00040-Comunic y Sustentabilidad;1000084387;20;ZPAN;WIM ARGENTINA;;0;;;;NMONTENEGRO;1026661;MEMBRESIA WIM - CUOTA 2;1;1;1;0;0;5000178844;1/7/2026;Servicios;CUMPLIDO;FUNDACION PARA EL DESARROLLO DE LA;MR01;31/7/2026;9/3/2026;10144883;20;1;30/3/2026;30/3/2026;C24;4500123720;20;MR23;1;YCOLMAN;30/3/2026;31/7/2026;C24;1;1/7/2026;0;0;-60;31;0;0;0;0;0;Sin aclaración;En curso - Próximo a vencer;;C24
00040-Comunic y Sustentabilidad;1000084387;30;ZPAN;WIM ARGENTINA;;0;;;;NMONTENEGRO;1026661;MEMBRESIA WIM - CUOTA 3;1;0;1;0;1;;;Servicios;ADJUDICADO;FUNDACION PARA EL DESARROLLO DE LA;MR01;31/7/2026;9/3/2026;10144883;30;1;30/3/2026;30/3/2026;C24;4500123720;30;MR23;1;YCOLMAN;30/3/2026;31/7/2026;C24;0;;0;0;-60;0;0;0;0;0;0;Sin aclaración;En curso - Próximo a vencer;;C24
"00001 GENERAL SEDE&#160;";1000084446;10;ZPAN;PM 101 744 SERV. INT;;0;;;;DYANEZ;1034212;SERVICIO DE INTERNET STARLINK 50GB X MES;9;5;9;0;4;5000179658;7/7/2026;Servicios;CUMPLIDO PARCIAL;JAWIT S.A.;MM01;31/12/2026;9/3/2026;10144943;10;1;9/3/2026;10/3/2026;C25;4500123675;10;2001;1;MPITTIA;30/3/2026;31/12/2026;C25;5;7/7/2026;1;0;-282;106;0;0;0;0;0;Sin aclaración;En curso;;C25
00040-Comunic y Sustentabilidad;1000084477;10;ZPAN;FUERZA MINERA 2026;;0;;;;NMONTENEGRO;1026661;SERVICIO DE PAUTA PUBLICITARIA X MES;12;3;12;0;9;5000178847;1/7/2026;Servicios;CUMPLIDO PARCIAL;GARCIA JUAN IGNACIO;MR01;7/3/2027;10/3/2026;10144976;10;1;10/3/2026;10/3/2026;C24;4500123613;10;MR23;1;YCOLMAN;27/3/2026;7/3/2027;C24;3;1/7/2026;0;4;1;-249;0;0;0;0;0;Sin aclaración;En curso;;C24
00040-Comunic y Sustentabilidad;1000084496;10;ZPAN;EL INVERSOR - 3 EDIC;;0;;;;NMONTENEGRO;1026661;ED. 197 - EL INVERSOR;1;0;1;0;1;;;Servicios;ADJUDICADO;EDITORIAL NETWORK S.A.;MR01;31/12/2026;10/3/2026;10145015;10;1;10/3/2026;10/3/2026;C24;4500122277;10;MR23;1;FSOTO;11/3/2026;31/12/2026;C24;0;;0;0;1;0;0;0;0;0;0;Sin aclaración;En curso;;C24
00040-Comunic y Sustentabilidad;1000084496;20;ZPAN;EL INVERSOR - 3 EDIC;;0;;;;NMONTENEGRO;1026661;ED. 202 - EL INVERSOR;1;0;1;0;1;;;Servicios;ADJUDICADO;EDITORIAL NETWORK S.A.;MR01;31/12/2026;10/3/2026;10145015;20;1;10/3/2026;10/3/2026;C24;4500122277;20;MR23;1;FSOTO;11/3/2026;31/12/2026;C24;0;;0;0;1;0;0;0;0;0;0;Sin aclaración;En curso;;C24
00040-Comunic y Sustentabilidad;1000084496;30;ZPAN;EL INVERSOR - 3 EDIC;;0;;;;NMONTENEGRO;1026661;ED. 204 - EL INVERSOR;1;0;1;0;1;;;Servicios;ADJUDICADO;EDITORIAL NETWORK S.A.;MR01;31/12/2026;10/3/2026;10145015;30;1;10/3/2026;10/3/2026;C24;4500122277;30;MR23;1;FSOTO;11/3/2026;31/12/2026;C24;0;;0;0;1;0;0;0;0;0;0;Sin aclaración;En curso;;C24
00040-Comunic y Sustentabilidad;1000084498;10;ZPAN;REV. PETROQUIMICA -;;0;;;;NMONTENEGRO;1026661;ED. 343 - REV. PETROQUIMICA;1;0;1;0;1;;;Servicios;ADJUDICADO;EDITORIAL NETWORK S.A.;MR01;31/12/2026;10/3/2026;10145017;10;1;10/3/2026;10/3/2026;C24;4500122265;10;MR23;1;FSOTO;11/3/2026;31/12/2026;C24;0;;0;0;1;0;0;0;0;0;0;Sin aclaración;En curso;;C24
00040-Comunic y Sustentabilidad;1000084498;20;ZPAN;REV. PETROQUIMICA -;;0;;;;NMONTENEGRO;1026661;ED. 344 - REV. PETROQUIMICA;1;0;1;0;1;;;Servicios;ADJUDICADO;EDITORIAL NETWORK S.A.;MR01;31/12/2026;10/3/2026;10145017;20;1;10/3/2026;10/3/2026;C24;4500122265;20;MR23;1;FSOTO;11/3/2026;31/12/2026;C24;0;;0;0;1;0;0;0;0;0;0;Sin aclaración;En curso;;C24
00040-Comunic y Sustentabilidad;1000084498;30;ZPAN;REV. PETROQUIMICA -;;0;;;;NMONTENEGRO;1026661;ED. 437 - REV. PETROQUIMICA;1;0;1;0;1;;;Servicios;ADJUDICADO;EDITORIAL NETWORK S.A.;MR01;31/12/2026;10/3/2026;10145017;30;1;10/3/2026;10/3/2026;C24;4500122265;30;MR23;1;FSOTO;11/3/2026;31/12/2026;C24;0;;0;0;1;0;0;0;0;0;0;Sin aclaración;En curso;;C24
00010 LOGISTICA;1000084947;20;ZPAN;ANTENA STARLINK MINI;;0;;;;LMANSILLA;1034212;SERV INTERNET STARLINK 50 GB ITINERANTE;12;0;12;0;12;;;Servicios;ADJUDICADO;JAWIT S.A.;MR01;27/3/2027;16/3/2026;10145551;20;1;27/3/2026;27/3/2026;C25;4500129707;10;MR13;1;MPITTIA;9/6/2026;10/4/2027;C25;0;;0;0;15;0;0;0;0;0;0;Sin aclaración;En curso;;C25
00010 LOGISTICA;1000084947;30;ZPAN;ANTENA STARLINK MINI;;0;;;;LMANSILLA;1034248;ACTIVACION SERVICIO SATELITAL;1;0;1;0;1;;;Servicios;ADJUDICADO;JAWIT S.A.;MR01;27/6/2026;16/3/2026;10145551;40;1;5/6/2026;8/6/2026;C24;4500129707;20;MR13;1;MPITTIA;9/6/2026;27/6/2026;C25;0;;3;0;1;0;0;0;0;0;0;Sin aclaración;Vencido con cant pendiente a recep;;C25
00005 TALLER;1000084948;20;ZPAN;ANTENA STARLINK MINI;;0;;;;LMANSILLA;1034212;SERV INTERNET STARLINK 50 GB ITINERANTE;12;0;12;0;12;;;Servicios;ADJUDICADO;JAWIT S.A.;MR01;30/6/2027;16/3/2026;10145552;20;1;27/3/2026;27/3/2026;C25;4500129708;10;MR05;1;MPITTIA;9/6/2026;8/5/2027;C25;0;;0;0;-740162;0;0;0;0;0;0;Sin aclaración;En curso;;C25
00016 SEGURIDAD E HIGIENE;1000085177;10;ZPAN;CALCULO HUELLA DE CA;;0;;;;VHEREÑU;1041289;MEDICION DE HUELLA DE CARBONO;1;0,5;1;0;0,5;5000169077;14/4/2026;Servicios;CUMPLIDO PARCIAL;ALPA SERVICIOS AMBIENTALES S. R. L.;MR01;15/8/2026;19/3/2026;10145846;10;1;19/3/2026;20/3/2026;C24;4500123395;10;2001;1;MPITTIA;26/3/2026;31/7/2026;C24;1;14/4/2026;1;1;-106;-16;0;0;0;0;0;Sin aclaración;En curso - Próximo a vencer;;C24
"00001 GENERAL SEDE&#160;";1000085227;10;ZPAN;PM 101 750 SERV. CON;;0;;;;DYANEZ;1013139;SS CONTROL DE PLAGAS SEDE MM SJ XUN;12;3;12;0;9;5000178842;1/7/2026;Servicios;CUMPLIDO PARCIAL;OLAYA JORGE ADRIAN;MM01;31/3/2027;20/3/2026;10145901;10;1;20/3/2026;20/3/2026;C25;4500123411;10;2001;1;YCOLMAN;26/3/2026;31/3/2027;C25;3;1/7/2026;0;1;1;-273;0;0;0;0;0;Sin aclaración;En curso;;C25
"00001 GENERAL SEDE&#160;";1000085227;20;ZPAN;PM 101 750 SERV. CON;;0;;;;DYANEZ;1013109;SERV.FITOSANITARIO CERCO VERDE .PREDIO 6;12;4;12;0;8;5000178853;1/7/2026;Servicios;CUMPLIDO PARCIAL;OLAYA JORGE ADRIAN;MM01;31/3/2027;20/3/2026;10145901;20;1;20/3/2026;20/3/2026;C24;4500123428;10;2001;1;YCOLMAN;26/3/2026;31/3/2027;C24;4;1/7/2026;0;0;1;-273;0;0;0;0;0;Sin aclaración;En curso;;C24
00008 ABASTECIMIENTO;1000085395;10;ZPAN;FLETE PAQ. CRUZ SUR;;0;;;;ASIGNORELLI;1012981;FLETE PAQUETERIA CRUZ DEL SUR;50000000;33407910,78;50000000;0;16592089,22;5000179006;30/6/2026;Servicios;CUMPLIDO PARCIAL;V.MASSON TRAP.CRUZ DEL SUR SA;MR01;31/7/2027;25/3/2026;10146162;10;1;25/3/2026;25/3/2026;C15;4500124319;10;2001;1;GDIAZ;7/4/2026;31/7/2027;C15;13;30/6/2026;0;3;1;-396;0;0;0;0;0;Sin aclaración;En curso;;C15
"00001 GENERAL SEDE&#160;";1000085406;10;ZPAN;PM 101 752 SERV. MAN;;0;;;;DYANEZ;1013108;SERVICIO MANTENIMIENTO ELEC. Y AA x MES;12;4;12;0;8;5000179459;6/7/2026;Servicios;CUMPLIDO PARCIAL;DOÑA VICTOR DANIEL;MM01;28/2/2027;25/3/2026;10146174;10;1;25/3/2026;25/3/2026;C24;4500124251;10;2001;1;MPITTIA;7/4/2026;28/2/2027;C24;4;6/7/2026;0;0;1;-237;0;0;0;0;0;Sin aclaración;En curso;;C24
00005 TALLER;1000085481;10;ZPAN;REPO NO STOCK 26/03;;0;;;;SPONCE;1017960;RECARGA DE NITROGENO;20;0;20;0;20;;;Servicios;ADJUDICADO;GASES ROSARIO S.R.L.;MR01;30/7/2026;26/3/2026;10146291;10;1;26/3/2026;26/3/2026;C03;4500123916;10;MR05;1;FPRUDENTE;31/3/2026;14/7/2026;C03;0;;0;0;-111;0;0;0;0;0;0;Sin aclaración;En curso - Próximo a vencer;;C03
00005 TALLER;1000085548;10;ZPAN;SERV. REITRO RESIDUO;;0;;;;HCABELLO;1013095;RECOLECCION DE RESIDUOS PELIGROSOS Y9;5000;5000;5000;0;0;5000177945;24/6/2026;Servicios;CUMPLIDO;BIO CORDILLERANA SRL;MM01;31/12/2026;26/3/2026;10146399;10;1;26/3/2026;27/3/2026;C24;4500124917;10;MM05;2;MPITTIA;14/4/2026;30/12/2026;C24;3;24/6/2026;1;0;-257;68;0;0;0;0;0;Sin aclaración;En curso - Total recepcionado;;C24
"00001 GENERAL SEDE&#160;";1000085764;10;ZPAN;SERVICIO DE LIMPIEZA;;0;;;;PAPPELLA;1034248;SERVICIO LIMPIEZA SURTIDOR X MES;12;0;12;0;12;;;Servicios;ADJUDICADO;AM GASTRONOMÍA Y SERVICIOS SRL;MR01;30/4/2027;30/3/2026;10146619;10;1;30/3/2026;31/3/2026;C24;4500124485;10;2001;1;MPITTIA;8/4/2026;30/4/2027;C24;0;;1;0;1;0;0;0;0;0;0;Sin aclaración;En curso;;C24
"00001 GENERAL SEDE&#160;";1000085884;10;ZPAN;RENOVACION OC AGUA;;0;;;;ASIGNORELLI;1013138;SERVICIO BOTELLON DE 20 LTS XUN;8000;1141;8000;0;6859;5000179416;1/7/2026;Servicios;CUMPLIDO PARCIAL;MARTIN LUCIANO JAVIER;MR01;30/4/2028;1/4/2026;10146754;10;1;1/4/2026;1/4/2026;C24;4500125129;10;2001;1;MPITTIA;16/4/2026;30/4/2028;C24;3;1/7/2026;0;12;1;-669;0;0;0;0;0;Sin aclaración;En curso;;C24
"00001 GENERAL SEDE&#160;";1000085884;20;ZPAN;RENOVACION OC AGUA;;0;;;;ASIGNORELLI;1025992;ALQUILER DISPENSER FRIO CALOR x MES;24;0;24;0;24;;;Servicios;ADJUDICADO;MARTIN LUCIANO JAVIER;MR01;30/4/2028;1/4/2026;10146754;20;1;1/4/2026;1/4/2026;C25;4500125129;20;2001;1;MPITTIA;16/4/2026;30/4/2028;C24;0;;0;12;1;0;0;0;0;0;0;Sin aclaración;En curso;;C24
"00001 GENERAL SEDE&#160;";1000085884;30;ZPAN;RENOVACION OC AGUA;;0;;;;ASIGNORELLI;1013138;BIDONES ENTREGADOS;1000;0;1000;0;1000;;;Servicios;ADJUDICADO;MARTIN LUCIANO JAVIER;MR01;30/4/2028;1/4/2026;10146754;30;1;1/4/2026;1/4/2026;C24;4500125129;30;2001;1;MPITTIA;16/4/2026;30/4/2028;C24;0;;0;12;1;0;0;0;0;0;0;Sin aclaración;En curso;;C24
00040-Comunic y Sustentabilidad;1000086036;10;ZPAN;Instituto formación;;0;;;;NMONTENEGRO;1055254;formación IVM;12;4;12;0;8;5000179279;3/7/2026;Servicios;CUMPLIDO PARCIAL;INSTITUTO DE FORMACION TECNICA;MR01;31/3/2027;6/4/2026;10146938;20;1;16/4/2026;16/4/2026;C24;4500125272;10;MR23;1;MPITTIA;16/4/2026;31/3/2027;C24;5;3/7/2026;0;4;1;-271;0;0;0;0;0;Sin aclaración;En curso;;C24
"00001 GENERAL SEDE&#160;";1000086514;10;ZPAN;PM 101 757 internet;;0;;;;DYANEZ;1025931;SERVICIO DE INTERNET TELMEX X MES;12;3;12;0;9;5000179668;7/7/2026;Servicios;CUMPLIDO PARCIAL;TELMEX ARGENTINA SA;MM01;31/3/2027;13/4/2026;10147581;10;1;13/4/2026;13/4/2026;C25;4500125452;10;2001;1;MPITTIA;20/4/2026;31/3/2027;C25;3;7/7/2026;0;30;1;-267;0;0;0;0;0;Sin aclaración;En curso;;C25
"00001 GENERAL SEDE&#160;";1000086516;10;ZPAN;PM 101 758 internet;;0;;;;DYANEZ;1025931;SERVICIO DE INTERNET 70mb MOVISTAR X MES;12;3;12;0;9;5000179584;6/7/2026;Servicios;CUMPLIDO PARCIAL;TELEFONICA MOVILES ARG. S.A. (MOVIS;MM01;31/3/2027;13/4/2026;10147583;10;1;13/4/2026;14/4/2026;C25;4500125240;10;2001;1;MPITTIA;16/4/2026;31/3/2027;C25;3;6/7/2026;1;32;1;-268;0;0;0;0;0;Sin aclaración;En curso;;C25
00016 SEGURIDAD E HIGIENE;1000086593;10;ZPAN;MANTENIMIENTO MATRIZ;;0;;;;VHEREÑU;1049145;MANTENIMIENTO MENSUAL MATRIZ LEGAL;4;3;4;0;1;5000179205;3/7/2026;Servicios;CUMPLIDO PARCIAL;CONSULDAR SRL;MR01;31/8/2026;15/4/2026;10147709;10;1;15/4/2026;20/4/2026;C24;4500125725;10;2001;1;MPITTIA;22/4/2026;31/8/2026;C24;3;3/7/2026;5;0;1;-59;0;0;0;0;0;Sin aclaración;En curso;;C24
00007 COMERCIAL OF LICITACION;1000086713;10;ZPAN;Servicio de promotor;;0;;;;NMONTENEGRO;1013103;servicio de promoción en expo san juan m;1;0;1;0;1;;;Servicios;ADJUDICADO;SUCESION DE MONTES DANTE AMERICO;MR01;7/5/2026;16/4/2026;10147842;10;1;16/4/2026;16/4/2026;C24;4500125779;10;2001;1;MPITTIA;22/4/2026;7/5/2026;C24;0;;0;0;1;0;0;0;0;0;0;Sin aclaración;Vencido con cant pendiente a recep;;C24
00008 ABASTECIMIENTO;1000086882;10;ZPAN;MEJORA MONTACARGAS A;;0;;;;PAPPELLA;1012993;REDUCTOR VEL MONTACARGAS ALMACEN S/ADJ;1;0;1;0;1;;;Servicios;ADJUDICADO;GODOY RICARDO VICENTE;MR01;30/6/2026;20/4/2026;10148085;10;1;20/4/2026;22/5/2026;C26;4500128586;10;2001;1;YCOLMAN;26/5/2026;16/7/2026;C26;0;;32;1;-40;0;0;0;0;0;0;Sin aclaración;Vencido con cant pendiente a recep;;C26
00040-Comunic y Sustentabilidad;1000086996;10;ZPAN;NOTIGLESIA - PAUTA 2;;0;;;;NMONTENEGRO;1026661;NOTIGLESIA - PAUTA;12;1;12;0;11;5000179355;3/7/2026;Servicios;CUMPLIDO PARCIAL;SILVA MENA JOSE MARIA;MR01;30/5/2027;21/4/2026;10148240;10;1;21/4/2026;21/4/2026;C24;4500126451;10;MR23;1;MPITTIA;30/4/2026;30/5/2027;C24;1;3/7/2026;0;0;1;-331;0;0;0;0;0;Sin aclaración;En curso;;C24
00016 SEGURIDAD E HIGIENE;1000087122;10;ZPAN;COMPOSTAJE IN COMPAN;;0;;;;VHEREÑU;1042844;MANTENIMIENTO COMPOSTERA XMES;8;1;8;0;7;5000179474;6/7/2026;Servicios;CUMPLIDO PARCIAL;GEA ROSARIO SA;MR01;31/12/2026;23/4/2026;10148390;10;1;23/4/2026;29/4/2026;C24;4500126458;10;2001;1;MPITTIA;30/4/2026;31/12/2026;C24;1;6/7/2026;6;6;1;-178;0;0;0;0;0;Sin aclaración;En curso;;C24
00008 ABASTECIMIENTO;1000087161;10;ZPAN;SERVICIO PAQUETERIA;;0;;;;DBENITEZ;1012981;FLETE PAQUETERIA S DETALLE XUN;50000000;38955163,81;50000000;0;11044836,19;5000179341;3/7/2026;Servicios;CUMPLIDO PARCIAL;ANDREANI LOGISTICA SA;MR01;30/8/2026;23/4/2026;10148482;10;1;23/4/2026;24/4/2026;C15;4500128612;10;2001;1;GDIAZ;26/5/2026;31/7/2026;C15;9;3/7/2026;1;1;-29;-28;0;0;0;0;0;Sin aclaración;En curso;;C15
00040-Comunic y Sustentabilidad;1000087389;10;ZPAN;DIARIO DE RIO NEGRO;;0;;;;NMONTENEGRO;1026661;PAUTA ANIVERSARIO RIO NEGRO;1;0;1;0;1;;;Servicios;ADJUDICADO;EDITORIAL RIO NEGRO S A;MR01;19/7/2026;28/4/2026;10148759;10;1;28/4/2026;28/4/2026;C24;4500126865;10;MR23;1;MPITTIA;6/5/2026;19/7/2026;C24;0;;0;0;-60;0;0;0;0;0;0;Sin aclaración;En curso - Próximo a vencer;;C24
00040-Comunic y Sustentabilidad;1000087481;10;ZPAN;el ancasti - dia de;;0;;;;NMONTENEGRO;1026543;el ancasti - dia de la mineria;1;0;1;0;1;;;Servicios;ADJUDICADO;EDITORIAL CAPAYAN S.A.;MR01;19/5/2026;28/4/2026;10148827;10;1;28/4/2026;29/4/2026;C24;4500126621;10;MR23;1;MPITTIA;4/5/2026;19/7/2026;C24;0;;1;0;1;0;0;0;0;0;0;Sin aclaración;Vencido con cant pendiente a recep;;C24
00040-Comunic y Sustentabilidad;1000087484;10;ZPAN;diario de cuyo - dia;;0;;;;NMONTENEGRO;1026543;diario de cuyo - dia de l amineria;1;0;1;0;1;;;Servicios;ADJUDICADO;FRANCISCO MONTES SACIF;MR01;19/7/2026;28/4/2026;10148830;10;1;28/4/2026;29/4/2026;C24;4500126619;10;MR23;1;MPITTIA;4/5/2026;19/7/2026;C24;0;;1;0;-60;0;0;0;0;0;0;Sin aclaración;En curso - Próximo a vencer;;C24
00008 ABASTECIMIENTO;1000087692;10;ZPAN;REEMPLAZO LUCHO VACA;;0;;;;ASIGNORELLI;1012981;FLETE PAQUETERIA S DETALLE XUN;2500000;40846,96;2500000;0;2459153,04;5000178956;1/7/2026;Servicios;CUMPLIDO PARCIAL;QX LOGISTICA S. A.;MR01;22/5/2026;4/5/2026;10149097;10;1;4/5/2026;4/5/2026;C15;4500126811;10;2001;1;GDIAZ;5/5/2026;22/7/2026;C15;1;1/7/2026;0;1;1;40;0;0;0;0;0;Sin aclaración;Vencido con cant pendiente a recep;;C15
"00001 GENERAL SEDE&#160;";1000087732;10;ZPAN;PM 101 772 SERV. ALM;;0;;;;DYANEZ;1034248;SERV.ALMACENAJE ARCHIVO CUSTODIA X CAJA;2052;342;2052;0;1710;5000179371;4/7/2026;Servicios;CUMPLIDO PARCIAL;CUST DE ARCHIVOS SAN JUAN SRL;MM01;31/5/2027;4/5/2026;10149112;10;1;4/5/2026;4/5/2026;C24;4500126767;10;2001;1;MPITTIA;5/5/2026;31/5/2027;C24;2;4/7/2026;0;0;1;-331;0;0;0;0;0;Sin aclaración;En curso;;C24
00004 LEGALES ROSARIO;1000087764;10;ZPAN;HONORARIOS ADROGUE;;0;;;;DBENITEZ;1027193;SS HONORARIOS PROFESIONALES ADROGUE;3;3;3;0;0;5000179112;2/7/2026;Servicios;CUMPLIDO;ADROGUE MARQUES ZABALA & ASOC.;MR01;15/8/2026;5/5/2026;10149222;10;1;5/5/2026;27/5/2026;C24;4500128031;10;2001;1;MPITTIA;19/5/2026;31/12/2026;C24;3;2/7/2026;22;0;-91;48;0;0;0;0;0;Sin aclaración;En curso - Próximo a vencer;;C24
00008 ABASTECIMIENTO;1000087881;10;ZPAN;FLETE PAQ. CAMIONERA;;0;;;;ASIGNORELLI;1012981;FLETE PAQUETERIA CAMIONERA MR01;15000000;0;15000000;0;15000000;;;Servicios;ADJUDICADO;LA CAMIONERA MENDOCINA SRL;MR01;31/7/2027;6/5/2026;10149411;10;1;6/5/2026;6/5/2026;C15;4500128662;10;2001;1;GDIAZ;27/5/2026;31/7/2027;C15;0;;0;0;1;0;0;0;0;0;0;Sin aclaración;En curso;;C15
00015 RRHH;1000087984;10;ZPAN;PLATAFORMA PODI BIZ;;0;;;;JMARCHINI;1034248;IMPLEMENTACION PLATAFORMA PODI BIZ;1;0,5;1;0;0,5;5000172723;12/5/2026;Servicios;CUMPLIDO PARCIAL;NIC SA;MR01;10/8/2026;7/5/2026;10149586;10;1;7/5/2026;7/5/2026;C24;4500127425;10;2001;1;MPITTIA;12/5/2026;30/7/2026;C24;1;12/5/2026;0;0;-60;-29;0;0;0;0;0;Sin aclaración;En curso - Próximo a vencer;;C24
00015 RRHH;1000088064;10;ZPAN;ASESORAMIENTO EXTERN;;0;;;;JMARCHINI;1018236;ASESORAMIENTO EXTERNO - MARIANA MUNTANER;1;0,5;1;0;0,5;5000172965;14/5/2026;Servicios;CUMPLIDO PARCIAL;MUNTANER MARIANA;MR01;31/10/2026;8/5/2026;10149700;10;1;8/5/2026;8/5/2026;C24;4500127639;10;2001;1;MPITTIA;14/5/2026;31/10/2026;C24;1;14/5/2026;0;0;1;-170;0;0;0;0;0;Sin aclaración;En curso;;C24
00015 RRHH;1000088208;10;ZPAN;ASESORAMIENTO EXTERN;;0;;;;JMARCHINI;1018236;ASESORAMIENTO EXTERNO SOPORTE;1;1;1;0;0;5000173952;21/5/2026;Servicios;CUMPLIDO;HAY ARGENTINA SA;MR01;1/6/2027;12/5/2026;10149972;10;1;12/5/2026;12/5/2026;C24;4500128318;10;2001;1;MPITTIA;21/5/2026;1/6/2027;C24;1;21/5/2026;0;0;1;-376;0;0;0;0;0;Sin aclaración;En curso - Total recepcionado;;C24
00008 ABASTECIMIENTO;1000088309;10;ZPAN;EXTENCION OC CDS MM;;0;;;;ASIGNORELLI;1012981;FLETE PAQUETERIA CRUZ D SUR MM;50000000;0;50000000;0;50000000;;;Servicios;ADJUDICADO;V.MASSON TRAP.CRUZ DEL SUR SA;MM01;30/6/2027;13/5/2026;10150090;10;1;13/5/2026;14/5/2026;C15;4500128608;10;2001;1;GDIAZ;26/5/2026;30/6/2027;C15;0;;1;1;1;0;0;0;0;0;0;Sin aclaración;En curso;;C15
00040-Comunic y Sustentabilidad;1000088314;10;ZPAN;PAUTA MINERIA.COM.AR;;0;;;;NMONTENEGRO;1026661;PAUTA PUBLICITARIA X MES;6;2;6;0;4;5000178992;1/7/2026;Servicios;CUMPLIDO PARCIAL;RAMIREZ RUBEN DARIO;MR01;3/8/2026;13/5/2026;10150096;10;1;13/5/2026;13/5/2026;C24;4500128332;10;MR23;1;MPITTIA;21/5/2026;3/8/2026;C24;2;1/7/2026;0;0;-60;28;0;0;0;0;0;Sin aclaración;En curso - Próximo a vencer;;C24
"00001 GENERAL SEDE&#160;";1000088372;10;ZPAN;RENOVACION OC GAS;;0;;;;ASIGNORELLI;1013092;PROVISION GAS A GRANEL PROPANO;10000;0;10000;0;10000;;;Servicios;ADJUDICADO;ITALGAS S.A.;MR01;30/6/2028;14/5/2026;10150177;10;1;14/5/2026;14/5/2026;C24;4500130077;10;2001;1;MPITTIA;12/6/2026;30/6/2028;C24;0;;0;7;1;0;0;0;0;0;0;Sin aclaración;En curso;;C24
00040-Comunic y Sustentabilidad;1000088578;10;ZPAN;RENOVACION ECOBIZ;;0;;;;NMONTENEGRO;1026661;PAUTA ecobiz;2;0;2;0;2;;;Servicios;ADJUDICADO;PRIMERA LINEA S.R.L.;MR01;8/8/2026;18/5/2026;10150394;10;1;18/5/2026;18/5/2026;C24;4500128541;10;MR23;1;MPITTIA;26/5/2026;8/8/2026;C24;0;;0;0;-60;0;0;0;0;0;0;Sin aclaración;En curso - Próximo a vencer;;C24
00040-Comunic y Sustentabilidad;1000088578;20;ZPAN;RENOVACION ECOBIZ;;0;;;;NMONTENEGRO;1026661;PAUTA ecobiz;1;0;1;0;1;;;Servicios;ADJUDICADO;PRIMERA LINEA S.R.L.;MR01;30/8/2026;18/5/2026;10150394;20;1;21/5/2026;21/5/2026;C24;4500128541;20;MR23;1;MPITTIA;26/5/2026;30/8/2026;C24;0;;0;0;-739858;0;0;0;0;0;0;Sin aclaración;En curso;;C24
00005 TALLER;1000088627;10;ZPAN;REPOS NO STOCK 18/05;;0;;;;SPONCE;1017957;DIOXIDO DE CARBONO;100;100;100;0;0;5000178745;30/6/2026;Servicios;CUMPLIDO;GASES ROSARIO S.R.L.;MR01;15/7/2026;18/5/2026;10150465;10;1;18/5/2026;19/5/2026;C03;4500128264;10;MR05;1;FPRUDENTE;20/5/2026;7/7/2026;C03;1;30/6/2026;1;0;-29;15;0;0;0;0;0;Sin aclaración;En curso - Próximo a vencer;;C03
00005 TALLER;1000088627;20;ZPAN;REPOS NO STOCK 18/05;;0;;;;SPONCE;1017955;OXIGENO;10;10;10;0;0;5000178745;30/6/2026;Servicios;CUMPLIDO;GASES ROSARIO S.R.L.;MR01;15/7/2026;18/5/2026;10150465;20;1;18/5/2026;19/5/2026;C03;4500128264;20;MR05;1;FPRUDENTE;20/5/2026;7/7/2026;C03;1;30/6/2026;1;0;-29;15;0;0;0;0;0;Sin aclaración;En curso - Próximo a vencer;;C03
00005 TALLER;1000088627;30;ZPAN;REPOS NO STOCK 18/05;;0;;;;SPONCE;1017959;MIX20;22;22;22;0;0;5000178745;30/6/2026;Servicios;CUMPLIDO;GASES ROSARIO S.R.L.;MR01;15/7/2026;18/5/2026;10150465;30;1;18/5/2026;19/5/2026;C03;4500128264;30;MR05;1;FPRUDENTE;20/5/2026;7/7/2026;C03;1;30/6/2026;1;0;-29;15;0;0;0;0;0;Sin aclaración;En curso - Próximo a vencer;;C03
00005 TALLER;1000089012;10;ZPAN;SERV. RETIRO RESIDUO;;0;;;;HCABELLO;1021987;RECOLECCION DE RESID PELIG Y48 Xm3;25;6;25;0;19;5000177864;23/6/2026;Servicios;CUMPLIDO PARCIAL;BIO CORDILLERANA SRL;MM01;15/7/2027;26/5/2026;10150940;10;1;26/5/2026;27/5/2026;C24;4500128937;10;MM05;1;MPITTIA;29/5/2026;30/6/2026;C24;2;23/6/2026;1;3;-394;8;0;0;0;0;0;Sin aclaración;En curso;;C24
"00001 GENERAL SEDE&#160;";1000089068;10;ZPAN;PEDIDO S/ MAIL ADJ.;;0;;;;ASIGNORELLI;1012993;SUBC. OBRA ELECTRICA S/ ADJUNTO;1;0;1;0;1;;;Servicios;ADJUDICADO;CARUSO HORACIO NESTOR;MR01;17/7/2026;26/5/2026;10151000;10;1;26/5/2026;26/5/2026;C26;4500129079;10;2001;1;YCOLMAN;1/6/2026;17/7/2026;C26;0;;0;3;1;0;0;0;0;0;0;Sin aclaración;En curso - Próximo a vencer;;C26
"00001 GENERAL SEDE&#160;";1000089312;10;ZPAN;PM 101 784 SERV. LIM;;0;;;;DYANEZ;1013143;SERVICIO DE LIMPIEZA HS NORMALES XHS;1000;180;1000;0;820;5000179202;3/7/2026;Servicios;CUMPLIDO PARCIAL;MDLS S. A. S.;MM01;30/9/2026;29/5/2026;10151278;10;1;29/5/2026;29/5/2026;C25;4500130331;10;2001;1;MPITTIA;17/6/2026;30/9/2026;C25;1;3/7/2026;0;0;1;-89;0;0;0;0;0;Sin aclaración;En curso;;C25
"00001 GENERAL SEDE&#160;";1000089362;10;ZPAN;VIGILANCIA DIURNA SE;;0;;;;VHEREÑU;1013146;SERVICIO DE VIGILANCIA DIURNA XHS;27000;1464;27000;0;25536;5000179468;6/7/2026;Servicios;CUMPLIDO PARCIAL;SEGURIDAD Y RESGUARDO SRL;MR01;30/6/2029;1/6/2026;10151329;10;1;1/6/2026;1/6/2026;C25;4500129761;10;2001;1;MPITTIA;9/6/2026;30/6/2029;C25;2;6/7/2026;0;1;1;-1090;0;0;0;0;0;Sin aclaración;En curso;;C25
"00001 GENERAL SEDE&#160;";1000089420;20;ZPAN;PM 101 785 SERV ELEC;;0;;;;DYANEZ;1034248;SER. MANT.ELECT. ADICIONAL OC4500124251;5000000;235000;5000000;0;4765000;5000176722;12/6/2026;Servicios;CUMPLIDO PARCIAL;DOÑA VICTOR DANIEL;MM01;28/2/2027;1/6/2026;10151459;20;1;2/6/2026;2/6/2026;C24;4500129894;10;2001;1;MPITTIA;10/6/2026;28/2/2027;C24;1;12/6/2026;0;0;1;-261;0;0;0;0;0;Sin aclaración;En curso;;C24
00016 SEGURIDAD E HIGIENE;1000089462;10;ZPAN;INVESTIGACIÓN DE ACC;;0;;;;VHEREÑU;1056572;JORNADA BACK OFFICE;14;0;14;0;14;;;Servicios;ADJUDICADO;INTEGRA ECODINAMICA S.A;MR01;31/8/2026;2/6/2026;10151487;10;1;2/6/2026;3/6/2026;C24;4500130032;10;2001;1;MPITTIA;11/6/2026;31/8/2026;C24;0;;1;5;1;0;0;0;0;0;0;Sin aclaración;En curso;;C24
00016 SEGURIDAD E HIGIENE;1000089462;20;ZPAN;INVESTIGACIÓN DE ACC;;0;;;;VHEREÑU;1056575;REUNIONES VIRTUALES 2,5HS.;2;0;2;0;2;;;Servicios;ADJUDICADO;INTEGRA ECODINAMICA S.A;MR01;31/8/2026;2/6/2026;10151487;20;1;2/6/2026;3/6/2026;C24;4500130032;20;2001;1;MPITTIA;11/6/2026;31/8/2026;C24;0;;1;5;1;0;0;0;0;0;0;Sin aclaración;En curso;;C24
00016 SEGURIDAD E HIGIENE;1000089462;30;ZPAN;INVESTIGACIÓN DE ACC;;0;;;;VHEREÑU;1056583;TALLER PRESENCIAL DE 6HS.;4;0;4;0;4;;;Servicios;ADJUDICADO;INTEGRA ECODINAMICA S.A;MR01;31/8/2026;2/6/2026;10151487;30;1;2/6/2026;3/6/2026;C24;4500130032;30;2001;1;MPITTIA;11/6/2026;31/8/2026;C24;0;;1;5;1;0;0;0;0;0;0;Sin aclaración;En curso;;C24
00016 SEGURIDAD E HIGIENE;1000089462;40;ZPAN;INVESTIGACIÓN DE ACC;;0;;;;VHEREÑU;1056586;JORNADA DE COACHING DE IMPLEMENTACION.;2;0;2;0;2;;;Servicios;ADJUDICADO;INTEGRA ECODINAMICA S.A;MR01;31/8/2026;2/6/2026;10151487;40;1;2/6/2026;3/6/2026;C24;4500130032;40;2001;1;MPITTIA;11/6/2026;31/8/2026;C24;0;;1;5;1;0;0;0;0;0;0;Sin aclaración;En curso;;C24
00007 COMERCIAL OF LICITACION;1000089567;10;ZPAN;OBRA COMP HUDBAY;;0;;;;AFORTUNA;1013007;SUBC. DE INGENIERIA;1;0;1;0;1;;;Servicios;ADJUDICADO;OCIR INGENIERIA VIAL Y DE TRANSPORT;MR01;8/7/2026;3/6/2026;10151593;10;1;3/6/2026;3/6/2026;C26;4500129519;10;2001;1;YCOLMAN;5/6/2026;8/7/2026;C26;0;;0;0;1;0;0;0;0;0;0;Sin aclaración;En curso - Próximo a vencer;;C26
00005 TALLER;1000089643;10;ZPAN;REPARACION POR PINCH;;0;;;;ACEJAS;1034199;REPARACION POR PINCHADURA - 43001;1;0;1;0;1;;;Servicios;ADJUDICADO;GOMERIA ALICIA S.A.;MR01;4/7/2026;4/6/2026;10151731;10;1;4/6/2026;4/6/2026;EFO;4500129671;10;MR05;1;GROSES;8/6/2026;4/7/2026;EFO;0;;0;0;1;0;0;0;0;0;0;Sin aclaración;Vencido con cant pendiente a recep;;EFO
00005 TALLER;1000089756;10;ZPAN;RETIRO DE RESIDUOS;;0;;;;HCABELLO;1013095;RECOLECCION DE RESIDUOS PELIGROSOS Y9;12000;4500;12000;0;7500;5000178028;24/6/2026;Servicios;CUMPLIDO PARCIAL;BIO CORDILLERANA SRL;MM01;15/10/2026;5/6/2026;10151837;10;1;5/6/2026;8/6/2026;C24;4500131093;10;MM05;2;MPITTIA;24/6/2026;30/9/2026;C24;1;24/6/2026;3;0;-110;-2;0;0;0;0;0;Sin aclaración;En curso;;C24
00016 SEGURIDAD E HIGIENE;1000089832;10;ZPAN;ADICIONAL CONSULDAR;;0;;;;VHEREÑU;1049145;MANTENIMIENTO MENSUAL MATRIZ LEGAL;3;2;3;0;1;5000179206;3/7/2026;Servicios;CUMPLIDO PARCIAL;CONSULDAR SRL;MR01;31/8/2026;8/6/2026;10151931;10;1;8/6/2026;16/6/2026;C24;4500130277;10;2001;1;MPITTIA;16/6/2026;31/8/2026;C24;2;3/7/2026;8;0;1;-59;0;0;0;0;0;Sin aclaración;En curso;;C24
"00001 GENERAL SEDE&#160;";1000089838;10;ZPAN;CONTROL DE PLAGAS SE;;0;;;;VHEREÑU;1013139;SS CONTROL DE PLAGAS XUN;12;1;12;0;11;5000179441;6/7/2026;Servicios;CUMPLIDO PARCIAL;CEPEDA LEANDRO ESTEBAN;MR01;30/6/2027;8/6/2026;10151941;10;1;8/6/2026;8/6/2026;C25;4500130030;10;2001;1;MPITTIA;11/6/2026;30/6/2027;C25;1;6/7/2026;0;8;1;-359;0;0;0;0;0;Sin aclaración;En curso;;C25
"00001 GENERAL SEDE&#160;";1000089838;20;ZPAN;CONTROL DE PLAGAS SE;;0;;;;VHEREÑU;1026355;FUMIGACION CONTRA MOSQUITOS;2;0;2;0;2;;;Servicios;ADJUDICADO;CEPEDA LEANDRO ESTEBAN;MR01;30/6/2027;8/6/2026;10151941;20;1;8/6/2026;8/6/2026;C25;4500130030;20;2001;1;MPITTIA;11/6/2026;30/6/2027;C25;0;;0;8;1;0;0;0;0;0;0;Sin aclaración;En curso;;C25
"00001 GENERAL SEDE&#160;";1000089838;30;ZPAN;CONTROL DE PLAGAS SE;;0;;;;VHEREÑU;1026355;SS CONTROL DE ALACRANES;4;0;4;0;4;;;Servicios;ADJUDICADO;CEPEDA LEANDRO ESTEBAN;MR01;30/6/2027;8/6/2026;10151941;30;1;8/6/2026;8/6/2026;C25;4500130030;30;2001;1;MPITTIA;11/6/2026;30/6/2027;C25;0;;0;8;1;0;0;0;0;0;0;Sin aclaración;En curso;;C25
00010 LOGISTICA;1000089857;10;ZPAN;PINCHADURA: 84223 -;;0;;;;ACEJAS;1034199;SERVICIO POR PINCHADURA: 84223 - BFX-664;1;0;1;0;1;;;Servicios;ADJUDICADO;GOMERIA ALICIA S.A.;MR01;29/7/2026;8/6/2026;10151986;10;1;8/6/2026;8/6/2026;EFO;4500130340;10;MR13;1;GROSES;17/6/2026;29/7/2026;EFO;0;;0;0;1;0;0;0;0;0;0;Sin aclaración;En curso - Próximo a vencer;;EFO
00005 TALLER;1000089878;10;ZPAN;SEMI PARA DISPOSION;;0;;;;LMANSILLA;1012974;FLETE SEMIRREMOLQUE 14,5MT XVIAJE;2;0;2;0;2;;;Servicios;ADJUDICADO;NOVOMILOG SA;MR01;19/6/2026;9/6/2026;10152045;10;1;9/6/2026;9/6/2026;C15;4500131113;10;MR05;1;GDIAZ;24/6/2026;19/6/2026;C15;0;;0;0;1;0;0;0;0;0;0;Sin aclaración;Vencido con cant pendiente a recep;;C15
00018 EQUIPOS;1000089994;10;ZPAN;SEMI SULLER - SEDE -;;0;;;;LMANSILLA;1012974;FLETE SEMIRREMOLQUE 14,5MT XVIAJE;1;0;1;0;1;;;Servicios;ADJUDICADO;TRANSLOGISTICA VESPRINI S. R. L.;MR01;24/6/2026;10/6/2026;10152177;10;1;10/6/2026;10/6/2026;C15;4500131107;10;MR13;1;GDIAZ;24/6/2026;26/6/2026;C15;0;;0;0;3;0;0;0;0;0;0;Sin aclaración;Vencido con cant pendiente a recep;;C15
00040-Comunic y Sustentabilidad;1000090470;20;ZPAN;ALQUILER TV - PROYEC;;0;;;;JMARCHINI;1034248;TV LED Samsung Business 85”;1;1;1;0;0;5000179110;2/7/2026;Servicios;CUMPLIDO;NYM S. R. L.;MR01;15/7/2026;18/6/2026;10152745;20;1;18/6/2026;18/6/2026;C24;4500131801;10;MR23;2;MPITTIA;2/7/2026;15/7/2026;C24;1;2/7/2026;0;0;1;-13;0;0;0;0;0;Sin aclaración;En curso - Próximo a vencer;;C24
00018 EQUIPOS;1000090563;10;ZPAN;ENDOSO POLIZA AUTOMO;;0;;;;NLAFORNARO;1022034;ENDOSO POLIZA 13432358 AH602DG y AH602DH;1;1;1;0;0;5000178215;26/6/2026;Servicios;CUMPLIDO;SANCOR COOP. DE SEG. LTDA.;MR01;13/7/2026;19/6/2026;10152881;10;1;19/6/2026;24/6/2026;C16;4500131209;10;MR13;1;IBURALLI;25/6/2026;13/7/2026;C16;1;26/6/2026;5;0;1;-17;0;0;0;0;0;Sin aclaración;En curso - Próximo a vencer;;C16
00018 EQUIPOS;1000090624;10;ZPAN;POLIZA 13432358;;0;;;;NLAFORNARO;1022034;ENDOSO N° 6134 POLIZA 13432358;1;1;1;0;0;5000178218;26/6/2026;Servicios;CUMPLIDO;SANCOR COOP. DE SEG. LTDA.;MR01;14/7/2026;22/6/2026;10152974;10;1;22/6/2026;24/6/2026;C16;4500131207;10;MR13;1;IBURALLI;25/6/2026;14/7/2026;C16;1;26/6/2026;2;0;1;-18;0;0;0;0;0;Sin aclaración;En curso - Próximo a vencer;;C16
00005 TALLER;1000090654;10;ZPAN;REPOS NO STOCK 22/06;;0;;;;SPONCE;1017957;DIOXIDO DE CARBONO;80;0;80;0;80;;;Servicios;ADJUDICADO;GASES ROSARIO S.R.L.;MR01;6/7/2026;22/6/2026;10153009;10;1;22/6/2026;23/6/2026;C03;4500131204;10;MR05;1;FPRUDENTE;25/6/2026;14/7/2026;C03;0;;1;0;1;0;0;0;0;0;0;Sin aclaración;Vencido con cant pendiente a recep;;C03
00005 TALLER;1000090654;20;ZPAN;REPOS NO STOCK 22/06;;0;;;;SPONCE;1017959;MIX20;33;0;33;0;33;;;Servicios;ADJUDICADO;GASES ROSARIO S.R.L.;MR01;6/7/2026;22/6/2026;10153009;20;1;22/6/2026;23/6/2026;C03;4500131204;20;MR05;1;FPRUDENTE;25/6/2026;14/7/2026;C03;0;;1;0;1;0;0;0;0;0;0;Sin aclaración;Vencido con cant pendiente a recep;;C03
00005 TALLER;1000090654;30;ZPAN;REPOS NO STOCK 22/06;;0;;;;SPONCE;1017958;THERMOLENE;30;0;30;0;30;;;Servicios;ADJUDICADO;GASES ROSARIO S.R.L.;MR01;6/7/2026;22/6/2026;10153009;30;1;22/6/2026;23/6/2026;C03;4500131204;30;MR05;1;FPRUDENTE;25/6/2026;14/7/2026;C03;0;;1;0;1;0;0;0;0;0;0;Sin aclaración;Vencido con cant pendiente a recep;;C03
00005 TALLER;1000090654;40;ZPAN;REPOS NO STOCK 22/06;;0;;;;SPONCE;1017955;OXIGENO;30;0;30;0;30;;;Servicios;ADJUDICADO;GASES ROSARIO S.R.L.;MR01;6/7/2026;22/6/2026;10153009;40;1;22/6/2026;23/6/2026;C03;4500131204;40;MR05;1;FPRUDENTE;25/6/2026;14/7/2026;C03;0;;1;0;1;0;0;0;0;0;0;Sin aclaración;Vencido con cant pendiente a recep;;C03
00018 EQUIPOS;1000090757;10;ZPAN;81748 - INSTALACION;;0;;;;LMANSILLA;1022295;INSTALACION EQS RSV - AÑELO INT 81748;1;0;1;0;1;;;Servicios;ADJUDICADO;AC SAT S.R.L.;MR01;15/7/2026;24/6/2026;10153141;10;1;24/6/2026;24/6/2026;C25;4500131189;10;MR13;1;MPITTIA;25/6/2026;15/7/2026;C25;0;;0;0;1;0;0;0;0;0;0;Sin aclaración;En curso - Próximo a vencer;;C25
0004 SERVICIO TECNICO PROYECTO;1000090808;10;ZPAN;PINCHADURA - 81595 -;;0;;;;ACEJAS;1034199;PINCHADURA - 81595 - JKX-377;1;1;1;0;0;5000178822;1/7/2026;Servicios;CUMPLIDO;GOMERIA ALICIA S.A.;MR01;15/7/2026;24/6/2026;10153230;10;1;24/6/2026;25/6/2026;EFO;4500131698;10;2001;1;GROSES;1/7/2026;15/7/2026;EFO;1;1/7/2026;1;0;1;-14;0;0;0;0;0;Sin aclaración;En curso - Próximo a vencer;;EFO
"00001 GENERAL SEDE&#160;";1000090866;10;ZPAN;POLIZA ACCIDENTES PE;;0;;;;NLAFORNARO;1022032;POLIZA ACC PERS 10528491 RAMON MUÑOZ;1;1;1;0;0;5000178570;29/6/2026;Servicios;CUMPLIDO;FEDERACION PATRONAL SEG. S.A.;MR01;16/7/2026;25/6/2026;10153322;10;1;25/6/2026;25/6/2026;C16;4500131520;20;2001;1;JESPARZA;29/6/2026;16/7/2026;C16;1;29/6/2026;0;0;1;-17;0;0;0;0;0;Sin aclaración;En curso - Próximo a vencer;;C16
00018 EQUIPOS;1000090871;10;ZPAN;ENDOSO POLIZA AUTOMO;;0;;;;NLAFORNARO;1022034;ENDOSO n° 5467 POLIZA 13432358;1;1;1;0;0;5000179057;2/7/2026;Servicios;CUMPLIDO;SANCOR COOP. DE SEG. LTDA.;MR01;16/7/2026;25/6/2026;10153327;10;1;25/6/2026;29/6/2026;C16;4500131830;10;MR13;1;IBURALLI;2/7/2026;16/7/2026;C16;1;2/7/2026;4;0;1;-14;0;0;0;0;0;Sin aclaración;En curso - Próximo a vencer;;C16
00018 EQUIPOS;1000090874;10;ZPAN;ENDOSO POLIZA AUTOMO;;0;;;;NLAFORNARO;1022034;endoso n° 9387 poliza 13432358;1;1;1;0;0;5000179056;2/7/2026;Servicios;CUMPLIDO;SANCOR COOP. DE SEG. LTDA.;MR01;16/7/2026;25/6/2026;10153329;10;1;25/6/2026;29/6/2026;C16;4500131827;10;MR13;1;IBURALLI;2/7/2026;16/7/2026;C16;1;2/7/2026;4;0;1;-14;0;0;0;0;0;Sin aclaración;En curso - Próximo a vencer;;C16
00018 EQUIPOS;1000090874;20;ZPAN;ENDOSO POLIZA AUTOMO;;0;;;;NLAFORNARO;1022034;endoso n° 9361 poliza 13432358;1;1;1;0;0;5000179056;2/7/2026;Servicios;CUMPLIDO;SANCOR COOP. DE SEG. LTDA.;MR01;16/7/2026;25/6/2026;10153329;20;1;25/6/2026;29/6/2026;C16;4500131827;20;MR13;1;IBURALLI;2/7/2026;16/7/2026;C16;1;2/7/2026;4;0;1;-14;0;0;0;0;0;Sin aclaración;En curso - Próximo a vencer;;C16
00015 RRHH;1000090901;10;ZPAN;EXAMENES PREOCUPACIO;;0;;;;JMARCHINI;1013130;EXAMEN PREOCUPACIONAL BASICO;15000000;1403922;15000000;0;13596078;5000178527;29/6/2026;Servicios;CUMPLIDO PARCIAL;ASTROLABORAL SRL;MR01;31/12/2026;26/6/2026;10153400;10;1;26/6/2026;26/6/2026;C25;4500131459;10;2001;1;MPITTIA;29/6/2026;31/12/2026;C25;1;29/6/2026;0;0;1;-185;0;0;0;0;0;Sin aclaración;En curso;;C25
"00001 GENERAL SEDE&#160;";1000090927;10;ZPAN;POLIZA ACCIDENTES PE;;0;;;;NLAFORNARO;1022032;POLIZA ACC PERS 10531054 PANIAGUA HERRER;1;1;1;0;0;5000178570;29/6/2026;Servicios;CUMPLIDO;FEDERACION PATRONAL SEG. S.A.;MR01;17/7/2026;26/6/2026;10153426;10;1;26/6/2026;26/6/2026;C16;4500131520;10;2001;1;JESPARZA;29/6/2026;17/7/2026;C16;1;29/6/2026;0;0;1;-18;0;0;0;0;0;Sin aclaración;En curso - Próximo a vencer;;C16
00005 TALLER;1000090964;10;ZPAN;REPOS NO STOCK 29/0;;0;;;;SPONCE;1017957;DIOXIDO DE CARBONO;100;0;100;0;100;;;Servicios;ADJUDICADO;GASES ROSARIO S.R.L.;MR01;13/7/2026;29/6/2026;10153472;10;1;29/6/2026;29/6/2026;C03;4500132011;10;MR05;1;FPRUDENTE;3/7/2026;13/7/2026;C03;0;;0;0;1;0;0;0;0;0;0;Sin aclaración;En curso - Próximo a vencer;;C03
00005 TALLER;1000090964;20;ZPAN;REPOS NO STOCK 29/0;;0;;;;SPONCE;1017955;OXIGENO;76,2;0;76;0;76,2;;;Servicios;ADJUDICADO PARCIAL;GASES ROSARIO S.R.L.;MR01;13/7/2026;29/6/2026;10153472;20;1;29/6/2026;29/6/2026;C03;4500132011;20;MR05;1;FPRUDENTE;3/7/2026;13/7/2026;C03;0;;0;0;1;0;0;0;0;0;0;Sin aclaración;En curso - Próximo a vencer;;C03
00020 RENTAL;1000090997;10;ZPAN;43017 - ENVIO DE EQU;;0;;;;LMANSILLA;1012977;FLETE PLANCHADA CORTA H 4TN 6MT XVIAJE;1;1;1;0;0;5000179589;6/7/2026;Servicios;CUMPLIDO;VIRGILI MARCELO HECTOR;MR01;20/7/2026;29/6/2026;10153516;10;1;29/6/2026;29/6/2026;C15;4500132120;10;MR20;1;GDIAZ;6/7/2026;20/7/2026;C15;1;6/7/2026;0;0;1;-14;0;0;0;0;0;Sin aclaración;En curso - Próximo a vencer;;C15
00042 ADMINISTRACIÓN;1000091046;10;ZPAN;Reparación sillas Es;;0;;;;VCERRUTI;1034248;SERVICIO DE Reparación sillas;1;0;1;0;1;;;Servicios;ADJUDICADO;USTRELL JUAN CARLOS RAMON;MR01;14/7/2026;30/6/2026;10153568;10;1;30/6/2026;30/6/2026;C23;4500132199;10;MR42;1;JESPARZA;7/7/2026;14/7/2026;C23;0;;0;0;1;0;0;0;0;0;0;Sin aclaración;En curso - Próximo a vencer;;C23
00005 TALLER;1000091147;10;ZPAN;carrito  1*7*2026;;0;;;;CDAVID;1017955;OXIGENO;4;0;0;4;0;;;Servicios;SIN TRATAMIENTO;;MR01;15/7/2026;1/7/2026;10153720;10;1;1/7/2026;2/7/2026;C04;;0;;0;;;;;0;;1;0;0;0;0;0;0;0;0;Sin aclaración;En curso - Próximo a vencer;;C04
00005 TALLER;1000091147;20;ZPAN;carrito  1*7*2026;;0;;;;CDAVID;1017957;DIOXIDO DE CARBONO;3;0;0;3;0;;;Servicios;SIN TRATAMIENTO;;MR01;15/7/2026;1/7/2026;10153720;20;1;1/7/2026;2/7/2026;C04;;0;;0;;;;;0;;1;0;0;0;0;0;0;0;0;Sin aclaración;En curso - Próximo a vencer;;C04
00005 TALLER;1000091147;30;ZPAN;carrito  1*7*2026;;0;;;;CDAVID;1017958;THERMOLENE;1;0;0;1;0;;;Servicios;SIN TRATAMIENTO;;MR01;15/7/2026;1/7/2026;10153720;30;1;1/7/2026;2/7/2026;C04;;0;;0;;;;;0;;1;0;0;0;0;0;0;0;0;Sin aclaración;En curso - Próximo a vencer;;C04
00020 RENTAL;1000091190;10;ZPAN;43027 - ENTREGA DE E;;0;;;;LMANSILLA;1012977;FLETE PLANCHADA CORTA H 4TN 6MT XVIAJE;1;1;1;0;0;5000179596;29/6/2026;Servicios;CUMPLIDO;VIRGILI MARCELO HECTOR;MR01;10/7/2026;2/7/2026;10153754;10;1;2/7/2026;2/7/2026;C15;4500132119;10;MR20;1;GDIAZ;6/7/2026;10/7/2026;C15;1;29/6/2026;0;0;1;-11;0;0;0;0;0;Sin aclaración;En curso - Próximo a vencer;;C15
00040-Comunic y Sustentabilidad;1000091250;10;ZPAN;RENOVACION CONTEMORI;;0;;;;FROGIANO;1026661;PAUTA PUBLICITARIA X MES CONTEMORI;6;0;6;0;6;;;Servicios;ADJUDICADO;CONTEMORI SERGIO;MR01;30/12/2026;2/7/2026;10153809;10;1;2/7/2026;2/7/2026;C24;4500132117;10;MR23;1;MPITTIA;6/7/2026;30/12/2026;C24;0;;0;0;1;0;0;0;0;0;0;Sin aclaración;En curso;;C24
00040-Comunic y Sustentabilidad;1000091262;10;ZPAN;ECONOJOURNAL RENOVAC;;0;;;;FROGIANO;1026661;PAUTA PUBLICITARIA X MES ECONOJOURNAL;6;0;6;0;6;;;Servicios;ADJUDICADO;ECONO JOURNAL SRL;MR01;31/12/2026;2/7/2026;10153817;10;1;2/7/2026;3/7/2026;C24;4500132116;10;MR23;1;MPITTIA;6/7/2026;31/12/2026;C24;0;;1;0;1;0;0;0;0;0;0;Sin aclaración;En curso;;C24
00040-Comunic y Sustentabilidad;1000091268;10;ZPAN;PAUTA CADENA 100 REN;;0;;;;FROGIANO;1026661;PAUTA PUBLICITARIA X MES ZOLOAGA;6;0;6;0;6;;;Servicios;ADJUDICADO;ZOLOAGA RUBEN JOSE;MR01;31/12/2026;2/7/2026;10153820;10;1;2/7/2026;3/7/2026;C24;4500132115;10;MR23;1;MPITTIA;6/7/2026;31/12/2026;C24;0;;1;0;1;0;0;0;0;0;0;Sin aclaración;En curso;;C24
00040-Comunic y Sustentabilidad;1000091269;10;ZPAN;SERVICIO DE DISEÑO;;0;;;;FROGIANO;1026661;SERVICIO DE DISEÑO GRÁFICO GLOBAL VISION;6;0;6;0;6;;;Servicios;ADJUDICADO;GLOBAL VM SRL;MR01;31/12/2026;2/7/2026;10153822;10;1;2/7/2026;3/7/2026;C24;4500132118;10;MR23;1;MPITTIA;6/7/2026;31/12/2026;C24;0;;1;0;1;0;0;0;0;0;0;Sin aclaración;En curso;;C24
00018 EQUIPOS;1000091348;10;ZPAN;ENDOSO 44 S TECNICO;;0;;;;NLAFORNARO;1022033;ENDOSO 44 PÓLIZA 189133 BOMAG 219 (2);1;0;0;1;0;;;Servicios;SIN TRATAMIENTO;;MR01;24/7/2026;3/7/2026;10153918;10;1;3/7/2026;7/7/2026;C16;;0;;0;;;;;0;;4;0;0;0;0;0;0;0;0;Sin aclaración;En curso - Próximo a vencer;;C16
00014 SISTEMAS;1000091396;10;ZPAN;Reparacion de impres;;0;;;;JBIONDI;1013031;Reparacion Brother 7065;1;0;1;0;1;;;Servicios;ADJUDICADO;JEANMCO S R L;MR01;20/7/2026;6/7/2026;10154000;10;1;6/7/2026;6/7/2026;C23;4500132210;10;MR14;1;JESPARZA;7/7/2026;20/7/2026;C23;0;;0;0;1;0;0;0;0;0;0;Sin aclaración;En curso - Próximo a vencer;;C23
"00001 GENERAL SEDE&#160;";1000091439;10;ZPAN;PM 101 792 SERV. ALQ;;0;;;;DYANEZ;1013104;ALQUILER DE CONTENEDORES RESIDUOS;30;0;0;30;0;;;Servicios;SIN TRATAMIENTO;;MM01;31/12/2026;7/7/2026;10154049;10;1;7/7/2026;7/7/2026;C24;;0;;0;;;;;0;;0;0;0;0;0;0;0;0;0;Sin aclaración;En curso;;C24
"00001 GENERAL SEDE&#160;";1000091439;20;ZPAN;PM 101 792 SERV. ALQ;;0;;;;DYANEZ;1036089;FLETE TTE CAMION RES PELIGROSOS SEDE;60;0;0;60;0;;;Servicios;SIN TRATAMIENTO;;MM01;31/1/2027;7/7/2026;10154049;20;1;7/7/2026;7/7/2026;C24;;0;;0;;;;;0;;0;0;0;0;0;0;0;0;0;Sin aclaración;En curso;;C24
