CLIENTE;NRO. VA01/VA21;POS VA01/VA21;CLASE DE DOC;REF.CLIENTE;DOC. REF;PRIORIDAD;MOT. RECHAZO;INDICADOR DE BLOQUEO;FECHA DE BLOQUEO;OPERADOR DE VA;CODIGO ITEM;DESCRIPCION ITEM;CANTIDAD SOLICITADA;CANTIDAD TOTAL RECEPCIONADA;ADJUDICADO EN OC;CANTIDAD PENDIENTE DE ADJUDICAR;CANTIDAD TOTAL PENDIENTE RECEP.;NRO. RECEPCION;FECHA RECEPCION;TIPO DE ITEM;ESTADO ITEM;PROVEEDOR;CENTRO;FECHA ENTREGA ESPERADA;FECHA DE EMISION NECESIDAD;NRO. SOLPED;POS. SOLPED;REPARTOS;FECHA EMISION SOLPED;FECHA APROBACION SOLPED;GRUPO DE COMPRA;NRO. OC;POS. OC;ALMACEN OC;Q CANT. OC;OPERADOR OC;FECHA EMISION OC;FECHA ENTREGA OC;GRUPO DE COMPRA OC;Q RECEP. DE OC;FECHA SELLO;LIBERACION SOLPED;LIBERACIÓN OC;PLAZO ENTREGA EXCEDIDO;ENTREGA DEL PROVEEDOR;REGISTRO DE RECEPCION;PICKING;EXPEDICIÓN;TRASLADO;NUMERO DE RESERVA;Período de certificación;Estado Servicio;Estado Certificación;Grupo de Compra Definitivo
"00001 GENERAL SEDE&#160;";1000024687;10;ZPAN;GESTIONA CRIS DEBUON;;0;;;;FDIAZ;1013146;SERVICIO DE VIGILANCIA DIURNA XHS;27000;27003;27000;0;-3;5000172467;11/5/2026;Servicios;CUMPLIDO;SEGURIDAD Y RESGUARDO SRL;MR01;15/5/2026;22/2/2023;10046040;10;1;22/2/2023;23/2/2023;C24;4500038553;10;2001;1;VBARRA;13/3/2023;1/5/2026;C24;46;11/5/2026;1;5;-43;40;0;0;0;0;0;Sin aclaración;Vencido con cant pendiente a recep;;C24
"00001 GENERAL SEDE&#160;";1000049899;10;ZPAN;GESTIONA CRIS DEBUON;;0;;;;CMORENO;1022651;SERVICIO LIMPIEZA VIDRIOS X MES;24;26;24;0;-2;5000176136;8/6/2026;Servicios;CUMPLIDO;AM GASTRONOMÍA Y SERVICIOS SRL;MR01;10/7/2026;18/6/2024;10100386;10;1;18/6/2024;18/6/2024;C24;4500078027;10;2001;1;MPITTIA;25/6/2024;10/7/2026;C24;26;8/6/2026;0;1;1;-32;0;0;0;0;0;Sin aclaración;En curso - Próximo a vencer;;C24
"00001 GENERAL SEDE&#160;";1000049899;20;ZPAN;GESTIONA CRIS DEBUON;;0;;;;CMORENO;1022652;SERVICIO LIMPIEZA SEDE X MES;24;28;24;0;-4;5000176136;8/6/2026;Servicios;CUMPLIDO;AM GASTRONOMÍA Y SERVICIOS SRL;MR01;10/7/2026;18/6/2024;10100386;20;1;18/6/2024;18/6/2024;C24;4500078027;20;2001;1;MPITTIA;25/6/2024;10/7/2026;C24;33;8/6/2026;0;1;1;-32;0;0;0;0;0;Sin aclaración;En curso - Próximo a vencer;;C24
"00001 GENERAL SEDE&#160;";1000049899;30;ZPAN;GESTIONA CRIS DEBUON;;0;;;;CMORENO;1022653;SERVICIO LIMPIEZA SEDE BS AS X MES;24;28;24;0;-4;5000176136;8/6/2026;Servicios;CUMPLIDO;AM GASTRONOMÍA Y SERVICIOS SRL;MR01;10/7/2026;18/6/2024;10100386;30;1;18/6/2024;18/6/2024;C24;4500078027;30;2001;1;MPITTIA;25/6/2024;10/7/2026;C24;32;8/6/2026;0;1;1;-32;0;0;0;0;0;Sin aclaración;En curso - Próximo a vencer;;C24
"00001 GENERAL SEDE&#160;";1000050271;10;ZPAN;RENOVACION RECARGA D;;0;;;;CMORENO;1013092;PROVISION GAS A GRANEL PROPANO;10000;9515;10000;0;485;5000178486;26/6/2026;Servicios;CUMPLIDO PARCIAL;ITALGAS S.A.;MR01;30/7/2026;28/6/2024;10100842;10;1;28/6/2024;28/6/2024;C24;4500079119;10;2001;1;MPITTIA;12/7/2024;30/7/2026;C24;27;26/6/2026;0;18;-375;342;0;0;0;0;0;Sin aclaración;En curso - Próximo a vencer;;C24
"00001 GENERAL SEDE&#160;";1000066666;10;ZPAN;PM 101 617 SERV ARCH;;0;;;;DYANEZ;1034248;SERV.ALMACENAJE ARCHIVO CUSTODIA X CAJA;2052;2055;2052;0;-3;5000172105;7/5/2026;Servicios;CUMPLIDO;CUST DE ARCHIVOS SAN JUAN SRL;MM01;13/5/2026;13/5/2025;10121308;10;1;13/5/2025;13/5/2025;C24;4500099023;10;2001;1;JESPARZA;14/5/2025;13/5/2026;C24;15;7/5/2026;0;0;1;-6;0;0;0;0;0;Sin aclaración;Vencido con cant pendiente a recep;;C24
"00001 GENERAL SEDE&#160;";1000069479;10;ZPAN;Todoplaga;;0;;;;GCAROSSO;1013139;SS CONTROL DE PLAGAS XUN;12;12;12;0;0;5000176142;8/6/2026;Servicios;CUMPLIDO;CEPEDA LEANDRO ESTEBAN;MR01;30/7/2026;1/7/2025;10125031;10;1;1/7/2025;1/7/2025;C25;4500103553;10;2001;1;MPITTIA;14/7/2025;30/7/2026;C25;14;8/6/2026;0;0;1;-52;0;0;0;0;0;Sin aclaración;En curso - Próximo a vencer;;C25
"00001 GENERAL SEDE&#160;";1000070842;10;ZPAN;POLIZA TODO RIESGO O;;0;;;;NLAFORNARO;1012959;POLIZA TODO RIESGO OPERATIVO MSA;1;1;1;0;0;5000140862;5/8/2025;Servicios;CUMPLIDO;SAN CRISTOBAL S.M. DE SEGUROS GENER;MR01;13/7/2026;24/7/2025;10126836;10;1;24/7/2025;24/7/2025;C16;4500104595;10;2001;1;JESPARZA;25/7/2025;13/7/2026;C16;1;5/8/2025;0;3;1;-342;0;0;0;0;0;Sin aclaración;En curso - Próximo a vencer;;C16
"00001 GENERAL SEDE&#160;";1000070844;10;ZPAN;POLIZA TODO RIESGO O;;0;;;;NLAFORNARO;1012959;POLIZA TODO RIESGO OPERATIVO MMSA;1;1;1;0;0;5000140775;5/8/2025;Servicios;CUMPLIDO;SAN CRISTOBAL S.M. DE SEGUROS GENER;MM01;13/7/2026;24/7/2025;10126838;10;1;24/7/2025;24/7/2025;C16;4500105229;10;2001;1;JESPARZA;4/8/2025;13/7/2026;C16;1;5/8/2025;0;0;1;-342;0;0;0;0;0;Sin aclaración;En curso - Próximo a vencer;;C16
"00001 GENERAL SEDE&#160;";1000070880;10;ZPAN;CAUCION TANQUE DE CO;;0;;;;NLAFORNARO;1012957;POLIZA RC TANQUE 3733911;1;1;1;0;0;5000146897;25/9/2025;Servicios;CUMPLIDO;FEDERACION PATRONAL SEG. S.A.;MR01;13/7/2026;24/7/2025;10126876;10;1;24/7/2025;24/7/2025;C16;4500109321;10;2001;1;JESPARZA;25/9/2025;13/7/2026;C16;1;25/9/2025;0;0;1;-291;0;0;0;0;0;Sin aclaración;En curso - Próximo a vencer;;C16
"00001 GENERAL SEDE&#160;";1000074796;10;ZPAN;PM 101 673 SERV.CONS;;0;;;;DYANEZ;1042362;CONSULTORIA AMBIENTAL X MES;12;9;12;0;3;5000176106;8/6/2026;Servicios;CUMPLIDO PARCIAL;PALUMBO MAÑAS ELVIO;MM01;30/9/2026;26/9/2025;10131999;10;1;26/9/2025;29/9/2025;C25;4500110572;10;2001;1;MPITTIA;13/10/2025;30/9/2026;C25;9;8/6/2026;3;7;1;-114;0;0;0;0;0;Sin aclaración;En curso;;C25
"00001 GENERAL SEDE&#160;";1000075209;10;ZPAN;RENOVACION MANTEN. A;;0;;;;ASIGNORELLI;1013108;SERVICIO MANTENIMIENTO AA CENTRAL;12;8;12;0;4;5000175749;4/6/2026;Servicios;CUMPLIDO PARCIAL;LINO JOSE LUIS;MR01;24/11/2026;3/10/2025;10132521;10;1;3/10/2025;3/10/2025;C24;4500111131;10;2001;1;MPITTIA;20/10/2025;24/10/2026;C24;8;4/6/2026;0;0;-395;223;0;0;0;0;0;Sin aclaración;En curso;;C24
"00001 GENERAL SEDE&#160;";1000076688;10;ZPAN;PM 101 685 M.O LIMPI;;0;;;;DYANEZ;1013143;SERVICIO DE LIMPIEZA HS NORMALES XHS;2320;1278;2320;0;1042;5000175656;4/6/2026;Servicios;CUMPLIDO PARCIAL;MDLS S. A. S.;MM01;31/10/2026;28/10/2025;10134570;10;1;28/10/2025;28/10/2025;C25;4500112197;10;2001;1;MPITTIA;3/11/2025;31/10/2026;C25;7;4/6/2026;0;3;1;-149;0;0;0;0;0;Sin aclaración;En curso;;C25
"00001 GENERAL SEDE&#160;";1000076960;10;ZPAN;PM 101 688 ALQ DISPE;;0;;;;DYANEZ;1010725;BIDON DE AGUA 20 L.;750;361;750;0;389;5000175381;3/6/2026;Materiales usuales;RECEPCIONADO PARCIAL;OVIEDO CRISTIAN EDUARDO;MM01;31/10/2026;31/10/2025;10134922;10;1;31/10/2025;31/10/2025;C25;4500112826;10;2001;1;MPITTIA;11/11/2025;31/10/2026;C25;8;3/6/2026;0;30;1;-150;0;0;0;0;0;Sin aclaración;En curso;;C25
"00001 GENERAL SEDE&#160;";1000076960;20;ZPAN;PM 101 688 ALQ DISPE;;0;;;;DYANEZ;1025992;ALQUILER DISPENSER FRIO CALOR x MES;96;49;96;0;47;5000175381;3/6/2026;Servicios;CUMPLIDO PARCIAL;OVIEDO CRISTIAN EDUARDO;MM01;31/10/2026;31/10/2025;10134922;20;1;31/10/2025;31/10/2025;C25;4500112826;20;2001;1;MPITTIA;11/11/2025;31/10/2026;C25;6;3/6/2026;0;30;1;-150;0;0;0;0;0;Sin aclaración;En curso;;C25
"00001 GENERAL SEDE&#160;";1000078146;10;ZPAN;PM 101 701 ALQ. CONT;;0;;;;DYANEZ;1013104;ALQUILER DE CONTENEDORES RESIDUOS;24;20;24;0;4;5000175951;5/6/2026;Servicios;CUMPLIDO PARCIAL;FRAM SRL;MM01;30/11/2026;20/11/2025;10136419;10;1;20/11/2025;20/11/2025;C24;4500114385;10;2001;1;MPITTIA;2/12/2025;30/11/2026;C24;7;5/6/2026;0;1;1;-178;0;0;0;0;0;Sin aclaración;En curso;;C24
"00001 GENERAL SEDE&#160;";1000078146;20;ZPAN;PM 101 701 ALQ. CONT;;0;;;;DYANEZ;1036089;FLETE RETIRO POR VIAJE CAMION RSU SEDE;60;32;60;0;28;5000175951;5/6/2026;Servicios;CUMPLIDO PARCIAL;FRAM SRL;MM01;30/11/2026;20/11/2025;10136419;20;1;20/11/2025;20/11/2025;C24;4500114385;20;2001;1;MPITTIA;2/12/2025;30/11/2026;C24;6;5/6/2026;0;1;1;-178;0;0;0;0;0;Sin aclaración;En curso;;C24
"00001 GENERAL SEDE&#160;";1000079287;20;ZPAN;RECERTIFICACIÓN MSA+;;0;;;;VHEREÑU;1034226;AUDITORIA 1ER MANTENIMIENTO ISO;1;0;1;0;1;;;Servicios;ADJUDICADO;BUREAU VERITAS ARG. S.A.;MR01;31/3/2027;10/12/2025;10137855;20;1;10/12/2025;10/12/2025;C24;4500115783;20;2001;1;MPITTIA;19/12/2025;31/3/2027;C24;0;;0;10;-740071;0;0;0;0;0;0;Sin aclaración;En curso;;C24
"00001 GENERAL SEDE&#160;";1000079287;30;ZPAN;RECERTIFICACIÓN MSA+;;0;;;;VHEREÑU;1034461;AUDITORIA 2DO MANTENIMIENTO ISO;1;0;1;0;1;;;Servicios;ADJUDICADO;BUREAU VERITAS ARG. S.A.;MR01;31/3/2028;10/12/2025;10137855;30;1;10/12/2025;10/12/2025;C24;4500115783;30;2001;1;MPITTIA;19/12/2025;31/3/2028;C24;0;;0;10;-740437;0;0;0;0;0;0;Sin aclaración;En curso;;C24
"00001 GENERAL SEDE&#160;";1000079415;10;ZPAN;PM 101 706 SERV. LIM;;0;;;;DYANEZ;1013143;SERVICIO DE LIMPIEZA HS NORMALES XHS;2208;1121;2208;0;1087;5000175680;4/6/2026;Servicios;CUMPLIDO PARCIAL;MDLS S. A. S.;MM01;30/11/2026;12/12/2025;10138070;10;1;12/12/2025;12/12/2025;C25;4500115843;10;2001;1;MPITTIA;19/12/2025;30/11/2026;C25;5;4/6/2026;0;4;1;-179;0;0;0;0;0;Sin aclaración;En curso;;C25
"00001 GENERAL SEDE&#160;";1000080980;10;ZPAN;POLIZA DAÑO AMBIENTA;;0;;;;NLAFORNARO;1012964;poliza de daño ambiental de inic. colect;1;1;1;0;0;5000158612;15/1/2026;Servicios;CUMPLIDO;TESTIMONIO COMPANIA DE SEGUROS;MR01;1/1/2027;13/1/2026;10140287;10;1;13/1/2026;14/1/2026;C16;4500117603;10;2001;1;JESPARZA;15/1/2026;1/1/2027;C16;1;15/1/2026;1;0;1;-351;0;0;0;0;0;Sin aclaración;En curso - Total recepcionado;;C16
"00001 GENERAL SEDE&#160;";1000081438;10;ZPAN;RECOLECCIÓN RESIDUOS;;0;;;;VHEREÑU;1013099;RECOLECCION DE RESIDUOS RSU;12;5;12;0;7;5000176138;8/6/2026;Servicios;CUMPLIDO PARCIAL;CLEAN CITY S.A.;MR01;31/12/2026;21/1/2026;10140938;10;1;21/1/2026;27/2/2026;C24;4500121214;10;2001;1;MPITTIA;2/3/2026;31/12/2026;C24;5;8/6/2026;37;3;1;-206;0;0;0;0;0;Sin aclaración;En curso;;C24
"00001 GENERAL SEDE&#160;";1000082000;10;ZPAN;RECOLECCIÓN RESIDUOS;;0;;;;VHEREÑU;1027624;RECOLECCIÓN DE RESIDUOS PATOLÓGICOS;12;3;12;0;9;5000176140;8/6/2026;Servicios;CUMPLIDO PARCIAL;SOMA SA;MR01;31/12/2026;29/1/2026;10141719;10;1;29/1/2026;29/1/2026;C24;4500119106;10;2001;1;MPITTIA;3/2/2026;31/12/2026;C24;3;8/6/2026;0;0;1;-206;0;0;0;0;0;Sin aclaración;En curso;;C24
"00001 GENERAL SEDE&#160;";1000082294;10;ZPAN;PM 101 730 SERV. VIG;;0;;;;DYANEZ;1013146;SERV.SEDE VIGILANCIA UN GUARDIA XHS;17520;2880;17520;0;14640;5000175551;3/6/2026;Servicios;CUMPLIDO PARCIAL;EL GUARDIAN SRL;MM01;31/1/2028;3/2/2026;10142066;10;1;3/2/2026;4/2/2026;C25;4500119822;10;2001;1;MPITTIA;10/2/2026;31/1/2028;C25;4;3/6/2026;1;2;1;-607;0;0;0;0;0;Sin aclaración;En curso;;C25
"00001 GENERAL SEDE&#160;";1000082294;20;ZPAN;PM 101 730 SERV. VIG;;0;;;;DYANEZ;1013146;SERV.PREDIO VIGILANCIA UN GUARDIA XHS;17520;2880;17520;0;14640;5000175559;3/6/2026;Servicios;CUMPLIDO PARCIAL;EL GUARDIAN SRL;MM01;31/1/2028;3/2/2026;10142066;20;1;3/2/2026;4/2/2026;C25;4500119822;20;2001;1;MPITTIA;10/2/2026;31/1/2028;C25;4;3/6/2026;1;2;1;-607;0;0;0;0;0;Sin aclaración;En curso;;C25
"00001 GENERAL SEDE&#160;";1000084446;10;ZPAN;PM 101 744 SERV. INT;;0;;;;DYANEZ;1034212;SERVICIO DE INTERNET STARLINK 50GB X MES;9;4;9;0;5;5000175401;3/6/2026;Servicios;CUMPLIDO PARCIAL;JAWIT S.A.;MM01;31/12/2026;9/3/2026;10144943;10;1;9/3/2026;10/3/2026;C25;4500123675;10;2001;1;MPITTIA;30/3/2026;31/12/2026;C25;4;3/6/2026;1;0;-282;72;0;0;0;0;0;Sin aclaración;En curso;;C25
"00001 GENERAL SEDE&#160;";1000085227;10;ZPAN;PM 101 750 SERV. CON;;0;;;;DYANEZ;1013139;SS CONTROL DE PLAGAS SEDE MM SJ XUN;12;2;12;0;10;5000175219;2/6/2026;Servicios;CUMPLIDO PARCIAL;OLAYA JORGE ADRIAN;MM01;31/3/2027;20/3/2026;10145901;10;1;20/3/2026;20/3/2026;C25;4500123411;10;2001;1;YCOLMAN;26/3/2026;31/3/2027;C25;2;2/6/2026;0;1;1;-302;0;0;0;0;0;Sin aclaración;En curso;;C25
"00001 GENERAL SEDE&#160;";1000085227;20;ZPAN;PM 101 750 SERV. CON;;0;;;;DYANEZ;1013109;SERV.FITOSANITARIO CERCO VERDE .PREDIO 6;12;3;12;0;9;5000175207;2/6/2026;Servicios;CUMPLIDO PARCIAL;OLAYA JORGE ADRIAN;MM01;31/3/2027;20/3/2026;10145901;20;1;20/3/2026;20/3/2026;C24;4500123428;10;2001;1;YCOLMAN;26/3/2026;31/3/2027;C24;3;2/6/2026;0;0;1;-302;0;0;0;0;0;Sin aclaración;En curso;;C24
"00001 GENERAL SEDE&#160;";1000085406;10;ZPAN;PM 101 752 SERV. MAN;;0;;;;DYANEZ;1013108;SERVICIO MANTENIMIENTO ELEC. Y AA x MES;12;3;12;0;9;5000175076;1/6/2026;Servicios;CUMPLIDO PARCIAL;DOÑA VICTOR DANIEL;MM01;28/2/2027;25/3/2026;10146174;10;1;25/3/2026;25/3/2026;C24;4500124251;10;2001;1;MPITTIA;7/4/2026;28/2/2027;C24;3;1/6/2026;0;0;1;-272;0;0;0;0;0;Sin aclaración;En curso;;C24
"00001 GENERAL SEDE&#160;";1000085764;10;ZPAN;SERVICIO DE LIMPIEZA;;0;;;;PAPPELLA;1034248;SERVICIO LIMPIEZA SURTIDOR X MES;12;0;12;0;12;;;Servicios;ADJUDICADO;AM GASTRONOMÍA Y SERVICIOS SRL;MR01;30/4/2027;30/3/2026;10146619;10;1;30/3/2026;31/3/2026;C24;4500124485;10;2001;1;MPITTIA;8/4/2026;30/4/2027;C24;0;;1;0;1;0;0;0;0;0;0;Sin aclaración;En curso;;C24
"00001 GENERAL SEDE&#160;";1000085884;10;ZPAN;RENOVACION OC AGUA;;0;;;;ASIGNORELLI;1013138;SERVICIO BOTELLON DE 20 LTS XUN;8000;719;8000;0;7281;5000176070;1/6/2026;Servicios;CUMPLIDO PARCIAL;MARTIN LUCIANO JAVIER;MR01;30/4/2028;1/4/2026;10146754;10;1;1/4/2026;1/4/2026;C24;4500125129;10;2001;1;MPITTIA;16/4/2026;30/4/2028;C24;2;1/6/2026;0;12;1;-699;0;0;0;0;0;Sin aclaración;En curso;;C24
"00001 GENERAL SEDE&#160;";1000085884;20;ZPAN;RENOVACION OC AGUA;;0;;;;ASIGNORELLI;1025992;ALQUILER DISPENSER FRIO CALOR x MES;24;0;24;0;24;;;Servicios;ADJUDICADO;MARTIN LUCIANO JAVIER;MR01;30/4/2028;1/4/2026;10146754;20;1;1/4/2026;1/4/2026;C25;4500125129;20;2001;1;MPITTIA;16/4/2026;30/4/2028;C24;0;;0;12;1;0;0;0;0;0;0;Sin aclaración;En curso;;C24
"00001 GENERAL SEDE&#160;";1000085884;30;ZPAN;RENOVACION OC AGUA;;0;;;;ASIGNORELLI;1013138;BIDONES ENTREGADOS;1000;0;1000;0;1000;;;Servicios;ADJUDICADO;MARTIN LUCIANO JAVIER;MR01;30/4/2028;1/4/2026;10146754;30;1;1/4/2026;1/4/2026;C24;4500125129;30;2001;1;MPITTIA;16/4/2026;30/4/2028;C24;0;;0;12;1;0;0;0;0;0;0;Sin aclaración;En curso;;C24
"00001 GENERAL SEDE&#160;";1000086514;10;ZPAN;PM 101 757 internet;;0;;;;DYANEZ;1025931;SERVICIO DE INTERNET TELMEX X MES;12;2;12;0;10;5000175368;2/6/2026;Servicios;CUMPLIDO PARCIAL;TELMEX ARGENTINA SA;MM01;31/3/2027;13/4/2026;10147581;10;1;13/4/2026;13/4/2026;C25;4500125452;10;2001;1;MPITTIA;20/4/2026;31/3/2027;C25;2;2/6/2026;0;30;1;-302;0;0;0;0;0;Sin aclaración;En curso;;C25
"00001 GENERAL SEDE&#160;";1000086516;10;ZPAN;PM 101 758 internet;;0;;;;DYANEZ;1025931;SERVICIO DE INTERNET 70mb MOVISTAR X MES;12;2;12;0;10;5000175435;3/6/2026;Servicios;CUMPLIDO PARCIAL;TELEFONICA MOVILES ARG. S.A. (MOVIS;MM01;31/3/2027;13/4/2026;10147583;10;1;13/4/2026;14/4/2026;C25;4500125240;10;2001;1;MPITTIA;16/4/2026;31/3/2027;C25;2;3/6/2026;1;32;1;-301;0;0;0;0;0;Sin aclaración;En curso;;C25
"00001 GENERAL SEDE&#160;";1000087732;10;ZPAN;PM 101 772 SERV. ALM;;0;;;;DYANEZ;1034248;SERV.ALMACENAJE ARCHIVO CUSTODIA X CAJA;2052;171;2052;0;1881;5000175789;4/6/2026;Servicios;CUMPLIDO PARCIAL;CUST DE ARCHIVOS SAN JUAN SRL;MM01;31/5/2027;4/5/2026;10149112;10;1;4/5/2026;4/5/2026;C24;4500126767;10;2001;1;MPITTIA;5/5/2026;31/5/2027;C24;1;4/6/2026;0;0;1;-361;0;0;0;0;0;Sin aclaración;En curso;;C24
"00001 GENERAL SEDE&#160;";1000088372;10;ZPAN;RENOVACION OC GAS;;0;;;;ASIGNORELLI;1013092;PROVISION GAS A GRANEL PROPANO;10000;0;10000;0;10000;;;Servicios;ADJUDICADO;ITALGAS S.A.;MR01;30/6/2028;14/5/2026;10150177;10;1;14/5/2026;14/5/2026;C24;4500130077;10;2001;1;MPITTIA;12/6/2026;30/6/2028;C24;0;;0;7;1;0;0;0;0;0;0;Sin aclaración;En curso;;C24
"00001 GENERAL SEDE&#160;";1000089068;10;ZPAN;PEDIDO S/ MAIL ADJ.;;0;;;;ASIGNORELLI;1012993;SUBC. OBRA ELECTRICA S/ ADJUNTO;1;0;1;0;1;;;Servicios;ADJUDICADO;CARUSO HORACIO NESTOR;MR01;17/7/2026;26/5/2026;10151000;10;1;26/5/2026;26/5/2026;C26;4500129079;10;2001;1;YCOLMAN;1/6/2026;17/7/2026;C26;0;;0;3;1;0;0;0;0;0;0;Sin aclaración;En curso - Próximo a vencer;;C26
"00001 GENERAL SEDE&#160;";1000089312;10;ZPAN;PM 101 784 SERV. LIM;;0;;;;DYANEZ;1013143;SERVICIO DE LIMPIEZA HS NORMALES XHS;1000;0;1000;0;1000;;;Servicios;ADJUDICADO;MDLS S. A. S.;MM01;30/9/2026;29/5/2026;10151278;10;1;29/5/2026;29/5/2026;C25;4500130331;10;2001;1;MPITTIA;17/6/2026;30/9/2026;C25;0;;0;0;1;0;0;0;0;0;0;Sin aclaración;En curso;;C25
"00001 GENERAL SEDE&#160;";1000089362;10;ZPAN;VIGILANCIA DIURNA SE;;0;;;;VHEREÑU;1013146;SERVICIO DE VIGILANCIA DIURNA XHS;27000;0;27000;0;27000;;;Servicios;ADJUDICADO;SEGURIDAD Y RESGUARDO SRL;MR01;30/6/2029;1/6/2026;10151329;10;1;1/6/2026;1/6/2026;C25;4500129761;10;2001;1;MPITTIA;9/6/2026;30/6/2029;C25;0;;0;1;1;0;0;0;0;0;0;Sin aclaración;En curso;;C25
"00001 GENERAL SEDE&#160;";1000089420;20;ZPAN;PM 101 785 SERV ELEC;;0;;;;DYANEZ;1034248;SER. MANT.ELECT. ADICIONAL OC4500124251;5000000;235000;5000000;0;4765000;5000176722;12/6/2026;Servicios;CUMPLIDO PARCIAL;DOÑA VICTOR DANIEL;MM01;28/2/2027;1/6/2026;10151459;20;1;2/6/2026;2/6/2026;C24;4500129894;10;2001;1;MPITTIA;10/6/2026;28/2/2027;C24;1;12/6/2026;0;0;1;-261;0;0;0;0;0;Sin aclaración;En curso;;C24
"00001 GENERAL SEDE&#160;";1000089838;10;ZPAN;CONTROL DE PLAGAS SE;;0;;;;VHEREÑU;1013139;SS CONTROL DE PLAGAS XUN;12;0;12;0;12;;;Servicios;ADJUDICADO;CEPEDA LEANDRO ESTEBAN;MR01;30/6/2027;8/6/2026;10151941;10;1;8/6/2026;8/6/2026;C25;4500130030;10;2001;1;MPITTIA;11/6/2026;30/6/2027;C25;0;;0;8;1;0;0;0;0;0;0;Sin aclaración;En curso;;C25
"00001 GENERAL SEDE&#160;";1000089838;20;ZPAN;CONTROL DE PLAGAS SE;;0;;;;VHEREÑU;1026355;FUMIGACION CONTRA MOSQUITOS;2;0;2;0;2;;;Servicios;ADJUDICADO;CEPEDA LEANDRO ESTEBAN;MR01;30/6/2027;8/6/2026;10151941;20;1;8/6/2026;8/6/2026;C25;4500130030;20;2001;1;MPITTIA;11/6/2026;30/6/2027;C25;0;;0;8;1;0;0;0;0;0;0;Sin aclaración;En curso;;C25
"00001 GENERAL SEDE&#160;";1000089838;30;ZPAN;CONTROL DE PLAGAS SE;;0;;;;VHEREÑU;1026355;SS CONTROL DE ALACRANES;4;0;4;0;4;;;Servicios;ADJUDICADO;CEPEDA LEANDRO ESTEBAN;MR01;30/6/2027;8/6/2026;10151941;30;1;8/6/2026;8/6/2026;C25;4500130030;30;2001;1;MPITTIA;11/6/2026;30/6/2027;C25;0;;0;8;1;0;0;0;0;0;0;Sin aclaración;En curso;;C25
"00001 GENERAL SEDE&#160;";1000090866;10;ZPAN;POLIZA ACCIDENTES PE;;0;;;;NLAFORNARO;1022032;POLIZA ACC PERS 10528491 RAMON MUÑOZ;1;1;1;0;0;5000178570;29/6/2026;Servicios;CUMPLIDO;FEDERACION PATRONAL SEG. S.A.;MR01;16/7/2026;25/6/2026;10153322;10;1;25/6/2026;25/6/2026;C16;4500131520;20;2001;1;JESPARZA;29/6/2026;16/7/2026;C16;1;29/6/2026;0;0;1;-17;0;0;0;0;0;Sin aclaración;En curso - Próximo a vencer;;C16
"00001 GENERAL SEDE&#160;";1000090927;10;ZPAN;POLIZA ACCIDENTES PE;;0;;;;NLAFORNARO;1022032;POLIZA ACC PERS 10531054 PANIAGUA HERRER;1;1;1;0;0;5000178570;29/6/2026;Servicios;CUMPLIDO;FEDERACION PATRONAL SEG. S.A.;MR01;17/7/2026;26/6/2026;10153426;10;1;26/6/2026;26/6/2026;C16;4500131520;10;2001;1;JESPARZA;29/6/2026;17/7/2026;C16;1;29/6/2026;0;0;1;-18;0;0;0;0;0;Sin aclaración;En curso - Próximo a vencer;;C16
00004 LEGALES ROSARIO;1000087764;10;ZPAN;HONORARIOS ADROGUE;;0;;;;DBENITEZ;1027193;SS HONORARIOS PROFESIONALES ADROGUE;3;2;3;0;1;5000175221;2/6/2026;Servicios;CUMPLIDO PARCIAL;ADROGUE MARQUES ZABALA & ASOC.;MR01;15/8/2026;5/5/2026;10149222;10;1;5/5/2026;27/5/2026;C24;4500128031;10;2001;1;MPITTIA;19/5/2026;31/12/2026;C24;2;2/6/2026;22;0;-91;18;0;0;0;0;0;Sin aclaración;En curso;;C24
0004 SERVICIO TECNICO PROYECTO;1000090808;10;ZPAN;PINCHADURA - 81595 -;;0;;;;ACEJAS;1034199;PINCHADURA - 81595 - JKX-377;1;0;0;1;0;;;Servicios;SIN TRATAMIENTO;;MR01;15/7/2026;24/6/2026;10153230;10;1;24/6/2026;25/6/2026;EFO;;0;;0;;;;;0;;1;0;0;0;0;0;0;0;0;Sin aclaración;En curso - Próximo a vencer;;EFO
00005 TALLER;1000050033;10;ZPAN;Tratamiento Residuos;;0;;;;DCLAUSEN;1013096;TRATAMIENTO DE RESIDUOS PELIGROSOS Y48;45000;40692;45000;0;4308;5000173945;14/5/2026;Servicios;CUMPLIDO PARCIAL;BRAVO ENERGY ARGENTINA S.C.A.;MR01;30/12/2026;24/6/2024;10100565;10;1;24/6/2024;26/7/2024;C24;4500080101;20;MR05;2;MPITTIA;29/7/2024;30/12/2026;C24;40;14/5/2026;32;2;-553;324;0;0;0;0;0;Sin aclaración;En curso;;C24
00005 TALLER;1000050033;20;ZPAN;Tratamiento Residuos;;0;;;;DCLAUSEN;1013095;RECOLECCION DE RESIDUOS PELIGROSOS Y9;10000;8410;10000;0;1590;5000172252;8/5/2026;Servicios;CUMPLIDO PARCIAL;BRAVO ENERGY ARGENTINA S.C.A.;MR01;30/12/2026;24/6/2024;10100565;20;1;19/7/2024;19/7/2024;C24;4500080101;30;MR05;1;MPITTIA;29/7/2024;30/12/2026;C24;12;8/5/2026;0;2;-553;318;0;0;0;0;0;Sin aclaración;En curso;;C24
00005 TALLER;1000050033;30;ZPAN;Tratamiento Residuos;;0;;;;DCLAUSEN;1012982;FLETE CARGA PUNTUAL XVIAJE;40;37;40;0;3;5000171165;28/4/2026;Servicios;CUMPLIDO PARCIAL;BRAVO ENERGY ARGENTINA S.C.A.;MR01;30/12/2026;24/6/2024;10100565;30;1;19/7/2024;19/7/2024;C24;4500080101;40;MR05;1;MPITTIA;29/7/2024;30/12/2026;C24;34;28/4/2026;0;2;-553;308;0;0;0;0;0;Sin aclaración;En curso;;C24
00005 TALLER;1000051197;40;ZPAN;VA TRAT RESIDUOS 19/;;0;;;;SPONCE;1013094;RECOLECCION DE RESIDUOS PELIGROSOS Y8;15000;15000;15000;0;0;5000147178;29/9/2025;Servicios;CUMPLIDO;BRAVO ENERGY ARGENTINA S.C.A.;MR01;30/12/2026;19/7/2024;10102066;10;1;23/7/2024;23/7/2024;C24;4500080101;10;MR05;1;MPITTIA;29/7/2024;24/12/2025;C24;7;29/9/2025;0;2;-879;423;0;0;0;0;0;Sin aclaración;En curso - Total recepcionado;;C24
00005 TALLER;1000071565;10;ZPAN;Serv. Retiro Residuo;;0;;;;GGUEVARA;1021987;RECOLECCION DE RESID PELIG Y48 Xm3;25;25;25;0;0;5000174284;26/5/2026;Servicios;CUMPLIDO;BIO CORDILLERANA SRL;MM01;31/7/2026;5/8/2025;10127738;10;1;5/8/2025;21/8/2025;C24;4500106789;10;MM05;1;MPITTIA;25/8/2025;30/9/2026;C24;6;26/5/2026;16;1;1;-66;0;0;0;0;0;Sin aclaración;En curso - Próximo a vencer;;C24
00005 TALLER;1000084948;20;ZPAN;ANTENA STARLINK MINI;;0;;;;LMANSILLA;1034212;SERV INTERNET STARLINK 50 GB ITINERANTE;12;0;12;0;12;;;Servicios;ADJUDICADO;JAWIT S.A.;MR01;30/6/2027;16/3/2026;10145552;20;1;27/3/2026;27/3/2026;C25;4500129708;10;MR05;1;MPITTIA;9/6/2026;8/5/2027;C25;0;;0;0;-740162;0;0;0;0;0;0;Sin aclaración;En curso;;C25
00005 TALLER;1000084948;30;ZPAN;ANTENA STARLINK MINI;;0;;;;LMANSILLA;1034248;ACTIVACION SERVICIO SATELITAL;1;1;1;0;0;5000178642;29/6/2026;Servicios;CUMPLIDO;JAWIT S.A.;MR01;30/6/2026;16/3/2026;10145552;40;1;5/6/2026;5/6/2026;C24;4500129708;20;MR05;1;MPITTIA;9/6/2026;30/6/2026;C25;1;29/6/2026;0;0;-52;52;0;0;0;0;0;Sin aclaración;En curso - Próximo a vencer;;C25
00005 TALLER;1000085481;10;ZPAN;REPO NO STOCK 26/03;;0;;;;SPONCE;1017960;RECARGA DE NITROGENO;20;0;20;0;20;;;Servicios;ADJUDICADO;GASES ROSARIO S.R.L.;MR01;30/7/2026;26/3/2026;10146291;10;1;26/3/2026;26/3/2026;C03;4500123916;10;MR05;1;FPRUDENTE;31/3/2026;30/6/2026;C03;0;;0;0;-111;0;0;0;0;0;0;Sin aclaración;En curso - Próximo a vencer;;C03
00005 TALLER;1000085548;10;ZPAN;SERV. REITRO RESIDUO;;0;;;;HCABELLO;1013095;RECOLECCION DE RESIDUOS PELIGROSOS Y9;5000;5000;5000;0;0;5000177945;24/6/2026;Servicios;CUMPLIDO;BIO CORDILLERANA SRL;MM01;31/12/2026;26/3/2026;10146399;10;1;26/3/2026;27/3/2026;C24;4500124917;10;MM05;2;MPITTIA;14/4/2026;30/12/2026;C24;3;24/6/2026;1;0;-257;68;0;0;0;0;0;Sin aclaración;En curso - Total recepcionado;;C24
00005 TALLER;1000088627;10;ZPAN;REPOS NO STOCK 18/05;;0;;;;SPONCE;1017957;DIOXIDO DE CARBONO;100;0;100;0;100;;;Servicios;ADJUDICADO;GASES ROSARIO S.R.L.;MR01;15/7/2026;18/5/2026;10150465;10;1;18/5/2026;19/5/2026;C03;4500128264;10;MR05;1;FPRUDENTE;20/5/2026;30/6/2026;C03;0;;1;0;-29;0;0;0;0;0;0;Sin aclaración;En curso - Próximo a vencer;;C03
00005 TALLER;1000088627;20;ZPAN;REPOS NO STOCK 18/05;;0;;;;SPONCE;1017955;OXIGENO;10;0;10;0;10;;;Servicios;ADJUDICADO;GASES ROSARIO S.R.L.;MR01;15/7/2026;18/5/2026;10150465;20;1;18/5/2026;19/5/2026;C03;4500128264;20;MR05;1;FPRUDENTE;20/5/2026;30/6/2026;C03;0;;1;0;-29;0;0;0;0;0;0;Sin aclaración;En curso - Próximo a vencer;;C03
00005 TALLER;1000088627;30;ZPAN;REPOS NO STOCK 18/05;;0;;;;SPONCE;1017959;MIX20;22;0;22;0;22;;;Servicios;ADJUDICADO;GASES ROSARIO S.R.L.;MR01;15/7/2026;18/5/2026;10150465;30;1;18/5/2026;19/5/2026;C03;4500128264;30;MR05;1;FPRUDENTE;20/5/2026;30/6/2026;C03;0;;1;0;-29;0;0;0;0;0;0;Sin aclaración;En curso - Próximo a vencer;;C03
00005 TALLER;1000089012;10;ZPAN;SERV. RETIRO RESIDUO;;0;;;;HCABELLO;1021987;RECOLECCION DE RESID PELIG Y48 Xm3;25;6;25;0;19;5000177864;23/6/2026;Servicios;CUMPLIDO PARCIAL;BIO CORDILLERANA SRL;MM01;15/7/2027;26/5/2026;10150940;10;1;26/5/2026;27/5/2026;C24;4500128937;10;MM05;1;MPITTIA;29/5/2026;30/6/2026;C24;2;23/6/2026;1;3;-394;8;0;0;0;0;0;Sin aclaración;En curso;;C24
00005 TALLER;1000089643;10;ZPAN;REPARACION POR PINCH;;0;;;;ACEJAS;1034199;REPARACION POR PINCHADURA - 43001;1;0;1;0;1;;;Servicios;ADJUDICADO;GOMERIA ALICIA S.A.;MR01;4/7/2026;4/6/2026;10151731;10;1;4/6/2026;4/6/2026;EFO;4500129671;10;MR05;1;GROSES;8/6/2026;4/7/2026;EFO;0;;0;0;1;0;0;0;0;0;0;Sin aclaración;En curso - Próximo a vencer;;EFO
00005 TALLER;1000089756;10;ZPAN;RETIRO DE RESIDUOS;;0;;;;HCABELLO;1013095;RECOLECCION DE RESIDUOS PELIGROSOS Y9;12000;4500;12000;0;7500;5000178028;24/6/2026;Servicios;CUMPLIDO PARCIAL;BIO CORDILLERANA SRL;MM01;26/6/2026;5/6/2026;10151837;10;1;5/6/2026;8/6/2026;C24;4500131093;10;MM05;2;MPITTIA;24/6/2026;30/9/2026;C24;1;24/6/2026;3;0;1;-2;0;0;0;0;0;Sin aclaración;Vencido con cant pendiente a recep;;C24
00005 TALLER;1000089878;10;ZPAN;SEMI PARA DISPOSION;;0;;;;LMANSILLA;1012974;FLETE SEMIRREMOLQUE 14,5MT XVIAJE;2;0;2;0;2;;;Servicios;ADJUDICADO;NOVOMILOG SA;MR01;19/6/2026;9/6/2026;10152045;10;1;9/6/2026;9/6/2026;C15;4500131113;10;MR05;1;GDIAZ;24/6/2026;19/6/2026;C15;0;;0;0;1;0;0;0;0;0;0;Sin aclaración;Vencido con cant pendiente a recep;;C15
00005 TALLER;1000090654;10;ZPAN;REPOS NO STOCK 22/06;;0;;;;SPONCE;1017957;DIOXIDO DE CARBONO;80;0;80;0;80;;;Servicios;ADJUDICADO;GASES ROSARIO S.R.L.;MR01;6/7/2026;22/6/2026;10153009;10;1;22/6/2026;23/6/2026;C03;4500131204;10;MR05;1;FPRUDENTE;25/6/2026;6/7/2026;C03;0;;1;0;1;0;0;0;0;0;0;Sin aclaración;En curso - Próximo a vencer;;C03
00005 TALLER;1000090654;20;ZPAN;REPOS NO STOCK 22/06;;0;;;;SPONCE;1017959;MIX20;33;0;33;0;33;;;Servicios;ADJUDICADO;GASES ROSARIO S.R.L.;MR01;6/7/2026;22/6/2026;10153009;20;1;22/6/2026;23/6/2026;C03;4500131204;20;MR05;1;FPRUDENTE;25/6/2026;6/7/2026;C03;0;;1;0;1;0;0;0;0;0;0;Sin aclaración;En curso - Próximo a vencer;;C03
00005 TALLER;1000090654;30;ZPAN;REPOS NO STOCK 22/06;;0;;;;SPONCE;1017958;THERMOLENE;30;0;30;0;30;;;Servicios;ADJUDICADO;GASES ROSARIO S.R.L.;MR01;6/7/2026;22/6/2026;10153009;30;1;22/6/2026;23/6/2026;C03;4500131204;30;MR05;1;FPRUDENTE;25/6/2026;6/7/2026;C03;0;;1;0;1;0;0;0;0;0;0;Sin aclaración;En curso - Próximo a vencer;;C03
00005 TALLER;1000090654;40;ZPAN;REPOS NO STOCK 22/06;;0;;;;SPONCE;1017955;OXIGENO;30;0;30;0;30;;;Servicios;ADJUDICADO;GASES ROSARIO S.R.L.;MR01;6/7/2026;22/6/2026;10153009;40;1;22/6/2026;23/6/2026;C03;4500131204;40;MR05;1;FPRUDENTE;25/6/2026;6/7/2026;C03;0;;1;0;1;0;0;0;0;0;0;Sin aclaración;En curso - Próximo a vencer;;C03
00005 TALLER;1000090964;10;ZPAN;REPOS NO STOCK 29/0;;0;;;;SPONCE;1017957;DIOXIDO DE CARBONO;100;0;0;100;0;;;Servicios;SIN TRATAMIENTO;;MR01;13/7/2026;29/6/2026;10153472;10;1;29/6/2026;29/6/2026;C03;;0;;0;;;;;0;;0;0;0;0;0;0;0;0;0;Sin aclaración;En curso - Próximo a vencer;;C03
00005 TALLER;1000090964;20;ZPAN;REPOS NO STOCK 29/0;;0;;;;SPONCE;1017955;OXIGENO;76,2;0;0;76;0;;;Servicios;SIN TRATAMIENTO;;MR01;13/7/2026;29/6/2026;10153472;20;1;29/6/2026;29/6/2026;C03;;0;;0;;;;;0;;0;0;0;0;0;0;0;0;0;Sin aclaración;En curso - Próximo a vencer;;C03
00006 CONSTRUCTORA;1000035267;10;ZPAN;curso de drones fern;;0;;;;JBURON;1022311;Manual de usuario x U Certificación x U;1;0;1;0;1;;;Materiales usuales;ADJUDICADO;DRONE OPERATOR SCHOOL S.A.S.;MR01;30/7/2026;5/9/2023;10079281;30;1;7/9/2023;25/11/2024;C24;4500054539;10;MR04;1;MPITTIA;11/9/2023;30/7/2026;C24;0;;445;0;-944;0;0;0;0;0;0;Sin aclaración;En curso - Próximo a vencer;;C24
00007 COMERCIAL OF LICITACION;1000054294;10;ZPAN;PEDIDO DE RAUL RIOS;;0;;;;MCRETTAZ;1018727;SERVICIO ASESORAMIENTO EXTERNO;1440;214;1440;0;1226;5000133755;28/5/2025;Servicios;CUMPLIDO PARCIAL;SZTRUM JORGE MARIO;MR01;31/12/2026;17/9/2024;10105944;10;1;17/9/2024;17/9/2024;C24;4500084958;10;2001;1;MPITTIA;1/10/2024;31/12/2026;C24;9;28/5/2025;0;0;-425;-156;0;0;0;0;0;Sin aclaración;En curso;;C24
00007 COMERCIAL OF LICITACION;1000054294;20;ZPAN;PEDIDO DE RAUL RIOS;;0;;;;MCRETTAZ;1029923;CONSULTA AISLADA SIN INSPECCIÓN;60;0;60;0;60;;;Materiales genericos;ADJUDICADO;SZTRUM JORGE MARIO;MR01;31/12/2026;17/9/2024;10105944;20;1;17/9/2024;17/9/2024;C24;4500084958;20;2001;1;MPITTIA;1/10/2024;31/12/2026;C24;0;;0;0;-425;0;0;0;0;0;0;Sin aclaración;En curso;;C24
00007 COMERCIAL OF LICITACION;1000081591;10;ZPAN;Stand GAPP en la AOG;;0;;;;MZUPEL;1028064;PAUTA PUBLICITARIA x U;1;0,8;1;0;0,2;5000172686;12/5/2026;Servicios;CUMPLIDO PARCIAL;ASOS CIVIL G.A.P.P;MR01;30/8/2026;23/1/2026;10141184;50;1;23/1/2026;26/1/2026;C24;4500118594;50;2001;1;NQUINTERO;27/1/2026;14/8/2026;C24;3;12/5/2026;3;0;-213;104;0;0;0;0;0;Sin aclaración;En curso;;C24
00007 COMERCIAL OF LICITACION;1000086713;10;ZPAN;Servicio de promotor;;0;;;;NMONTENEGRO;1013103;servicio de promoción en expo san juan m;1;0;1;0;1;;;Servicios;ADJUDICADO;SUCESION DE MONTES DANTE AMERICO;MR01;7/5/2026;16/4/2026;10147842;10;1;16/4/2026;16/4/2026;C24;4500125779;10;2001;1;MPITTIA;22/4/2026;7/5/2026;C24;0;;0;0;1;0;0;0;0;0;0;Sin aclaración;Vencido con cant pendiente a recep;;C24
00007 COMERCIAL OF LICITACION;1000089567;10;ZPAN;OBRA COMP HUDBAY;;0;;;;AFORTUNA;1013007;SUBC. DE INGENIERIA;1;0;1;0;1;;;Servicios;ADJUDICADO;OCIR INGENIERIA VIAL Y DE TRANSPORT;MR01;8/7/2026;3/6/2026;10151593;10;1;3/6/2026;3/6/2026;C26;4500129519;10;2001;1;YCOLMAN;5/6/2026;8/7/2026;C26;0;;0;0;1;0;0;0;0;0;0;Sin aclaración;En curso - Próximo a vencer;;C26
00008 ABASTECIMIENTO;1000042303;40;ZPAN;BUSPACK;;0;;;;AFORTUNA;1012981;SERVICIO FLETE DE PAQUETERIA XUN;100000000;45981160,1;100000000;0;54018839,9;5000175703;31/5/2026;Servicios;CUMPLIDO PARCIAL;BUS PACK  SA;MR01;31/3/2027;12/1/2024;10088231;40;1;3/5/2024;3/5/2024;C15;4500074601;10;2000;1;GDIAZ;6/5/2024;31/7/2026;C15;58;31/5/2026;0;245;-1063;760;0;0;0;0;0;Sin aclaración;En curso;;C15
00008 ABASTECIMIENTO;1000054046;10;ZPAN;RENOVACION OC;;0;;;;MCRETTAZ;1012981;SERVICIO FLETE DE PAQUETERIA XUN;50000000;39822963,95;50000000;0;10177036,05;5000176936;1/6/2026;Servicios;CUMPLIDO PARCIAL;V.MASSON TRAP.CRUZ DEL SUR SA;MM01;30/8/2026;12/9/2024;10105722;10;1;12/9/2024;14/1/2026;C15;4500087495;10;3000;2;GDIAZ;8/11/2024;27/8/2026;C15;115;1/6/2026;489;0;-606;517;0;0;0;0;0;Sin aclaración;En curso;;C15
00008 ABASTECIMIENTO;1000055089;10;ZPAN;SERVICIO PAQUETERIA;;0;;;;MCRETTAZ;1012981;SERVICIO FLETE DE PAQUETERIA XUN;10000000;0;10000000;0;10000000;;;Servicios;ADJUDICADO;ANDREANI LOGISTICA SA;MM01;31/3/2026;2/10/2024;10106905;10;1;2/10/2024;14/1/2026;C15;4500087452;10;2001;1;GDIAZ;7/11/2024;26/8/2026;C15;0;;469;0;-523;0;0;0;0;0;0;Sin aclaración;Vencido con cant pendiente a recep;;C15
00008 ABASTECIMIENTO;1000074174;10;ZPAN;FLETE SAN JOSE;;0;;;;ASIGNORELLI;1012981;FLETE PAQUETERIA S DETALLE XUN;5000000;2418427;5000000;0;2581573;5000177471;16/6/2026;Servicios;CUMPLIDO PARCIAL;TRANSPORTES SAN JOSE SRL;MM01;30/8/2026;16/9/2025;10131196;10;1;16/9/2025;17/9/2025;C15;4500108948;10;2001;1;GDIAZ;19/9/2025;27/8/2026;C15;20;16/6/2026;1;3;-152;78;0;0;0;0;0;Sin aclaración;En curso;;C15
00008 ABASTECIMIENTO;1000076052;10;ZPAN;FLETE RETIRO EZEIZA;;0;;;;ASIGNORELLI;1012981;FLETE PAQUETERIA S DETALLE XUN;6000000;4797700;6000000;0;1202300;5000176847;12/6/2026;Servicios;CUMPLIDO PARCIAL;TRANSPORTES SAN JOSE SRL;MM01;30/8/2026;17/10/2025;10133643;10;1;17/10/2025;17/10/2025;C15;4500111253;10;2001;1;GDIAZ;21/10/2025;27/8/2026;C15;12;12/6/2026;0;0;-241;163;0;0;0;0;0;Sin aclaración;En curso;;C15
00008 ABASTECIMIENTO;1000078921;10;ZPAN;TRANSP. SAN JOSE EZE;;0;;;;ASIGNORELLI;1012981;FLETE PAQUETERIA RETIROS EZEIZA;6000000;3145000;6000000;0;2855000;5000175235;12/5/2026;Servicios;CUMPLIDO PARCIAL;TRANSPORTES SAN JOSE SRL;MR01;31/7/2026;3/12/2025;10137382;10;1;3/12/2025;3/12/2025;C15;4500114904;10;2001;1;GDIAZ;9/12/2025;31/7/2026;C15;10;12/5/2026;0;0;1;-80;0;0;0;0;0;Sin aclaración;En curso - Próximo a vencer;;C15
00008 ABASTECIMIENTO;1000079049;10;ZPAN;TRANSP. CAMIONERA MM;;0;;;;ASIGNORELLI;1012981;FLETE PAQUETERIA CAMIONERA MM;12000000;6807122,63;12000000;0;5192877,37;5000171770;25/4/2026;Servicios;CUMPLIDO PARCIAL;LA CAMIONERA MENDOCINA SRL;MM01;30/12/2026;4/12/2025;10137556;10;1;4/12/2025;5/12/2025;C15;4500116200;10;2001;1;GDIAZ;26/12/2025;30/12/2026;C15;4;25/4/2026;1;0;1;-249;0;0;0;0;0;Sin aclaración;En curso;;C15
00008 ABASTECIMIENTO;1000081463;10;ZPAN;FLETE SAN JOSE;;0;;;;ASIGNORELLI;1012981;FLETE PAQUETERIA S DETALLE XUN;6000000;1870617;6000000;0;4129383;5000177470;16/6/2026;Servicios;CUMPLIDO PARCIAL;TRANSPORTES SAN JOSE SRL;MR01;31/7/2026;21/1/2026;10141006;10;1;21/1/2026;21/1/2026;C15;4500118757;10;2001;1;JPUPULIN;29/1/2026;31/7/2026;C15;13;16/6/2026;0;0;1;-45;0;0;0;0;0;Sin aclaración;En curso - Próximo a vencer;;C15
00008 ABASTECIMIENTO;1000083313;10;ZPAN;LOGISTICA ASEGURADA;;0;;;;GLOPEZ;1050520;FLETE PAQUETERIA LOGISTICA ASEGURADA XUN;500000;0;500000;0;500000;;;Servicios;ADJUDICADO;ANDREANI LOGISTICA SA;MR01;30/12/2026;20/2/2026;10143382;10;1;20/2/2026;20/2/2026;C15;4500120782;10;2001;1;GDIAZ;24/2/2026;30/12/2026;C15;0;;0;0;1;0;0;0;0;0;0;Sin aclaración;En curso;;C15
00008 ABASTECIMIENTO;1000083314;10;ZPAN;LOGISTICA ASEGURADA;;0;;;;GLOPEZ;1050520;FLETE PAQUETERIA LOGISTICA ASEGURADA XUN;500000;0;500000;0;500000;;;Servicios;ADJUDICADO;ANDREANI LOGISTICA SA;MM01;30/12/2026;20/2/2026;10143386;10;1;20/2/2026;20/2/2026;C15;4500120792;10;2001;1;GDIAZ;24/2/2026;30/12/2026;C15;0;;0;0;1;0;0;0;0;0;0;Sin aclaración;En curso;;C15
00008 ABASTECIMIENTO;1000083423;10;ZPAN;SERVICIO PAQUETERIA;;0;;;;DBENITEZ;1012981;SERVICIO FLETE DE PAQUETERIA XUN;50000000;50000000;50000000;0;0;5000174669;28/5/2026;Servicios;CUMPLIDO;ANDREANI LOGISTICA SA;MR01;13/3/2027;23/2/2026;10143545;10;1;23/2/2026;24/2/2026;C15;4500121275;10;2001;1;GDIAZ;2/3/2026;30/6/2026;C15;8;28/5/2026;1;8;-364;76;0;0;0;0;0;Sin aclaración;En curso - Total recepcionado;;C15
00008 ABASTECIMIENTO;1000085395;10;ZPAN;FLETE PAQ. CRUZ SUR;;0;;;;ASIGNORELLI;1012981;FLETE PAQUETERIA CRUZ DEL SUR;50000000;32723994,07;50000000;0;17276005,93;5000178101;22/6/2026;Servicios;CUMPLIDO PARCIAL;V.MASSON TRAP.CRUZ DEL SUR SA;MR01;31/7/2027;25/3/2026;10146162;10;1;25/3/2026;25/3/2026;C15;4500124319;10;2001;1;GDIAZ;7/4/2026;31/7/2027;C15;12;22/6/2026;0;3;1;-404;0;0;0;0;0;Sin aclaración;En curso;;C15
00008 ABASTECIMIENTO;1000086882;10;ZPAN;MEJORA MONTACARGAS A;;0;;;;PAPPELLA;1012993;REDUCTOR VEL MONTACARGAS ALMACEN S/ADJ;1;0;1;0;1;;;Servicios;ADJUDICADO;GODOY RICARDO VICENTE;MR01;30/6/2026;20/4/2026;10148085;10;1;20/4/2026;22/5/2026;C26;4500128586;10;2001;1;YCOLMAN;26/5/2026;16/7/2026;C26;0;;32;1;-40;0;0;0;0;0;0;Sin aclaración;En curso - Próximo a vencer;;C26
00008 ABASTECIMIENTO;1000087161;10;ZPAN;SERVICIO PAQUETERIA;;0;;;;DBENITEZ;1012981;FLETE PAQUETERIA S DETALLE XUN;50000000;34999014,21;50000000;0;15000985,79;5000177011;16/6/2026;Servicios;CUMPLIDO PARCIAL;ANDREANI LOGISTICA SA;MR01;30/8/2026;23/4/2026;10148482;10;1;23/4/2026;24/4/2026;C15;4500128612;10;2001;1;GDIAZ;26/5/2026;31/7/2026;C15;7;16/6/2026;1;1;-29;-45;0;0;0;0;0;Sin aclaración;En curso;;C15
00008 ABASTECIMIENTO;1000087692;10;ZPAN;REEMPLAZO LUCHO VACA;;0;;;;ASIGNORELLI;1012981;FLETE PAQUETERIA S DETALLE XUN;2500000;0;2500000;0;2500000;;;Servicios;ADJUDICADO;QX LOGISTICA S. A.;MR01;22/5/2026;4/5/2026;10149097;10;1;4/5/2026;4/5/2026;C15;4500126811;10;2001;1;GDIAZ;5/5/2026;22/7/2026;C15;0;;0;1;1;0;0;0;0;0;0;Sin aclaración;Vencido con cant pendiente a recep;;C15
00008 ABASTECIMIENTO;1000087881;10;ZPAN;FLETE PAQ. CAMIONERA;;0;;;;ASIGNORELLI;1012981;FLETE PAQUETERIA CAMIONERA MR01;15000000;0;15000000;0;15000000;;;Servicios;ADJUDICADO;LA CAMIONERA MENDOCINA SRL;MR01;31/7/2027;6/5/2026;10149411;10;1;6/5/2026;6/5/2026;C15;4500128662;10;2001;1;GDIAZ;27/5/2026;31/7/2027;C15;0;;0;0;1;0;0;0;0;0;0;Sin aclaración;En curso;;C15
00008 ABASTECIMIENTO;1000088309;10;ZPAN;EXTENCION OC CDS MM;;0;;;;ASIGNORELLI;1012981;FLETE PAQUETERIA CRUZ D SUR MM;50000000;0;50000000;0;50000000;;;Servicios;ADJUDICADO;V.MASSON TRAP.CRUZ DEL SUR SA;MM01;30/6/2027;13/5/2026;10150090;10;1;13/5/2026;14/5/2026;C15;4500128608;10;2001;1;GDIAZ;26/5/2026;30/6/2027;C15;0;;1;1;1;0;0;0;0;0;0;Sin aclaración;En curso;;C15
00040-Comunic y Sustentabilidad;1000063015;10;ZPAN;Publicidad Fuerza Mi;;0;;;;NMONTENEGRO;1026661;pauta publicitaria FUERZA MINERA;12;17;12;0;-5;5000164721;10/3/2026;Servicios;CUMPLIDO;GARCIA JUAN IGNACIO;MR01;15/3/2026;5/3/2025;10116731;10;1;5/3/2025;6/3/2025;C24;4500095542;10;MR23;1;JJCABRERA;18/3/2025;15/3/2026;C24;17;10/3/2026;1;0;1;-5;0;0;0;0;0;Sin aclaración;Vencido con cant pendiente a recep;;C24
00040-Comunic y Sustentabilidad;1000075414;10;ZPAN;ABONO DE SERVICIO DE;;0;;;;NMONTENEGRO;1026661;SERVICIO DE DISEÑO GRÁFICO GLOBAL VISION;12;7;12;0;5;5000171962;6/5/2026;Servicios;CUMPLIDO PARCIAL;GLOBAL VM SRL;MR01;28/10/2026;7/10/2025;10132818;10;1;7/10/2025;7/10/2025;C24;4500111914;10;MR23;1;MPITTIA;29/10/2025;28/10/2026;C24;7;6/5/2026;0;0;-364;190;0;0;0;0;0;Sin aclaración;En curso;;C24
00040-Comunic y Sustentabilidad;1000076494;10;ZPAN;RENOVACIÓN SALTA MIN;;0;;;;NMONTENEGRO;1026661;PAUTA PUBLICITARIA SALTA MINING;4;1;4;0;3;5000152538;14/11/2025;Servicios;CUMPLIDO PARCIAL;RODRIGUEZ GALINDEZ MARTIN MIGUEL;MR01;30/1/2027;24/10/2025;10134281;10;1;24/10/2025;24/10/2025;C24;4500112106;10;MR23;1;MPITTIA;31/10/2025;10/1/2027;C24;5;14/11/2025;0;0;-442;1;0;0;0;0;0;Sin aclaración;En curso;;C24
00040-Comunic y Sustentabilidad;1000077652;10;ZPAN;MINING PRESS + ENER;;0;;;;NMONTENEGRO;1026661;MINING PRESS | ENER NEWS PAUTA ANUAL;12;5;12;0;7;5000172720;12/5/2026;Servicios;CUMPLIDO PARCIAL;D & C VISUAL S.R.L.;MR01;10/1/2027;12/11/2025;10135835;10;1;12/11/2025;14/11/2025;C24;4500113214;10;MR23;1;MPITTIA;14/11/2025;5/1/2027;C24;7;12/5/2026;2;0;-403;161;0;0;0;0;0;Sin aclaración;En curso;;C24
00040-Comunic y Sustentabilidad;1000080346;10;ZPAN;ECONOJOURNAL - RENOV;;0;;;;NMONTENEGRO;1026661;SERVICIO DE PAUTA PUBLICITARIA X MES;6;5;6;0;1;5000172609;11/5/2026;Servicios;CUMPLIDO PARCIAL;ECONO JOURNAL SRL;MR01;15/7/2026;2/1/2026;10139489;10;1;2/1/2026;2/1/2026;C24;4500116755;10;MR23;1;MPITTIA;6/1/2026;30/6/2026;C24;5;11/5/2026;0;1;-173;109;0;0;0;0;0;Sin aclaración;En curso - Próximo a vencer;;C24
00040-Comunic y Sustentabilidad;1000080373;10;ZPAN;ONG La Higuera;;0;;;;MZUPEL;1029975;Donación mensual a ONG La Higuera;12;4;12;0;8;5000167902;6/4/2026;Servicios;CUMPLIDO PARCIAL;ASOCIACION CIVIL LA HIGUERA;MR01;30/12/2026;5/1/2026;10139522;10;1;5/1/2026;5/1/2026;C24;4500116756;10;MR23;1;MPITTIA;6/1/2026;30/12/2026;C24;4;6/4/2026;0;0;1;-268;0;0;0;0;0;Sin aclaración;En curso;;C24
00040-Comunic y Sustentabilidad;1000081204;10;ZPAN;Donación ARAS;;0;;;;MZUPEL;1026661;Donación mensual ARAS;12;6;12;0;6;5000178653;29/6/2026;Servicios;CUMPLIDO PARCIAL;ASOC. ROSARINA DE AYUDA SOLIDA;MR01;30/12/2026;16/1/2026;10140598;10;1;16/1/2026;16/1/2026;C24;4500118340;10;MR23;1;NQUINTERO;23/1/2026;30/12/2026;C24;6;29/6/2026;0;0;1;-184;0;0;0;0;0;Sin aclaración;En curso;;C24
00019 HIGIENE URBANA;1000081410;10;ZPAN;CONSTITUCION DE DOMI;;0;;;;DBENITEZ;1018776;CONSTITUCION DE DOMICILIO NEUQUEN;12;5;12;0;7;5000175464;3/6/2026;Servicios;CUMPLIDO PARCIAL;POMA SCIANCA & ASOCIADOS SA;MR01;9/2/2027;20/1/2026;10140900;10;1;20/1/2026;20/1/2026;C24;4500118979;10;2001;1;MPITTIA;2/2/2026;31/1/2027;C24;5;3/6/2026;0;1;-364;114;0;0;0;0;0;Sin aclaración;En curso;;C24
00019 HIGIENE URBANA;1000081410;20;ZPAN;CONSTITUCION DE DOMI;;0;;;;DBENITEZ;1018776;CONSTITUCION DE DOMICILIO RIO NEGRO;12;5;12;0;7;5000175464;3/6/2026;Servicios;CUMPLIDO PARCIAL;POMA SCIANCA & ASOCIADOS SA;MR01;9/2/2027;20/1/2026;10140900;20;1;20/1/2026;20/1/2026;C24;4500118979;20;2001;1;MPITTIA;2/2/2026;31/1/2027;C24;5;3/6/2026;0;1;-364;114;0;0;0;0;0;Sin aclaración;En curso;;C24
00040-Comunic y Sustentabilidad;1000081415;10;ZPAN;PAUTA ECOS365 - 2026;;0;;;;NMONTENEGRO;1026661;SERVICIO DE PAUTA PUBLICITARIA X MES;12;4;12;0;8;5000171954;6/5/2026;Servicios;CUMPLIDO PARCIAL;MOBINT SRL;MR01;14/2/2027;20/1/2026;10140904;10;1;20/1/2026;20/1/2026;C24;4500118386;10;MR23;1;NQUINTERO;25/1/2026;9/2/2027;C24;4;6/5/2026;0;0;-369;86;0;0;0;0;0;Sin aclaración;En curso;;C24
00040-Comunic y Sustentabilidad;1000081564;10;ZPAN;PAUTA CADENA 100 - S;;0;;;;NMONTENEGRO;1026661;SERVICIO DE PAUTA PUBLICITARIA X MES;6;4;6;0;2;5000170221;22/4/2026;Servicios;CUMPLIDO PARCIAL;ZOLOAGA RUBEN JOSE;MR01;11/6/2026;22/1/2026;10141162;10;1;22/1/2026;23/1/2026;C24;4500118463;10;MR23;1;NQUINTERO;26/1/2026;11/8/2026;C24;4;22/4/2026;1;0;-119;70;0;0;0;0;0;Sin aclaración;Vencido con cant pendiente a recep;;C24
00040-Comunic y Sustentabilidad;1000081590;10;ZPAN;CLUB MINERO PAUTA 20;;0;;;;NMONTENEGRO;1026661;SERVICIO DE PAUTA PUBLICITARIA X MES;12;4;12;0;8;5000171964;6/5/2026;Servicios;CUMPLIDO PARCIAL;BOSQUE MINERO;MR01;12/2/2027;23/1/2026;10141183;10;1;23/1/2026;23/1/2026;C24;4500118553;10;MR23;1;NQUINTERO;27/1/2026;12/2/2027;C24;4;6/5/2026;0;0;1;-282;0;0;0;0;0;Sin aclaración;En curso;;C24
00040-Comunic y Sustentabilidad;1000082305;10;ZPAN;RENOVACIÓN PAUTA ENE;;0;;;;NMONTENEGRO;1026661;SERVICIO DE PAUTA PUBLICITARIA X MES;12;4;12;0;8;5000172909;13/5/2026;Servicios;CUMPLIDO PARCIAL;GRAFIKARE SRL;MR01;28/2/2027;3/2/2026;10142127;10;1;3/2/2026;4/2/2026;C24;4500119659;10;MR23;1;MPITTIA;9/2/2026;28/2/2027;C24;6;13/5/2026;1;0;1;-291;0;0;0;0;0;Sin aclaración;En curso;;C24
00040-Comunic y Sustentabilidad;1000082672;10;ZPAN;RENOVACIÓN PAUTA SER;;0;;;;NMONTENEGRO;1026661;SERVICIO DE PAUTA PUBLICITARIA X MES;6;6;6;0;0;5000178646;29/6/2026;Servicios;CUMPLIDO;CONTEMORI SERGIO;MR01;19/7/2026;9/2/2026;10142599;10;1;9/2/2026;9/2/2026;C24;4500120633;10;MR23;1;MPITTIA;23/2/2026;19/7/2026;C24;6;29/6/2026;0;0;1;-20;0;0;0;0;0;Sin aclaración;En curso - Próximo a vencer;;C24
00040-Comunic y Sustentabilidad;1000082737;10;ZPAN;MANTENIMIENTO WEB WO;;0;;;;NMONTENEGRO;1034248;MANTENIMIENTO WEB MENSUAL;12;2;12;0;10;5000165149;12/3/2026;Servicios;CUMPLIDO PARCIAL;OMEDES MARTIN MARCELO;MR01;14/2/2027;10/2/2026;10142654;10;1;10/2/2026;11/2/2026;C24;4500119989;10;MR23;1;MPITTIA;12/2/2026;14/2/2027;C24;2;12/3/2026;1;1;1;-339;0;0;0;0;0;Sin aclaración;En curso;;C24
00040-Comunic y Sustentabilidad;1000082762;10;ZPAN;publicidad El Constr;;0;;;;NMONTENEGRO;1026661;SPAUTA EL CONSTRUCTOR;4;0;4;0;4;;;Servicios;ADJUDICADO;EL CONSTRUCTOR S.R.L.;MR01;17/1/2027;10/2/2026;10142703;10;1;10/2/2026;10/2/2026;C24;4500120635;10;MR23;1;MPITTIA;23/2/2026;17/1/2027;C24;0;;0;1;1;0;0;0;0;0;0;Sin aclaración;En curso;;C24
00026-CANTERA SOLDINI;1000083650;10;ZPAN;SERV. VIGILANCIA CAN;;0;;;;ASIGNORELLI;1050759;SERVICIO DE VIGILANCIA X HS.;600;207;600;0;393;5000169026;31/3/2026;Servicios;CUMPLIDO PARCIAL;SEGURIDAD Y RESGUARDO SRL;MR01;30/12/2026;25/2/2026;10143936;10;1;25/2/2026;26/2/2026;C24;4500121644;10;2001;1;MPITTIA;5/3/2026;30/12/2026;C24;6;31/3/2026;1;0;1;-274;0;0;0;0;0;Sin aclaración;En curso;;C24
00040-Comunic y Sustentabilidad;1000084387;20;ZPAN;WIM ARGENTINA;;0;;;;NMONTENEGRO;1026661;MEMBRESIA WIM - CUOTA 2;1;0;1;0;1;;;Servicios;ADJUDICADO;FUNDACION PARA EL DESARROLLO DE LA;MR01;31/5/2026;9/3/2026;10144883;20;1;30/3/2026;30/3/2026;C24;4500123720;20;MR23;1;YCOLMAN;30/3/2026;31/5/2026;C24;0;;0;0;1;0;0;0;0;0;0;Sin aclaración;Vencido con cant pendiente a recep;;C24
00040-Comunic y Sustentabilidad;1000084387;30;ZPAN;WIM ARGENTINA;;0;;;;NMONTENEGRO;1026661;MEMBRESIA WIM - CUOTA 3;1;0;1;0;1;;;Servicios;ADJUDICADO;FUNDACION PARA EL DESARROLLO DE LA;MR01;31/5/2026;9/3/2026;10144883;30;1;30/3/2026;30/3/2026;C24;4500123720;30;MR23;1;YCOLMAN;30/3/2026;31/5/2026;C24;0;;0;0;1;0;0;0;0;0;0;Sin aclaración;Vencido con cant pendiente a recep;;C24
00040-Comunic y Sustentabilidad;1000084477;10;ZPAN;FUERZA MINERA 2026;;0;;;;NMONTENEGRO;1026661;SERVICIO DE PAUTA PUBLICITARIA X MES;12;2;12;0;10;5000172610;11/5/2026;Servicios;CUMPLIDO PARCIAL;GARCIA JUAN IGNACIO;MR01;7/3/2027;10/3/2026;10144976;10;1;10/3/2026;10/3/2026;C24;4500123613;10;MR23;1;YCOLMAN;27/3/2026;7/3/2027;C24;2;11/5/2026;0;4;1;-300;0;0;0;0;0;Sin aclaración;En curso;;C24
00040-Comunic y Sustentabilidad;1000084496;10;ZPAN;EL INVERSOR - 3 EDIC;;0;;;;NMONTENEGRO;1026661;ED. 197 - EL INVERSOR;1;0;1;0;1;;;Servicios;ADJUDICADO;EDITORIAL NETWORK S.A.;MR01;31/12/2026;10/3/2026;10145015;10;1;10/3/2026;10/3/2026;C24;4500122277;10;MR23;1;FSOTO;11/3/2026;31/12/2026;C24;0;;0;0;1;0;0;0;0;0;0;Sin aclaración;En curso;;C24
00040-Comunic y Sustentabilidad;1000084496;20;ZPAN;EL INVERSOR - 3 EDIC;;0;;;;NMONTENEGRO;1026661;ED. 202 - EL INVERSOR;1;0;1;0;1;;;Servicios;ADJUDICADO;EDITORIAL NETWORK S.A.;MR01;31/12/2026;10/3/2026;10145015;20;1;10/3/2026;10/3/2026;C24;4500122277;20;MR23;1;FSOTO;11/3/2026;31/12/2026;C24;0;;0;0;1;0;0;0;0;0;0;Sin aclaración;En curso;;C24
00040-Comunic y Sustentabilidad;1000084496;30;ZPAN;EL INVERSOR - 3 EDIC;;0;;;;NMONTENEGRO;1026661;ED. 204 - EL INVERSOR;1;0;1;0;1;;;Servicios;ADJUDICADO;EDITORIAL NETWORK S.A.;MR01;31/12/2026;10/3/2026;10145015;30;1;10/3/2026;10/3/2026;C24;4500122277;30;MR23;1;FSOTO;11/3/2026;31/12/2026;C24;0;;0;0;1;0;0;0;0;0;0;Sin aclaración;En curso;;C24
00040-Comunic y Sustentabilidad;1000084498;10;ZPAN;REV. PETROQUIMICA -;;0;;;;NMONTENEGRO;1026661;ED. 343 - REV. PETROQUIMICA;1;0;1;0;1;;;Servicios;ADJUDICADO;EDITORIAL NETWORK S.A.;MR01;31/12/2026;10/3/2026;10145017;10;1;10/3/2026;10/3/2026;C24;4500122265;10;MR23;1;FSOTO;11/3/2026;31/12/2026;C24;0;;0;0;1;0;0;0;0;0;0;Sin aclaración;En curso;;C24
00040-Comunic y Sustentabilidad;1000084498;20;ZPAN;REV. PETROQUIMICA -;;0;;;;NMONTENEGRO;1026661;ED. 344 - REV. PETROQUIMICA;1;0;1;0;1;;;Servicios;ADJUDICADO;EDITORIAL NETWORK S.A.;MR01;31/12/2026;10/3/2026;10145017;20;1;10/3/2026;10/3/2026;C24;4500122265;20;MR23;1;FSOTO;11/3/2026;31/12/2026;C24;0;;0;0;1;0;0;0;0;0;0;Sin aclaración;En curso;;C24
00040-Comunic y Sustentabilidad;1000084498;30;ZPAN;REV. PETROQUIMICA -;;0;;;;NMONTENEGRO;1026661;ED. 437 - REV. PETROQUIMICA;1;0;1;0;1;;;Servicios;ADJUDICADO;EDITORIAL NETWORK S.A.;MR01;31/12/2026;10/3/2026;10145017;30;1;10/3/2026;10/3/2026;C24;4500122265;30;MR23;1;FSOTO;11/3/2026;31/12/2026;C24;0;;0;0;1;0;0;0;0;0;0;Sin aclaración;En curso;;C24
00040-Comunic y Sustentabilidad;1000086036;10;ZPAN;Instituto formación;;0;;;;NMONTENEGRO;1055254;formación IVM;12;3;12;0;9;5000172322;8/5/2026;Servicios;CUMPLIDO PARCIAL;INSTITUTO DE FORMACION TECNICA;MR01;31/3/2027;6/4/2026;10146938;20;1;16/4/2026;16/4/2026;C24;4500125272;10;MR23;1;MPITTIA;16/4/2026;31/3/2027;C24;2;8/5/2026;0;4;1;-327;0;0;0;0;0;Sin aclaración;En curso;;C24
00040-Comunic y Sustentabilidad;1000086996;10;ZPAN;NOTIGLESIA - PAUTA 2;;0;;;;NMONTENEGRO;1026661;NOTIGLESIA - PAUTA;12;0;12;0;12;;;Servicios;ADJUDICADO;SILVA MENA JOSE MARIA;MR01;30/5/2027;21/4/2026;10148240;10;1;21/4/2026;21/4/2026;C24;4500126451;10;MR23;1;MPITTIA;30/4/2026;30/5/2027;C24;0;;0;0;1;0;0;0;0;0;0;Sin aclaración;En curso;;C24
00040-Comunic y Sustentabilidad;1000087389;10;ZPAN;DIARIO DE RIO NEGRO;;0;;;;NMONTENEGRO;1026661;PAUTA ANIVERSARIO RIO NEGRO;1;0;1;0;1;;;Servicios;ADJUDICADO;EDITORIAL RIO NEGRO S A;MR01;19/5/2026;28/4/2026;10148759;10;1;28/4/2026;28/4/2026;C24;4500126865;10;MR23;1;MPITTIA;6/5/2026;19/5/2026;C24;0;;0;0;1;0;0;0;0;0;0;Sin aclaración;Vencido con cant pendiente a recep;;C24
00040-Comunic y Sustentabilidad;1000087481;10;ZPAN;el ancasti - dia de;;0;;;;NMONTENEGRO;1026543;el ancasti - dia de la mineria;1;0;1;0;1;;;Servicios;ADJUDICADO;EDITORIAL CAPAYAN S.A.;MR01;19/5/2026;28/4/2026;10148827;10;1;28/4/2026;29/4/2026;C24;4500126621;10;MR23;1;MPITTIA;4/5/2026;19/5/2026;C24;0;;1;0;1;0;0;0;0;0;0;Sin aclaración;Vencido con cant pendiente a recep;;C24
00040-Comunic y Sustentabilidad;1000087484;10;ZPAN;diario de cuyo - dia;;0;;;;NMONTENEGRO;1026543;diario de cuyo - dia de l amineria;1;0;1;0;1;;;Servicios;ADJUDICADO;FRANCISCO MONTES SACIF;MR01;19/5/2026;28/4/2026;10148830;10;1;28/4/2026;29/4/2026;C24;4500126619;10;MR23;1;MPITTIA;4/5/2026;19/5/2026;C24;0;;1;0;1;0;0;0;0;0;0;Sin aclaración;Vencido con cant pendiente a recep;;C24
00040-Comunic y Sustentabilidad;1000088053;10;ZPAN;VIDEOS EXTRA ABRIL G;;0;;;;NMONTENEGRO;1013103;ADICIONALES MATERIALES EXTRA A ABONO;1;0;1;0;1;;;Servicios;ADJUDICADO;GLOBAL VM SRL;MR01;29/5/2026;8/5/2026;10149658;10;1;8/5/2026;8/5/2026;C24;4500128698;10;MR23;1;MPITTIA;27/5/2026;29/5/2026;C24;0;;0;0;1;0;0;0;0;0;0;Sin aclaración;Vencido con cant pendiente a recep;;C24
00040-Comunic y Sustentabilidad;1000088314;10;ZPAN;PAUTA MINERIA.COM.AR;;0;;;;NMONTENEGRO;1026661;PAUTA PUBLICITARIA X MES;6;1;6;0;5;5000173993;21/5/2026;Servicios;CUMPLIDO PARCIAL;RAMIREZ RUBEN DARIO;MR01;3/6/2026;13/5/2026;10150096;10;1;13/5/2026;13/5/2026;C24;4500128332;10;MR23;1;MPITTIA;21/5/2026;3/6/2026;C24;1;21/5/2026;0;0;1;-13;0;0;0;0;0;Sin aclaración;Vencido con cant pendiente a recep;;C24
00040-Comunic y Sustentabilidad;1000088578;10;ZPAN;RENOVACION ECOBIZ;;0;;;;NMONTENEGRO;1026661;PAUTA ecobiz;2;0;2;0;2;;;Servicios;ADJUDICADO;PRIMERA LINEA S.R.L.;MR01;8/6/2026;18/5/2026;10150394;10;1;18/5/2026;18/5/2026;C24;4500128541;10;MR23;1;MPITTIA;26/5/2026;8/6/2026;C24;0;;0;0;1;0;0;0;0;0;0;Sin aclaración;Vencido con cant pendiente a recep;;C24
00040-Comunic y Sustentabilidad;1000088578;20;ZPAN;RENOVACION ECOBIZ;;0;;;;NMONTENEGRO;1026661;PAUTA ecobiz;1;0;1;0;1;;;Servicios;ADJUDICADO;PRIMERA LINEA S.R.L.;MR01;30/8/2026;18/5/2026;10150394;20;1;21/5/2026;21/5/2026;C24;4500128541;20;MR23;1;MPITTIA;26/5/2026;30/8/2026;C24;0;;0;0;1;0;0;0;0;0;0;Sin aclaración;En curso;;C24
00042 ADMINISTRACIÓN;1000089576;10;ZPAN;Reparación sillas -;;0;;;;VCERRUTI;1034248;SERVICIO DE Reparación sillas;1;0;1;0;1;;;Servicios;ADJUDICADO;USTRELL JUAN CARLOS RAMON;MR01;24/6/2026;3/6/2026;10151610;10;1;3/6/2026;9/6/2026;C23;4500130609;20;MR42;1;JESPARZA;18/6/2026;23/6/2026;C23;0;;6;0;0;0;0;0;0;0;0;Sin aclaración;Vencido con cant pendiente a recep;;C23
00042 ADMINISTRACIÓN;1000090112;10;ZPAN;Reparación sillas Es;;0;;;;VCERRUTI;1034248;SERVICIO DE Reparación sillas;1;0;1;0;1;;;Servicios;ADJUDICADO;USTRELL JUAN CARLOS RAMON;MR01;3/7/2026;12/6/2026;10152306;10;1;12/6/2026;12/6/2026;C23;4500130609;10;MR42;1;JESPARZA;18/6/2026;23/6/2026;C23;0;;0;0;-9;0;0;0;0;0;0;Sin aclaración;En curso - Próximo a vencer;;C23
00040-Comunic y Sustentabilidad;1000090470;20;ZPAN;ALQUILER TV - PROYEC;;0;;;;JMARCHINI;1034248;TV LED Samsung Business 85”;1;0;0;1;1;;;Servicios;SIN TRATAMIENTO;;MR01;26/6/2026;18/6/2026;10152745;20;1;18/6/2026;18/6/2026;C24;;0;;1;;;;;0;;0;0;0;0;0;0;0;0;0;Sin aclaración;Vencido con cant pendiente a recep;;C24
00013 Servicios Generales;1000049904;10;ZPAN;RENOVACION LIMPIEZA;;0;;;;CMORENO;1022654;SERVICIO LIMPIEZA CASA AVELLANEDA X MES;24;23;24;0;1;5000176313;1/6/2026;Servicios;CUMPLIDO PARCIAL;AM GASTRONOMÍA Y SERVICIOS SRL;MR01;30/7/2026;18/6/2024;10100390;10;1;18/6/2024;2/7/2024;C24;4500078757;10;MR13;1;MPITTIA;5/7/2024;30/7/2026;C24;23;1/6/2026;14;3;1;-59;0;0;0;0;0;Sin aclaración;En curso - Próximo a vencer;;C24
00018 EQUIPOS;1000069498;10;ZPAN;POLIZA 13432358## NU;;0;;;;NLAFORNARO;1012965;POLIZA AUTOMOTOR MSA 13432358 MSA;1;1;1;0;0;5000137819;7/7/2025;Servicios;CUMPLIDO;SANCOR COOP. DE SEG. LTDA.;MR01;13/7/2026;1/7/2025;10125051;10;1;1/7/2025;1/7/2025;C16;4500102846;10;MR13;1;ALOPEZ;3/7/2025;13/7/2026;C16;1;7/7/2025;0;1;1;-371;0;0;0;0;0;Sin aclaración;En curso - Próximo a vencer;;C16
00018 EQUIPOS;1000069678;10;ZPAN;RENOVACION DE POLIZA;;0;;;;NLAFORNARO;1012965;POLIZA AUTOMOTOR MMSA 13432128;1;1;1;0;0;5000138897;17/7/2025;Servicios;CUMPLIDO;SANCOR COOP. DE SEG. LTDA.;MM01;13/7/2026;3/7/2025;10125271;10;1;3/7/2025;4/7/2025;C16;4500103254;10;MM13;1;JESPARZA;8/7/2025;13/7/2026;C16;1;17/7/2025;1;7;1;-361;0;0;0;0;0;Sin aclaración;En curso - Próximo a vencer;;C16
00018 EQUIPOS;1000070400;10;ZPAN;NUEVA POLIZA DE TRAN;;0;;;;NLAFORNARO;1012962;POLIZA DE TRANSPORTES;1;1;1;0;0;5000140897;5/8/2025;Servicios;CUMPLIDO;SANCOR COOP. DE SEG. LTDA.;MR01;13/7/2026;17/7/2025;10126286;10;1;17/7/2025;17/7/2025;C16;4500104592;10;MR13;1;JESPARZA;25/7/2025;13/7/2026;C16;1;5/8/2025;0;3;1;-342;0;0;0;0;0;Sin aclaración;En curso - Próximo a vencer;;C16
00018 EQUIPOS;1000070402;10;ZPAN;NUEVA POLIZA DE TRAN;;0;;;;NLAFORNARO;1012962;POLIZA DE TRANSPORTES;1;1;1;0;0;5000141037;6/8/2025;Servicios;CUMPLIDO;SANCOR COOP. DE SEG. LTDA.;MM01;13/7/2026;17/7/2025;10126288;10;1;17/7/2025;17/7/2025;C16;4500104593;10;MM13;1;JESPARZA;25/7/2025;13/7/2026;C16;1;6/8/2025;0;3;1;-341;0;0;0;0;0;Sin aclaración;En curso - Próximo a vencer;;C16
00018 EQUIPOS;1000071083;10;ZPAN;ENDOSO POLIZA AUTOMO;;0;;;;NLAFORNARO;1022034;ENDOSO POLIZA AUTOMOTOR CARRETONES;1;1;1;0;0;5000144011;1/9/2025;Servicios;CUMPLIDO;SANCOR COOP. DE SEG. LTDA.;MR01;13/7/2026;29/7/2025;10127121;10;1;29/7/2025;29/7/2025;C16;4500107353;10;MR13;1;JESPARZA;29/8/2025;13/7/2026;C16;1;1/9/2025;0;0;1;-315;0;0;0;0;0;Sin aclaración;En curso - Próximo a vencer;;C16
00018 EQUIPOS;1000071403;10;ZPAN;POLIZA DE SEGURO TEC;;0;;;;NLAFORNARO;1012963;POLIZA DE ST MSA 189133;1;2;1;0;-1;5000164975;11/3/2026;Servicios;CUMPLIDO;NACION SEGUROS SA;MR01;13/8/2026;1/8/2025;10127482;10;1;1/8/2025;4/8/2025;C16;4500105238;10;MR13;1;JESPARZA;4/8/2025;13/8/2026;C16;2;11/3/2026;3;1;1;-155;0;0;0;0;0;Sin aclaración;En curso - Próximo a vencer;;C16
00018 EQUIPOS;1000071404;10;ZPAN;POLIZA DE SEGURO TEC;;0;;;;NLAFORNARO;1012963;POLIZA DE ST MMSA 189135;1;1;1;0;0;5000141194;7/8/2025;Servicios;CUMPLIDO;NACION SEGUROS SA;MM01;13/8/2026;1/8/2025;10127489;10;1;1/8/2025;4/8/2025;C16;4500105242;10;MM13;1;JESPARZA;4/8/2025;13/8/2026;C16;1;7/8/2025;3;2;1;-371;0;0;0;0;0;Sin aclaración;En curso - Próximo a vencer;;C16
00018 EQUIPOS;1000072537;10;ZPAN;VOLVO L120H;;0;;;;NLAFORNARO;1022033;POLIZA 198133 ENDOSO 8;1;1;1;0;0;5000144690;5/9/2025;Servicios;CUMPLIDO;NACION SEGUROS SA;MR01;13/8/2026;20/8/2025;10129015;10;1;20/8/2025;21/8/2025;C16;4500107355;10;MR13;1;JESPARZA;29/8/2025;13/8/2026;C16;1;5/9/2025;1;0;1;-342;0;0;0;0;0;Sin aclaración;En curso - Próximo a vencer;;C16
00018 EQUIPOS;1000072714;10;ZPAN;POLIZA 189133;;0;;;;NLAFORNARO;1022033;ENDOSO 14 POLIZA ST 189133;1;1;1;0;0;5000144446;4/9/2025;Servicios;CUMPLIDO;NACION SEGUROS SA;MR01;13/8/2026;25/8/2025;10129308;10;1;25/8/2025;25/8/2025;C16;4500107764;10;MR13;1;JESPARZA;4/9/2025;13/8/2026;C16;1;4/9/2025;0;0;1;-343;0;0;0;0;0;Sin aclaración;En curso - Próximo a vencer;;C16
00018 EQUIPOS;1000074967;10;ZPAN;endoso poliza automo;;0;;;;NLAFORNARO;1022034;endoso automotores vehículo F. LUFFT;1;1;1;0;0;5000148777;14/10/2025;Servicios;CUMPLIDO;SANCOR COOP. DE SEG. LTDA.;MR01;13/7/2026;30/9/2025;10132230;10;1;30/9/2025;1/10/2025;C16;4500110682;10;MR13;1;JESPARZA;14/10/2025;13/7/2026;C16;1;14/10/2025;1;0;1;-272;0;0;0;0;0;Sin aclaración;En curso - Próximo a vencer;;C16
00018 EQUIPOS;1000075082;10;ZPAN;ENDOSO POLIZA EQUIPO;;0;;;;NLAFORNARO;1022033;ENDOSO 15 SEGURO TÉNICO 189133;1;1;1;0;0;5000148553;9/10/2025;Servicios;CUMPLIDO;NACION SEGUROS SA;MR01;13/8/2026;2/10/2025;10132366;10;1;2/10/2025;2/10/2025;C16;4500110454;10;MR13;1;JESPARZA;9/10/2025;13/8/2026;C16;1;9/10/2025;0;0;1;-308;0;0;0;0;0;Sin aclaración;En curso - Próximo a vencer;;C16
00018 EQUIPOS;1000078838;10;ZPAN;ENDOSO POLIZA EQUIPO;;0;;;;NLAFORNARO;1022033;ENDOSO 21 SEGURO TÉNICO EQUIPOS;1;1;1;0;0;5000156028;18/12/2025;Servicios;CUMPLIDO;NACION SEGUROS SA;MR01;13/7/2026;2/12/2025;10137283;10;1;2/12/2025;4/12/2025;C16;4500115694;10;MR13;1;JESPARZA;18/12/2025;13/7/2026;C16;1;18/12/2025;2;0;1;-207;0;0;0;0;0;Sin aclaración;En curso - Próximo a vencer;;C16
00018 EQUIPOS;1000079558;10;ZPAN;endoso N° 22;;0;;;;NLAFORNARO;1022033;ENDOSO 22 SEGURO TÉCNICO EQUIPOS;1;1;1;0;0;5000156897;29/12/2025;Servicios;CUMPLIDO;NACION SEGUROS SA;MR01;13/8/2026;15/12/2025;10138212;10;1;15/12/2025;17/12/2025;C16;4500116319;10;MR13;1;JESPARZA;29/12/2025;13/8/2026;C16;1;29/12/2025;2;0;1;-227;0;0;0;0;0;Sin aclaración;En curso - Próximo a vencer;;C16
00018 EQUIPOS;1000080138;10;ZPAN;POLIZA AUTOMOTOR CAM;;0;;;;NLAFORNARO;1022034;ENDOSO POLIZA AUTOMOTOR 6365 5 CAM IVECO;1;1;1;0;0;5000157012;30/12/2025;Servicios;CUMPLIDO;SANCOR COOP. DE SEG. LTDA.;MR01;13/7/2026;26/12/2025;10139086;10;1;26/12/2025;26/12/2025;C16;4500116418;10;MR13;1;JESPARZA;30/12/2025;13/7/2026;C16;1;30/12/2025;0;0;1;-195;0;0;0;0;0;Sin aclaración;En curso - Próximo a vencer;;C16
00010 LOGISTICA;1000084947;20;ZPAN;ANTENA STARLINK MINI;;0;;;;LMANSILLA;1034212;SERV INTERNET STARLINK 50 GB ITINERANTE;12;0;12;0;12;;;Servicios;ADJUDICADO;JAWIT S.A.;MR01;27/3/2027;16/3/2026;10145551;20;1;27/3/2026;27/3/2026;C25;4500129707;10;MR13;1;MPITTIA;9/6/2026;10/4/2027;C25;0;;0;0;15;0;0;0;0;0;0;Sin aclaración;En curso;;C25
00010 LOGISTICA;1000084947;30;ZPAN;ANTENA STARLINK MINI;;0;;;;LMANSILLA;1034248;ACTIVACION SERVICIO SATELITAL;1;0;1;0;1;;;Servicios;ADJUDICADO;JAWIT S.A.;MR01;27/6/2026;16/3/2026;10145551;40;1;5/6/2026;8/6/2026;C24;4500129707;20;MR13;1;MPITTIA;9/6/2026;27/6/2026;C25;0;;3;0;1;0;0;0;0;0;0;Sin aclaración;Vencido con cant pendiente a recep;;C25
00010 LOGISTICA;1000088835;10;ZPAN;REP: POR PINCHADURA-;;0;;;;ACEJAS;1034199;REP: POR PINCHADURA-84100-AH501EC;1;0;1;0;1;;;Servicios;ADJUDICADO;GOMERIA ALICIA S.A.;MR01;21/6/2026;21/5/2026;10150673;10;1;21/5/2026;21/5/2026;EFO;4500128711;10;MR13;1;GROSES;27/5/2026;21/6/2026;EFO;0;;0;0;1;0;0;0;0;0;0;Sin aclaración;Vencido con cant pendiente a recep;;EFO
00010 LOGISTICA;1000089529;10;ZPAN;REP POR PINCHA 84223;;0;;;;ACEJAS;1034199;REPAR POR PINCHADURA 84223-BFX-664;1;1;1;0;0;5000175955;5/6/2026;Servicios;CUMPLIDO;GOMERIA ALICIA S.A.;MR01;3/7/2026;3/6/2026;10151542;10;1;3/6/2026;3/6/2026;EFO;4500129564;10;MR13;1;GROSES;5/6/2026;3/7/2026;EFO;1;5/6/2026;0;0;1;-28;0;0;0;0;0;Sin aclaración;En curso - Próximo a vencer;;EFO
00010 LOGISTICA;1000089857;10;ZPAN;PINCHADURA: 84223 -;;0;;;;ACEJAS;1034199;SERVICIO POR PINCHADURA: 84223 - BFX-664;1;0;1;0;1;;;Servicios;ADJUDICADO;GOMERIA ALICIA S.A.;MR01;29/7/2026;8/6/2026;10151986;10;1;8/6/2026;8/6/2026;EFO;4500130340;10;MR13;1;GROSES;17/6/2026;29/7/2026;EFO;0;;0;0;1;0;0;0;0;0;0;Sin aclaración;En curso - Próximo a vencer;;EFO
00018 EQUIPOS;1000089994;10;ZPAN;SEMI SULLER - SEDE -;;0;;;;LMANSILLA;1012974;FLETE SEMIRREMOLQUE 14,5MT XVIAJE;1;0;1;0;1;;;Servicios;ADJUDICADO;TRANSLOGISTICA VESPRINI S. R. L.;MR01;24/6/2026;10/6/2026;10152177;10;1;10/6/2026;10/6/2026;C15;4500131107;10;MR13;1;GDIAZ;24/6/2026;26/6/2026;C15;0;;0;0;3;0;0;0;0;0;0;Sin aclaración;Vencido con cant pendiente a recep;;C15
00018 EQUIPOS;1000090096;10;ZPAN;endoso poliza 189133;;0;;;;NLAFORNARO;1022033;ENDOSO 40 POLIZA 189133  EC950EL Crawler;1;1;1;0;0;5000177226;18/6/2026;Servicios;CUMPLIDO;NACION SEGUROS SA;MR01;2/7/2026;11/6/2026;10152286;10;1;11/6/2026;12/6/2026;C16;4500130502;10;MR13;1;IBURALLI;18/6/2026;2/7/2026;C16;1;18/6/2026;1;0;1;-14;0;0;0;0;0;Sin aclaración;En curso - Próximo a vencer;;C16
00018 EQUIPOS;1000090096;20;ZPAN;endoso poliza 189133;;0;;;;NLAFORNARO;1022033;ENDOSO 41 POLIZA 189133 2 MOTOBOMBAS;1;1;1;0;0;5000177226;18/6/2026;Servicios;CUMPLIDO;NACION SEGUROS SA;MR01;2/7/2026;11/6/2026;10152286;20;1;11/6/2026;12/6/2026;C16;4500130502;20;MR13;1;IBURALLI;18/6/2026;2/7/2026;C16;1;18/6/2026;1;0;1;-14;0;0;0;0;0;Sin aclaración;En curso - Próximo a vencer;;C16
00018 EQUIPOS;1000090335;10;ZPAN;polizas torres;;0;;;;NLAFORNARO;1012963;poliza ST TORRES DE ILUMINACIONACION;1;1;1;0;0;5000178216;26/6/2026;Servicios;CUMPLIDO;SANCOR COOP. DE SEG. LTDA.;MR01;7/7/2026;16/6/2026;10152526;10;1;16/6/2026;18/6/2026;C16;4500131198;10;MR13;1;IBURALLI;25/6/2026;7/7/2026;C16;1;26/6/2026;2;0;1;-11;0;0;0;0;0;Sin aclaración;En curso - Próximo a vencer;;C16
00018 EQUIPOS;1000090563;10;ZPAN;ENDOSO POLIZA AUTOMO;;0;;;;NLAFORNARO;1022034;ENDOSO POLIZA 13432358 AH602DG y AH602DH;1;1;1;0;0;5000178215;26/6/2026;Servicios;CUMPLIDO;SANCOR COOP. DE SEG. LTDA.;MR01;13/7/2026;19/6/2026;10152881;10;1;19/6/2026;24/6/2026;C16;4500131209;10;MR13;1;IBURALLI;25/6/2026;13/7/2026;C16;1;26/6/2026;5;0;1;-17;0;0;0;0;0;Sin aclaración;En curso - Próximo a vencer;;C16
00018 EQUIPOS;1000090624;10;ZPAN;POLIZA 13432358;;0;;;;NLAFORNARO;1022034;ENDOSO N° 6134 POLIZA 13432358;1;1;1;0;0;5000178218;26/6/2026;Servicios;CUMPLIDO;SANCOR COOP. DE SEG. LTDA.;MR01;14/7/2026;22/6/2026;10152974;10;1;22/6/2026;24/6/2026;C16;4500131207;10;MR13;1;IBURALLI;25/6/2026;14/7/2026;C16;1;26/6/2026;2;0;1;-18;0;0;0;0;0;Sin aclaración;En curso - Próximo a vencer;;C16
00018 EQUIPOS;1000090757;10;ZPAN;81748 - INSTALACION;;0;;;;LMANSILLA;1022295;INSTALACION EQS RSV - AÑELO INT 81748;1;0;1;0;1;;;Servicios;ADJUDICADO;AC SAT S.R.L.;MR01;15/7/2026;24/6/2026;10153141;10;1;24/6/2026;24/6/2026;C25;4500131189;10;MR13;1;MPITTIA;25/6/2026;15/7/2026;C25;0;;0;0;1;0;0;0;0;0;0;Sin aclaración;En curso - Próximo a vencer;;C25
00018 EQUIPOS;1000090871;10;ZPAN;ENDOSO POLIZA AUTOMO;;0;;;;NLAFORNARO;1022034;ENDOSO n° 5467 POLIZA 13432358;1;0;0;1;0;;;Servicios;SIN TRATAMIENTO;;MR01;16/7/2026;25/6/2026;10153327;10;1;25/6/2026;29/6/2026;C16;;0;;0;;;;;0;;4;0;0;0;0;0;0;0;0;Sin aclaración;En curso - Próximo a vencer;;C16
00018 EQUIPOS;1000090874;10;ZPAN;ENDOSO POLIZA AUTOMO;;0;;;;NLAFORNARO;1022034;endoso n° 9387 poliza 13432358;1;0;0;1;0;;;Servicios;SIN TRATAMIENTO;;MR01;16/7/2026;25/6/2026;10153329;10;1;25/6/2026;29/6/2026;C16;;0;;0;;;;;0;;4;0;0;0;0;0;0;0;0;Sin aclaración;En curso - Próximo a vencer;;C16
00018 EQUIPOS;1000090874;20;ZPAN;ENDOSO POLIZA AUTOMO;;0;;;;NLAFORNARO;1022034;endoso n° 9361 poliza 13432358;1;0;0;1;0;;;Servicios;SIN TRATAMIENTO;;MR01;16/7/2026;25/6/2026;10153329;20;1;25/6/2026;29/6/2026;C16;;0;;0;;;;;0;;4;0;0;0;0;0;0;0;0;Sin aclaración;En curso - Próximo a vencer;;C16
00020 RENTAL;1000090997;10;ZPAN;43017 - ENVIO DE EQU;;0;;;;LMANSILLA;1012977;FLETE PLANCHADA CORTA H 4TN 6MT XVIAJE;1;0;0;1;0;;;Servicios;SIN TRATAMIENTO;;MR01;20/7/2026;29/6/2026;10153516;10;1;29/6/2026;29/6/2026;C15;;0;;0;;;;;0;;0;0;0;0;0;0;0;0;0;Sin aclaración;En curso - Próximo a vencer;;C15
00014 SISTEMAS;1000007841;10;ZPAN;CONTRATO-SAP;;0;;;;MLSIGAL;1013082;ABONO SISTEMA SAP - S/4 HANA CLOUD;16;15;16;0;1;5000153447;18/4/2024;Servicios;CUMPLIDO;SAP ARGENTINA SA;MR01;31/3/2026;21/4/2022;10010896;10;1;21/4/2022;21/4/2022;C24;4500012100;10;;1;VBARRA;26/4/2022;31/3/2026;C24;23;18/4/2024;0;3;1;-712;0;0;0;0;0;Sin aclaración;Vencido con cant pendiente a recep;;C24
00014 SISTEMAS;1000027099;70;ZPAN;Contrato SuccessFact;;0;;;;DINGRAO;1013082;Período 31.12.2025 - 30.12.2026;4;2;4;0;2;5000168818;13/4/2026;Servicios;CUMPLIDO PARCIAL;SAP ARGENTINA SA;MR01;30/12/2026;3/4/2023;10051168;70;1;3/4/2023;3/4/2023;C24;4500041032;70;MR14;1;MPITTIA;12/4/2023;30/12/2026;C24;2;13/4/2026;0;28;-739980;0;0;0;0;0;0;Sin aclaración;En curso;;C24
00014 SISTEMAS;1000027099;80;ZPAN;Contrato SuccessFact;;0;;;;DINGRAO;1013082;Período 31.12.2026 - 30.12.2027;4;0;4;0;4;;;Servicios;ADJUDICADO;SAP ARGENTINA SA;MR01;30/12/2027;3/4/2023;10051168;80;1;3/4/2023;3/4/2023;C24;4500041032;80;MR14;1;MPITTIA;12/4/2023;30/12/2027;C24;0;;0;28;-740345;0;0;0;0;0;0;Sin aclaración;En curso;;C24
00014 SISTEMAS;1000036472;50;ZPAN;Proyecto SSFF Contra;;0;;;;DINGRAO;1012850;SAP SFSF ECP 31.12.2025 - 30.12.2026;4;2;4;0;2;5000175536;3/6/2026;Materiales genericos;RECEPCIONADO PARCIAL;SAP ARGENTINA SA;MR01;30/12/2026;25/9/2023;10080792;40;1;25/9/2023;25/9/2023;C24;4500056475;40;MR14;1;MPITTIA;29/9/2023;30/12/2026;C24;2;3/6/2026;0;0;-739980;0;0;0;0;0;0;Sin aclaración;En curso;;C24
00014 SISTEMAS;1000036472;60;ZPAN;Proyecto SSFF Contra;;0;;;;DINGRAO;1012850;SAP SFSF ECP 31.12.2026 - 30.12.2027;4;0;4;0;4;;;Materiales genericos;ADJUDICADO;SAP ARGENTINA SA;MR01;30/12/2027;25/9/2023;10080792;60;1;25/9/2023;25/9/2023;C24;4500056475;60;MR14;1;MPITTIA;29/9/2023;30/12/2027;C24;0;;0;0;-740345;0;0;0;0;0;0;Sin aclaración;En curso;;C24
00014 SISTEMAS;1000051752;30;ZPAN;ADENDA SAP;;0;;;;DINGRAO;1029890;Adenda SAP SFSF 31.12.2025 - 30.12.2026;4;2;4;0;2;5000168818;13/4/2026;Servicios;CUMPLIDO PARCIAL;SAP ARGENTINA SA;MR01;30/12/2026;31/7/2024;10102703;30;1;31/7/2024;31/7/2024;C24;4500080559;30;MR14;1;JJCABRERA;2/8/2024;30/12/2026;C24;2;13/4/2026;0;6;1;-261;0;0;0;0;0;Sin aclaración;En curso;;C24
00014 SISTEMAS;1000051752;40;ZPAN;ADENDA SAP;;0;;;;DINGRAO;1029890;Adenda SAP SFSF 31.12.2026 - 30.12.2027;4;0;4;0;4;;;Servicios;ADJUDICADO;SAP ARGENTINA SA;MR01;30/12/2027;31/7/2024;10102703;40;1;31/7/2024;31/7/2024;C24;4500080559;40;MR14;1;JJCABRERA;2/8/2024;30/12/2027;C24;0;;0;6;1;0;0;0;0;0;0;Sin aclaración;En curso;;C24
00014 SISTEMAS;1000069560;10;ZPAN;Abono tu Recibo;;0;;;;MGOMEZ;1013087;ABONO TU RECIBO Agosto 25 - julio 26;12;12;12;0;0;5000168797;13/4/2026;Servicios;CUMPLIDO;VISMA ARGENTINA S.A.;MR01;31/7/2026;2/7/2025;10125124;10;1;2/7/2025;29/7/2025;C24;4500105363;10;MR14;1;MPITTIA;6/8/2025;31/7/2026;C24;9;13/4/2026;27;6;1;-109;0;0;0;0;0;Sin aclaración;En curso - Próximo a vencer;;C24
00014 SISTEMAS;1000069759;20;ZPAN;Sistema Minexus Cont;;0;;;;MGOMEZ;1042349;Abono Sistemas Minexus Jul2025-Jun2026;12;7;12;0;5;5000176980;16/6/2026;Servicios;CUMPLIDO PARCIAL;MINEXUS S.A.S.;MR01;30/6/2026;4/7/2025;10125393;20;1;4/7/2025;7/7/2025;C24;4500103211;20;MR14;1;MPITTIA;8/7/2025;30/6/2026;C24;8;16/6/2026;3;9;-739797;0;0;0;0;0;0;Sin aclaración;En curso - Próximo a vencer;;C24
00014 SISTEMAS;1000071041;10;ZPAN;.;;0;;;;MGOMEZ;1029365;SOPORTE AMS SAP PIPOBI;240;201;240;0;39;5000171732;6/5/2026;Servicios;CUMPLIDO PARCIAL;ALEJANDRES MAXIMILIANO NORBERTO;MR01;30/7/2026;28/7/2025;10127073;10;1;28/7/2025;29/7/2025;C24;4500105247;10;MR14;1;JPUPULIN;4/8/2025;31/5/2026;C24;8;6/5/2026;1;1;-210;126;0;0;0;0;0;Sin aclaración;En curso - Próximo a vencer;;C24
00014 SISTEMAS;1000071123;10;ZPAN;licencias primavera;;0;;;;DINGRAO;20000010;Primavera P6 Professional Project Manage;4;4;4;0;0;5000149455;20/10/2025;Materiales Sistemas;ALMACENADO;ORACLE ARGENTINA S.R.L.;MR01;1/8/2026;29/7/2025;10127152;10;1;29/7/2025;29/7/2025;C24;4500104849;10;MR14;1;MPITTIA;30/7/2025;1/8/2026;C24;1;20/10/2025;0;0;1;-285;0;0;0;0;0;Sin aclaración;En curso - Próximo a vencer;;C24
00014 SISTEMAS;1000071123;20;ZPAN;licencias primavera;;0;;;;DINGRAO;20000010;Software Update License & Support;1;1;1;0;0;5000149455;20/10/2025;Materiales Sistemas;ALMACENADO;ORACLE ARGENTINA S.R.L.;MR01;1/8/2026;29/7/2025;10127152;20;1;29/7/2025;29/7/2025;C24;4500104849;20;MR14;1;MPITTIA;30/7/2025;1/8/2026;C24;1;20/10/2025;0;0;1;-285;0;0;0;0;0;Sin aclaración;En curso - Próximo a vencer;;C24
00014 SISTEMAS;1000072104;10;ZPAN;Renovación Usuarios;;0;;;;MGOMEZ;1013086;Suscrip. Construct. Full x8u Sep25-Ago26;12;10;12;0;2;5000176064;8/6/2026;Servicios;CUMPLIDO PARCIAL;FINNEGANS SA;MR01;31/8/2026;13/8/2025;10128460;10;1;13/8/2025;14/8/2025;C24;4500106349;10;MR14;1;MPITTIA;19/8/2025;31/8/2026;C24;10;8/6/2026;1;2;1;-84;0;0;0;0;0;Sin aclaración;En curso;;C24
00014 SISTEMAS;1000072104;20;ZPAN;Renovación Usuarios;;0;;;;MGOMEZ;1013086;Suscrip. Us. Limitado x22u Sep25-Ago26;12;10;12;0;2;5000176064;8/6/2026;Servicios;CUMPLIDO PARCIAL;FINNEGANS SA;MR01;31/8/2026;13/8/2025;10128460;20;1;13/8/2025;14/8/2025;C24;4500106349;20;MR14;1;MPITTIA;19/8/2025;31/8/2026;C24;10;8/6/2026;1;2;1;-84;0;0;0;0;0;Sin aclaración;En curso;;C24
00014 SISTEMAS;1000072104;30;ZPAN;Renovación Usuarios;;0;;;;MGOMEZ;1013086;Suscrip. Maquinarias x1u Sep25-Ago26;12;10;12;0;2;5000176064;8/6/2026;Servicios;CUMPLIDO PARCIAL;FINNEGANS SA;MR01;31/8/2026;13/8/2025;10128460;30;1;13/8/2025;14/8/2025;C24;4500106349;30;MR14;1;MPITTIA;19/8/2025;31/8/2026;C24;10;8/6/2026;1;2;1;-84;0;0;0;0;0;Sin aclaración;En curso;;C24
00014 SISTEMAS;1000072319;20;ZPAN;Concur abano mensual;;0;;;;MGOMEZ;1013082;CONCUR-Setup:Expense-Prof. OCT25-SEP26;12;9;12;0;3;5000176755;12/6/2026;Servicios;CUMPLIDO PARCIAL;CONCUR HOLDINGS;MR01;30/9/2026;18/8/2025;10128721;20;1;9/10/2025;9/10/2025;C24;4500111043;10;MR14;1;MPITTIA;17/10/2025;30/9/2026;C24;9;12/6/2026;0;3;1;-110;0;0;0;0;0;Sin aclaración;En curso;;C24
00014 SISTEMAS;1000073221;10;ZPAN;Suscripción FG Apps;;0;;;;MGOMEZ;1013086;Suscripción FG Apps - DW;11;8;11;0;3;5000176062;8/6/2026;Servicios;CUMPLIDO PARCIAL;FINNEGANS SA;MR01;31/8/2026;2/9/2025;10130081;10;1;2/9/2025;2/9/2025;C24;4500108428;10;MR14;1;MPITTIA;12/9/2025;31/8/2026;C24;8;8/6/2026;0;0;1;-84;0;0;0;0;0;Sin aclaración;En curso;;C24
00014 SISTEMAS;1000074657;10;ZPAN;Renovacion ACAD AEC;;0;;;;DINGRAO;1013352;LICENCIA AEC Multiuser 2:1;4;4;4;0;0;5000147945;6/10/2025;Materiales Sistemas;ALMACENADO;ARQUICAD S R L;MR01;16/10/2026;25/9/2025;10131823;30;1;25/9/2025;25/9/2025;C24;4500109471;20;MR14;1;MPITTIA;26/9/2025;16/10/2026;C24;1;6/10/2025;0;3;1;-375;0;0;0;0;0;Sin aclaración;En curso - Total recepcionado;;C24
00014 SISTEMAS;1000074657;20;ZPAN;Renovacion ACAD AEC;;0;;;;DINGRAO;1013352;LICENCIA AEC;2;2;2;0;0;5000147945;6/10/2025;Materiales Sistemas;ALMACENADO;ARQUICAD S R L;MR01;16/10/2026;25/9/2025;10131823;20;1;25/9/2025;25/9/2025;C24;4500109471;10;MR14;1;MPITTIA;26/9/2025;16/10/2026;C24;1;6/10/2025;0;3;1;-375;0;0;0;0;0;Sin aclaración;En curso - Total recepcionado;;C24
00014 SISTEMAS;1000077103;10;ZPAN;ERP Finneg UY Full 3;;0;;;;MGOMEZ;1013086;ERP Finneg UY Full 3 users dic25-nov26;12;7;12;0;5;5000176065;8/6/2026;Servicios;CUMPLIDO PARCIAL;FINNEGANS SA;MR01;30/11/2026;4/11/2025;10135097;10;1;4/11/2025;6/11/2025;C24;4500112937;10;MR14;1;MPITTIA;11/11/2025;30/11/2026;C24;7;8/6/2026;2;6;1;-175;0;0;0;0;0;Sin aclaración;En curso;;C24
00014 SISTEMAS;1000078337;10;ZPAN;Tipo de cambio;;0;;;;MGOMEZ;1048260;SERVICIO COTIZACION DE MONEDA;1;1;1;0;0;5000154875;9/12/2025;Servicios;CUMPLIDO;INFOAVAL S.R.L.;MR01;10/12/2026;25/11/2025;10136655;10;1;25/11/2025;26/11/2025;C24;4500114538;10;MR14;1;MPITTIA;3/12/2025;10/12/2026;C24;1;9/12/2025;1;1;1;-366;0;0;0;0;0;Sin aclaración;En curso - Total recepcionado;;C24
00014 SISTEMAS;1000078845;10;ZPAN;usuarios FInnegans P;;0;;;;MGOMEZ;1013086;Susc. FG Peru 5 users limit. hasta Ago26;8;6;8;0;2;5000176063;8/6/2026;Servicios;CUMPLIDO PARCIAL;FINNEGANS SA;MR01;31/8/2026;2/12/2025;10137295;10;1;2/12/2025;3/12/2025;C24;4500115505;10;MR14;1;MPITTIA;16/12/2025;31/8/2026;C24;6;8/6/2026;1;22;1;-84;0;0;0;0;0;Sin aclaración;En curso;;C24
00014 SISTEMAS;1000080057;40;ZPAN;BlatoRH;;0;;;;MGOMEZ;1029365;Soporte EC+ECP Para ajuste;60;27;60;0;33;5000156813;29/12/2025;Servicios;CUMPLIDO PARCIAL;BLATORH GROUP S.R.L.;MR01;28/7/2026;23/12/2025;10138931;40;1;23/12/2025;26/12/2025;C24;4500116233;40;MR14;1;MPITTIA;26/12/2025;28/7/2026;C24;1;29/12/2025;3;3;-149;-61;0;0;0;0;0;Sin aclaración;En curso - Próximo a vencer;;C24
00014 SISTEMAS;1000080057;50;ZPAN;BlatoRH;;0;;;;MGOMEZ;1029365;Soporte EC+ECP Enero - Junio;780;600;780;0;180;5000176740;12/6/2026;Servicios;CUMPLIDO PARCIAL;BLATORH GROUP S.R.L.;MR01;28/7/2026;23/12/2025;10138931;50;1;3/2/2026;4/2/2026;C24;4500120448;30;MR14;1;MPITTIA;20/2/2026;30/6/2026;C24;7;12/6/2026;1;3;-149;104;0;0;0;0;0;Sin aclaración;En curso - Próximo a vencer;;C24
00014 SISTEMAS;1000080891;10;ZPAN;Sosporte BI;;0;;;;MGOMEZ;1049454;Soporte BI Enero/Marzo 2026;240;214;240;0;26;5000171919;6/5/2026;Servicios;CUMPLIDO PARCIAL;INTELIGENCIA ANALITICA SRL;MR01;31/7/2026;12/1/2026;10140169;10;1;12/1/2026;12/1/2026;C24;4500118073;10;MR14;1;MPITTIA;21/1/2026;31/3/2026;C24;3;6/5/2026;0;0;-121;36;0;0;0;0;0;Sin aclaración;En curso - Próximo a vencer;;C24
00014 SISTEMAS;1000080895;10;ZPAN;Implementación SFS P;;0;;;;MGOMEZ;1029365;Implementación SFSFPeru;565;0;565;0;565;;;Servicios;ADJUDICADO;BLATORH GROUP S.R.L.;MR01;12/1/2026;12/1/2026;10140172;10;1;12/1/2026;12/1/2026;C24;4500118323;10;MR14;1;NQUINTERO;23/1/2026;12/2/2026;C24;2;;0;4;1;0;0;0;0;0;0;Sin aclaración;Vencido con cant pendiente a recep;;C24
00014 SISTEMAS;1000080984;10;ZPAN;EHS OSHPRO;;0;;;;DINGRAO;1049480;Proyecto SAP EHS Incident Management;5;1;5;0;4;5000170195;22/4/2026;Servicios;CUMPLIDO PARCIAL;OSH PRO SRL;MR01;1/10/2026;13/1/2026;10140300;10;1;13/1/2026;14/1/2026;C24;4500118328;10;MR14;1;NQUINTERO;23/1/2026;1/10/2026;C24;1;22/4/2026;1;4;1;-162;0;0;0;0;0;Sin aclaración;En curso;;C24
00014 SISTEMAS;1000080984;20;ZPAN;EHS OSHPRO;;0;;;;DINGRAO;1049480;Proyecto SAP EHS Risk Assessment;5;0;5;0;5;;;Servicios;ADJUDICADO;OSH PRO SRL;MR01;1/10/2026;13/1/2026;10140300;20;1;13/1/2026;14/1/2026;C24;4500118328;20;MR14;1;NQUINTERO;23/1/2026;1/10/2026;C24;0;;1;4;1;0;0;0;0;0;0;Sin aclaración;En curso;;C24
00014 SISTEMAS;1000080984;30;ZPAN;EHS OSHPRO;;0;;;;DINGRAO;1049480;Proyecto SAP BTP Fiori para Inspecciones;4;0;4;0;4;;;Servicios;ADJUDICADO;OSH PRO SRL;MR01;1/10/2026;13/1/2026;10140300;30;1;13/1/2026;14/1/2026;C24;4500118328;30;MR14;1;NQUINTERO;23/1/2026;1/10/2026;C24;0;;1;4;1;0;0;0;0;0;0;Sin aclaración;En curso;;C24
00014 SISTEMAS;1000081648;10;ZPAN;oc Softtek;;0;;;;DINGRAO;1029365;SOP. AMS SAP Ene-Dic 2026;1800;771;1800;0;1029;5000176946;16/6/2026;Servicios;CUMPLIDO PARCIAL;CONSUL EN TECNOLOG DE INFOR SA;MR01;31/12/2026;23/1/2026;10141260;10;1;23/1/2026;26/1/2026;C24;4500118460;10;MR14;1;NQUINTERO;26/1/2026;31/12/2026;C24;5;16/6/2026;3;4;-327;130;0;0;0;0;0;Sin aclaración;En curso;;C24
00014 SISTEMAS;1000081753;10;ZPAN;Abono Neural;;0;;;;MGOMEZ;1013084;Abono Customer Care Presea 01/26 a 12/26;12;12;12;0;0;5000168843;13/4/2026;Servicios;CUMPLIDO;NEURALSOFT S.R.L.;MR01;31/12/2026;26/1/2026;10141411;10;1;26/1/2026;27/1/2026;C24;4500118745;10;MR14;1;MPITTIA;29/1/2026;31/12/2026;C24;3;13/4/2026;1;0;1;-262;0;0;0;0;0;Sin aclaración;En curso - Total recepcionado;;C24
00014 SISTEMAS;1000081753;20;ZPAN;Abono Neural;;0;;;;MGOMEZ;1013084;Upgrade Software Presea;2;2;2;0;0;5000168843;13/4/2026;Servicios;CUMPLIDO;NEURALSOFT S.R.L.;MR01;31/12/2026;26/1/2026;10141411;20;1;26/1/2026;27/1/2026;C24;4500118745;20;MR14;1;MPITTIA;29/1/2026;31/12/2026;C24;2;13/4/2026;1;0;1;-262;0;0;0;0;0;Sin aclaración;En curso - Total recepcionado;;C24
00014 SISTEMAS;1000082266;10;ZPAN;Licencia Fabric F2;;0;;;;MGOMEZ;1042357;LICENCIAS Fabric capacidad F2;12;0;12;0;12;;;Servicios;ADJUDICADO;NEXSYS ARGENTINA SA;MR01;30/3/2027;3/2/2026;10142031;10;1;3/2/2026;4/2/2026;C24;4500120179;10;MR14;1;MPITTIA;18/2/2026;1/2/2027;C24;0;;1;0;-407;0;0;0;0;0;0;Sin aclaración;En curso;;C24
00015 RRHH;1000049619;10;ZPAN;SERVICIO ENFERMERIA;;0;;;;JMARCHINI;1017930;SERVICIO ENFERMERIA XMES;19;19;19;0;0;5000157594;7/1/2026;Servicios;CUMPLIDO;IRT- MEDICINA P/EMPRESAS S.A.;MR01;31/7/2026;11/6/2024;10100069;10;1;11/6/2024;11/6/2024;C24;4500077972;10;2001;1;MPITTIA;24/6/2024;31/1/2026;C24;19;7/1/2026;0;9;-180;-24;0;0;0;0;0;Sin aclaración;En curso - Próximo a vencer;;C24
00015 RRHH;1000078263;10;ZPAN;TARJETA DAR;;0;;;;JMARCHINI;1034560;RECARGA VIRTUAL;384000000;134479700;384000000;0;249520300;5000177942;24/6/2026;Servicios;CUMPLIDO PARCIAL;DAVID ROSENTAL E HIJOS SACI;MR01;30/11/2026;21/11/2025;10136586;10;1;21/11/2025;25/11/2025;C24;4500113860;10;2001;2;MPITTIA;25/11/2025;30/11/2026;C24;15;24/6/2026;4;2;1;-159;0;0;0;0;0;Sin aclaración;En curso;;C24
00015 RRHH;1000079693;10;ZPAN;SERVICIOS PROFESIONA;;0;;;;JMARCHINI;1018236;ASESORAMIENTO EXTERNO SOPORTE;1;1;1;0;0;5000158085;12/1/2026;Servicios;CUMPLIDO;HAY ARGENTINA SA;MR01;31/12/2026;16/12/2025;10138447;10;1;16/12/2025;16/12/2025;C24;4500116835;10;2001;1;MPITTIA;7/1/2026;31/12/2026;C24;1;12/1/2026;0;0;1;-353;0;0;0;0;0;Sin aclaración;En curso - Total recepcionado;;C24
00015 RRHH;1000081030;10;ZPAN;SERVICIO ASESORAMIEN;;0;;;;JMARCHINI;1018236;ASESORAMIENTO EXTERNO SOPORTE;12;5;12;0;7;5000175777;4/6/2026;Servicios;CUMPLIDO PARCIAL;PEREZ MARZO SAS;MR01;31/12/2026;14/1/2026;10140374;10;1;14/1/2026;14/1/2026;C24;4500118104;10;2001;1;MPITTIA;21/1/2026;31/12/2026;C24;5;4/6/2026;0;12;1;-210;0;0;0;0;0;Sin aclaración;En curso;;C24
00015 RRHH;1000081031;10;ZPAN;PM 101 716 VIANDAS M;;0;;;;DYANEZ;1034560;RECARGA VIRTUAL MAXICONSUMO;60720000;21912808;60720000;0;38807192;5000175571;3/6/2026;Servicios;CUMPLIDO PARCIAL;MAXICONSUMO S A;MM01;28/12/2026;14/1/2026;10140375;10;1;14/1/2026;15/1/2026;C24;4500117642;10;2001;1;MPITTIA;16/1/2026;31/12/2026;C24;5;3/6/2026;1;3;-333;126;0;0;0;0;0;Sin aclaración;En curso;;C24
00015 RRHH;1000081893;10;ZPAN;EXAMENES MEDICOS PRE;;0;;;;JMARCHINI;1013130;EXAMEN PREOCUPACIONAL BASICO XUN;15000000;15000000;15000000;0;0;5000178525;29/6/2026;Servicios;CUMPLIDO;ASTROLABORAL SRL;MR01;31/12/2026;28/1/2026;10141603;10;1;28/1/2026;24/2/2026;C25;4500120819;10;2001;2;MPITTIA;25/2/2026;31/12/2026;C25;10;29/6/2026;27;7;1;-185;0;0;0;0;0;Sin aclaración;En curso - Total recepcionado;;C25
00015 RRHH;1000083537;10;ZPAN;EXAMENES MEDICOS PRE;;0;;;;JMARCHINI;1013130;EXAMEN PREOCUPACIONAL BASICO XUN;15000000;11100744,72;15000000;0;3899255,28;5000177975;24/6/2026;Servicios;CUMPLIDO PARCIAL;IRT- MEDICINA P/EMPRESAS S.A.;MR01;31/12/2026;24/2/2026;10143685;10;1;24/2/2026;24/2/2026;C25;4500121411;10;2001;1;MPITTIA;3/3/2026;31/12/2026;C25;23;24/6/2026;0;1;1;-190;0;0;0;0;0;Sin aclaración;En curso;;C25
00015 RRHH;1000087984;10;ZPAN;PLATAFORMA PODI BIZ;;0;;;;JMARCHINI;1034248;IMPLEMENTACION PLATAFORMA PODI BIZ;1;0,5;1;0;0,5;5000172723;12/5/2026;Servicios;CUMPLIDO PARCIAL;NIC SA;MR01;10/8/2026;7/5/2026;10149586;10;1;7/5/2026;7/5/2026;C24;4500127425;10;2001;1;MPITTIA;12/5/2026;30/7/2026;C24;1;12/5/2026;0;0;-60;-29;0;0;0;0;0;Sin aclaración;En curso - Próximo a vencer;;C24
00015 RRHH;1000088064;10;ZPAN;ASESORAMIENTO EXTERN;;0;;;;JMARCHINI;1018236;ASESORAMIENTO EXTERNO - MARIANA MUNTANER;1;0,5;1;0;0,5;5000172965;14/5/2026;Servicios;CUMPLIDO PARCIAL;MUNTANER MARIANA;MR01;31/10/2026;8/5/2026;10149700;10;1;8/5/2026;8/5/2026;C24;4500127639;10;2001;1;MPITTIA;14/5/2026;31/10/2026;C24;1;14/5/2026;0;0;1;-170;0;0;0;0;0;Sin aclaración;En curso;;C24
00015 RRHH;1000088208;10;ZPAN;ASESORAMIENTO EXTERN;;0;;;;JMARCHINI;1018236;ASESORAMIENTO EXTERNO SOPORTE;1;1;1;0;0;5000173952;21/5/2026;Servicios;CUMPLIDO;HAY ARGENTINA SA;MR01;1/6/2027;12/5/2026;10149972;10;1;12/5/2026;12/5/2026;C24;4500128318;10;2001;1;MPITTIA;21/5/2026;1/6/2027;C24;1;21/5/2026;0;0;1;-376;0;0;0;0;0;Sin aclaración;En curso - Total recepcionado;;C24
00015 RRHH;1000090901;10;ZPAN;EXAMENES PREOCUPACIO;;0;;;;JMARCHINI;1013130;EXAMEN PREOCUPACIONAL BASICO;15000000;1403922;15000000;0;13596078;5000178527;29/6/2026;Servicios;CUMPLIDO PARCIAL;ASTROLABORAL SRL;MR01;31/12/2026;26/6/2026;10153400;10;1;26/6/2026;26/6/2026;C25;4500131459;10;2001;1;MPITTIA;29/6/2026;31/12/2026;C25;1;29/6/2026;0;0;1;-185;0;0;0;0;0;Sin aclaración;En curso;;C25
00016 SEGURIDAD E HIGIENE;1000061096;10;ZPAN;MATRIZ DE CUMPLIMIEN;;0;;;;ASOTO;1026895;MATRIZ DE CUMPLIMIENTO LEGAL;1;1;1;0;29;5000125187;19/2/2025;Servicios;CUMPLIDO;CONSULDAR SRL;MR01;28/1/2026;28/1/2025;10114406;10;1;28/1/2025;30/1/2025;C24;4500092582;10;MR03;1;MPITTIA;31/1/2025;28/1/2026;C24;1;19/2/2025;2;0;1;-343;0;0;0;0;0;Sin aclaración;Vencido con cant pendiente a recep;;C24
00016 SEGURIDAD E HIGIENE;1000069565;10;ZPAN;SERVICIO DOSIMETRIA;;0;;;;JGONZALEZ;1042203;SERVICIO DE DOSIMETRIA;12;7;12;0;5;5000165643;16/3/2026;Servicios;CUMPLIDO PARCIAL;ASOC.CIVIL PROF TECRADIOL ROSA;MR01;1/8/2026;2/7/2025;10125160;10;1;2/7/2025;2/7/2025;C24;4500102995;10;2001;1;MPITTIA;4/7/2025;1/8/2026;C24;7;16/3/2026;0;0;1;-138;0;0;0;0;0;Sin aclaración;En curso - Próximo a vencer;;C24
00016 SEGURIDAD E HIGIENE;1000079634;10;ZPAN;RECARGA DE MATAFUEGO;;0;;;;GCAROSSO;1013039;RECARGA DE MATAFUEGO 10KG;80;10;80;0;70;5000176314;9/6/2026;Servicios;CUMPLIDO PARCIAL;IMPALLARI JULIAN LEONEL;MR01;15/1/2027;15/12/2025;10138343;10;1;15/12/2025;16/12/2025;C25;4500115610;10;2001;1;MPITTIA;17/12/2025;15/1/2027;C25;6;9/6/2026;1;34;1;-220;0;0;0;0;0;Sin aclaración;En curso;;C25
00016 SEGURIDAD E HIGIENE;1000079634;20;ZPAN;RECARGA DE MATAFUEGO;;0;;;;GCAROSSO;1013040;RECARGA DE MATAFUEGO 2KG;5;0;5;0;5;;;Servicios;ADJUDICADO;IMPALLARI JULIAN LEONEL;MR01;15/1/2027;15/12/2025;10138343;20;1;15/12/2025;16/12/2025;C25;4500115610;20;2001;1;MPITTIA;17/12/2025;15/1/2027;C25;0;;1;34;1;0;0;0;0;0;0;Sin aclaración;En curso;;C25
00016 SEGURIDAD E HIGIENE;1000079634;30;ZPAN;RECARGA DE MATAFUEGO;;0;;;;GCAROSSO;1013041;RECARGA DE MATAFUEGO 2,5KG;5;0;5;0;5;;;Servicios;ADJUDICADO;IMPALLARI JULIAN LEONEL;MR01;15/1/2027;15/12/2025;10138343;30;1;15/12/2025;16/12/2025;C25;4500115610;30;2001;1;MPITTIA;17/12/2025;15/1/2027;C25;2;;1;34;1;0;0;0;0;0;0;Sin aclaración;En curso;;C25
00016 SEGURIDAD E HIGIENE;1000079634;40;ZPAN;RECARGA DE MATAFUEGO;;0;;;;GCAROSSO;1013042;RECARGA DE MATAFUEGO 5KG;40;5;40;0;35;5000176314;9/6/2026;Servicios;CUMPLIDO PARCIAL;IMPALLARI JULIAN LEONEL;MR01;15/1/2027;15/12/2025;10138343;40;1;15/12/2025;16/12/2025;C25;4500115610;40;2001;1;MPITTIA;17/12/2025;15/1/2027;C25;5;9/6/2026;1;34;1;-220;0;0;0;0;0;Sin aclaración;En curso;;C25
00016 SEGURIDAD E HIGIENE;1000079634;60;ZPAN;RECARGA DE MATAFUEGO;;0;;;;GCAROSSO;1021937;RECARGA DE MATAFUEGO 25KG;5;0;5;0;5;;;Servicios;ADJUDICADO;IMPALLARI JULIAN LEONEL;MR01;15/1/2027;15/12/2025;10138343;60;1;15/12/2025;16/12/2025;C25;4500115610;60;2001;1;MPITTIA;17/12/2025;15/1/2027;C25;2;;1;34;1;0;0;0;0;0;0;Sin aclaración;En curso;;C25
00016 SEGURIDAD E HIGIENE;1000079634;70;ZPAN;RECARGA DE MATAFUEGO;;0;;;;GCAROSSO;1021938;RECARGA DE MATAFUEGO 50KG;5;0;5;0;5;;;Servicios;ADJUDICADO;IMPALLARI JULIAN LEONEL;MR01;15/1/2027;15/12/2025;10138343;70;1;15/12/2025;16/12/2025;C25;4500115610;70;2001;1;MPITTIA;17/12/2025;15/1/2027;C25;2;;1;34;1;0;0;0;0;0;0;Sin aclaración;En curso;;C25
00016 SEGURIDAD E HIGIENE;1000079634;80;ZPAN;RECARGA DE MATAFUEGO;;0;;;;GCAROSSO;1034388;RECAMBIO DE MANGUERA DE MATAFUEGO;5;1;5;0;4;5000176314;9/6/2026;Servicios;CUMPLIDO PARCIAL;IMPALLARI JULIAN LEONEL;MR01;15/1/2027;15/12/2025;10138343;80;1;15/12/2025;16/12/2025;C24;4500115610;80;2001;1;MPITTIA;17/12/2025;15/1/2027;C25;1;9/6/2026;1;34;1;-220;0;0;0;0;0;Sin aclaración;En curso;;C25
00016 SEGURIDAD E HIGIENE;1000079634;90;ZPAN;RECARGA DE MATAFUEGO;;0;;;;GCAROSSO;1034243;RECARGA KGS DE POLVO ABC;30;0;30;0;30;;;Servicios;ADJUDICADO;IMPALLARI JULIAN LEONEL;MR01;15/1/2027;15/12/2025;10138343;90;1;15/12/2025;16/12/2025;C24;4500115610;90;2001;1;MPITTIA;17/12/2025;15/1/2027;C25;0;;1;34;1;0;0;0;0;0;0;Sin aclaración;En curso;;C25
00016 SEGURIDAD E HIGIENE;1000079634;100;ZPAN;RECARGA DE MATAFUEGO;;0;;;;GCAROSSO;1034244;RECAMBIO DE PRECINTOS PLÁSTICOS;10;0;10;0;10;;;Servicios;ADJUDICADO;IMPALLARI JULIAN LEONEL;MR01;15/1/2027;15/12/2025;10138343;100;1;15/12/2025;16/12/2025;C24;4500115610;100;2001;1;MPITTIA;17/12/2025;15/1/2027;C25;0;;1;34;1;0;0;0;0;0;0;Sin aclaración;En curso;;C25
00016 SEGURIDAD E HIGIENE;1000079634;110;ZPAN;RECARGA DE MATAFUEGO;;0;;;;GCAROSSO;1034246;RECAMBIO DE MANOMETRO;5;1;5;0;4;5000176314;9/6/2026;Servicios;CUMPLIDO PARCIAL;IMPALLARI JULIAN LEONEL;MR01;15/1/2027;15/12/2025;10138343;110;1;15/12/2025;16/12/2025;C24;4500115610;110;2001;1;MPITTIA;17/12/2025;15/1/2027;C25;1;9/6/2026;1;34;1;-220;0;0;0;0;0;Sin aclaración;En curso;;C25
00016 SEGURIDAD E HIGIENE;1000079634;120;ZPAN;RECARGA DE MATAFUEGO;;0;;;;GCAROSSO;1034247;PRUEBA HIDRÁULICA C/ CERTIFICADO;50;2;50;0;48;5000176314;9/6/2026;Servicios;CUMPLIDO PARCIAL;IMPALLARI JULIAN LEONEL;MR01;15/1/2027;15/12/2025;10138343;120;1;15/12/2025;16/12/2025;C24;4500115610;120;2001;1;MPITTIA;17/12/2025;15/1/2027;C25;4;9/6/2026;1;34;1;-220;0;0;0;0;0;Sin aclaración;En curso;;C25
00016 SEGURIDAD E HIGIENE;1000079634;130;ZPAN;RECARGA DE MATAFUEGO;;0;;;;GCAROSSO;1034241;RECARGA DE MATAFUEGO BC X 10KG;5;0;5;0;5;;;Servicios;ADJUDICADO;IMPALLARI JULIAN LEONEL;MR01;15/1/2027;15/12/2025;10138343;130;1;15/12/2025;16/12/2025;C24;4500115610;130;2001;1;MPITTIA;17/12/2025;15/1/2027;C25;0;;1;34;1;0;0;0;0;0;0;Sin aclaración;En curso;;C25
00016 SEGURIDAD E HIGIENE;1000079634;140;ZPAN;RECARGA DE MATAFUEGO;;0;;;;GCAROSSO;1034242;RECARGA DE MATAFUEGO BC X 5KG;5;0;5;0;5;;;Servicios;ADJUDICADO;IMPALLARI JULIAN LEONEL;MR01;15/1/2027;15/12/2025;10138343;140;1;15/12/2025;16/12/2025;C24;4500115610;140;2001;1;MPITTIA;17/12/2025;15/1/2027;C25;0;;1;34;1;0;0;0;0;0;0;Sin aclaración;En curso;;C25
00016 SEGURIDAD E HIGIENE;1000079634;150;ZPAN;RECARGA DE MATAFUEGO;;0;;;;GCAROSSO;1035126;SERVICIO PINTURA-RESTAURACIÓN EXTINTORES;10;0;10;0;10;;;Servicios;ADJUDICADO;IMPALLARI JULIAN LEONEL;MR01;15/1/2027;15/12/2025;10138343;150;1;15/12/2025;16/12/2025;C24;4500115610;150;2001;1;MPITTIA;17/12/2025;15/1/2027;C25;0;;1;34;1;0;0;0;0;0;0;Sin aclaración;En curso;;C25
00016 SEGURIDAD E HIGIENE;1000079634;160;ZPAN;RECARGA DE MATAFUEGO;;0;;;;GCAROSSO;1048751;SERVICIO RECAMBIO VALVULA M30 P/EXTINTOR;5;0;5;0;5;;;Servicios;ADJUDICADO;IMPALLARI JULIAN LEONEL;MR01;15/1/2027;15/12/2025;10138343;170;1;16/12/2025;18/12/2025;C24;4500116703;10;2001;1;MPITTIA;6/1/2026;15/1/2027;C24;2;;2;0;1;0;0;0;0;0;0;Sin aclaración;En curso;;C24
00016 SEGURIDAD E HIGIENE;1000081394;10;ZPAN;SERVICIO MEDICO ROSA;;0;;;;VHEREÑU;1018836;SERVICIO MEDICO X MES;24;5;24;0;19;5000175565;3/6/2026;Servicios;CUMPLIDO PARCIAL;ALMIRON MAXIMILIANO;MR01;31/12/2028;20/1/2026;10140830;10;1;20/1/2026;20/1/2026;C24;4500118644;10;2001;1;MPITTIA;28/1/2026;31/12/2028;C24;5;3/6/2026;0;16;1;-942;0;0;0;0;0;Sin aclaración;En curso;;C24
00016 SEGURIDAD E HIGIENE;1000083820;10;ZPAN;SERVICIO DE ENFERMER;;0;;;;VHEREÑU;1017930;SERVICIO ENFERMERIA XMES;24;3;24;0;21;5000175407;3/6/2026;Servicios;CUMPLIDO PARCIAL;IRT- MEDICINA P/EMPRESAS S.A.;MR01;31/12/2027;27/2/2026;10144120;10;1;27/2/2026;27/2/2026;C24;4500123157;10;2001;1;MPITTIA;23/3/2026;31/3/2028;C24;3;3/6/2026;0;15;1;-576;0;0;0;0;0;Sin aclaración;En curso;;C24
00016 SEGURIDAD E HIGIENE;1000085177;10;ZPAN;CALCULO HUELLA DE CA;;0;;;;VHEREÑU;1041289;MEDICION DE HUELLA DE CARBONO;1;0,5;1;0;0,5;5000169077;14/4/2026;Servicios;CUMPLIDO PARCIAL;ALPA SERVICIOS AMBIENTALES S. R. L.;MR01;20/6/2026;19/3/2026;10145846;10;1;19/3/2026;20/3/2026;C24;4500123395;10;2001;1;MPITTIA;26/3/2026;15/6/2026;C24;1;14/4/2026;1;1;-50;-16;0;0;0;0;0;Sin aclaración;Vencido con cant pendiente a recep;;C24
00016 SEGURIDAD E HIGIENE;1000086593;10;ZPAN;MANTENIMIENTO MATRIZ;;0;;;;VHEREÑU;1049145;MANTENIMIENTO MENSUAL MATRIZ LEGAL;4;2;4;0;2;5000174757;29/5/2026;Servicios;CUMPLIDO PARCIAL;CONSULDAR SRL;MR01;31/8/2026;15/4/2026;10147709;10;1;15/4/2026;20/4/2026;C24;4500125725;10;2001;1;MPITTIA;22/4/2026;31/8/2026;C24;2;29/5/2026;5;0;1;-94;0;0;0;0;0;Sin aclaración;En curso;;C24
00016 SEGURIDAD E HIGIENE;1000087122;10;ZPAN;COMPOSTAJE IN COMPAN;;0;;;;VHEREÑU;1042844;MANTENIMIENTO COMPOSTERA XMES;8;0;8;0;8;;;Servicios;ADJUDICADO;GEA ROSARIO SA;MR01;31/12/2026;23/4/2026;10148390;10;1;23/4/2026;29/4/2026;C24;4500126458;10;2001;1;MPITTIA;30/4/2026;31/12/2026;C24;0;;6;6;1;0;0;0;0;0;0;Sin aclaración;En curso;;C24
00016 SEGURIDAD E HIGIENE;1000089462;10;ZPAN;INVESTIGACIÓN DE ACC;;0;;;;VHEREÑU;1056572;JORNADA BACK OFFICE;14;0;14;0;14;;;Servicios;ADJUDICADO;INTEGRA ECODINAMICA S.A;MR01;31/8/2026;2/6/2026;10151487;10;1;2/6/2026;3/6/2026;C24;4500130032;10;2001;1;MPITTIA;11/6/2026;31/8/2026;C24;0;;1;5;1;0;0;0;0;0;0;Sin aclaración;En curso;;C24
00016 SEGURIDAD E HIGIENE;1000089462;20;ZPAN;INVESTIGACIÓN DE ACC;;0;;;;VHEREÑU;1056575;REUNIONES VIRTUALES 2,5HS.;2;0;2;0;2;;;Servicios;ADJUDICADO;INTEGRA ECODINAMICA S.A;MR01;31/8/2026;2/6/2026;10151487;20;1;2/6/2026;3/6/2026;C24;4500130032;20;2001;1;MPITTIA;11/6/2026;31/8/2026;C24;0;;1;5;1;0;0;0;0;0;0;Sin aclaración;En curso;;C24
00016 SEGURIDAD E HIGIENE;1000089462;30;ZPAN;INVESTIGACIÓN DE ACC;;0;;;;VHEREÑU;1056583;TALLER PRESENCIAL DE 6HS.;4;0;4;0;4;;;Servicios;ADJUDICADO;INTEGRA ECODINAMICA S.A;MR01;31/8/2026;2/6/2026;10151487;30;1;2/6/2026;3/6/2026;C24;4500130032;30;2001;1;MPITTIA;11/6/2026;31/8/2026;C24;0;;1;5;1;0;0;0;0;0;0;Sin aclaración;En curso;;C24
00016 SEGURIDAD E HIGIENE;1000089462;40;ZPAN;INVESTIGACIÓN DE ACC;;0;;;;VHEREÑU;1056586;JORNADA DE COACHING DE IMPLEMENTACION.;2;0;2;0;2;;;Servicios;ADJUDICADO;INTEGRA ECODINAMICA S.A;MR01;31/8/2026;2/6/2026;10151487;40;1;2/6/2026;3/6/2026;C24;4500130032;40;2001;1;MPITTIA;11/6/2026;31/8/2026;C24;0;;1;5;1;0;0;0;0;0;0;Sin aclaración;En curso;;C24
00016 SEGURIDAD E HIGIENE;1000089832;10;ZPAN;ADICIONAL CONSULDAR;;0;;;;VHEREÑU;1049145;MANTENIMIENTO MENSUAL MATRIZ LEGAL;3;1;3;0;2;5000177753;23/6/2026;Servicios;CUMPLIDO PARCIAL;CONSULDAR SRL;MR01;31/8/2026;8/6/2026;10151931;10;1;8/6/2026;16/6/2026;C24;4500130277;10;2001;1;MPITTIA;16/6/2026;31/8/2026;C24;1;23/6/2026;8;0;1;-69;0;0;0;0;0;Sin aclaración;En curso;;C24
00022 DIRECTORIO;1000074914;10;ZPAN;POLIZA DE ACC PERSON;;0;;;;NLAFORNARO;1022032;POLIZA DE ACC PERSONALES GERENCIA;1;1;1;0;0;5000149617;21/10/2025;Servicios;CUMPLIDO;LA SEGUNDA CIA SEG. DE PERSONA;MR01;4/10/2026;30/9/2025;10132139;10;1;30/9/2025;30/9/2025;C16;4500111274;10;2001;2;JESPARZA;21/10/2025;4/10/2026;C16;3;21/10/2025;0;0;1;-348;0;0;0;0;0;Sin aclaración;En curso - Total recepcionado;;C16
00029-AMPLIACION SEDE ROSARIO;1000031987;10;ZPAN;Subc Albañileria;;0;;;;VMAZZOTTI;1012851;MO Trabajos albañileria;75000000;49500000;75000000;0;25500000;5000108570;15/8/2024;Materiales genericos;CONSUMIDO PARCIAL;CARLOS SEGOVIA;MR01;31/10/2026;4/7/2023;10061913;10;1;4/7/2023;4/7/2023;C26;4500047976;20;0029;2;AGONZALEZ;5/7/2023;31/10/2026;C26;12;15/8/2024;0;1;-669;-137;0;0;0;0;0;Sin aclaración;En curso;;C26
00029-AMPLIACION SEDE ROSARIO;1000078042;10;ZPAN;03 - mens limp;;0;;;;AFORTUNA;1022652;SERVICIO LIMPIEZA SEDE X MES;12;6;12;0;6;5000175527;3/6/2026;Servicios;CUMPLIDO PARCIAL;AM GASTRONOMÍA Y SERVICIOS SRL;MR01;9/1/2027;18/11/2025;10136266;10;1;18/11/2025;19/11/2025;C24;4500114885;10;0029;1;MPITTIA;9/12/2025;9/1/2027;C24;10;3/6/2026;1;0;-30;-189;0;0;0;0;0;03 Cert Mensual;En curso;Verde;C24
00029-AMPLIACION SEDE ROSARIO;1000079867;10;ZPAN;SUBC ELECTRICO;;20;;;;AFORTUNA;1012993;SUBC. OBRA ELECTRICA;1;0,24;1;0;0,76;5000177412;19/6/2026;Servicios;CUMPLIDO PARCIAL;CARUSO HORACIO NESTOR;MR01;4/8/2026;18/12/2025;10138724;10;1;18/12/2025;18/12/2025;C26;4500116089;10;0029;1;AGONZALEZ;23/12/2025;3/8/2026;C26;3;19/6/2026;0;3;-64;19;0;0;0;0;0;Sin aclaración;En curso - Próximo a vencer;;C26
00029-AMPLIACION SEDE ROSARIO;1000082057;10;ZPAN;SUBC SANITARIOS Y DE;;0;;;;AFORTUNA;1012994;SUBC.OBRA CIVIL - SANITARIOS;1;0;1;0;1;;;Servicios;ADJUDICADO;GALARZA CESAR ADRIAN;MR01;14/9/2026;30/1/2026;10141781;10;1;30/1/2026;30/1/2026;C26;4500119190;10;0029;1;AGONZALEZ;3/2/2026;15/9/2026;C26;0;;0;0;-97;0;0;0;0;0;0;Sin aclaración;En curso;;C26
00029-AMPLIACION SEDE ROSARIO;1000086107;20;ZPAN;CC29;;0;;;;AFORTUNA;1055105;INSTALACION AMOBLAMIENTOS;32,2;0;32,2;0;32,2;;;Servicios;ADJUDICADO;OBRAS ACUSTICAS SRL;MR01;15/9/2026;7/4/2026;10147025;20;1;7/4/2026;8/4/2026;C19;4500125320;20;0029;1;GDIAZ;17/4/2026;31/8/2026;C19;0;;1;3;-45;0;0;0;0;0;0;Sin aclaración;En curso;;C19
00029-AMPLIACION SEDE ROSARIO;1000086107;40;ZPAN;CC29;;0;;;;AFORTUNA;1012981;ENVIO A OBRA;1;0;1;0;1;;;Servicios;ADJUDICADO;OBRAS ACUSTICAS SRL;MR01;15/9/2026;7/4/2026;10147025;40;1;7/4/2026;8/4/2026;C19;4500125320;40;0029;1;GDIAZ;17/4/2026;31/8/2026;C19;0;;1;3;-45;0;0;0;0;0;0;Sin aclaración;En curso;;C19
00029-AMPLIACION SEDE ROSARIO;1000086107;60;ZPAN;CC29;;0;;;;AFORTUNA;1055105;INSTALACION AMOBLAMIENTOS;12,8;0;12,8;0;12,8;;;Servicios;ADJUDICADO;OBRAS ACUSTICAS SRL;MR01;15/9/2026;7/4/2026;10147025;60;1;7/4/2026;8/4/2026;C19;4500125320;60;0029;1;GDIAZ;17/4/2026;31/8/2026;C19;0;;1;3;-45;0;0;0;0;0;0;Sin aclaración;En curso;;C19
00029-AMPLIACION SEDE ROSARIO;1000086107;70;ZPAN;CC29;;0;;;;AFORTUNA;1012981;ENVIO A OBRA;1;0;1;0;1;;;Servicios;ADJUDICADO;OBRAS ACUSTICAS SRL;MR01;15/9/2026;7/4/2026;10147025;70;1;7/4/2026;8/4/2026;C19;4500125320;70;0029;1;GDIAZ;17/4/2026;31/8/2026;C19;0;;1;3;-45;0;0;0;0;0;0;Sin aclaración;En curso;;C19
00029-AMPLIACION SEDE ROSARIO;1000086107;90;ZPAN;CC29;;0;;;;AFORTUNA;1055105;INSTALACION AMOBLAMIENTOS;11,4;0;11,4;0;11,4;;;Servicios;ADJUDICADO;OBRAS ACUSTICAS SRL;MR01;15/9/2026;7/4/2026;10147025;90;1;7/4/2026;8/4/2026;C19;4500125320;90;0029;1;GDIAZ;17/4/2026;31/8/2026;C19;0;;1;3;-45;0;0;0;0;0;0;Sin aclaración;En curso;;C19
00029-AMPLIACION SEDE ROSARIO;1000086107;100;ZPAN;CC29;;0;;;;AFORTUNA;1012981;ENVIO A OBRA;1;0;1;0;1;;;Servicios;ADJUDICADO;OBRAS ACUSTICAS SRL;MR01;15/9/2026;7/4/2026;10147025;100;1;7/4/2026;8/4/2026;C19;4500125320;100;0029;1;GDIAZ;17/4/2026;31/8/2026;C19;0;;1;3;-45;0;0;0;0;0;0;Sin aclaración;En curso;;C19
00029-AMPLIACION SEDE ROSARIO;1000086458;10;ZPAN;CC29;;0;;;;AFORTUNA;1048233;SERVICIO COLOCACION CORTINA;1;0;1;0;1;;;Servicios;ADJUDICADO;BELLUCCINI MARIA GABRIELA;MR01;14/9/2026;13/4/2026;10147478;10;1;13/4/2026;13/4/2026;C26;4500124963;10;0029;1;YCOLMAN;14/4/2026;14/9/2026;C26;0;;0;7;-75;0;0;0;0;0;0;Sin aclaración;En curso;;C26
00029-AMPLIACION SEDE ROSARIO;1000086458;20;ZPAN;CC29;;0;;;;AFORTUNA;1012825;PLANTA BAJA;1;1;1;0;0;5000175474;3/6/2026;Materiales genericos;ALMACENADO;BELLUCCINI MARIA GABRIELA;MR01;14/9/2026;13/4/2026;10147478;20;1;13/4/2026;13/4/2026;C26;4500124963;20;0029;1;YCOLMAN;14/4/2026;14/9/2026;C26;1;3/6/2026;0;7;-75;-27;0;0;0;0;0;Sin aclaración;En curso - Total recepcionado;;C26
00029-AMPLIACION SEDE ROSARIO;1000086458;30;ZPAN;CC29;;0;;;;AFORTUNA;1012825;PRIMER PISO;1;1;1;0;0;5000175474;3/6/2026;Materiales genericos;ALMACENADO;BELLUCCINI MARIA GABRIELA;MR01;14/9/2026;13/4/2026;10147478;30;1;13/4/2026;13/4/2026;C26;4500124963;30;0029;1;YCOLMAN;14/4/2026;14/9/2026;C26;1;3/6/2026;0;7;-75;-27;0;0;0;0;0;Sin aclaración;En curso - Total recepcionado;;C26
00029-AMPLIACION SEDE ROSARIO;1000086458;40;ZPAN;CC29;;0;;;;AFORTUNA;1012825;SEGUNDO PISO;1;1;1;0;0;5000175474;3/6/2026;Materiales genericos;ALMACENADO;BELLUCCINI MARIA GABRIELA;MR01;14/9/2026;13/4/2026;10147478;40;1;13/4/2026;13/4/2026;C26;4500124963;40;0029;1;YCOLMAN;14/4/2026;14/9/2026;C26;1;3/6/2026;0;7;-75;-27;0;0;0;0;0;Sin aclaración;En curso - Total recepcionado;;C26
00029-AMPLIACION SEDE ROSARIO;1000086458;50;ZPAN;CC29;;0;;;;AFORTUNA;1012825;AUDITORIO;1;1;1;0;0;5000175474;3/6/2026;Materiales genericos;ALMACENADO;BELLUCCINI MARIA GABRIELA;MR01;14/9/2026;13/4/2026;10147478;50;1;13/4/2026;13/4/2026;C26;4500124963;50;0029;1;YCOLMAN;14/4/2026;14/9/2026;C26;1;3/6/2026;0;7;-75;-27;0;0;0;0;0;Sin aclaración;En curso - Total recepcionado;;C26
00029-AMPLIACION SEDE ROSARIO;1000086458;60;ZPAN;CC29;;0;;;;AFORTUNA;1012825;TERCER PISO;1;1;1;0;0;5000175474;3/6/2026;Materiales genericos;ALMACENADO;BELLUCCINI MARIA GABRIELA;MR01;14/9/2026;13/4/2026;10147478;60;1;13/4/2026;13/4/2026;C26;4500124963;60;0029;1;YCOLMAN;14/4/2026;14/9/2026;C26;1;3/6/2026;0;7;-75;-27;0;0;0;0;0;Sin aclaración;En curso - Total recepcionado;;C26
00029-AMPLIACION SEDE ROSARIO;1000086856;10;ZPAN;PEDIDO S/ MAIL ADJ.;;0;;;;ASIGNORELLI;1055105;COLOCACION ALFOMBRA;235;0;235;0;235;;;Servicios;ADJUDICADO;KALPAKIAN HERMANOS SOCIEDAD ANONIMA;MR01;31/8/2026;20/4/2026;10148056;10;1;20/4/2026;20/4/2026;C26;4500126575;10;0029;1;YCOLMAN;30/4/2026;18/9/2026;C26;0;;0;4;1;0;0;0;0;0;0;Sin aclaración;En curso;;C26
00029-AMPLIACION SEDE ROSARIO;1000086856;20;ZPAN;PEDIDO S/ MAIL ADJ.;;0;;;;ASIGNORELLI;1055111;BAJO ALFOMBRA INIFUGO;235;0;235;0;235;;;Materiales genericos;ADJUDICADO;KALPAKIAN HERMANOS SOCIEDAD ANONIMA;MR01;31/8/2026;20/4/2026;10148056;20;1;20/4/2026;20/4/2026;C26;4500126575;20;0029;1;YCOLMAN;30/4/2026;18/9/2026;C26;0;;0;4;1;0;0;0;0;0;0;Sin aclaración;En curso;;C26
00029-AMPLIACION SEDE ROSARIO;1000086856;30;ZPAN;PEDIDO S/ MAIL ADJ.;;0;;;;ASIGNORELLI;1055105;COLOCACION MOQUETTA NUEVA;235;0;235;0;235;;;Servicios;ADJUDICADO;KALPAKIAN HERMANOS SOCIEDAD ANONIMA;MR01;31/8/2026;20/4/2026;10148056;30;1;20/4/2026;20/4/2026;C26;4500126575;30;0029;1;YCOLMAN;30/4/2026;18/9/2026;C26;0;;0;4;1;0;0;0;0;0;0;Sin aclaración;En curso;;C26
00029-AMPLIACION SEDE ROSARIO;1000086856;40;ZPAN;PEDIDO S/ MAIL ADJ.;;0;;;;ASIGNORELLI;1055105;COLOCACION BAJO AFOMBRA;235;0;235;0;235;;;Servicios;ADJUDICADO;KALPAKIAN HERMANOS SOCIEDAD ANONIMA;MR01;31/8/2026;20/4/2026;10148056;40;1;20/4/2026;20/4/2026;C26;4500126575;40;0029;1;YCOLMAN;30/4/2026;18/9/2026;C26;0;;0;4;1;0;0;0;0;0;0;Sin aclaración;En curso;;C26
00029-AMPLIACION SEDE ROSARIO;1000086856;50;ZPAN;PEDIDO S/ MAIL ADJ.;;0;;;;ASIGNORELLI;1012860;ULTRABOND V4SP EVOLUTION X 14 KG;8;0;8;0;8;;;Materiales genericos;ADJUDICADO;KALPAKIAN HERMANOS SOCIEDAD ANONIMA;MR01;31/8/2026;20/4/2026;10148056;50;1;20/4/2026;20/4/2026;C26;4500126575;50;0029;1;YCOLMAN;30/4/2026;18/9/2026;C26;0;;0;4;1;0;0;0;0;0;0;Sin aclaración;En curso;;C26
00029-AMPLIACION SEDE ROSARIO;1000086856;60;ZPAN;PEDIDO S/ MAIL ADJ.;;0;;;;ASIGNORELLI;1055111;VARILLA ALUM. DESNIVEL P/PEGAR 2,5 ML;3;0;3;0;3;;;Materiales genericos;ADJUDICADO;KALPAKIAN HERMANOS SOCIEDAD ANONIMA;MR01;31/8/2026;20/4/2026;10148056;60;1;20/4/2026;20/4/2026;C26;4500126575;60;0029;1;YCOLMAN;30/4/2026;18/9/2026;C26;0;;0;4;1;0;0;0;0;0;0;Sin aclaración;En curso;;C26
00029-AMPLIACION SEDE ROSARIO;1000086856;70;ZPAN;PEDIDO S/ MAIL ADJ.;;0;;;;ASIGNORELLI;1055537;COLOCACION VARILLA / PERFIL X ML;3;0;3;0;3;;;Servicios;ADJUDICADO;KALPAKIAN HERMANOS SOCIEDAD ANONIMA;MR01;31/8/2026;20/4/2026;10148056;70;1;20/4/2026;20/4/2026;C26;4500126575;70;0029;1;YCOLMAN;30/4/2026;18/9/2026;C26;0;;0;4;1;0;0;0;0;0;0;Sin aclaración;En curso;;C26
00029-AMPLIACION SEDE ROSARIO;1000087516;10;ZPAN;PEDIDO S/ MAIL ADJ.;;0;;;;ASIGNORELLI;1055105;MANO OBRA CIELORRAZO;2340;649;2340;0;1691;5000177985;24/6/2026;Servicios;CUMPLIDO PARCIAL;GONZALEZ HECTOR DANIEL;MR01;15/10/2026;29/4/2026;10148881;10;1;29/4/2026;29/4/2026;C26;4500126842;10;0029;1;YCOLMAN;6/5/2026;12/8/2026;C26;4;24/6/2026;0;2;-63;-49;0;0;0;0;0;Sin aclaración;En curso;;C26
00029-AMPLIACION SEDE ROSARIO;1000087537;10;ZPAN;PEDIDO S/ MAIL ADJ.;;0;;;;ASIGNORELLI;1042362;MO+ AMOBLAM. COCINA LINEA PREMIUN PB;1;0;1;0;1;;;Servicios;ADJUDICADO;APROCONS SA;MR01;18/8/2026;29/4/2026;10148894;60;1;29/4/2026;29/4/2026;C26;4500126760;10;0029;1;YCOLMAN;5/5/2026;18/8/2026;C26;0;;0;3;-33;0;0;0;0;0;0;Sin aclaración;En curso;;C26
00029-AMPLIACION SEDE ROSARIO;1000087537;20;ZPAN;PEDIDO S/ MAIL ADJ.;;0;;;;ASIGNORELLI;1042362;MO+ AMOBLAM. COCINA LINEA PREMIUN 1°PISO;1;0;1;0;1;;;Servicios;ADJUDICADO;APROCONS SA;MR01;18/8/2026;29/4/2026;10148894;70;1;29/4/2026;29/4/2026;C26;4500126760;20;0029;1;YCOLMAN;5/5/2026;18/8/2026;C26;0;;0;3;-33;0;0;0;0;0;0;Sin aclaración;En curso;;C26
00029-AMPLIACION SEDE ROSARIO;1000087537;30;ZPAN;PEDIDO S/ MAIL ADJ.;;0;;;;ASIGNORELLI;1042362;MO+ AMOBLAM. COCINA LINEA PREMIUN 2°PISO;1;0;1;0;1;;;Servicios;ADJUDICADO;APROCONS SA;MR01;18/8/2026;29/4/2026;10148894;80;1;29/4/2026;29/4/2026;C26;4500126760;30;0029;1;YCOLMAN;5/5/2026;18/8/2026;C26;0;;0;3;-33;0;0;0;0;0;0;Sin aclaración;En curso;;C26
00029-AMPLIACION SEDE ROSARIO;1000087537;40;ZPAN;PEDIDO S/ MAIL ADJ.;;0;;;;ASIGNORELLI;1042362;MO+AMOBLAM. COCINA LINEA PREMIUN COMEDOR;1;0;1;0;1;;;Servicios;ADJUDICADO;APROCONS SA;MR01;18/8/2026;29/4/2026;10148894;90;1;29/4/2026;29/4/2026;C26;4500126760;40;0029;1;YCOLMAN;5/5/2026;18/8/2026;C26;0;;0;3;-33;0;0;0;0;0;0;Sin aclaración;En curso;;C26
00029-AMPLIACION SEDE ROSARIO;1000087537;50;ZPAN;PEDIDO S/ MAIL ADJ.;;0;;;;ASIGNORELLI;1042362;MO + BARRA COMEDOR;1;0;1;0;1;;;Servicios;ADJUDICADO;APROCONS SA;MR01;18/8/2026;29/4/2026;10148894;100;1;29/4/2026;29/4/2026;C26;4500126760;50;0029;1;YCOLMAN;5/5/2026;18/8/2026;C26;0;;0;3;-33;0;0;0;0;0;0;Sin aclaración;En curso;;C26
00029-AMPLIACION SEDE ROSARIO;1000087537;60;ZPAN;PEDIDO S/ MAIL ADJ.;;0;;;;ASIGNORELLI;1012652;ESCURREPLATOS;2;0;2;0;2;;;Materiales genericos;ADJUDICADO;APROCONS SA;MR01;18/8/2026;29/4/2026;10148894;110;1;29/4/2026;29/4/2026;C26;4500126760;60;0029;1;YCOLMAN;5/5/2026;18/8/2026;C26;0;;0;3;-33;0;0;0;0;0;0;Sin aclaración;En curso;;C26
00029-AMPLIACION SEDE ROSARIO;1000090065;10;ZPAN;Solicita N. Quintero;;0;;;;JRUIZ;1029307;CAJA CABLE UTP;4;0;4;0;4;;;Materiales usuales;ADJUDICADO;HARDTEC S.R.L.;MR01;2/7/2026;11/6/2026;10152259;10;1;11/6/2026;11/6/2026;C26;4500130397;10;0029;1;YCOLMAN;17/6/2026;22/7/2026;C26;0;;0;2;1;0;0;0;0;0;0;Sin aclaración;En curso - Próximo a vencer;;C26
00029-AMPLIACION SEDE ROSARIO;1000090065;20;ZPAN;Solicita N. Quintero;;0;;;;JRUIZ;1016679;Fichas RJ 45;60;0;60;0;60;;;Materiales usuales;ADJUDICADO;HARDTEC S.R.L.;MR01;2/7/2026;11/6/2026;10152259;20;1;11/6/2026;11/6/2026;C26;4500130397;20;0029;1;YCOLMAN;17/6/2026;22/7/2026;C26;0;;0;2;1;0;0;0;0;0;0;Sin aclaración;En curso - Próximo a vencer;;C26
00029-AMPLIACION SEDE ROSARIO;1000090065;30;ZPAN;Solicita N. Quintero;;0;;;;JRUIZ;20000160;Patch Panel RJ45 24 Puestos;3;0;3;0;3;;;Materiales Sistemas;ADJUDICADO;HARDTEC S.R.L.;MR01;2/7/2026;11/6/2026;10152259;30;1;11/6/2026;11/6/2026;C26;4500130397;30;0029;1;YCOLMAN;17/6/2026;22/7/2026;C26;0;;0;2;1;0;0;0;0;0;0;Sin aclaración;En curso - Próximo a vencer;;C26
00029-AMPLIACION SEDE ROSARIO;1000090065;40;ZPAN;Solicita N. Quintero;;0;;;;JRUIZ;20000162;Patchcord UTP 0,6m;60;0;60;0;60;;;Materiales Sistemas;ADJUDICADO;HARDTEC S.R.L.;MR01;2/7/2026;11/6/2026;10152259;40;1;11/6/2026;11/6/2026;C26;4500130397;40;0029;1;YCOLMAN;17/6/2026;22/7/2026;C26;0;;0;2;1;0;0;0;0;0;0;Sin aclaración;En curso - Próximo a vencer;;C26
00029-AMPLIACION SEDE ROSARIO;1000090065;50;ZPAN;Solicita N. Quintero;;0;;;;JRUIZ;20000164;Patchcord LC-LC;8;0;8;0;8;;;Materiales Sistemas;ADJUDICADO;HARDTEC S.R.L.;MR01;2/7/2026;11/6/2026;10152259;50;1;11/6/2026;11/6/2026;C26;4500130397;50;0029;1;YCOLMAN;17/6/2026;22/7/2026;C26;0;;0;2;1;0;0;0;0;0;0;Sin aclaración;En curso - Próximo a vencer;;C26
00029-AMPLIACION SEDE ROSARIO;1000090065;60;ZPAN;Solicita N. Quintero;;0;;;;JRUIZ;20000163;Patchcord UTP 1,2m;4;0;4;0;4;;;Materiales Sistemas;ADJUDICADO;HARDTEC S.R.L.;MR01;2/7/2026;11/6/2026;10152259;60;1;11/6/2026;11/6/2026;C26;4500130397;60;0029;1;YCOLMAN;17/6/2026;22/7/2026;C26;0;;0;2;1;0;0;0;0;0;0;Sin aclaración;En curso - Próximo a vencer;;C26
00029-AMPLIACION SEDE ROSARIO;1000090065;70;ZPAN;Solicita N. Quintero;;0;;;;JRUIZ;20000161;Roseta RJ45;15;0;15;0;15;;;Materiales Sistemas;ADJUDICADO;HARDTEC S.R.L.;MR01;2/7/2026;11/6/2026;10152259;70;1;11/6/2026;11/6/2026;C26;4500130397;70;0029;1;YCOLMAN;17/6/2026;22/7/2026;C26;0;;0;2;1;0;0;0;0;0;0;Sin aclaración;En curso - Próximo a vencer;;C26
00029-AMPLIACION SEDE ROSARIO;1000090065;80;ZPAN;Solicita N. Quintero;;0;;;;JRUIZ;1027520;CANAL DE TENSIÓN;2;0;2;0;2;;;Materiales usuales;ADJUDICADO;HARDTEC S.R.L.;MR01;2/7/2026;11/6/2026;10152259;80;1;11/6/2026;11/6/2026;C26;4500130397;80;0029;1;YCOLMAN;17/6/2026;22/7/2026;C26;0;;0;2;1;0;0;0;0;0;0;Sin aclaración;En curso - Próximo a vencer;;C26
00029-AMPLIACION SEDE ROSARIO;1000090065;90;ZPAN;Solicita N. Quintero;;0;;;;JRUIZ;1027520;CANAL DE TENSIÓN;4;0;4;0;4;;;Materiales usuales;ADJUDICADO;HARDTEC S.R.L.;MR01;2/7/2026;11/6/2026;10152259;90;1;11/6/2026;11/6/2026;C26;4500130397;90;0029;1;YCOLMAN;17/6/2026;22/7/2026;C26;0;;0;2;1;0;0;0;0;0;0;Sin aclaración;En curso - Próximo a vencer;;C26
00029-AMPLIACION SEDE ROSARIO;1000090065;100;ZPAN;Solicita N. Quintero;;0;;;;JRUIZ;1027518;"RACK 19"" SISTEMAS";2;0;2;0;2;;;Materiales usuales;ADJUDICADO;HARDTEC S.R.L.;MR01;2/7/2026;11/6/2026;10152259;100;1;11/6/2026;11/6/2026;C26;4500130397;100;0029;1;YCOLMAN;17/6/2026;22/7/2026;C26;0;;0;2;1;0;0;0;0;0;0;Sin aclaración;En curso - Próximo a vencer;;C26
00029-AMPLIACION SEDE ROSARIO;1000090065;110;ZPAN;Solicita N. Quintero;;0;;;;JRUIZ;1027518;"RACK 19"" SISTEMAS";2;0;2;0;2;;;Materiales usuales;ADJUDICADO;HARDTEC S.R.L.;MR01;2/7/2026;11/6/2026;10152259;110;1;11/6/2026;11/6/2026;C26;4500130397;110;0029;1;YCOLMAN;17/6/2026;22/7/2026;C26;0;;0;2;1;0;0;0;0;0;0;Sin aclaración;En curso - Próximo a vencer;;C26
00029-AMPLIACION SEDE ROSARIO;1000090065;120;ZPAN;Solicita N. Quintero;;0;;;;JRUIZ;20000166;Fibra Optica OS2 x Metro;60;0;60;0;60;;;Materiales Sistemas;ADJUDICADO;HARDTEC S.R.L.;MR01;2/7/2026;11/6/2026;10152259;120;1;11/6/2026;11/6/2026;C26;4500130397;120;0029;1;YCOLMAN;17/6/2026;22/7/2026;C26;0;;0;2;1;0;0;0;0;0;0;Sin aclaración;En curso - Próximo a vencer;;C26
00029-AMPLIACION SEDE ROSARIO;1000090065;130;ZPAN;Solicita N. Quintero;;0;;;;JRUIZ;20000166;Fibra Optica OS2 x Metro;220;0;220;0;220;;;Materiales Sistemas;ADJUDICADO;HARDTEC S.R.L.;MR01;2/7/2026;11/6/2026;10152259;130;1;11/6/2026;11/6/2026;C26;4500130397;130;0029;1;YCOLMAN;17/6/2026;22/7/2026;C26;0;;0;2;1;0;0;0;0;0;0;Sin aclaración;En curso - Próximo a vencer;;C26
00029-AMPLIACION SEDE ROSARIO;1000090065;140;ZPAN;Solicita N. Quintero;;0;;;;JRUIZ;1027519;"BANDEJA RACK 19""";5;0;5;0;5;;;Materiales usuales;ADJUDICADO;HARDTEC S.R.L.;MR01;2/7/2026;11/6/2026;10152259;140;1;11/6/2026;11/6/2026;C26;4500130397;140;0029;1;YCOLMAN;17/6/2026;22/7/2026;C26;0;;0;2;1;0;0;0;0;0;0;Sin aclaración;En curso - Próximo a vencer;;C26
00029-AMPLIACION SEDE ROSARIO;1000090065;150;ZPAN;Solicita N. Quintero;;0;;;;JRUIZ;20000167;Piso Tecnico x Metro2;15;0;15;0;15;;;Materiales Sistemas;ADJUDICADO;HARDTEC S.R.L.;MR01;2/7/2026;11/6/2026;10152259;150;1;11/6/2026;11/6/2026;C26;4500130397;150;0029;1;YCOLMAN;17/6/2026;22/7/2026;C26;0;;0;2;1;0;0;0;0;0;0;Sin aclaración;En curso - Próximo a vencer;;C26
00029-AMPLIACION SEDE ROSARIO;1000090065;160;ZPAN;Solicita N. Quintero;;0;;;;JRUIZ;20000098;TRANSCEIVER SFP+;16;0;16;0;16;;;Materiales Sistemas;ADJUDICADO;HARDTEC S.R.L.;MR01;2/7/2026;11/6/2026;10152259;160;1;11/6/2026;11/6/2026;C26;4500130397;160;0029;1;YCOLMAN;17/6/2026;22/7/2026;C26;0;;0;2;1;0;0;0;0;0;0;Sin aclaración;En curso - Próximo a vencer;;C26
00029-AMPLIACION SEDE ROSARIO;1000090065;170;ZPAN;Solicita N. Quintero;;0;;;;JRUIZ;20000093;MEDIA CONVERTER 10GbE;2;0;2;0;2;;;Materiales Sistemas;ADJUDICADO;HARDTEC S.R.L.;MR01;2/7/2026;11/6/2026;10152259;170;1;11/6/2026;11/6/2026;C26;4500130397;170;0029;1;YCOLMAN;17/6/2026;22/7/2026;C26;0;;0;2;1;0;0;0;0;0;0;Sin aclaración;En curso - Próximo a vencer;;C26
00029-AMPLIACION SEDE ROSARIO;1000090065;180;ZPAN;Solicita N. Quintero;;0;;;;JRUIZ;1022295;Certificación de puestos de red Cat.6;30;0;30;0;30;;;Servicios;ADJUDICADO;HARDTEC S.R.L.;MR01;2/7/2026;11/6/2026;10152259;180;1;17/6/2026;17/6/2026;C26;4500130397;180;0029;1;YCOLMAN;17/6/2026;22/7/2026;C26;0;;0;2;1;0;0;0;0;0;0;Sin aclaración;En curso - Próximo a vencer;;C26
00029-AMPLIACION SEDE ROSARIO;1000090065;190;ZPAN;Solicita N. Quintero;;0;;;;JRUIZ;1022295;Fusiones de FO;96;0;96;0;96;;;Servicios;ADJUDICADO;HARDTEC S.R.L.;MR01;2/7/2026;11/6/2026;10152259;190;1;17/6/2026;17/6/2026;C26;4500130397;190;0029;1;YCOLMAN;17/6/2026;22/7/2026;C26;0;;0;2;1;0;0;0;0;0;0;Sin aclaración;En curso - Próximo a vencer;;C26
00029-AMPLIACION SEDE ROSARIO;1000090065;200;ZPAN;Solicita N. Quintero;;0;;;;JRUIZ;1012993;SUBC. Serv.M.de Obra Impl. Aruba activos;1;0;1;0;1;;;Servicios;ADJUDICADO;HARDTEC S.R.L.;MR01;2/7/2026;11/6/2026;10152259;200;1;17/6/2026;17/6/2026;C26;4500130674;10;0029;2;YCOLMAN;19/6/2026;16/11/2026;C26;0;;0;0;1;0;0;0;0;0;0;Sin aclaración;En curso - Próximo a vencer;;C26
00029-AMPLIACION SEDE ROSARIO;1000090065;210;ZPAN;Solicita N. Quintero;;0;;;;JRUIZ;1012993;SUBC.M.de Obra Inst. Sala de Ordenadores;1;0;1;0;1;;;Servicios;ADJUDICADO;HARDTEC S.R.L.;MR01;2/7/2026;11/6/2026;10152259;210;1;17/6/2026;17/6/2026;C26;4500130397;210;0029;1;YCOLMAN;17/6/2026;22/7/2026;C26;0;;0;2;1;0;0;0;0;0;0;Sin aclaración;En curso - Próximo a vencer;;C26
00029-AMPLIACION SEDE ROSARIO;1000090198;10;ZPAN;Solicita N. Quintero;;0;;;;JRUIZ;1048747;HPE ANW FC 1Y NBD Exch HW AP-73x/74x SVC;12;0;12;0;12;;;Servicios;ADJUDICADO;MICROGLOBAL ARGENTINA SA;MR01;2/7/2026;12/6/2026;10152351;10;1;12/6/2026;12/6/2026;C26;4500130429;10;0029;1;YCOLMAN;17/6/2026;16/11/2026;C26;0;;0;2;1;0;0;0;0;0;0;Sin aclaración;En curso - Próximo a vencer;;C26
00029-AMPLIACION SEDE ROSARIO;1000090198;20;ZPAN;Solicita N. Quintero;;0;;;;JRUIZ;20000173;AP-MNT-D AP mount bracket individual D;12;0;12;0;12;;;Materiales Sistemas;ADJUDICADO;MICROGLOBAL ARGENTINA SA;MR01;2/7/2026;12/6/2026;10152351;20;1;12/6/2026;12/6/2026;C26;4500130429;20;0029;1;YCOLMAN;17/6/2026;16/11/2026;C26;0;;0;2;1;0;0;0;0;0;0;Sin aclaración;En curso - Próximo a vencer;;C26
00029-AMPLIACION SEDE ROSARIO;1000090198;30;ZPAN;Solicita N. Quintero;;0;;;;JRUIZ;1013336;Aruba 6100 48G CL4 4SFP+ Swch;2;0;2;0;2;;;Materiales Sistemas;ADJUDICADO;MICROGLOBAL ARGENTINA SA;MR01;2/7/2026;12/6/2026;10152351;30;1;12/6/2026;12/6/2026;C26;4500130429;30;0029;1;YCOLMAN;17/6/2026;16/11/2026;C26;0;;0;2;1;0;0;0;0;0;0;Sin aclaración;En curso - Próximo a vencer;;C26
00029-AMPLIACION SEDE ROSARIO;1000090198;40;ZPAN;Solicita N. Quintero;;0;;;;JRUIZ;20000174;Aruba 6100 48G CL4 4SFP+ Swch AR en;2;0;2;0;2;;;Materiales Sistemas;ADJUDICADO;MICROGLOBAL ARGENTINA SA;MR01;2/7/2026;12/6/2026;10152351;40;1;12/6/2026;12/6/2026;C26;4500130429;40;0029;1;YCOLMAN;17/6/2026;16/11/2026;C26;0;;0;2;1;0;0;0;0;0;0;Sin aclaración;En curso - Próximo a vencer;;C26
00029-AMPLIACION SEDE ROSARIO;1000090198;50;ZPAN;Solicita N. Quintero;;0;;;;JRUIZ;1048747;Aruba 1Y FC NBD Exch HW 6100 48G CL4 SVC;2;0;2;0;2;;;Servicios;ADJUDICADO;MICROGLOBAL ARGENTINA SA;MR01;2/7/2026;12/6/2026;10152351;50;1;12/6/2026;12/6/2026;C26;4500130429;50;0029;1;YCOLMAN;17/6/2026;16/11/2026;C26;0;;0;2;1;0;0;0;0;0;0;Sin aclaración;En curso - Próximo a vencer;;C26
00029-AMPLIACION SEDE ROSARIO;1000090198;60;ZPAN;Solicita N. Quintero;;0;;;;JRUIZ;20000101;HPE ANW Central AP Fnd 1y E-STU;12;0;12;0;12;;;Materiales Sistemas;ADJUDICADO;MICROGLOBAL ARGENTINA SA;MR01;2/7/2026;12/6/2026;10152351;60;1;12/6/2026;12/6/2026;C26;4500130429;60;0029;1;YCOLMAN;17/6/2026;16/11/2026;C26;0;;0;2;1;0;0;0;0;0;0;Sin aclaración;En curso - Próximo a vencer;;C26
00029-AMPLIACION SEDE ROSARIO;1000090198;70;ZPAN;Solicita N. Quintero;;0;;;;JRUIZ;20000101;HPE ANW Central Sw CL1 Fnd 1y E-STU;2;0;2;0;2;;;Materiales Sistemas;ADJUDICADO;MICROGLOBAL ARGENTINA SA;MR01;2/7/2026;12/6/2026;10152351;70;1;12/6/2026;12/6/2026;C26;4500130429;70;0029;1;YCOLMAN;17/6/2026;16/11/2026;C26;0;;0;2;1;0;0;0;0;0;0;Sin aclaración;En curso - Próximo a vencer;;C26
00029-AMPLIACION SEDE ROSARIO;1000090198;80;ZPAN;Solicita N. Quintero;;0;;;;JRUIZ;20000101;HPE ANW Central Sw CL3 Fnd 1y E-STU;2;0;2;0;2;;;Materiales Sistemas;ADJUDICADO;MICROGLOBAL ARGENTINA SA;MR01;2/7/2026;12/6/2026;10152351;80;1;12/6/2026;12/6/2026;C26;4500130429;80;0029;1;YCOLMAN;17/6/2026;16/11/2026;C26;0;;0;2;1;0;0;0;0;0;0;Sin aclaración;En curso - Próximo a vencer;;C26
00029-AMPLIACION SEDE ROSARIO;1000090198;90;ZPAN;Solicita N. Quintero;;0;;;;JRUIZ;20000101;HPE ANW Central Sw CL5 Fnd 1y E-STU;3;0;3;0;3;;;Materiales Sistemas;ADJUDICADO;MICROGLOBAL ARGENTINA SA;MR01;2/7/2026;12/6/2026;10152351;90;1;12/6/2026;12/6/2026;C26;4500130429;90;0029;1;YCOLMAN;17/6/2026;16/11/2026;C26;0;;0;2;1;0;0;0;0;0;0;Sin aclaración;En curso - Próximo a vencer;;C26
00029-AMPLIACION SEDE ROSARIO;1000090198;100;ZPAN;Solicita N. Quintero;;0;;;;JRUIZ;1013335;HPE ANW 8100-24XF4C FB3F2AC Bdl;2;0;2;0;2;;;Materiales Sistemas;ADJUDICADO;MICROGLOBAL ARGENTINA SA;MR01;2/7/2026;12/6/2026;10152351;100;1;12/6/2026;12/6/2026;C26;4500130429;100;0029;1;YCOLMAN;17/6/2026;16/11/2026;C26;0;;0;2;1;0;0;0;0;0;0;Sin aclaración;En curso - Próximo a vencer;;C26
00029-AMPLIACION SEDE ROSARIO;1000090198;110;ZPAN;Solicita N. Quintero;;0;;;;JRUIZ;20000174;HPE ANW 8100-24XF4C FB3F2AC Bdl AR en;2;0;2;0;2;;;Materiales Sistemas;ADJUDICADO;MICROGLOBAL ARGENTINA SA;MR01;2/7/2026;12/6/2026;10152351;110;1;12/6/2026;12/6/2026;C26;4500130429;110;0029;1;YCOLMAN;17/6/2026;16/11/2026;C26;0;;0;2;1;0;0;0;0;0;0;Sin aclaración;En curso - Próximo a vencer;;C26
00029-AMPLIACION SEDE ROSARIO;1000090198;120;ZPAN;Solicita N. Quintero;;0;;;;JRUIZ;1048747;Aruba 1Y FC NBD Exch HW 8100 24p SVC;3;0;3;0;3;;;Servicios;ADJUDICADO;MICROGLOBAL ARGENTINA SA;MR01;2/7/2026;12/6/2026;10152351;120;1;12/6/2026;12/6/2026;C26;4500130429;120;0029;1;YCOLMAN;17/6/2026;16/11/2026;C26;0;;0;2;1;0;0;0;0;0;0;Sin aclaración;En curso - Próximo a vencer;;C26
00029-AMPLIACION SEDE ROSARIO;1000090198;130;ZPAN;Solicita N. Quintero;;0;;;;JRUIZ;20000171;HPE X242 40G QSFP+ to QSFP+ 1m DAC Cable;2;0;2;0;2;;;Materiales Sistemas;ADJUDICADO;MICROGLOBAL ARGENTINA SA;MR01;2/7/2026;12/6/2026;10152351;130;1;12/6/2026;12/6/2026;C26;4500130429;130;0029;1;YCOLMAN;17/6/2026;16/11/2026;C26;0;;0;2;1;0;0;0;0;0;0;Sin aclaración;En curso - Próximo a vencer;;C26
00029-AMPLIACION SEDE ROSARIO;1000090198;140;ZPAN;Solicita N. Quintero;;0;;;;JRUIZ;20000171;Aruba 100G QSFP28 to QSFP28 1m DAC Cable;2;0;2;0;2;;;Materiales Sistemas;ADJUDICADO;MICROGLOBAL ARGENTINA SA;MR01;2/7/2026;12/6/2026;10152351;140;1;12/6/2026;12/6/2026;C26;4500130429;140;0029;1;YCOLMAN;17/6/2026;16/11/2026;C26;0;;0;2;1;0;0;0;0;0;0;Sin aclaración;En curso - Próximo a vencer;;C26
00029-AMPLIACION SEDE ROSARIO;1000090198;150;ZPAN;Solicita N. Quintero;;0;;;;JRUIZ;1013335;HPE ANW 8100-24XT4XF4C FB3F2AC Bdl;1;0;1;0;1;;;Materiales Sistemas;ADJUDICADO;MICROGLOBAL ARGENTINA SA;MR01;2/7/2026;12/6/2026;10152351;150;1;12/6/2026;12/6/2026;C26;4500130429;150;0029;1;YCOLMAN;17/6/2026;16/11/2026;C26;0;;0;2;1;0;0;0;0;0;0;Sin aclaración;En curso - Próximo a vencer;;C26
00029-AMPLIACION SEDE ROSARIO;1000090198;160;ZPAN;Solicita N. Quintero;;0;;;;JRUIZ;20000174;HPE ANW 8100-24XT4XF4C FB3F2AC Bdl AR en;1;0;1;0;1;;;Materiales Sistemas;ADJUDICADO;MICROGLOBAL ARGENTINA SA;MR01;2/7/2026;12/6/2026;10152351;160;1;12/6/2026;12/6/2026;C26;4500130429;160;0029;1;YCOLMAN;17/6/2026;16/11/2026;C26;0;;0;2;1;0;0;0;0;0;0;Sin aclaración;En curso - Próximo a vencer;;C26
00029-AMPLIACION SEDE ROSARIO;1000090198;170;ZPAN;Solicita N. Quintero;;0;;;;JRUIZ;1013091;HPE Aruba Networking EDU Training SVC;6;0;6;0;6;;;Servicios;ADJUDICADO;MICROGLOBAL ARGENTINA SA;MR01;2/7/2026;12/6/2026;10152351;170;1;12/6/2026;12/6/2026;C26;4500130429;170;0029;1;YCOLMAN;17/6/2026;16/11/2026;C26;0;;0;2;1;0;0;0;0;0;0;Sin aclaración;En curso - Próximo a vencer;;C26
00029-AMPLIACION SEDE ROSARIO;1000090198;180;ZPAN;Solicita N. Quintero;;0;;;;JRUIZ;1013335;Aruba 6300M 24SR5 CL6 PoE 4SFP56 Swch;2;0;2;0;2;;;Materiales Sistemas;ADJUDICADO;MICROGLOBAL ARGENTINA SA;MR01;2/7/2026;12/6/2026;10152351;180;1;16/6/2026;17/6/2026;C26;4500130429;180;0029;1;YCOLMAN;17/6/2026;16/11/2026;C26;0;;1;2;1;0;0;0;0;0;0;Sin aclaración;En curso - Próximo a vencer;;C26
00029-AMPLIACION SEDE ROSARIO;1000090198;190;ZPAN;Solicita N. Quintero;;0;;;;JRUIZ;1048747;Aruba 1Y FC NBD Exch HW 6300M 24SRPoESVC;2;0;2;0;2;;;Servicios;ADJUDICADO;MICROGLOBAL ARGENTINA SA;MR01;2/7/2026;12/6/2026;10152351;190;1;16/6/2026;17/6/2026;C26;4500130429;190;0029;1;YCOLMAN;17/6/2026;16/11/2026;C26;0;;1;2;1;0;0;0;0;0;0;Sin aclaración;En curso - Próximo a vencer;;C26
00029-AMPLIACION SEDE ROSARIO;1000090198;200;ZPAN;Solicita N. Quintero;;0;;;;JRUIZ;1017346;Aruba X372 54VDC 1050W PS;2;0;2;0;2;;;Materiales usuales;ADJUDICADO;MICROGLOBAL ARGENTINA SA;MR01;2/7/2026;12/6/2026;10152351;200;1;16/6/2026;17/6/2026;C26;4500130429;200;0029;1;YCOLMAN;17/6/2026;16/11/2026;C26;0;;1;2;1;0;0;0;0;0;0;Sin aclaración;En curso - Próximo a vencer;;C26
00029-AMPLIACION SEDE ROSARIO;1000090198;210;ZPAN;Solicita N. Quintero;;0;;;;JRUIZ;1017346;Aruba X372 54VDC 1050W PS AR en;2;0;2;0;2;;;Materiales usuales;ADJUDICADO;MICROGLOBAL ARGENTINA SA;MR01;2/7/2026;12/6/2026;10152351;210;1;16/6/2026;17/6/2026;C26;4500130429;210;0029;1;YCOLMAN;17/6/2026;16/11/2026;C26;0;;1;2;1;0;0;0;0;0;0;Sin aclaración;En curso - Próximo a vencer;;C26
00029-AMPLIACION SEDE ROSARIO;1000090198;220;ZPAN;Solicita N. Quintero;;0;;;;JRUIZ;20000172;Aruba X751 FB Fan Tray;2;0;2;0;2;;;Materiales Sistemas;ADJUDICADO;MICROGLOBAL ARGENTINA SA;MR01;2/7/2026;12/6/2026;10152351;220;1;16/6/2026;17/6/2026;C26;4500130429;220;0029;1;YCOLMAN;17/6/2026;16/11/2026;C26;0;;1;2;1;0;0;0;0;0;0;Sin aclaración;En curso - Próximo a vencer;;C26
00029-AMPLIACION SEDE ROSARIO;1000090198;230;ZPAN;Solicita N. Quintero;;0;;;;JRUIZ;20000171;Aruba 10G SFP+ to SFP+ 1m DAC Cable;6;0;6;0;6;;;Materiales Sistemas;ADJUDICADO;MICROGLOBAL ARGENTINA SA;MR01;2/7/2026;12/6/2026;10152351;230;1;16/6/2026;17/6/2026;C26;4500130429;230;0029;1;YCOLMAN;17/6/2026;16/11/2026;C26;0;;1;2;1;0;0;0;0;0;0;Sin aclaración;En curso - Próximo a vencer;;C26
00029-AMPLIACION SEDE ROSARIO;1000090198;240;ZPAN;Solicita N. Quintero;;0;;;;JRUIZ;20000121;HPE ANW AP-735 (RW) Campus AP;12;0;12;0;12;;;Materiales Sistemas;ADJUDICADO;MICROGLOBAL ARGENTINA SA;MR01;2/7/2026;12/6/2026;10152351;240;1;17/6/2026;17/6/2026;C26;4500130429;240;0029;1;YCOLMAN;17/6/2026;16/11/2026;C26;0;;0;2;1;0;0;0;0;0;0;Sin aclaración;En curso - Próximo a vencer;;C26
00029-AMPLIACION SEDE ROSARIO;1000090376;10;ZPAN;REPARACION: 81071 -;;0;;;;ACEJAS;1034199;SERVI ARREGLO PINCHADURA 81071 - AD403FY;1;0;1;0;1;;;Servicios;ADJUDICADO;GOMERIA ALICIA S.A.;MR01;17/7/2026;17/6/2026;10152586;10;1;17/6/2026;19/6/2026;EFO;4500130839;10;0029;1;GROSES;22/6/2026;17/7/2026;EFO;0;;2;0;1;0;0;0;0;0;0;Sin aclaración;En curso - Próximo a vencer;;EFO
00029-AMPLIACION SEDE ROSARIO;1000090414;10;ZPAN;Solicita N. Quintero;;0;;;;JRUIZ;1013037;COLOCACION DE ABERTURAS EN OBRA;1;0;1;0;1;;;Servicios;ADJUDICADO;GRIMALDI G.H. S.R.L.;MR01;17/8/2026;17/6/2026;10152648;10;1;17/6/2026;17/6/2026;C26;4500130791;10;0029;1;YCOLMAN;19/6/2026;17/9/2026;C26;0;;0;6;1;0;0;0;0;0;0;Sin aclaración;En curso;;C26
00029-AMPLIACION SEDE ROSARIO;1000090414;20;ZPAN;Solicita N. Quintero;;0;;;;JRUIZ;1012825;Aberturas Material Aluminio;1;0;1;0;1;;;Materiales genericos;ADJUDICADO;GRIMALDI G.H. S.R.L.;MR01;17/8/2026;17/6/2026;10152648;20;1;17/6/2026;17/6/2026;C26;4500130791;20;0029;1;YCOLMAN;19/6/2026;17/8/2026;C26;0;;0;6;-739845;0;0;0;0;0;0;Sin aclaración;En curso;;C26
00029-AMPLIACION SEDE ROSARIO;1000090414;30;ZPAN;Solicita N. Quintero;;0;;;;JRUIZ;1012825;Accesorios para Aberturas;1;0;1;0;1;;;Materiales genericos;ADJUDICADO;GRIMALDI G.H. S.R.L.;MR01;17/8/2026;17/6/2026;10152648;30;1;17/6/2026;17/6/2026;C26;4500130791;30;0029;1;YCOLMAN;19/6/2026;17/8/2026;C26;0;;0;6;-739845;0;0;0;0;0;0;Sin aclaración;En curso;;C26
00029-AMPLIACION SEDE ROSARIO;1000090414;40;ZPAN;Solicita N. Quintero;;0;;;;JRUIZ;1012825;Vidrios para Aberturas;1;0;1;0;1;;;Materiales genericos;ADJUDICADO;GRIMALDI G.H. S.R.L.;MR01;17/8/2026;17/6/2026;10152648;40;1;17/6/2026;17/6/2026;C26;4500130791;40;0029;1;YCOLMAN;19/6/2026;17/8/2026;C26;0;;0;6;-739845;0;0;0;0;0;0;Sin aclaración;En curso;;C26
00029-AMPLIACION SEDE ROSARIO;1000090546;10;ZPAN;Solicita N. Quintero;;0;;;;JRUIZ;1057161;PANTALLA INTERACTIVA;2;0;2;0;2;;;Materiales genericos;ADJUDICADO;NIC SA;MR01;1/10/2026;19/6/2026;10152865;60;1;19/6/2026;19/6/2026;C26;4500131150;20;0029;1;YCOLMAN;24/6/2026;1/10/2026;C26;0;;0;5;-739890;0;0;0;0;0;0;Sin aclaración;En curso;;C26
00029-AMPLIACION SEDE ROSARIO;1000090546;20;ZPAN;Solicita N. Quintero;;0;;;;JRUIZ;1057161;VIDEOCONFERENCIA;1;0;1;0;1;;;Materiales genericos;ADJUDICADO;NIC SA;MR01;1/10/2026;19/6/2026;10152865;70;1;19/6/2026;19/6/2026;C26;4500131150;30;0029;1;YCOLMAN;24/6/2026;1/10/2026;C26;0;;0;5;-739890;0;0;0;0;0;0;Sin aclaración;En curso;;C26
00029-AMPLIACION SEDE ROSARIO;1000090546;30;ZPAN;Solicita N. Quintero;;0;;;;JRUIZ;1057161;AUDIO PROFESIONAL;1;0;1;0;1;;;Materiales genericos;ADJUDICADO;NIC SA;MR01;1/10/2026;19/6/2026;10152865;80;1;19/6/2026;19/6/2026;C26;4500131150;40;0029;1;YCOLMAN;24/6/2026;1/10/2026;C26;0;;0;5;-739890;0;0;0;0;0;0;Sin aclaración;En curso;;C26
00029-AMPLIACION SEDE ROSARIO;1000090546;40;ZPAN;Solicita N. Quintero;;0;;;;JRUIZ;1057161;CONECTIVIDAD DE VIDEO;1;0;1;0;1;;;Materiales genericos;ADJUDICADO;NIC SA;MR01;1/10/2026;19/6/2026;10152865;90;1;19/6/2026;19/6/2026;C26;4500131150;50;0029;1;YCOLMAN;24/6/2026;1/10/2026;C26;0;;0;5;-739890;0;0;0;0;0;0;Sin aclaración;En curso;;C26
00029-AMPLIACION SEDE ROSARIO;1000090546;50;ZPAN;Solicita N. Quintero;;0;;;;JRUIZ;1034248;SERVICIO DE INSTALACIÓN;1;0;1;0;1;;;Servicios;ADJUDICADO;NIC SA;MR01;30/8/2026;19/6/2026;10152865;50;1;19/6/2026;19/6/2026;C26;4500131150;10;0029;1;YCOLMAN;24/6/2026;1/10/2026;C26;0;;0;5;-64;0;0;0;0;0;0;Sin aclaración;En curso;;C26
00029-AMPLIACION SEDE ROSARIO;1000091024;10;ZPAN;Solicitud de F. Roze;;0;;;;JRUIZ;1013014;SUBC PINTURA INTERIOR;1;0;0;1;0;;;Servicios;SIN TRATAMIENTO;;MR01;21/9/2026;29/6/2026;10153537;10;1;29/6/2026;29/6/2026;C26;;0;;0;;;;;0;;0;0;0;0;0;0;0;0;0;Sin aclaración;En curso;;C26
00029-AMPLIACION SEDE ROSARIO;1000091024;20;ZPAN;Solicitud de F. Roze;;0;;;;JRUIZ;1013015;SUBC PINTURA EXTERIOR;1;0;0;1;0;;;Servicios;SIN TRATAMIENTO;;MR01;21/9/2026;29/6/2026;10153537;20;1;29/6/2026;29/6/2026;C26;;0;;0;;;;;0;;0;0;0;0;0;0;0;0;0;Sin aclaración;En curso;;C26
00298 Añelo;1000035795;10;ZPAN;AGUA BIDONES  400000;;0;;;;FSALAS;1013138;SERVICIO BOTELLON DE 20 LTS XUN;6000;5361;6000;0;639;5000173852;21/5/2026;Servicios;CUMPLIDO PARCIAL;IZAZA PAULA SOLEDAD;MR01;30/6/2026;14/9/2023;10079971;80;1;18/9/2023;18/9/2023;C25;4500057080;40;0298;1;MPITTIA;5/10/2023;30/6/2026;C25;36;21/5/2026;0;6;-697;659;0;0;0;0;0;Sin aclaración;En curso - Próximo a vencer;;C25
00298 Añelo;1000035795;30;ZPAN;AGUA BIDONES  400000;;0;;;;FSALAS;1010725;BIDON DE AGUA X20LT ROTO;600;506;600;0;94;5000134426;3/6/2025;Materiales usuales;RECEPCIONADO PARCIAL;IZAZA PAULA SOLEDAD;MR01;30/6/2026;14/9/2023;10079971;70;1;14/9/2023;18/9/2023;C25;4500057080;30;MR06;1;MPITTIA;5/10/2023;30/6/2026;C25;6;3/6/2025;4;6;-689;307;0;0;0;0;0;Sin aclaración;En curso - Próximo a vencer;;C25
00298 Añelo;1000050307;10;ZPAN;Servicio Añelo - Int;;0;;;;FSALAS;1012846;SERVICIO DE INTERNET 100MB;24;15;24;0;9;5000177754;23/6/2026;Materiales genericos;RECEPCIONADO PARCIAL;TELEFONICA MOVILES ARG. S.A. (MOVIS;MR01;1/7/2026;28/6/2024;10100872;10;1;28/6/2024;1/7/2024;C25;4500079670;10;0298;1;MPITTIA;22/7/2024;1/7/2026;C25;19;23/6/2026;3;1;2;-8;0;0;0;0;0;Sin aclaración;En curso - Próximo a vencer;;C25
00298 Añelo;1000054751;10;ZPAN;PI1783 - ADM/SSGG;;0;;;;MREYNA;1013026;SERV. EVACUACION LIQ. CLOACALES X VIAJE;12;4;12;0;8;5000151225;4/11/2025;Servicios;CUMPLIDO PARCIAL;BACS S.A.;MR01;8/12/2026;25/9/2024;10106506;10;1;25/9/2024;7/7/2025;C25;4500085832;10;0298;1;MPITTIA;16/10/2024;6/12/2026;C25;6;4/11/2025;285;0;-705;308;0;0;0;0;0;Sin aclaración;En curso;;C25
00298 Añelo;1000067972;10;ZPAN;SERVICIOS SEDE, CAMP;;0;;;;LCARRIL;1022295;SERVICIO JERINGA PARA CUCARACHAS XUN;2;1;2;0;1;5000137966;8/7/2025;Servicios;CUMPLIDO PARCIAL;EXTER NEQUEN SRL;MR01;30/6/2026;2/6/2025;10122918;10;1;2/6/2025;3/6/2025;C25;4500101240;10;0298;1;MPITTIA;11/6/2025;30/6/2026;C25;1;8/7/2025;1;0;-363;8;0;0;0;0;0;Sin aclaración;En curso - Próximo a vencer;;C25
00298 Añelo;1000067972;30;ZPAN;SERVICIOS SEDE, CAMP;;0;;;;LCARRIL;1022295;SERVICIO JERINGA GEL TEK PARA HORMIGAS;2;1;2;0;1;5000137966;8/7/2025;Servicios;CUMPLIDO PARCIAL;EXTER NEQUEN SRL;MR01;30/6/2026;2/6/2025;10122918;30;1;2/6/2025;3/6/2025;C25;4500101240;30;0298;1;MPITTIA;11/6/2025;30/6/2026;C25;1;8/7/2025;1;0;-363;8;0;0;0;0;0;Sin aclaración;En curso - Próximo a vencer;;C25
00298 Añelo;1000067972;40;ZPAN;SERVICIOS SEDE, CAMP;;0;;;;LCARRIL;1022295;SERVICIO DE FUMIGACION;2;1;2;0;1;5000152203;12/11/2025;Servicios;CUMPLIDO PARCIAL;EXTER NEQUEN SRL;MR01;30/6/2026;2/6/2025;10122918;40;1;2/6/2025;3/6/2025;C25;4500101240;40;0298;1;MPITTIA;11/6/2025;30/6/2026;C25;1;12/11/2025;1;0;-363;135;0;0;0;0;0;Sin aclaración;En curso - Próximo a vencer;;C25
00298 Añelo;1000068095;10;ZPAN;SERVICIOS SEDE, CAMP;;0;;;;MREYNA;1022295;ALQUILER CONTENEDORES S/TAPA;36;24;36;0;12;5000168468;10/4/2026;Servicios;CUMPLIDO PARCIAL;IND ARG DE RECICLADO SA;MR01;30/6/2026;4/6/2025;10123150;10;1;4/6/2025;4/6/2025;C25;4500101146;10;0298;1;MPITTIA;10/6/2025;30/6/2026;C25;6;10/4/2026;0;1;-209;130;0;0;0;0;0;Sin aclaración;En curso - Próximo a vencer;;C25
00298 Añelo;1000068095;20;ZPAN;SERVICIOS SEDE, CAMP;;0;;;;MREYNA;1022295;TRATAM. RESIDUOS ASIM. A URBANOS X KGS;9000;4950;9000;0;4050;5000168468;10/4/2026;Servicios;CUMPLIDO PARCIAL;IND ARG DE RECICLADO SA;MR01;30/6/2026;4/6/2025;10123150;20;1;4/6/2025;4/6/2025;C25;4500101146;20;0298;1;MPITTIA;10/6/2025;30/6/2026;C25;6;10/4/2026;0;1;-209;130;0;0;0;0;0;Sin aclaración;En curso - Próximo a vencer;;C25
00298 Añelo;1000068095;30;ZPAN;SERVICIOS SEDE, CAMP;;0;;;;MREYNA;1022295;TRATAM. RESIDUOS ESPECIALES X KGS;4200;2170;4200;0;2030;5000168468;10/4/2026;Servicios;CUMPLIDO PARCIAL;IND ARG DE RECICLADO SA;MR01;30/6/2026;4/6/2025;10123150;30;1;4/6/2025;4/6/2025;C25;4500101146;30;0298;1;MPITTIA;10/6/2025;30/6/2026;C25;4;10/4/2026;0;1;-209;130;0;0;0;0;0;Sin aclaración;En curso - Próximo a vencer;;C25
00298 Añelo;1000068095;40;ZPAN;SERVICIOS SEDE, CAMP;;0;;;;MREYNA;1022295;TRANSPORTE PORTACONTENEDOR;6;4;6;0;2;5000168468;10/4/2026;Servicios;CUMPLIDO PARCIAL;IND ARG DE RECICLADO SA;MR01;30/6/2026;4/6/2025;10123150;40;1;4/6/2025;4/6/2025;C25;4500101146;40;0298;1;MPITTIA;10/6/2025;30/6/2026;C25;6;10/4/2026;0;1;-209;130;0;0;0;0;0;Sin aclaración;En curso - Próximo a vencer;;C25
00298 Añelo;1000078007;10;ZPAN;EXTENSION DE SERVICI;;0;;;;LCARRIL;1017395;CONTRAT. SERVICIO VIGILANCIA VISERS SEDE;12;4,94;12;0;7,06;5000173143;15/5/2026;Servicios;CUMPLIDO PARCIAL;VISER'S CORPORATION S.A.S;MR01;9/12/2026;18/11/2025;10136177;10;1;18/11/2025;19/11/2025;C25;4500114431;10;0298;1;MPITTIA;2/12/2025;9/12/2026;C25;7;15/5/2026;1;2;2;-208;0;0;0;0;0;Sin aclaración;En curso;;C25
00298 Añelo;1000081403;10;ZPAN;NUEVA OC POR CAMBIO;;0;;;;LCARRIL;1013077;SERVICIO DE LAVANDERIA ALMOHADA;103;13;103;0;90;5000168436;9/4/2026;Servicios;CUMPLIDO PARCIAL;IXA CEN S.A.S.;MR01;9/12/2026;20/1/2026;10140852;10;1;20/1/2026;30/1/2026;C25;4500119080;10;0298;1;MPITTIA;3/2/2026;9/6/2026;C25;2;9/4/2026;10;0;-181;-61;0;0;0;0;0;Sin aclaración;En curso;;C25
00298 Añelo;1000081403;20;ZPAN;NUEVA OC POR CAMBIO;;0;;;;LCARRIL;1013074;SERVICIO DE LAVANDERIA JGO SABANAS 1 PZA;1608;87;1608;0;1521;5000168435;9/4/2026;Servicios;CUMPLIDO PARCIAL;IXA CEN S.A.S.;MR01;9/12/2026;20/1/2026;10140852;20;1;20/1/2026;21/1/2026;C25;4500118615;20;0298;1;MPITTIA;28/1/2026;9/12/2026;C25;2;9/4/2026;1;0;-181;-61;0;0;0;0;0;Sin aclaración;En curso;;C25
00298 Añelo;1000081403;30;ZPAN;NUEVA OC POR CAMBIO;;0;;;;LCARRIL;1013074;SERVICIO DE LAVANDERIA FRAZADAS 1 PLAZA;183;3;183;0;180;5000168435;9/4/2026;Servicios;CUMPLIDO PARCIAL;IXA CEN S.A.S.;MR01;9/12/2026;20/1/2026;10140852;30;1;20/1/2026;21/1/2026;C25;4500118615;30;0298;1;MPITTIA;28/1/2026;9/12/2026;C25;1;9/4/2026;1;0;-181;-61;0;0;0;0;0;Sin aclaración;En curso;;C25
00298 Añelo;1000081403;40;ZPAN;NUEVA OC POR CAMBIO;;0;;;;LCARRIL;1013077;SERVICIO DE LAVANDERIA ACOLCHADOS 1 PZA;125;19;125;0;106;5000168435;9/4/2026;Servicios;CUMPLIDO PARCIAL;IXA CEN S.A.S.;MR01;9/12/2026;20/1/2026;10140852;40;1;20/1/2026;21/1/2026;C25;4500118615;40;0298;1;MPITTIA;28/1/2026;9/12/2026;C25;2;9/4/2026;1;0;-181;-61;0;0;0;0;0;Sin aclaración;En curso;;C25
00298 Añelo;1000082766;10;ZPAN;EXTENSION ALQUILER C;;0;;;;LCARRIL;1013105;ALQUILER CILINDRO OXIGENO P/OXICORTE;3;3;3;0;0;5000173121;15/5/2026;Servicios;CUMPLIDO;PRAXAIR ARGENTINA SOCIEDAD DE;MR01;10/5/2027;10/2/2026;10142707;10;1;10/2/2026;10/2/2026;C25;4500119978;10;0298;1;MPITTIA;12/2/2026;10/5/2026;C25;3;15/5/2026;0;0;-740110;0;0;0;0;0;0;Sin aclaración;En curso - Total recepcionado;;C25
00298 Añelo;1000082766;20;ZPAN;EXTENSION ALQUILER C;;0;;;;LCARRIL;1035491;COSTO DE FLETE POR CILINDRO;1;0;1;0;1;;;Servicios;ADJUDICADO;PRAXAIR ARGENTINA SOCIEDAD DE;MR01;10/5/2027;10/2/2026;10142707;20;1;10/2/2026;10/2/2026;C25;4500119978;20;0298;1;MPITTIA;12/2/2026;10/5/2027;C25;0;;0;0;-363;0;0;0;0;0;0;Sin aclaración;En curso;;C25
00298 Añelo;1000082766;30;ZPAN;EXTENSION ALQUILER C;;0;;;;LCARRIL;1035491;COSTO DE GAS POR CILINDRO x 10.7M3;1;0;1;0;1;;;Servicios;ADJUDICADO;PRAXAIR ARGENTINA SOCIEDAD DE;MR01;10/5/2027;10/2/2026;10142707;30;1;10/2/2026;10/2/2026;C25;4500119978;30;0298;1;MPITTIA;12/2/2026;10/5/2027;C25;0;;0;0;-363;0;0;0;0;0;0;Sin aclaración;En curso;;C25
00298 Añelo;1000082845;10;ZPAN;EXTENSION SERVICIO C;;0;;;;LCARRIL;1022295;SERVICIO DESRATIZACION CAMPAMENTO XUN;3;2;3;0;1;5000168282;9/4/2026;Servicios;CUMPLIDO PARCIAL;EXTER NEQUEN SRL;MR01;4/5/2027;12/2/2026;10142805;10;1;12/2/2026;12/2/2026;C25;4500121315;10;0298;1;MPITTIA;2/3/2026;4/5/2027;C25;2;9/4/2026;0;0;-363;-25;0;0;0;0;0;Sin aclaración;En curso;;C25
00298 Añelo;1000083499;10;ZPAN;SUB CONTRATO ACCESO;;2;;;;LCARRIL;1034248;PAVIMENTO RIGIDO PARA DARSENA x M2;200;0;200;0;200;;;Servicios;ADJUDICADO;MUÑOZ ERICA BELEN;MR01;6/12/2026;24/2/2026;10143637;10;1;24/2/2026;24/2/2026;C26;4500121369;10;0298;1;ALOPEZ;3/3/2026;6/12/2026;C26;0;;0;0;-242;0;0;0;0;0;0;Sin aclaración;En curso;;C26
00298 Añelo;1000083499;20;ZPAN;SUB CONTRATO ACCESO;;2;;;;LCARRIL;1034248;CORDON EMERGENTE CURVA PARA DARSENA x ML;20;0;20;0;20;;;Servicios;ADJUDICADO;MUÑOZ ERICA BELEN;MR01;6/12/2026;24/2/2026;10143637;20;1;24/2/2026;24/2/2026;C26;4500121369;20;0298;1;ALOPEZ;3/3/2026;6/12/2026;C26;0;;0;0;-242;0;0;0;0;0;0;Sin aclaración;En curso;;C26
00298 Añelo;1000083499;30;ZPAN;SUB CONTRATO ACCESO;;2;;;;LCARRIL;1034248;PAVIMENTO ACCESO A BASE x M2;64;0;64;0;64;;;Servicios;ADJUDICADO;MUÑOZ ERICA BELEN;MR01;6/12/2026;24/2/2026;10143637;30;1;24/2/2026;24/2/2026;C26;4500121369;30;0298;1;ALOPEZ;3/3/2026;6/12/2026;C26;0;;0;0;-242;0;0;0;0;0;0;Sin aclaración;En curso;;C26
00298 Añelo;1000083499;40;ZPAN;SUB CONTRATO ACCESO;;2;;;;LCARRIL;1034248;NIVELACION Y COMPACTACION xM2;264;264;264;0;0;5000172579;11/5/2026;Servicios;CUMPLIDO;MUÑOZ ERICA BELEN;MR01;6/12/2026;24/2/2026;10143637;40;1;24/2/2026;24/2/2026;C26;4500121369;40;0298;1;ALOPEZ;3/3/2026;6/4/2026;C26;1;11/5/2026;0;0;-739955;0;0;0;0;0;0;Sin aclaración;En curso - Total recepcionado;;C26
00298 Añelo;1000083499;50;ZPAN;SUB CONTRATO ACCESO;;2;;;;LCARRIL;1034248;DEMOLICION DE BASE DE HORMIGON Y RETIRO;1;1;1;0;0;5000172579;11/5/2026;Servicios;CUMPLIDO;MUÑOZ ERICA BELEN;MR01;6/12/2026;24/2/2026;10143637;50;1;24/2/2026;24/2/2026;C26;4500121369;50;0298;1;ALOPEZ;3/3/2026;6/4/2026;C26;1;11/5/2026;0;0;-739955;0;0;0;0;0;0;Sin aclaración;En curso - Total recepcionado;;C26
00298 Añelo;1000083499;60;ZPAN;SUB CONTRATO ACCESO;;2;;;;LCARRIL;1034248;RETIRO Y COLOCACION DE PORTONES DE ACCES;2;0;2;0;2;;;Servicios;ADJUDICADO;MUÑOZ ERICA BELEN;MR01;6/12/2026;24/2/2026;10143637;60;1;24/2/2026;24/2/2026;C26;4500121369;60;0298;1;ALOPEZ;3/3/2026;6/12/2026;C26;0;;0;0;-242;0;0;0;0;0;0;Sin aclaración;En curso;;C26
00298 Añelo;1000090518;10;ZPAN;EXTENSION OC;;0;;;;DBENITEZ;1013105;ALQUILER CILINDRO OXIGENO P/IXICORTE;6;0;6;0;6;;;Servicios;ADJUDICADO;PRAXAIR ARGENTINA SOCIEDAD DE;MR01;13/7/2026;19/6/2026;10152837;10;1;19/6/2026;19/6/2026;C24;4500130883;10;0298;1;MPITTIA;22/6/2026;13/7/2026;C24;0;;0;0;2;0;0;0;0;0;0;Sin aclaración;En curso - Próximo a vencer;;C24
00298 Añelo;1000090564;10;ZPAN;EXTENSION SERVICIO C;;0;;;;DBENITEZ;1022295;SERVICIO DESRATIZACION BASE AÑELO;6;0;6;0;6;;;Servicios;ADJUDICADO;EXTER NEQUEN SRL;MR01;30/12/2026;19/6/2026;10152882;10;1;19/6/2026;22/6/2026;C25;4500131059;10;0298;1;MPITTIA;24/6/2026;30/12/2026;C25;0;;3;0;2;0;0;0;0;0;0;Sin aclaración;En curso;;C25
00298 Añelo;1000090564;20;ZPAN;EXTENSION SERVICIO C;;0;;;;DBENITEZ;1022295;SERVICIO DESRATIZACION CAMPAMENTO;6;0;6;0;6;;;Servicios;ADJUDICADO;EXTER NEQUEN SRL;MR01;30/12/2026;19/6/2026;10152882;20;1;19/6/2026;22/6/2026;C25;4500131148;10;0298;1;MPITTIA;24/6/2026;30/12/2026;C25;0;;3;0;2;0;0;0;0;0;0;Sin aclaración;En curso;;C25
00004 LEGALES ROSARIO;4000006788;10;ZPIN;LICITACIÓN PÓLIZAS A;;0;;4;18/6/2026;NLAFORNARO;1012965;POLIZA AUTOMOTOR MSA;1;0;0;1;0;;;Servicios;RESPONDIDO;;MR01;1/6/2026;12/5/2026;10149880;10;1;12/5/2026;12/5/2026;C16;;0;;0;;;;;0;;0;0;0;0;0;0;0;0;0;Sin aclaración;Pedido de Info;;C16
00004 LEGALES ROSARIO;4000006788;20;ZPIN;LICITACIÓN PÓLIZAS A;;0;;4;18/6/2026;NLAFORNARO;1012965;POLIZA AUTOMOTOR MILICIC MINERIA SA;1;0;0;1;0;;;Servicios;RESPONDIDO;;MR01;1/6/2026;12/5/2026;10149880;20;1;12/5/2026;12/5/2026;C16;;0;;0;;;;;0;;0;0;0;0;0;0;0;0;0;Sin aclaración;Pedido de Info;;C16
00004 LEGALES ROSARIO;4000006788;30;ZPIN;LICITACIÓN PÓLIZAS A;;0;;4;18/6/2026;NLAFORNARO;1012963;POLIZA SEGURO TECNICO MSA;1;0;0;1;0;;;Servicios;RESPONDIDO;;MR01;1/6/2026;12/5/2026;10149880;30;1;12/5/2026;12/5/2026;C16;;0;;0;;;;;0;;0;0;0;0;0;0;0;0;0;Sin aclaración;Pedido de Info;;C16
00004 LEGALES ROSARIO;4000006788;40;ZPIN;LICITACIÓN PÓLIZAS A;;0;;4;18/6/2026;NLAFORNARO;1012963;POLIZA SEGURO TECNICO MILICIC MINERIA SA;1;0;0;1;0;;;Servicios;RESPONDIDO;;MR01;1/6/2026;12/5/2026;10149880;40;1;12/5/2026;12/5/2026;C16;;0;;0;;;;;0;;0;0;0;0;0;0;0;0;0;Sin aclaración;Pedido de Info;;C16
00004 LEGALES ROSARIO;4000006788;50;ZPIN;LICITACIÓN PÓLIZAS A;;0;;4;18/6/2026;NLAFORNARO;1012962;POLIZA DE TRANSPORTES DE MSA;1;0;0;1;0;;;Servicios;RESPONDIDO;;MR01;1/6/2026;12/5/2026;10149880;50;1;12/5/2026;12/5/2026;C16;;0;;0;;;;;0;;0;0;0;0;0;0;0;0;0;Sin aclaración;Pedido de Info;;C16
00004 LEGALES ROSARIO;4000006788;60;ZPIN;LICITACIÓN PÓLIZAS A;;0;;4;18/6/2026;NLAFORNARO;1012962;POLIZA DE TRANSPORTES DE MILICIC MINERIA;1;0;0;1;0;;;Servicios;RESPONDIDO;;MR01;1/6/2026;12/5/2026;10149880;60;1;12/5/2026;12/5/2026;C16;;0;;0;;;;;0;;0;0;0;0;0;0;0;0;0;Sin aclaración;Pedido de Info;;C16
00004 LEGALES ROSARIO;4000006788;70;ZPIN;LICITACIÓN PÓLIZAS A;;0;;4;18/6/2026;NLAFORNARO;1012959;POLIZA TODO RIESGO OPERATIVO MSA;1;0;0;1;0;;;Servicios;RESPONDIDO;;MR01;1/6/2026;12/5/2026;10149880;70;1;12/5/2026;12/5/2026;C16;;0;;0;;;;;0;;0;0;0;0;0;0;0;0;0;Sin aclaración;Pedido de Info;;C16
00004 LEGALES ROSARIO;4000006788;80;ZPIN;LICITACIÓN PÓLIZAS A;;0;;4;18/6/2026;NLAFORNARO;1012959;POLIZA TODO RIESGO OPERATIVO MMSA;1;0;0;1;0;;;Servicios;RESPONDIDO;;MR01;1/6/2026;12/5/2026;10149880;80;1;12/5/2026;12/5/2026;C16;;0;;0;;;;;0;;0;0;0;0;0;0;0;0;0;Sin aclaración;Pedido de Info;;C16
00007 COMERCIAL OF LICITACION;4000006852;10;ZPIN;24/26 CP N3-Lineas V;;0;;4;24/6/2026;GBACCELLI;1012993;Subcontrato Obra EIC;1;0;0;1;0;;;Servicios;RESPONDIDO;;MR01;15/6/2026;1/6/2026;10151390;10;1;1/6/2026;1/6/2026;PCO;;0;;0;;;;;0;;0;0;0;0;0;0;0;0;0;Sin aclaración;Pedido de Info;;PCO
00007 COMERCIAL OF LICITACION;4000006856;10;ZPIN;24/26 CP N3-Lineas V;;0;;4;25/6/2026;GBACCELLI;1012996;Subcontrato Obra FO CPN3;1;0;0;1;0;;;Servicios;RESPONDIDO;;MR01;15/6/2026;2/6/2026;10151486;10;1;2/6/2026;2/6/2026;PCO;;0;;0;;;;;0;;0;0;0;0;0;0;0;0;0;Sin aclaración;Pedido de Info;;PCO
00007 COMERCIAL OF LICITACION;4000006857;10;ZPIN;24/26 CP N3-Lineas V;;0;;4;25/6/2026;GBACCELLI;1012993;Subcontrato Diseño PC CPN3;1;0;0;1;0;;;Servicios;RESPONDIDO;;MR01;15/6/2026;2/6/2026;10151489;10;1;2/6/2026;2/6/2026;PCO;;0;;0;;;;;0;;0;0;0;0;0;0;0;0;0;Sin aclaración;Pedido de Info;;PCO
00007 COMERCIAL OF LICITACION;4000006858;10;ZPIN;24/26 CP N3-Lineas V;;0;;4;25/6/2026;GBACCELLI;1012993;Subcontrato Pozo Profundo PC;1;0;0;1;0;;;Servicios;RESPONDIDO;;MR01;15/6/2026;2/6/2026;10151495;10;1;2/6/2026;2/6/2026;PCO;;0;;0;;;;;0;;0;0;0;0;0;0;0;0;0;Sin aclaración;Pedido de Info;;PCO
00007 COMERCIAL OF LICITACION;4000006879;10;ZPIN;26.26 MASA - Gualcam;;0;;4;23/6/2026;LAFFATATO;1022693;Baños químicos;1;0;0;1;0;;;Servicios;RESPONDIDO;;MR01;17/6/2026;10/6/2026;10152163;10;1;10/6/2026;10/6/2026;PCO;;0;;0;;;;;0;;0;0;0;0;0;0;0;0;0;Sin aclaración;Pedido de Info;;PCO
00007 COMERCIAL OF LICITACION;4000006823;10;ZPIN;26-23 - Bulk Earthwo;;0;;;;MBALAUZ;1012994;Injección y Lechadas;1;0;0;1;0;;;Servicios;SIN TRATAMIENTO;;MR01;9/6/2026;22/5/2026;10150808;10;1;22/5/2026;22/5/2026;PCO;;0;;0;;;;;0;;0;0;0;0;0;0;0;0;0;Sin aclaración;Pedido de Info;;PCO
00007 COMERCIAL OF LICITACION;4000006823;20;ZPIN;26-23 - Bulk Earthwo;;0;;;;MBALAUZ;1012994;Cerco Olímpico;1;0;0;1;0;;;Servicios;SIN TRATAMIENTO;;MR01;9/6/2026;22/5/2026;10150808;20;1;22/5/2026;22/5/2026;PCO;;0;;0;;;;;0;;0;0;0;0;0;0;0;0;0;Sin aclaración;Pedido de Info;;PCO
00007 COMERCIAL OF LICITACION;4000006832;10;ZPIN;26-23 - Bulk Earthwo;;0;;;;MBALAUZ;1012994;Instalación de Piezómetros de Cuerda Vib;1;0;0;1;0;;;Servicios;SIN TRATAMIENTO;;MR01;9/6/2026;28/5/2026;10151152;10;1;28/5/2026;28/5/2026;PCO;;0;;0;;;;;0;;0;0;0;0;0;0;0;0;0;Sin aclaración;Pedido de Info;;PCO
00007 COMERCIAL OF LICITACION;4000006851;10;ZPIN;26/24-TACA TACA;;0;;;;FRAMOS;1012997;SUBC. VOLADURA;1;0;0;1;0;;;Servicios;SIN TRATAMIENTO;;MR01;15/6/2026;1/6/2026;10151343;10;1;1/6/2026;1/6/2026;PCO;;0;;0;;;;;0;;0;0;0;0;0;0;0;0;0;Sin aclaración;Pedido de Info;;PCO
00007 COMERCIAL OF LICITACION;4000006851;20;ZPIN;26/24-TACA TACA;;0;;;;FRAMOS;1042063;SUBC. PERFORACIÓN;1;0;0;1;0;;;Servicios;SIN TRATAMIENTO;;MR01;15/6/2026;1/6/2026;10151343;20;1;1/6/2026;1/6/2026;PCO;;0;;0;;;;;0;;0;0;0;0;0;0;0;0;0;Sin aclaración;Pedido de Info;;PCO
00007 COMERCIAL OF LICITACION;4000006868;10;ZPIN;24/26 CP N3-Lineas V;;0;;4;25/6/2026;GBACCELLI;1012998;Subcontrato Detección de Fugas Ductos;1;0;0;1;0;;;Servicios;RESPONDIDO;;MR01;12/6/2026;3/6/2026;10151690;10;1;3/6/2026;3/6/2026;PCO;;0;;0;;;;;0;;0;0;0;0;0;0;0;0;0;Sin aclaración;Pedido de Info;;PCO
00007 COMERCIAL OF LICITACION;4000006873;90;ZPIN;26.24-TGS-CP N3-Line;;0;;;;LCANNELLI;1026120;SERV DE PROV DE AGUA NO POTABLE EN OBRA;5000000;0;0;5000000;0;;;Servicios;SIN TRATAMIENTO;;MR01;24/6/2026;9/6/2026;10152073;90;1;9/6/2026;9/6/2026;PCO;;0;;0;;;;;0;;0;0;0;0;0;0;0;0;0;Sin aclaración;Pedido de Info;;PCO
"00001 GENERAL SEDE&#160;";4000006874;10;ZPIN;SERVICIO DE LIMPIEZA;;0;;;;VHEREÑU;1022651;SERVICIO LIMPIEZA VIDRIOS X MES;12;0;0;12;0;;;Servicios;SIN TRATAMIENTO;;MR01;8/7/2026;10/6/2026;10152129;10;1;10/6/2026;10/6/2026;C24;;0;;0;;;;;0;;0;0;0;0;0;0;0;0;0;Sin aclaración;Pedido de Info;;C24
"00001 GENERAL SEDE&#160;";4000006874;20;ZPIN;SERVICIO DE LIMPIEZA;;0;;;;VHEREÑU;1022652;SERVICIO LIMPIEZA SEDE X MES;12;0;0;12;0;;;Servicios;SIN TRATAMIENTO;;MR01;8/7/2026;10/6/2026;10152129;20;1;10/6/2026;10/6/2026;C24;;0;;0;;;;;0;;0;0;0;0;0;0;0;0;0;Sin aclaración;Pedido de Info;;C24
"00001 GENERAL SEDE&#160;";4000006874;30;ZPIN;SERVICIO DE LIMPIEZA;;0;;;;VHEREÑU;1022653;SERVICIO LIMPIEZA SEDE BS AS X MES;12;0;0;12;0;;;Servicios;SIN TRATAMIENTO;;MR01;8/7/2026;10/6/2026;10152129;30;1;10/6/2026;10/6/2026;C24;;0;;0;;;;;0;;0;0;0;0;0;0;0;0;0;Sin aclaración;Pedido de Info;;C24
00007 COMERCIAL OF LICITACION;4000006893;10;ZPIN;26.26 MASA - Gualcam;;0;;4;25/6/2026;LAFFATATO;1013060;Alquiler de Campamento;1;0;0;1;0;;;Servicios;RESPONDIDO;;MR01;25/6/2026;16/6/2026;10152489;10;1;16/6/2026;16/6/2026;PCO;;0;;0;;;;;0;;0;0;0;0;0;0;0;0;0;Sin aclaración;Pedido de Info;;PCO
