CLIENTE;NRO. VA01/VA21;POS VA01/VA21;CLASE DE DOC;REF.CLIENTE;DOC. REF;PRIORIDAD;MOT. RECHAZO;INDICADOR DE BLOQUEO;FECHA DE BLOQUEO;OPERADOR DE VA;CODIGO ITEM;DESCRIPCION ITEM;CANTIDAD SOLICITADA;TIPO DE ITEM;ESTADO ITEM;CENTRO;PLAZO LOGISTICO;FECHA DE EMISION NECESIDAD;FECHA ENTREGA ESPERADA;MES ENTREGA;NRO. SOLPED;POS. SOLPED;REPARTOS;FECHA EMISION SOLPED;FECHA APROBACION SOLPED;GRUPO DE COMPRA;NRO. OC;POS. OC;ALMACEN OC;Q CANT. OC;OPERADOR OC;FECHA EMISION OC;FECHA APROBACION FINAL OC;PRIMERA FECHA ENTREGA OC;FECHA ENTREGA OC;GRUPO DE COMPRA OC;PROVEEDOR;ADJUDICADO EN OC;CANTIDAD PENDIENTE DE ADJUDICAR;CANTITAD TOTAL PENDIENTE RECEP.;CANTIDAD TOTAL RECEPCIONADA;NRO. RECEPCION;FECHA RECEPCION;ALMACEN RECEPCION 1;NRO POSICION RECEPCION 1;Q RECEP. DE OC;FECHA SELLO;OPERADOR RECEPCION;TEXTO COMENTARIO;NRO. VL;CANTIDAD PICKING;Q VL;OPERADOR PICKING;FECHA PICKING;FECHA CONTABILIZACION VL;NRO DE CARGA;TXT CARGA;RESPONSABLE DE CARGA;FECHA DE CARGA;NRO. ALMACENAMIENTO;CANTIDAD ALMACENADA;OPERADOR ALMACENAMIENTO;FECHA ALMACENAMIENTO (LOGIN);FECHA DE ALMACENAMIENTO SELLO;NRO. CONSUMO;CANT. CONSUMO;FECHA CONSUMO;TIEMPO DE APROBACION SOLPED;COLOCACION OC;TIEMPOS DE APROBACION OC;ENTREGA VA01/OC;PRIMERA RECEPCIÓN - ENTREGA;PRIMERA RECEPCIÓN - TIEMPOS RECEPCIÓN;TIEMPO PICKING;EMBALAJE;CAMION;TIEMPOS RECEPCION CLIENTE;ENTREGA AL CLIENTE;DIAS DE DEMORA SAP;TIEMPO EMISION / ENTREGA;FECHA CUMPLIMIENTO FINAL UNIFICADA;CLI;CARACTER DE GC;OPERADOR PICKING ROSARIO;OPERADOR PICKING SJ;dGESTION OC;dPLAZO DE ENTREGA;dREGISTRO DE RECEPCION;dPICKING;dEXPEDICION;LIBERACION SOLPED;GESTION OC CS;COLOCACION OC CS;LIBERACION OC CS;ENTREGA DEL PROVEEDOR CS;PLAZO DE ENTREGA EXCEDIDO CS;GESTION OC SEDE;COLOCACION OC SEDE;LIBERACION OC SEDE;ENTREGA DEL PROVEEDOR SEDE;PLAZO DE ENTREGA EXCEDIDO SEDE;GESTION OC EQUIPOS;COLOCACION OC EQUIPOS;LIBERACION OC EQUIPOS;ENTREGA DEL PROVEEDOR EQUIPOS;PLAZO DE ENTREGA EXCEDIDO EQUIPOS;CARACTER ALMACEN RECEPCION;REGISTRO DE RECEPCION ALMACEN ROSARIO;REGISTRO DE RECEPCION ALMACEN SAN JUAN;CADENA DE SUMINISTRO;ALMACEN ;COMPRAS ABASTECIMIENTO;COMPRAS EQUIPOS
"00001 GENERAL SEDE&#160;";1000065932;70;ZPAN;PM 101 614 PM art.LI;;0;;;;DYANEZ;1012841;ESCOBILLON CEPILLO TIPO BARRENDERO DE 80;6;Materiales genericos;CUMPLIDO;MM01;1;29/4/2025;13/5/2025;mayo;10120354;70;1;29/4/2025;30/4/2025;C17;4500098843;10;2001;2;MALVAREZ;12/5/2025;12/5/2025;13/5/2025;13/5/2025;C17;PRANAMAR S.R.L.;6;0;0;6;5000132409;14/5/2025;2001;1;1;14/5/2025;AITURRIETA;;8000069392;6;1;AITURRIETA;14/5/2025;14/5/2025;;;;;;0;;;;;;;;;;;;;;;;;;1;;14/5/2025;00001;SEDE;0;0;-2;-1;0;0;;;;;;;;2;;;;1;;;;;;GESTION SAN JUAN;;;;;1;
"00001 GENERAL SEDE&#160;";1000065932;130;ZPAN;PM 101 614 PM art.LI;;0;;;;DYANEZ;1012841;AROMATIZADOR AUTOMATICO PARA PILAS X UNI;8;Materiales genericos;CUMPLIDO;MM01;1;29/4/2025;13/5/2025;mayo;10120354;130;1;29/4/2025;30/4/2025;C17;4500098296;40;2001;1;MALVAREZ;2/5/2025;2/5/2025;12/5/2025;16/5/2025;C17;PRANAMAR S.R.L.;8;0;0;8;5000132591;15/5/2025;2001;1;4;15/5/2025;AITURRIETA;;8000069021;8;2;AITURRIETA;6/5/2025;6/5/2025;;;;;;0;;;;;;;;;;;;;;;;;;2;;15/5/2025;00001;SEDE;0;0;-3;-4;0;-9;;;;;;;;3;;;;4;;;;;;GESTION SAN JUAN;;;;;1;
"00001 GENERAL SEDE&#160;";1000066088;10;ZPAN;CAFE MAGIN;;0;;;;MCHAMORRO;1012823;CAFE EN GRANO XKG maguin;25;Materiales genericos;CUMPLIDO;MR01;1;2/5/2025;22/5/2025;mayo;10120549;10;1;2/5/2025;2/5/2025;C17;4500098435;10;2001;1;GJULIANI;6/5/2025;6/5/2025;20/5/2025;20/5/2025;C17;MUNDO CAFE SRL;25;0;0;25;5000133959;29/5/2025;2001;1;1;29/5/2025;ASIGNORELLI;;;0;0;;;;;;;;;0;;;;;;;;;;;;;;;;;;7;;29/5/2025;00001;SEDE;;;-8;1;0;;;;;;;;;8;;;;;;;;;;GESTION ROSARIO;;;;;1;
"00001 GENERAL SEDE&#160;";1000066273;110;ZPAN;PM 101 615 ART. LIBR;;0;;;;DYANEZ;1016964;RESALTADOR AMARILLO PUNTA CHANFLEADA;12;Materiales Stock S/Devol;CUMPLIDO;MM01;1;6/5/2025;20/5/2025;mayo;10120753;110;1;6/5/2025;6/5/2025;C17;4500098657;20;2001;1;MALVAREZ;8/5/2025;8/5/2025;15/5/2025;22/5/2025;C17;AGUDO DOHMEN MARIA ROMINA;12;0;0;12;5000133145;21/5/2025;2001;1;1;21/5/2025;FGONZALEZ;;;0;0;;;;;;;;;0;;;;;;;;;;;;;;;;;;1;;21/5/2025;00001;SEDE;;;-2;-3;0;;;;;;;;;2;;;;3;;;;;;GESTION SAN JUAN;;;;;1;
"00001 GENERAL SEDE&#160;";1000066273;210;ZPAN;PM 101 615 ART. LIBR;;0;;;;DYANEZ;1009571;REGLA PLASTICA 30 CM;5;Materiales usuales;CUMPLIDO;MM01;1;6/5/2025;20/5/2025;mayo;10120753;210;1;6/5/2025;6/5/2025;C17;4500098657;70;2001;1;MALVAREZ;8/5/2025;8/5/2025;15/5/2025;22/5/2025;C17;AGUDO DOHMEN MARIA ROMINA;5;0;0;5;5000133145;21/5/2025;2001;2;1;21/5/2025;FGONZALEZ;;;0;0;;;;;;;;;0;;;;;;;;;;;;;;;;;;1;;21/5/2025;00001;SEDE;;;-2;-3;0;;;;;;;;;2;;;;3;;;;;;GESTION SAN JUAN;;;;;1;
"00001 GENERAL SEDE&#160;";1000067726;10;ZPAN;PM 101 620 . ALIMENT;;0;;;;DYANEZ;1010728;CAFE INSTANTANEO X170GRS;15;Materiales usuales;CUMPLIDO;MM01;1;28/5/2025;18/6/2025;junio;10122635;10;1;28/5/2025;28/5/2025;C17;4500101793;20;2001;2;MALVAREZ;18/6/2025;18/6/2025;25/6/2025;25/6/2025;C17;LA NOBLEZA SRL;15;0;0;15;5000136378;24/6/2025;2001;2;1;19/6/2025;AITURRIETA;;8000071748;15;1;AITURRIETA;24/6/2025;24/6/2025;;;;;;0;;;;;;;;;;;;;;;;;;1;;24/6/2025;00001;SEDE;0;0;-2;-8;5;0;;;;;;;;2;;;;8;;;;;;GESTION SAN JUAN;;4;;1;1;
"00001 GENERAL SEDE&#160;";1000067777;80;ZPAN;PM 101 622 PM art.LI;;0;;;;DYANEZ;1012841;DESODORANTE DE PISO LAVANDA O MARINA X5l;10;Materiales genericos;CUMPLIDO;MM01;1;29/5/2025;12/6/2025;junio;10122703;80;1;29/5/2025;29/5/2025;C17;4500100751;90;2001;1;MALVAREZ;4/6/2025;4/6/2025;11/6/2025;11/6/2025;C17;CAFE AMERICA MAYORISTA SA;5;5;0;10;5000136378;24/6/2025;2001;1;2;19/6/2025;AITURRIETA;;8000071004;10;2;AITURRIETA;9/6/2025;9/6/2025;;;;;;0;;;;;;;;;;;;;;;;;;7;;24/6/2025;00001;SEDE;0;0;-8;0;5;-15;;;;;;;;8;;;;;;;;;;GESTION SAN JUAN;;4;;1;1;
"00001 GENERAL SEDE&#160;";1000068508;90;ZPAN;Pm 101 627 ROPA Y EP;;0;;;;DYANEZ;1011708;BUZO ALGODON AZUL OSCURO C LOGO T S;1;Materiales usuales;CUMPLIDO;MM01;1;11/6/2025;30/6/2025;junio;10123768;90;1;11/6/2025;11/6/2025;C28;4500101924;10;2001;1;GJULIANI;23/6/2025;23/6/2025;27/6/2025;4/7/2025;C28;LACIAR LEANDRO ADOLFO;1;0;0;1;5000137643;4/7/2025;2001;1;1;3/7/2025;AITURRIETA;;8000072411;1;1;AITURRIETA;4/7/2025;4/7/2025;;;;;;0;;;;;;;;;;;;;;;;;;3;;4/7/2025;00001;SEDE;0;0;-4;-5;1;0;;;;;;;;4;;;;5;;;;;;GESTION SAN JUAN;;;;;1;
"00001 GENERAL SEDE&#160;";1000068508;100;ZPAN;Pm 101 627 ROPA Y EP;;0;;;;DYANEZ;1011709;BUZO ALGODON AZUL OSCURO C LOGO T L;1;Materiales usuales;CUMPLIDO;MM01;1;11/6/2025;30/6/2025;junio;10123768;100;1;11/6/2025;11/6/2025;C28;4500101924;20;2001;1;GJULIANI;23/6/2025;23/6/2025;27/6/2025;4/7/2025;C28;LACIAR LEANDRO ADOLFO;1;0;0;1;5000137643;4/7/2025;2001;2;1;3/7/2025;AITURRIETA;;8000072411;1;1;AITURRIETA;4/7/2025;4/7/2025;;;;;;0;;;;;;;;;;;;;;;;;;3;;4/7/2025;00001;SEDE;0;0;-4;-5;1;0;;;;;;;;4;;;;5;;;;;;GESTION SAN JUAN;;;;;1;
"00001 GENERAL SEDE&#160;";1000068508;110;ZPAN;Pm 101 627 ROPA Y EP;;0;;;;DYANEZ;1011710;BUZO ALGODON AZUL OSCURO C LOGO T M;1;Materiales usuales;CUMPLIDO;MM01;1;11/6/2025;30/6/2025;junio;10123768;110;1;11/6/2025;11/6/2025;C28;4500101924;30;2001;1;GJULIANI;23/6/2025;23/6/2025;27/6/2025;4/7/2025;C28;LACIAR LEANDRO ADOLFO;1;0;0;1;5000137643;4/7/2025;2001;3;1;3/7/2025;AITURRIETA;;8000072411;1;1;AITURRIETA;4/7/2025;4/7/2025;;;;;;0;;;;;;;;;;;;;;;;;;3;;4/7/2025;00001;SEDE;0;0;-4;-5;1;0;;;;;;;;4;;;;5;;;;;;GESTION SAN JUAN;;;;;1;
"00001 GENERAL SEDE&#160;";1000068623;10;ZPAN;Pm 101 628 GRIFERIA;;0;;;;DYANEZ;1012647;GRIFERIA FV 362.01 MINGITORIO CROMO;1;Materiales genericos;CUMPLIDO;MM01;1;13/6/2025;27/6/2025;junio;10123901;10;1;13/6/2025;13/6/2025;C19;4500102421;10;2001;1;VBARRA;27/6/2025;27/6/2025;7/7/2025;7/7/2025;C19;BALCARCE 54 S.A.;1;0;0;1;5000137352;2/7/2025;2001;1;1;1/7/2025;FGORGONA;;;1;1;FGORGONA;2/7/2025;;;;;;;0;;;;;;;;;;;;;;;;;;4;;2/7/2025;00001;SEDE;0;0;-5;-11;1;0;;;;;;;;5;;;;11;;;;;;GESTION SAN JUAN;;;;;1;
"00001 GENERAL SEDE&#160;";1000068623;20;ZPAN;Pm 101 628 GRIFERIA;;0;;;;DYANEZ;1012647;JUEGO GRIFERIA FV 207/B1 PARA BACHA CROM;1;Materiales genericos;CUMPLIDO;MM01;1;13/6/2025;27/6/2025;junio;10123901;20;1;13/6/2025;13/6/2025;C19;4500102421;20;2001;1;VBARRA;27/6/2025;27/6/2025;7/7/2025;7/7/2025;C19;BALCARCE 54 S.A.;1;0;0;1;5000137352;2/7/2025;2001;2;1;1/7/2025;FGORGONA;;;1;1;FGORGONA;2/7/2025;;;;;;;0;;;;;;;;;;;;;;;;;;4;;2/7/2025;00001;SEDE;0;0;-5;-11;1;0;;;;;;;;5;;;;11;;;;;;GESTION SAN JUAN;;;;;1;
"00001 GENERAL SEDE&#160;";1000068880;10;ZPAN;PM101 633 TAPA INODO;;0;;;;DYANEZ;1012649;ASIENTO INODORO FERRUM HDF TRAFUL BLANCO;6;Materiales genericos;CUMPLIDO;MM01;1;18/6/2025;2/7/2025;julio;10124201;10;1;18/6/2025;19/6/2025;C13;4500102981;10;2001;1;MALVAREZ;4/7/2025;4/7/2025;8/7/2025;8/7/2025;C13;KATSUDA GUSTAVO ALEJANDRO;6;0;0;6;5000138084;8/7/2025;2001;1;1;8/7/2025;AITURRIETA;;8000072635;6;1;AITURRIETA;8/7/2025;8/7/2025;;;;;;0;;;;;;;;;;;;;;;;;;6;;8/7/2025;00001;SEDE;0;0;-7;-7;0;0;;;;;;;;7;;;;7;;;;;;GESTION SAN JUAN;;;;;1;
"00001 GENERAL SEDE&#160;";1000069194;10;ZPAN;PM 101 638 PM art.LI;;0;;;;DYANEZ;1012841;BOLSA DE RESIDUOS 45 X 60 CM x unidad;400;Materiales genericos;CUMPLIDO;MM01;1;25/6/2025;9/7/2025;julio;10124646;10;1;25/6/2025;25/6/2025;C17;4500102427;10;2001;1;MALVAREZ;27/6/2025;27/6/2025;7/7/2025;7/7/2025;C17;PRANAMAR S.R.L.;400;0;-398;400;5000137443;3/7/2025;2001;1;1;30/7/2025;AITURRIETA;;8000072324;400;1;AITURRIETA;3/7/2025;3/7/2025;;;;;;0;;;;;;;;;;;;;;;;;;21;;3/7/2025;00001;SEDE;0;0;-22;1;-27;0;;;;;;;;22;;;;;;;;;;GESTION SAN JUAN;;;;;1;
"00001 GENERAL SEDE&#160;";1000069194;130;ZPAN;PM 101 638 PM art.LI;;0;;;;DYANEZ;1012841;REPUESTO AROMATIZANTE DE AMBIENTE P/PULV;15;Materiales genericos;CUMPLIDO;MM01;1;25/6/2025;9/7/2025;julio;10124646;130;1;25/6/2025;25/6/2025;C17;4500102427;20;2001;1;MALVAREZ;27/6/2025;27/6/2025;7/7/2025;7/7/2025;C17;PRANAMAR S.R.L.;15;0;-5;15;5000137443;3/7/2025;2001;2;1;30/7/2025;AITURRIETA;;8000072324;15;1;AITURRIETA;3/7/2025;3/7/2025;;;;;;0;;;;;;;;;;;;;;;;;;21;;3/7/2025;00001;SEDE;0;0;-22;1;-27;0;;;;;;;;22;;;;;;;;;;GESTION SAN JUAN;;;;;1;
"00001 GENERAL SEDE&#160;";1000069194;140;ZPAN;PM 101 638 PM art.LI;;0;;;;DYANEZ;1012841;FREGONA ALGODÓN 225 GRS.;6;Materiales genericos;CUMPLIDO;MM01;1;25/6/2025;9/7/2025;julio;10124646;140;1;25/6/2025;25/6/2025;C17;4500102427;30;2001;1;MALVAREZ;27/6/2025;27/6/2025;7/7/2025;7/7/2025;C17;PRANAMAR S.R.L.;6;0;0;6;5000137443;3/7/2025;2001;3;1;30/7/2025;AITURRIETA;;8000072324;6;1;AITURRIETA;3/7/2025;3/7/2025;;;;;;0;;;;;;;;;;;;;;;;;;21;;3/7/2025;00001;SEDE;0;0;-22;1;-27;0;;;;;;;;22;;;;;;;;;;GESTION SAN JUAN;;;;;1;
"00001 GENERAL SEDE&#160;";1000070069;20;ZPAN;mercaderia;;0;;;;MCHAMORRO;1010741;YERBA XKG cbs;12;Materiales usuales;CUMPLIDO;MR01;1;11/7/2025;31/7/2025;julio;10125896;20;1;11/7/2025;11/7/2025;C17;4500105964;10;2001;1;GJULIANI;13/8/2025;13/8/2025;20/8/2025;20/8/2025;C17;TYNA SRL;12;0;0;12;5000142237;15/8/2025;2001;1;1;15/8/2025;FGORGONA;;;0;0;;;;;;;;;0;;;;;;;;;;;;;;;;;;15;;15/8/2025;00001;SEDE;;;-16;-21;0;;;;;;;;;16;;;;21;;;;;;GESTION ROSARIO;;;;;1;
"00001 GENERAL SEDE&#160;";1000070725;10;ZPAN;PM 101 647 ALIMENTO;;0;;;;DYANEZ;1010728;CAFE INSTANTANEO X170GRS;25;Materiales usuales;CUMPLIDO;MM01;1;22/7/2025;5/8/2025;agosto;10126692;10;1;22/7/2025;22/7/2025;C17;4500104828;10;2001;1;MALVAREZ;29/7/2025;29/7/2025;5/8/2025;7/8/2025;C17;SUP. MAYORISTAS YAGUAR S.A.;25;0;0;25;5000141101;6/8/2025;2001;1;1;6/8/2025;AITURRIETA;;8000074122;25;1;AITURRIETA;6/8/2025;6/8/2025;;;;;;0;;;;;;;;;;;;;;;;;;1;;6/8/2025;00001;SEDE;0;0;-2;-3;0;0;;;;;;;;2;;;;3;;;;;;GESTION SAN JUAN;;;;;1;
"00001 GENERAL SEDE&#160;";1000070725;20;ZPAN;PM 101 647 ALIMENTO;;0;;;;DYANEZ;1010740;YERBA MATE EN SAQUITOS XCAJA;4;Materiales usuales;CUMPLIDO;MM01;1;22/7/2025;5/8/2025;agosto;10126692;20;1;22/7/2025;22/7/2025;C17;4500104828;20;2001;1;MALVAREZ;29/7/2025;29/7/2025;5/8/2025;7/8/2025;C17;SUP. MAYORISTAS YAGUAR S.A.;4;0;0;4;5000141101;6/8/2025;2001;2;1;6/8/2025;AITURRIETA;;8000074122;4;1;AITURRIETA;6/8/2025;6/8/2025;;;;;;0;;;;;;;;;;;;;;;;;;1;;6/8/2025;00001;SEDE;0;0;-2;-3;0;0;;;;;;;;2;;;;3;;;;;;GESTION SAN JUAN;;;;;1;
"00001 GENERAL SEDE&#160;";1000070725;30;ZPAN;PM 101 647 ALIMENTO;;0;;;;DYANEZ;1012823;EDULCORANTE LIQUIDO X 200 CC MARCA HILER;20;Materiales genericos;CUMPLIDO;MM01;1;22/7/2025;5/8/2025;agosto;10126692;30;1;22/7/2025;22/7/2025;C17;4500104828;30;2001;1;MALVAREZ;29/7/2025;29/7/2025;5/8/2025;7/8/2025;C17;SUP. MAYORISTAS YAGUAR S.A.;20;0;0;20;5000141101;6/8/2025;2001;3;1;6/8/2025;AITURRIETA;;8000074122;20;1;AITURRIETA;6/8/2025;6/8/2025;;;;;;0;;;;;;;;;;;;;;;;;;1;;6/8/2025;00001;SEDE;0;0;-2;-3;0;0;;;;;;;;2;;;;3;;;;;;GESTION SAN JUAN;;;;;1;
"00001 GENERAL SEDE&#160;";1000070725;50;ZPAN;PM 101 647 ALIMENTO;;0;;;;DYANEZ;1010733;LECHE EN POLVO DESCREMADA X800GR;8;Materiales usuales;CUMPLIDO;MM01;1;22/7/2025;5/8/2025;agosto;10126692;50;1;22/7/2025;22/7/2025;C17;4500104828;40;2001;1;MALVAREZ;29/7/2025;29/7/2025;5/8/2025;7/8/2025;C17;SUP. MAYORISTAS YAGUAR S.A.;8;0;0;8;5000141101;6/8/2025;2001;4;1;6/8/2025;AITURRIETA;;8000074122;8;1;AITURRIETA;6/8/2025;6/8/2025;;;;;;0;;;;;;;;;;;;;;;;;;1;;6/8/2025;00001;SEDE;0;0;-2;-3;0;0;;;;;;;;2;;;;3;;;;;;GESTION SAN JUAN;;;;;1;
"00001 GENERAL SEDE&#160;";1000070725;60;ZPAN;PM 101 647 ALIMENTO;;0;;;;DYANEZ;1010736;TE NEGRO EN SAQUITOS XCAJA;4;Materiales usuales;CUMPLIDO;MM01;1;22/7/2025;5/8/2025;agosto;10126692;60;1;22/7/2025;22/7/2025;C17;4500104828;50;2001;1;MALVAREZ;29/7/2025;29/7/2025;5/8/2025;7/8/2025;C17;SUP. MAYORISTAS YAGUAR S.A.;4;0;0;4;5000141101;6/8/2025;2001;5;1;6/8/2025;AITURRIETA;;8000074122;4;1;AITURRIETA;6/8/2025;6/8/2025;;;;;;0;;;;;;;;;;;;;;;;;;1;;6/8/2025;00001;SEDE;0;0;-2;-3;0;0;;;;;;;;2;;;;3;;;;;;GESTION SAN JUAN;;;;;1;
"00001 GENERAL SEDE&#160;";1000070725;70;ZPAN;PM 101 647 ALIMENTO;;0;;;;DYANEZ;1010731;EDULCORANTE SOBRE X400UN;5;Materiales usuales;CUMPLIDO;MM01;1;22/7/2025;5/8/2025;agosto;10126692;80;1;22/7/2025;22/7/2025;C17;4500104828;60;2001;1;MALVAREZ;29/7/2025;29/7/2025;5/8/2025;7/8/2025;C17;SUP. MAYORISTAS YAGUAR S.A.;5;0;0;5;5000141101;6/8/2025;2001;6;1;6/8/2025;AITURRIETA;;8000074122;5;1;AITURRIETA;6/8/2025;6/8/2025;;;;;;0;;;;;;;;;;;;;;;;;;1;;6/8/2025;00001;SEDE;0;0;-2;-3;0;0;;;;;;;;2;;;;3;;;;;;GESTION SAN JUAN;;;;;1;
"00001 GENERAL SEDE&#160;";1000070810;10;ZPAN;PM101 649 Escritorio;;0;;;;DYANEZ;1011176;SILLON NEGRO OPERATIVO C APOYAB Y RUEDAS;5;Materiales usuales;CUMPLIDO;MM01;1;23/7/2025;13/8/2025;agosto;10126795;10;1;23/7/2025;23/7/2025;C19;4500105125;10;2001;1;VBARRA;1/8/2025;1/8/2025;12/8/2025;24/8/2025;C19;DIAZ MERINO SRL;5;0;0;5;5000142888;21/8/2025;2001;1;4;21/8/2025;AITURRIETA;;8000074190;5;2;AITURRIETA;7/8/2025;7/8/2025;;;;;4900355427;3;BGUERRA;22/8/2025;21/8/2025;;;;;;;;;;;;;;;8;;21/8/2025;00001;SEDE;0;0;-9;-12;0;-14;;;;;;;;9;;;;12;;;;;;GESTION SAN JUAN;;;;;1;
"00001 GENERAL SEDE&#160;";1000072751;150;ZPAN;PM 101 657 PM art.LI;;0;;;;DYANEZ;1012841;IESCOBILLA CEPILLO PARA INODORO BASE PVC;8;Materiales genericos;CUMPLIDO;MM01;1;25/8/2025;8/9/2025;septiembre;10129357;150;1;25/8/2025;25/8/2025;C17;4500107239;40;2001;1;MALVAREZ;28/8/2025;28/8/2025;3/9/2025;3/9/2025;C17;PRANAMAR S.R.L.;8;0;0;8;5000145875;16/9/2025;2001;1;1;15/9/2025;AITURRIETA;;8000076727;8;1;AITURRIETA;16/9/2025;16/9/2025;;;;;;0;;;;;;;;;;;;;;;;;;7;;16/9/2025;00001;SEDE;0;0;-8;4;1;0;;;;;;;;8;;;;;;;;;;GESTION SAN JUAN;;;;;1;
"00001 GENERAL SEDE&#160;";1000072946;10;ZPAN;PM 101 662 LIBRERIA;;0;;;;DYANEZ;1012839;PORTA BLOCK CON CLIP A4 PLASTICO X UND;12;Materiales genericos;CUMPLIDO;MM01;1;28/8/2025;11/9/2025;septiembre;10129638;10;1;28/8/2025;28/8/2025;C17;4500107639;10;2001;1;MALVAREZ;2/9/2025;2/9/2025;9/9/2025;22/9/2025;C17;AGUDO DOHMEN MARIA ROMINA;12;0;0;12;5000147182;29/9/2025;2001;1;1;25/9/2025;AITURRIETA;;8000077438;12;1;AITURRIETA;29/9/2025;29/9/2025;;;;;;0;;;;;;;;;;;;;;;;;;14;;29/9/2025;00001;SEDE;0;0;-15;-12;4;0;;;;;;;;15;;;;12;;;;;;GESTION SAN JUAN;;3;;1;1;
"00001 GENERAL SEDE&#160;";1000074910;100;ZPAN;PM 101 674 ART. LIMP;;0;;;;DYANEZ;1012841;TOALLAS DE PAPEL X PAQUETE POR CAJA MARC;8;Materiales genericos;CUMPLIDO;MM01;1;30/9/2025;14/10/2025;octubre;10132137;100;1;30/9/2025;30/9/2025;C17;4500110394;10;2001;1;MALVAREZ;9/10/2025;9/10/2025;13/10/2025;13/10/2025;C17;VALLEJOS GASTON EMILIANO;8;0;0;8;5000149440;20/10/2025;2001;1;1;18/10/2025;AITURRIETA;;8000078662;8;1;AITURRIETA;20/10/2025;20/10/2025;;;;;;0;;;;;;;;;;;;;;;;;;4;;20/10/2025;00001;SEDE;0;0;-5;0;2;0;;;;;;;;5;;;;;;;;;;GESTION SAN JUAN;;1;;1;1;
"00001 GENERAL SEDE&#160;";1000074910;130;ZPAN;PM 101 674 ART. LIMP;;0;;;;DYANEZ;1012841;DETERGENTE MAGISTRAL X 500 ML;6;Materiales genericos;CUMPLIDO;MM01;1;30/9/2025;14/10/2025;octubre;10132137;130;1;30/9/2025;30/9/2025;C17;4500110017;40;2001;1;MALVAREZ;3/10/2025;3/10/2025;8/10/2025;8/10/2025;C17;PRANAMAR S.R.L.;6;0;0;6;5000149447;20/10/2025;2001;1;1;17/10/2025;AITURRIETA;;8000078666;6;1;AITURRIETA;20/10/2025;20/10/2025;;;;;;0;;;;;;;;;;;;;;;;;;3;;20/10/2025;00001;SEDE;0;0;-4;5;3;0;;;;;;;;4;;;;;;;;;;GESTION SAN JUAN;;2;;1;1;
"00001 GENERAL SEDE&#160;";1000075288;10;ZPAN;PM101 678 MANGUERA R;;0;;;;DYANEZ;1012892;MANGUERA RIEGO ALTA RESIST. GOMA TELA 19;100;Materiales genericos;CUMPLIDO;MM01;1;6/10/2025;20/10/2025;octubre;10132623;10;1;6/10/2025;6/10/2025;C13;4500110612;10;2001;1;MALVAREZ;13/10/2025;13/10/2025;17/10/2025;30/10/2025;C13;TODO GOMA SOC RESP LTDA;100;0;0;100;5000150480;28/10/2025;2001;1;3;28/10/2025;AITURRIETA;;8000079235;100;1;AITURRIETA;28/10/2025;28/10/2025;;;;;4900380204;100;GQUIROGA;3/11/2025;28/10/2025;;;;;;;;;;;;;;;8;;28/10/2025;00001;SEDE;0;0;-9;-11;0;0;;;;;;;;9;;;;11;;;;;;GESTION SAN JUAN;;;;;1;
"00001 GENERAL SEDE&#160;";1000076590;20;ZPAN;COMPRA OCT;;0;;;;AJORGE;1010740;YERBA MATE EN SAQUITOS X CAJA 50 UN.;20;Materiales usuales;CUMPLIDO;MR01;1;27/10/2025;3/11/2025;noviembre;10134380;20;1;27/10/2025;27/10/2025;C17;4500112099;10;2001;1;GJULIANI;31/10/2025;31/10/2025;7/11/2025;7/11/2025;C17;MICROPACK LUCIO DI SANTO SA;20;0;0;20;5000151507;6/11/2025;2001;1;1;6/11/2025;LNASUTI;;;0;0;;;;;;;;;0;;;;;;;;;;;;;;;;;;3;;6/11/2025;00001;SEDE;;;-4;-5;0;;;;;;;;;4;;;;5;;;;;;GESTION ROSARIO;;;;;1;
"00001 GENERAL SEDE&#160;";1000076590;40;ZPAN;COMPRA OCT;;0;;;;AJORGE;1033806;TE BOLDO SAQUITOS X CAJA;12;Materiales Stock S/Devol;CUMPLIDO;MR01;1;27/10/2025;3/11/2025;noviembre;10134380;40;1;27/10/2025;27/10/2025;C17;4500112099;20;2001;1;GJULIANI;31/10/2025;31/10/2025;7/11/2025;7/11/2025;C17;MICROPACK LUCIO DI SANTO SA;12;0;0;12;5000151507;6/11/2025;2001;2;1;6/11/2025;LNASUTI;;;0;0;;;;;;;;;0;;;;;;;;;;;;;;;;;;3;;6/11/2025;00001;SEDE;;;-4;-5;0;;;;;;;;;4;;;;5;;;;;;GESTION ROSARIO;;;;;1;
"00001 GENERAL SEDE&#160;";1000076590;50;ZPAN;COMPRA OCT;;0;;;;AJORGE;1043004;VINAGRE DE ALCOHOL 500 ML.;12;Materiales usuales;CUMPLIDO;MR01;1;27/10/2025;3/11/2025;noviembre;10134380;50;1;27/10/2025;27/10/2025;C17;4500112099;30;2001;1;GJULIANI;31/10/2025;31/10/2025;7/11/2025;7/11/2025;C17;MICROPACK LUCIO DI SANTO SA;12;0;0;12;5000151507;6/11/2025;2001;3;1;6/11/2025;LNASUTI;;;0;0;;;;;;;;;0;;;;;;;;;;;;;;;;;;3;;6/11/2025;00001;SEDE;;;-4;-5;0;;;;;;;;;4;;;;5;;;;;;GESTION ROSARIO;;;;;1;
"00001 GENERAL SEDE&#160;";1000076590;60;ZPAN;COMPRA OCT;;0;;;;AJORGE;1012860;ACEITE GIRASOL X1,5L;24;Materiales genericos;CUMPLIDO;MR01;1;27/10/2025;3/11/2025;noviembre;10134380;60;1;30/10/2025;30/10/2025;C22;4500112099;40;2001;1;GJULIANI;31/10/2025;31/10/2025;7/11/2025;7/11/2025;C17;MICROPACK LUCIO DI SANTO SA;24;0;0;24;5000151507;6/11/2025;2001;4;1;6/11/2025;LNASUTI;;;0;0;;;;;;;;;0;;;;;;;;;;;;;;;;;;3;;6/11/2025;00001;SEDE;;;-4;-5;0;;;;;;;;;4;;;;5;;;;;;GESTION ROSARIO;;;;;1;
"00001 GENERAL SEDE&#160;";1000076706;60;ZPAN;PM 101 686 ITEMS LIM;;0;;;;DYANEZ;1009626;DESODORANTE LIQUIDO P PISO X5LT;30;Materiales usuales;CUMPLIDO;MM01;1;28/10/2025;11/11/2025;noviembre;10134591;60;1;28/10/2025;29/10/2025;C17;4500113276;10;2001;1;MALVAREZ;15/11/2025;15/11/2025;18/11/2025;18/11/2025;C17;VALLEJOS GASTON EMILIANO;30;0;0;30;5000155879;17/12/2025;2001;1;1;1/12/2025;AITURRIETA;;8000082132;30;1;AITURRIETA;17/12/2025;17/12/2025;;;;;;0;;;;;;;;;;;;;;;;;;20;;17/12/2025;00001;SEDE;0;0;-21;-8;16;0;;;;;;;;21;;;;8;;;;;;GESTION SAN JUAN;;15;;1;1;
"00001 GENERAL SEDE&#160;";1000076706;80;ZPAN;PM 101 686 ITEMS LIM;;0;;;;DYANEZ;1009651;FRANELA;10;Materiales usuales;CUMPLIDO;MM01;1;28/10/2025;11/11/2025;noviembre;10134591;80;1;28/10/2025;29/10/2025;C17;4500112922;10;2001;2;MALVAREZ;11/11/2025;11/11/2025;14/11/2025;14/11/2025;C17;PRANAMAR S.R.L.;10;0;0;10;5000152456;14/11/2025;2001;1;1;13/11/2025;AITURRIETA;;8000080341;10;1;AITURRIETA;14/11/2025;14/11/2025;;;;;4900386913;10;GQUIROGA;20/11/2025;14/11/2025;;;;;;;;;;;;;;;3;;14/11/2025;00001;SEDE;0;0;-3;-4;1;0;;;;;;;;3;;;;4;;;;;;GESTION SAN JUAN;;;;;1;
"00001 GENERAL SEDE&#160;";1000077979;10;ZPAN;PM 101 698 ITEMS LIM;;0;;;;DYANEZ;1046840;TOALLAS PAPEL X CAJA 2500UN;18;Materiales usuales;CUMPLIDO;MM01;1;18/11/2025;2/12/2025;diciembre;10136149;10;1;18/11/2025;18/11/2025;C17;4500114045;10;2001;1;MALVAREZ;27/11/2025;27/11/2025;1/12/2025;1/12/2025;C17;VALLEJOS GASTON EMILIANO;18;0;0;18;5000154434;4/12/2025;2001;1;1;3/12/2025;AITURRIETA;;8000081333;18;1;AITURRIETA;4/12/2025;4/12/2025;;;;;;0;;;;;;;;;;;;;;;;;;1;;4/12/2025;00001;SEDE;0;0;-2;0;1;0;;;;;;;;2;;;;;;;;;;GESTION SAN JUAN;;;;;1;
"00001 GENERAL SEDE&#160;";1000078115;30;ZPAN;PM 101 700 ROPA SEDE;;0;;;;DYANEZ;1011547;CHOMBA ALGODON NEGRA TALLE S C LOGO;1;Materiales usuales;CUMPLIDO;MM01;1;19/11/2025;3/12/2025;diciembre;10136389;30;1;19/11/2025;19/11/2025;C28;4500114380;10;2001;1;GJULIANI;2/12/2025;2/12/2025;19/12/2025;19/12/2025;C28;PIZARRO FLAVIA SUSANA;1;0;0;1;5000156303;19/12/2025;2001;1;1;19/12/2025;AITURRIETA;;8000082333;1;1;AITURRIETA;19/12/2025;19/12/2025;;;;;;0;;;;;;;;;;;;;;;;;;16;;19/12/2025;00001;SEDE;0;0;-17;-17;0;0;;;;;;;;17;;;;17;;;;;;GESTION SAN JUAN;;;;;1;
"00001 GENERAL SEDE&#160;";1000078115;40;ZPAN;PM 101 700 ROPA SEDE;;0;;;;DYANEZ;1011548;CHOMBA ALGODON NEGRA TALLE L C LOGO;3;Materiales usuales;CUMPLIDO;MM01;1;19/11/2025;3/12/2025;diciembre;10136389;40;1;19/11/2025;19/11/2025;C28;4500114380;20;2001;1;GJULIANI;2/12/2025;2/12/2025;19/12/2025;19/12/2025;C28;PIZARRO FLAVIA SUSANA;3;0;0;3;5000156303;19/12/2025;2001;2;1;19/12/2025;AITURRIETA;;8000082333;3;1;AITURRIETA;19/12/2025;19/12/2025;;;;;;0;;;;;;;;;;;;;;;;;;16;;19/12/2025;00001;SEDE;0;0;-17;-17;0;0;;;;;;;;17;;;;17;;;;;;GESTION SAN JUAN;;;;;1;
"00001 GENERAL SEDE&#160;";1000079809;10;ZPAN;PM 101 710 MOTOGUADA;;0;;;;DYANEZ;1012910;MOTOGUADANA  HUSQVARNA 40 CC;1;Materiales genericos;CUMPLIDO;MM01;1;17/12/2025;31/12/2025;diciembre;10138646;10;1;17/12/2025;17/12/2025;C13;4500116680;10;2001;1;MALVAREZ;5/1/2026;5/1/2026;7/1/2026;7/1/2026;C13;HERRAMIENTAS SRL;1;0;0;1;5000157561;7/1/2026;2001;1;1;6/1/2026;AITURRIETA;;8000083101;1;1;AITURRIETA;7/1/2026;7/1/2026;;;;;;0;;;;;;;;;;;;;;;;;;6;;7/1/2026;00001;SEDE;0;0;-7;-8;1;0;;;;;;;;7;;;;8;;;;;;GESTION SAN JUAN;;;;;1;
00005 TALLER;1000071538;10;ZPAN;CUBIERTA MTR PIRELLI;;0;;;;EGUEVARA;1015947;CUBIERTA MTR PIRELLI 265/65R17;2;Materiales genericos;CUMPLIDO;MM01;1;5/8/2025;26/8/2025;agosto;10127703;10;1;5/8/2025;5/8/2025;C43;4500105343;10;MM05;1;EFUNES;5/8/2025;5/8/2025;14/8/2025;29/8/2025;C43;EL SAUCE SRL;2;0;0;2;5000148181;7/10/2025;MM05;1;1;7/10/2025;HCABELLO;;8000077971;2;1;HCABELLO;7/10/2025;7/10/2025;;;;;;0;;;;;;;;;;;;;;;;;;42;;7/10/2025;00005;EQUIPOS;0;0;-43;-4;0;0;;;;;;;;;;;;;43;;;;4;GESTION SAN JUAN;;;;;;1
00005 TALLER;1000065405;10;ZPAN;INSUMOS TALLER;;0;;;;GGUEVARA;1015947;SEGURA SEGGER 62A;10;Materiales genericos;CUMPLIDO;MM01;1;21/4/2025;12/5/2025;mayo;10119673;10;1;21/4/2025;21/4/2025;C43;4500097633;10;2001;1;EFUNES;23/4/2025;23/4/2025;3/5/2025;3/5/2025;C43;RODRIGUEZ MARTINEZ EMILIO JOAQUIN;10;0;0;10;5000144538;4/9/2025;MM05;1;3;4/9/2025;HCABELLO;;8000075924;10;1;HCABELLO;4/9/2025;4/9/2025;;;;;;0;;;;;;;;;;;;;;;;;;115;;4/9/2025;00005;EQUIPOS;0;0;-116;8;0;0;;;;;;;;;;;;;116;;;;;GESTION SAN JUAN;;;;;;1
00005 TALLER;1000065405;20;ZPAN;INSUMOS TALLER;;0;;;;GGUEVARA;1015947;GUARDACABOS DE 1/4;17;Materiales genericos;CUMPLIDO;MM01;1;21/4/2025;12/5/2025;mayo;10119673;20;1;21/4/2025;21/4/2025;C43;4500097633;20;2001;1;EFUNES;23/4/2025;23/4/2025;3/5/2025;3/5/2025;C43;RODRIGUEZ MARTINEZ EMILIO JOAQUIN;17;0;0;17;5000144538;4/9/2025;MM05;2;3;4/9/2025;HCABELLO;;8000075924;17;1;HCABELLO;4/9/2025;4/9/2025;;;;;;0;;;;;;;;;;;;;;;;;;115;;4/9/2025;00005;EQUIPOS;0;0;-116;8;0;0;;;;;;;;;;;;;116;;;;;GESTION SAN JUAN;;;;;;1
00005 TALLER;1000065457;10;ZPAN;TRABAS DE CAJA DE BA;;0;;;;EGUEVARA;1015947;5801944880 - TRABA DE TAPA CAJA BATERIAS;5;Materiales genericos;CUMPLIDO;MM01;1;21/4/2025;12/5/2025;mayo;10119738;10;1;21/4/2025;22/4/2025;C43;4500097631;10;2001;1;EFUNES;23/4/2025;23/4/2025;5/5/2025;5/5/2025;C43;PIZZOLON PIETRO S.A.;5;0;0;5;5000144398;3/9/2025;MM05;1;1;3/9/2025;EGUEVARA;;8000075847;5;1;EGUEVARA;3/9/2025;3/9/2025;;;;;;0;;;;;;;;;;;;;;;;;;114;;3/9/2025;00005;EQUIPOS;0;0;-115;6;0;0;;;;;;;;;;;;;115;;;;;GESTION SAN JUAN;;;;;;1
00005 TALLER;1000072548;10;ZPAN;PUENTE GRUA 25T - SF;;0;;;;SFLORES;1015947;CONTROL REMOTO-PUENTE GRUA 25T//TALLER;1;Materiales genericos;CUMPLIDO;MR01;1;21/8/2025;4/9/2025;septiembre;10129033;10;1;21/8/2025;21/8/2025;C38;4500110270;10;MR05;2;EREGALADO;8/10/2025;8/10/2025;25/10/2025;25/10/2025;C38;MADATEC;1;0;0;1;5000148542;9/10/2025;MR05;1;1;9/10/2025;CDAVID;;;0;0;;;;;;;;;0;;;;;;;;;;;;;;;;;;35;;9/10/2025;00005;EQUIPOS;;;-36;-52;0;;;;;;;;;;;;;;36;;;;52;GESTION ROSARIO;;;;;;1
00005 TALLER;1000072586;10;ZPAN;BUZO AZUL - T.L - PE;;0;;;;EGUEVARA;1011709;BUZO ALGODON AZUL OSCURO C LOGO T L;2;Materiales usuales;CUMPLIDO;MM01;1;21/8/2025;10/9/2025;septiembre;10129083;20;1;25/8/2025;25/8/2025;C28;4500107314;10;2001;1;GJULIANI;29/8/2025;29/8/2025;9/9/2025;3/10/2025;C28;PIZARRO FLAVIA SUSANA;2;0;0;2;5000147284;29/9/2025;2001;1;1;29/9/2025;AITURRIETA;;8000077527;2;1;AITURRIETA;30/9/2025;30/9/2025;;;;;4900369444;2;BGUERRA;2/10/2025;30/9/2025;;;;;;;;;;;;;;;20;;29/9/2025;00005;SEDE;0;0;-20;-24;0;1;;;;;;;;20;;;;24;;;;;;GESTION SAN JUAN;;;;;1;
00005 TALLER;1000073366;20;ZPAN;HERRAMIENTAS/STOCK T;;0;;;;GSPINELLI;1012896;JUEGO DE CABLES PARA TESTER;10;Materiales genericos;CUMPLIDO;MR01;1;4/9/2025;18/9/2025;septiembre;10130224;10;1;4/9/2025;4/9/2025;C11;4500108081;10;2001;1;JJCABRERA;8/9/2025;8/9/2025;15/9/2025;15/9/2025;C11;CICCIOELEC SA;10;0;0;10;5000147985;6/10/2025;2001;1;2;4/10/2025;CCARRIL;;8000076585;10;2;LBARTON;13/9/2025;13/9/2025;;;;;4900372169;10;CDAVID;9/10/2025;8/10/2025;;;;;;;;;;;;;;;20;;6/10/2025;00005;SEDE;0;0;-17;2;2;-23;;;;;;;;17;;;;;;;;;;GESTION ROSARIO;1;;;1;1;
00005 TALLER;1000067373;10;ZPAN;PEDIDO DE TALLER - I;;0;;;;BGUERRA;1015947;PICO DE INFLADOR;2;Materiales genericos;CUMPLIDO;MM01;1;22/5/2025;11/6/2025;junio;10122154;10;1;22/5/2025;23/5/2025;C43;4500100268;10;MM05;1;GROSES;28/5/2025;28/5/2025;11/6/2025;11/6/2025;C43;RODRIGUEZ MARTINEZ EMILIO JOAQUIN;2;0;0;2;5000144776;5/9/2025;MM05;1;1;5/9/2025;HCABELLO;;8000076020;2;1;HCABELLO;5/9/2025;5/9/2025;;;;;;0;;;;;;;;;;;;;;;;;;86;;5/9/2025;00005;EQUIPOS;0;0;-87;-1;0;0;;;;;;;;;;;;;87;;;;1;GESTION SAN JUAN;;;;;;1
00005 TALLER;1000067570;10;ZPAN;PEDIDO DE TALLER - I;;0;;;;BGUERRA;1015947;RULEMANES SKF 6205;10;Materiales genericos;CUMPLIDO;MM01;1;26/5/2025;13/6/2025;junio;10122399;10;1;26/5/2025;27/5/2025;C43;4500100194;10;MM05;1;GROSES;28/5/2025;28/5/2025;13/6/2025;13/6/2025;C43;RODRIGUEZ MARTINEZ EMILIO JOAQUIN;10;0;0;10;5000144778;5/9/2025;MM05;1;1;5/9/2025;HCABELLO;;8000076023;10;1;HCABELLO;5/9/2025;5/9/2025;;;;;;0;;;;;;;;;;;;;;;;;;84;;5/9/2025;00005;EQUIPOS;0;0;-85;-1;0;0;;;;;;;;;;;;;85;;;;1;GESTION SAN JUAN;;;;;;1
00005 TALLER;1000067570;20;ZPAN;PEDIDO DE TALLER - I;;0;;;;BGUERRA;1015947;ESPATULA 10CM EPTL10002;1;Materiales genericos;CUMPLIDO;MM01;1;26/5/2025;13/6/2025;junio;10122399;20;1;26/5/2025;27/5/2025;C43;4500100194;20;MM05;1;GROSES;28/5/2025;28/5/2025;13/6/2025;13/6/2025;C43;RODRIGUEZ MARTINEZ EMILIO JOAQUIN;1;0;0;1;5000144778;5/9/2025;MM05;2;1;5/9/2025;HCABELLO;;8000076023;1;1;HCABELLO;5/9/2025;5/9/2025;;;;;;0;;;;;;;;;;;;;;;;;;84;;5/9/2025;00005;EQUIPOS;0;0;-85;-1;0;0;;;;;;;;;;;;;85;;;;1;GESTION SAN JUAN;;;;;;1
00005 TALLER;1000067570;30;ZPAN;PEDIDO DE TALLER - I;;0;;;;BGUERRA;1015947;ESPATULA 8CM EPTL08001;1;Materiales genericos;CUMPLIDO;MM01;1;26/5/2025;13/6/2025;junio;10122399;30;1;26/5/2025;27/5/2025;C43;4500100194;30;MM05;1;GROSES;28/5/2025;28/5/2025;13/6/2025;13/6/2025;C43;RODRIGUEZ MARTINEZ EMILIO JOAQUIN;1;0;0;1;5000144778;5/9/2025;MM05;3;1;5/9/2025;HCABELLO;;8000076023;1;1;HCABELLO;5/9/2025;5/9/2025;;;;;;0;;;;;;;;;;;;;;;;;;84;;5/9/2025;00005;EQUIPOS;0;0;-85;-1;0;0;;;;;;;;;;;;;85;;;;1;GESTION SAN JUAN;;;;;;1
00005 TALLER;1000067574;10;ZPAN;PEDIDO DE TALLER - I;;0;;;;BGUERRA;1015947;CABLE DE SOLDADOR 50MM X 7MTS;1;Materiales genericos;CUMPLIDO;MM01;1;26/5/2025;13/6/2025;junio;10122403;10;1;26/5/2025;27/5/2025;C43;4500100194;40;MM05;1;GROSES;28/5/2025;28/5/2025;13/6/2025;13/6/2025;C43;RODRIGUEZ MARTINEZ EMILIO JOAQUIN;1;0;0;1;5000144778;5/9/2025;MM05;4;1;5/9/2025;HCABELLO;;8000076057;1;1;HCABELLO;5/9/2025;5/9/2025;;;;;;0;;;;;;;;;;;;;;;;;;84;;5/9/2025;00005;EQUIPOS;0;0;-85;-1;0;0;;;;;;;;;;;;;85;;;;1;GESTION SAN JUAN;;;;;;1
00005 TALLER;1000065505;10;ZPAN;INSUMOS TALLER - ANI;;0;;;;EGUEVARA;1015947;SEG-47162 - ANILLOS SEEGER 471 Nª62;10;Materiales genericos;CUMPLIDO;MM01;1;22/4/2025;13/5/2025;mayo;10119839;10;1;22/4/2025;22/4/2025;C43;4500097560;10;MM05;1;EFUNES;22/4/2025;22/4/2025;13/5/2025;13/5/2025;C43;MEYNIEL S.R.L.;10;0;0;10;5000150776;31/10/2025;MM05;1;1;31/10/2025;GGUEVARA;;8000079434;10;1;GGUEVARA;31/10/2025;31/10/2025;;;;;;0;;;;;;;;;;;;;;;;;;171;;31/10/2025;00005;EQUIPOS;0;0;-172;-1;0;0;;;;;;;;;;;;;172;;;;1;GESTION SAN JUAN;;;;;;1
00005 TALLER;1000065505;20;ZPAN;INSUMOS TALLER - ANI;;0;;;;EGUEVARA;1015947;GUA-1/4 - GUARDA CABO 1/4 LIV.;3;Materiales genericos;CUMPLIDO;MM01;1;22/4/2025;13/5/2025;mayo;10119839;20;1;22/4/2025;22/4/2025;C43;4500097560;20;MM05;1;EFUNES;22/4/2025;22/4/2025;13/5/2025;13/5/2025;C43;MEYNIEL S.R.L.;3;0;0;3;5000150776;31/10/2025;MM05;2;1;31/10/2025;GGUEVARA;;8000079434;3;1;GGUEVARA;31/10/2025;31/10/2025;;;;;;0;;;;;;;;;;;;;;;;;;171;;31/10/2025;00005;EQUIPOS;0;0;-172;-1;0;0;;;;;;;;;;;;;172;;;;1;GESTION SAN JUAN;;;;;;1
00005 TALLER;1000067967;10;ZPAN;PEDIDO DE TALLER - I;;0;;;;BGUERRA;1015947;TERMINAL DE INSTALACIÓN CON TRABA;40;Materiales genericos;CUMPLIDO;MM01;1;2/6/2025;20/6/2025;junio;10122911;10;1;2/6/2025;3/6/2025;C43;4500100782;10;2001;1;EFUNES;5/6/2025;5/6/2025;16/6/2025;16/6/2025;C43;BASUALDO NECCHI MARCOS GABRIEL;40;0;0;40;5000144826;5/9/2025;MM05;1;3;5/9/2025;HCABELLO;;8000076045;40;1;HCABELLO;5/9/2025;5/9/2025;;;;;;0;;;;;;;;;;;;;;;;;;77;;5/9/2025;00005;EQUIPOS;0;0;-78;3;0;0;;;;;;;;;;;;;78;;;;;GESTION SAN JUAN;;;;;;1
00005 TALLER;1000068175;10;ZPAN;PEDIDO DE TALLER - I;;0;;;;BGUERRA;1015947;CABLE ACERO GALVANIZADO 6MM ROLLO 20MTS;1;Materiales genericos;CUMPLIDO;MM01;1;5/6/2025;26/6/2025;junio;10123258;10;1;5/6/2025;5/6/2025;C43;4500100836;10;MM05;1;GROSES;5/6/2025;5/6/2025;26/6/2025;26/6/2025;C43;MAQBULON SAN BENITO S.A.S.;1;0;0;1;5000144830;5/9/2025;MM05;1;1;5/9/2025;HCABELLO;;8000076047;1;1;HCABELLO;5/9/2025;5/9/2025;;;;;;0;;;;;;;;;;;;;;;;;;71;;5/9/2025;00005;EQUIPOS;0;0;-72;-1;0;0;;;;;;;;;;;;;72;;;;1;GESTION SAN JUAN;;;;;;1
00005 TALLER;1000065550;100;ZPAN;REPO NO STOCK 23/04;;0;;;;SPONCE;1009668;RENOVADOR CREMOSO REVIGAL 300CC;10;Materiales usuales;CUMPLIDO;MR01;1;23/4/2025;7/5/2025;mayo;10119878;100;1;23/4/2025;24/4/2025;C17;4500097962;10;2001;1;GJULIANI;28/4/2025;28/4/2025;9/5/2025;9/5/2025;C17;TRAVEL FILTERS SRL;10;0;0;10;5000132159;12/5/2025;2001;1;1;9/5/2025;FGORGONA;;8000069258;10;1;FGORGONA;12/5/2025;12/5/2025;;;;;4900326300;10;SPONCE;15/5/2025;12/5/2025;;;;;;;;;;;;;;;5;;12/5/2025;00005;SEDE;0;0;-3;-3;3;0;;;;;;;;3;;;;3;;;;;;GESTION ROSARIO;2;;;1;1;
00005 TALLER;1000065583;10;ZPAN;ELEMENTOS TALLER / P;;0;;;;PCECONI;1015947;OVULOS PARA A/A - S/M;30;Materiales genericos;CUMPLIDO;MR01;1;23/4/2025;7/5/2025;mayo;10119930;10;1;23/4/2025;23/4/2025;C42;4500098058;10;MR05;1;HROLDAN;29/4/2025;29/4/2025;7/5/2025;16/5/2025;C42;DIRADAIR SRL;30;0;-5;30;5000133912;29/5/2025;MR05;1;1;29/5/2025;SPONCE;;;0;0;;;;;;;;;0;;;;;;;;;;;;;;;;;;22;;29/5/2025;00005;EQUIPOS;;;-23;-10;0;;;;;;;;;;;;;;23;;;;10;GESTION ROSARIO;;;;;;1
00005 TALLER;1000065659;70;ZPAN;REPO NO STOCK 24/04;;0;;;;SPONCE;1012501;CARTON CORRUGADO 1.00 X35MT XROLLO;4;Materiales usuales;CUMPLIDO;MR01;1;24/4/2025;8/5/2025;mayo;10120009;70;1;24/4/2025;25/4/2025;C17;4500098403;10;2001;1;GJULIANI;5/5/2025;5/5/2025;9/5/2025;9/5/2025;C17;ROSARIO PACK SRL;4;0;-3;4;5000131951;9/5/2025;2001;1;1;9/5/2025;FDEICAS;;8000069119;4;1;FDEICAS;9/5/2025;9/5/2025;;;;;4900325517;4;SPONCE;13/5/2025;9/5/2025;;;;;;;;;;;;;;;1;;9/5/2025;00005;SEDE;0;0;-2;-2;0;0;;;;;;;;2;;;;2;;;;;;GESTION ROSARIO;;;;;1;
00005 TALLER;1000065679;200;ZPAN;HERRAMIENTA PABLO CO;;0;;;;SFLORES;1012888;PINZA PICO DE LORO - MARCA RUCCI;1;Materiales genericos;CUMPLIDO;MR01;1;25/4/2025;9/5/2025;mayo;10120037;200;1;25/4/2025;25/4/2025;C27;4500098003;200;MR05;1;AESCUDERO;29/4/2025;29/4/2025;;8/5/2025;C27;FERRETERA SAN LUIS;1;0;0;1;5000132436;14/5/2025;MR05;1;1;13/5/2025;FGORGONA;;8000069400;1;1;FGORGONA;14/5/2025;14/5/2025;;;;;;0;;;;;;;;;;;;;;;;;;4;;13/5/2025;00005;SEDE;0;0;-5;0;1;0;;;;;;;;5;;;;;;;;;;GESTION ROSARIO;;;;;1;
00005 TALLER;1000065679;220;ZPAN;HERRAMIENTA PABLO CO;;0;;;;SFLORES;1012888;NEUMATICA ENCASTRE 3/4 - WHURT;1;Materiales genericos;CUMPLIDO;MR01;1;25/4/2025;9/5/2025;mayo;10120037;220;1;25/4/2025;25/4/2025;C27;4500097980;10;MR05;1;AESCUDERO;28/4/2025;28/4/2025;6/5/2025;6/5/2025;C27;WURTH ARGENTINA S.A.;1;0;0;1;5000132139;12/5/2025;MR05;1;1;12/5/2025;FGORGONA;;8000069235;1;1;FGORGONA;12/5/2025;12/5/2025;;;;;;0;;;;;;;;;;;;;;;;;;3;;12/5/2025;00005;SEDE;0;0;-4;2;0;0;;;;;;;;4;;;;;;;;;;GESTION ROSARIO;;;;;1;
00005 TALLER;1000065679;230;ZPAN;HERRAMIENTA PABLO CO;;0;;;;SFLORES;1012888;NEUMATICA ENCASTRE 1/2 - WHURT;1;Materiales genericos;CUMPLIDO;MR01;1;25/4/2025;9/5/2025;mayo;10120037;230;1;25/4/2025;25/4/2025;C27;4500097980;20;MR05;1;AESCUDERO;28/4/2025;28/4/2025;6/5/2025;6/5/2025;C27;WURTH ARGENTINA S.A.;1;0;0;1;5000132139;12/5/2025;MR05;2;1;12/5/2025;FGORGONA;;8000069235;1;1;FGORGONA;12/5/2025;12/5/2025;;;;;;0;;;;;;;;;;;;;;;;;;3;;12/5/2025;00005;SEDE;0;0;-4;2;0;0;;;;;;;;4;;;;;;;;;;GESTION ROSARIO;;;;;1;
00005 TALLER;1000065680;20;ZPAN;HERRAMIENTA ERIC TAV;;0;;;;SFLORES;1012888;JUEGO DE LLAVE TORX;1;Materiales genericos;CUMPLIDO;MR01;1;25/4/2025;9/5/2025;mayo;10120038;20;1;25/4/2025;25/4/2025;C27;4500097986;20;MR05;1;AESCUDERO;28/4/2025;28/4/2025;7/5/2025;28/5/2025;C27;FERRETERA SAN LUIS;1;0;0;1;5000135440;12/6/2025;MR05;1;1;11/6/2025;FGORGONA;;8000071190;1;1;FGORGONA;12/6/2025;12/6/2025;;;;;;0;;;;;;;;;;;;;;;;;;33;;11/6/2025;00005;SEDE;0;0;-34;-20;1;0;;;;;;;;34;;;;20;;;;;;GESTION ROSARIO;;;;;1;
00005 TALLER;1000065680;80;ZPAN;HERRAMIENTA ERIC TAV;;0;;;;SFLORES;1012888;TUBOS ALLEN ENCASTRE 1/2(VER NOTA);1;Materiales genericos;CUMPLIDO;MR01;1;25/4/2025;9/5/2025;mayo;10120038;80;1;25/4/2025;25/4/2025;C27;4500101391;10;MR05;2;JESPARZA;12/6/2025;12/6/2025;13/6/2025;13/6/2025;C27;FERRETERA SAN LUIS;1;0;0;1;5000135520;12/6/2025;MR05;1;1;11/6/2025;FGORGONA;;8000071233;1;1;FGORGONA;12/6/2025;12/6/2025;;;;;;0;;;;;;;;;;;;;;;;;;33;;11/6/2025;00005;SEDE;0;0;-34;-36;1;0;;;;;;;;34;;;;36;;;;;;GESTION ROSARIO;;;;;1;
00005 TALLER;1000065754;20;ZPAN;MATERIAL USO TALLER;;0;;;;SFLORES;1012766;"PLANCHUELA 1 3/4"" X 1/4";10;Materiales genericos;CUMPLIDO;MR01;1;25/4/2025;9/5/2025;mayo;10120112;20;1;25/4/2025;25/4/2025;C08;4500098138;20;MR05;1;RMIR;30/4/2025;15/8/2025;15/5/2025;15/6/2025;C08;DICO ACEROS SRL;10;0;-9;10;5000139646;24/7/2025;2001;1;1;24/7/2025;LNASUTI;;8000073404;10;1;LNASUTI;24/7/2025;24/7/2025;;;;;4900350130;10;SFLORES;6/8/2025;24/7/2025;;;;;;;;;;;;;;;76;;24/7/2025;00005;SEDE;0;0;-77;-38;0;0;;;;;;;;77;;;;38;;;;;;GESTION ROSARIO;;;;;1;
00005 TALLER;1000065754;40;ZPAN;MATERIAL USO TALLER;;0;;;;SFLORES;1012765;"ANGULOS 3/4"" X 1/8";15;Materiales genericos;CUMPLIDO;MR01;1;25/4/2025;9/5/2025;mayo;10120112;40;1;25/4/2025;25/4/2025;C08;4500098138;40;MR05;1;RMIR;30/4/2025;15/8/2025;15/5/2025;15/6/2025;C08;DICO ACEROS SRL;15;0;-14;15;5000136397;24/6/2025;MR05;1;1;24/6/2025;FGORGONA;;8000071772;15;1;FGORGONA;24/6/2025;24/6/2025;;;;;;0;;;;;;;;;;;;;;;;;;46;;24/6/2025;00005;SEDE;0;0;-47;-38;0;0;;;;;;;;47;;;;38;;;;;;GESTION ROSARIO;;;;;1;
00005 TALLER;1000065783;10;ZPAN;REPO NO STOCK 28/0;;0;;;;SPONCE;1012896;CONECT RECTO ROSCA G 1/8X4 441,010,410;30;Materiales genericos;CUMPLIDO;MR01;1;28/4/2025;12/5/2025;mayo;10120140;10;1;28/4/2025;28/4/2025;C42;4500098016;110;MR05;1;HROLDAN;29/4/2025;29/4/2025;12/5/2025;18/5/2025;C03;GONZALEZ PATRICIA MONICA;30;0;-25;30;5000133000;20/5/2025;MR05;11;1;20/5/2025;SPONCE;;;0;0;;;;;;;;;0;;;;;;;;;;;;;;;;;;8;;20/5/2025;00005;EQUIPOS;;;-9;-7;0;;;;;;;;;;;;;;9;;;;7;GESTION ROSARIO;;;;;;1
00005 TALLER;1000065783;20;ZPAN;REPO NO STOCK 28/0;;0;;;;SPONCE;1012896;CONECT RECTO ROSCA G 1/8X6 441,010,610;30;Materiales genericos;CUMPLIDO;MR01;1;28/4/2025;12/5/2025;mayo;10120140;20;1;28/4/2025;28/4/2025;C42;4500098016;120;MR05;1;HROLDAN;29/4/2025;29/4/2025;12/5/2025;18/5/2025;C03;GONZALEZ PATRICIA MONICA;30;0;-29;30;5000133000;20/5/2025;MR05;12;1;20/5/2025;SPONCE;;;0;0;;;;;;;;;0;;;;;;;;;;;;;;;;;;8;;20/5/2025;00005;EQUIPOS;;;-9;-7;0;;;;;;;;;;;;;;9;;;;7;GESTION ROSARIO;;;;;;1
00005 TALLER;1000065783;30;ZPAN;REPO NO STOCK 28/0;;0;;;;SPONCE;1012896;CONECT RECTO ROSCA G 1/8X8 441,010,810;30;Materiales genericos;CUMPLIDO;MR01;1;28/4/2025;12/5/2025;mayo;10120140;30;1;28/4/2025;28/4/2025;C42;4500098016;130;MR05;1;HROLDAN;29/4/2025;29/4/2025;12/5/2025;18/5/2025;C03;GONZALEZ PATRICIA MONICA;30;0;-28;30;5000133000;20/5/2025;MR05;13;1;20/5/2025;SPONCE;;;0;0;;;;;;;;;0;;;;;;;;;;;;;;;;;;8;;20/5/2025;00005;EQUIPOS;;;-9;-7;0;;;;;;;;;;;;;;9;;;;7;GESTION ROSARIO;;;;;;1
00005 TALLER;1000065783;50;ZPAN;REPO NO STOCK 28/0;;0;;;;SPONCE;1012896;CONECT RECTO ROSCA G 1/4X6 441,010,613;30;Materiales genericos;CUMPLIDO;MR01;1;28/4/2025;12/5/2025;mayo;10120140;50;1;28/4/2025;28/4/2025;C42;4500098016;150;MR05;1;HROLDAN;29/4/2025;29/4/2025;12/5/2025;18/5/2025;C03;GONZALEZ PATRICIA MONICA;30;0;0;30;5000133000;20/5/2025;MR05;15;1;20/5/2025;SPONCE;;;0;0;;;;;;;;;0;;;;;;;;;;;;;;;;;;8;;20/5/2025;00005;EQUIPOS;;;-9;-7;0;;;;;;;;;;;;;;9;;;;7;GESTION ROSARIO;;;;;;1
00005 TALLER;1000065783;60;ZPAN;REPO NO STOCK 28/0;;0;;;;SPONCE;1012896;CONECT RECTO ROSCA G 1/4X8 441,010,813;30;Materiales genericos;CUMPLIDO;MR01;1;28/4/2025;12/5/2025;mayo;10120140;60;1;28/4/2025;28/4/2025;C42;4500098016;160;MR05;1;HROLDAN;29/4/2025;29/4/2025;12/5/2025;18/5/2025;C03;GONZALEZ PATRICIA MONICA;30;0;-28;30;5000133000;20/5/2025;MR05;16;1;20/5/2025;SPONCE;;;0;0;;;;;;;;;0;;;;;;;;;;;;;;;;;;8;;20/5/2025;00005;EQUIPOS;;;-9;-7;0;;;;;;;;;;;;;;9;;;;7;GESTION ROSARIO;;;;;;1
00005 TALLER;1000065783;70;ZPAN;REPO NO STOCK 28/0;;0;;;;SPONCE;1012896;CONECT RECTO ROSCA G 1/4X10 441,011,013;20;Materiales genericos;CUMPLIDO;MR01;1;28/4/2025;12/5/2025;mayo;10120140;70;1;28/4/2025;28/4/2025;C42;4500098016;170;MR05;1;HROLDAN;29/4/2025;29/4/2025;12/5/2025;18/5/2025;C03;GONZALEZ PATRICIA MONICA;20;0;-13;20;5000133000;20/5/2025;MR05;17;1;20/5/2025;SPONCE;;;0;0;;;;;;;;;0;;;;;;;;;;;;;;;;;;8;;20/5/2025;00005;EQUIPOS;;;-9;-7;0;;;;;;;;;;;;;;9;;;;7;GESTION ROSARIO;;;;;;1
00005 TALLER;1000065783;80;ZPAN;REPO NO STOCK 28/0;;0;;;;SPONCE;1012896;CONECT CODO 90° ROSCA G 1/8X4 441,990,41;30;Materiales genericos;CUMPLIDO;MR01;1;28/4/2025;12/5/2025;mayo;10120140;80;1;28/4/2025;28/4/2025;C42;4500098016;180;MR05;1;HROLDAN;29/4/2025;29/4/2025;12/5/2025;18/5/2025;C03;GONZALEZ PATRICIA MONICA;30;0;-23;30;5000133000;20/5/2025;MR05;18;1;20/5/2025;SPONCE;;;0;0;;;;;;;;;0;;;;;;;;;;;;;;;;;;8;;20/5/2025;00005;EQUIPOS;;;-9;-7;0;;;;;;;;;;;;;;9;;;;7;GESTION ROSARIO;;;;;;1
00005 TALLER;1000065783;90;ZPAN;REPO NO STOCK 28/0;;0;;;;SPONCE;1012896;CONECT CODO 90° ROSCA G 1/8X6 441,990,61;30;Materiales genericos;CUMPLIDO;MR01;1;28/4/2025;12/5/2025;mayo;10120140;90;1;28/4/2025;28/4/2025;C42;4500098016;190;MR05;1;HROLDAN;29/4/2025;29/4/2025;12/5/2025;18/5/2025;C03;GONZALEZ PATRICIA MONICA;30;0;-23;30;5000133000;20/5/2025;MR05;19;1;20/5/2025;SPONCE;;;0;0;;;;;;;;;0;;;;;;;;;;;;;;;;;;8;;20/5/2025;00005;EQUIPOS;;;-9;-7;0;;;;;;;;;;;;;;9;;;;7;GESTION ROSARIO;;;;;;1
00005 TALLER;1000065783;100;ZPAN;REPO NO STOCK 28/0;;0;;;;SPONCE;1012896;CONECT CODO 90° ROSCA G 1/8X8 441,990,81;30;Materiales genericos;CUMPLIDO;MR01;1;28/4/2025;12/5/2025;mayo;10120140;100;1;28/4/2025;28/4/2025;C42;4500098016;200;MR05;1;HROLDAN;29/4/2025;29/4/2025;12/5/2025;18/5/2025;C03;GONZALEZ PATRICIA MONICA;30;0;-28;30;5000133000;20/5/2025;MR05;20;1;20/5/2025;SPONCE;;;0;0;;;;;;;;;0;;;;;;;;;;;;;;;;;;8;;20/5/2025;00005;EQUIPOS;;;-9;-7;0;;;;;;;;;;;;;;9;;;;7;GESTION ROSARIO;;;;;;1
00005 TALLER;1000065783;110;ZPAN;REPO NO STOCK 28/0;;0;;;;SPONCE;1012896;CONECT CODO 90° ROSCA G 1/4X6 441,990,61;30;Materiales genericos;CUMPLIDO;MR01;1;28/4/2025;12/5/2025;mayo;10120140;110;1;28/4/2025;28/4/2025;C42;4500098016;210;MR05;1;HROLDAN;29/4/2025;29/4/2025;12/5/2025;18/5/2025;C03;GONZALEZ PATRICIA MONICA;30;0;-27;30;5000133000;20/5/2025;MR05;21;1;20/5/2025;SPONCE;;;0;0;;;;;;;;;0;;;;;;;;;;;;;;;;;;8;;20/5/2025;00005;EQUIPOS;;;-9;-7;0;;;;;;;;;;;;;;9;;;;7;GESTION ROSARIO;;;;;;1
00005 TALLER;1000065783;120;ZPAN;REPO NO STOCK 28/0;;0;;;;SPONCE;1012896;CONECT CODO 90° ROSCA G 1/4X8 441,990,81;30;Materiales genericos;CUMPLIDO;MR01;1;28/4/2025;12/5/2025;mayo;10120140;120;1;28/4/2025;28/4/2025;C42;4500098016;220;MR05;1;HROLDAN;29/4/2025;29/4/2025;12/5/2025;18/5/2025;C03;GONZALEZ PATRICIA MONICA;30;0;-14;30;5000133000;20/5/2025;MR05;22;1;20/5/2025;SPONCE;;;0;0;;;;;;;;;0;;;;;;;;;;;;;;;;;;8;;20/5/2025;00005;EQUIPOS;;;-9;-7;0;;;;;;;;;;;;;;9;;;;7;GESTION ROSARIO;;;;;;1
00005 TALLER;1000065783;130;ZPAN;REPO NO STOCK 28/0;;0;;;;SPONCE;1012896;CONECT CODO 90° ROSCA G 1/4X10 441,991,0;20;Materiales genericos;CUMPLIDO;MR01;1;28/4/2025;12/5/2025;mayo;10120140;130;1;28/4/2025;28/4/2025;C42;4500098016;230;MR05;1;HROLDAN;29/4/2025;29/4/2025;12/5/2025;18/5/2025;C03;GONZALEZ PATRICIA MONICA;20;0;-16;20;5000133000;20/5/2025;MR05;23;1;20/5/2025;SPONCE;;;0;0;;;;;;;;;0;;;;;;;;;;;;;;;;;;8;;20/5/2025;00005;EQUIPOS;;;-9;-7;0;;;;;;;;;;;;;;9;;;;7;GESTION ROSARIO;;;;;;1
00005 TALLER;1000065783;140;ZPAN;REPO NO STOCK 28/0;;0;;;;SPONCE;1012896;CONECT CODO IGUAL 6MM 451,020,600;30;Materiales genericos;CUMPLIDO;MR01;1;28/4/2025;12/5/2025;mayo;10120140;140;1;28/4/2025;28/4/2025;C42;4500098016;240;MR05;1;HROLDAN;29/4/2025;29/4/2025;12/5/2025;18/5/2025;C03;GONZALEZ PATRICIA MONICA;30;0;-28;30;5000133000;20/5/2025;MR05;24;1;20/5/2025;SPONCE;;;0;0;;;;;;;;;0;;;;;;;;;;;;;;;;;;8;;20/5/2025;00005;EQUIPOS;;;-9;-7;0;;;;;;;;;;;;;;9;;;;7;GESTION ROSARIO;;;;;;1
00005 TALLER;1000065783;150;ZPAN;REPO NO STOCK 28/0;;0;;;;SPONCE;1012896;CONECT CODO IGUAL 8MM 451,020,800;30;Materiales genericos;CUMPLIDO;MR01;1;28/4/2025;12/5/2025;mayo;10120140;150;1;28/4/2025;28/4/2025;C42;4500098016;250;MR05;1;HROLDAN;29/4/2025;29/4/2025;12/5/2025;18/5/2025;C03;GONZALEZ PATRICIA MONICA;30;0;-26;30;5000133000;20/5/2025;MR05;25;1;20/5/2025;SPONCE;;;0;0;;;;;;;;;0;;;;;;;;;;;;;;;;;;8;;20/5/2025;00005;EQUIPOS;;;-9;-7;0;;;;;;;;;;;;;;9;;;;7;GESTION ROSARIO;;;;;;1
00005 TALLER;1000065783;160;ZPAN;REPO NO STOCK 28/0;;0;;;;SPONCE;1012896;CONECT CODO IGUAL 10MM 451,021,000;30;Materiales genericos;CUMPLIDO;MR01;1;28/4/2025;12/5/2025;mayo;10120140;160;1;28/4/2025;28/4/2025;C42;4500098016;260;MR05;1;HROLDAN;29/4/2025;29/4/2025;12/5/2025;18/5/2025;C03;GONZALEZ PATRICIA MONICA;30;0;-28;30;5000133000;20/5/2025;MR05;26;1;20/5/2025;SPONCE;;;0;0;;;;;;;;;0;;;;;;;;;;;;;;;;;;8;;20/5/2025;00005;EQUIPOS;;;-9;-7;0;;;;;;;;;;;;;;9;;;;7;GESTION ROSARIO;;;;;;1
00005 TALLER;1000065878;10;ZPAN;79157;;0;;;;GGUEVARA;1015947;ADAPTADOR RECTO M3/4 NPT X M1 1/16 JIC;4;Materiales genericos;CUMPLIDO;MM01;1;29/4/2025;20/5/2025;mayo;10120249;10;1;29/4/2025;29/4/2025;C43;4500098325;10;2001;1;EFUNES;5/5/2025;5/5/2025;10/5/2025;10/5/2025;C43;OLIVARES ANTONIO ALBERTO;4;0;-3;4;5000140229;30/7/2025;MM05;1;3;30/7/2025;EGUEVARA;;8000073735;4;1;GGUEVARA;30/7/2025;30/7/2025;;;;;;0;;;;;;;;;;;;;;;;;;71;;30/7/2025;00005;EQUIPOS;0;0;-72;9;0;0;;;;;;;;;;;;;72;;;;;GESTION SAN JUAN;;;;;;1
00005 TALLER;1000065878;20;ZPAN;79157;;0;;;;GGUEVARA;1015947;ADAPTADOR RECTO M1 NPT X M1 1/16 JIC;1;Materiales genericos;CUMPLIDO;MM01;1;29/4/2025;20/5/2025;mayo;10120249;20;1;29/4/2025;29/4/2025;C43;4500098325;20;2001;1;EFUNES;5/5/2025;5/5/2025;10/5/2025;10/5/2025;C43;OLIVARES ANTONIO ALBERTO;1;0;0;1;5000140229;30/7/2025;MM05;2;3;30/7/2025;EGUEVARA;;8000073735;1;1;GGUEVARA;30/7/2025;30/7/2025;;;;;;0;;;;;;;;;;;;;;;;;;71;;30/7/2025;00005;EQUIPOS;0;0;-72;9;0;0;;;;;;;;;;;;;72;;;;;GESTION SAN JUAN;;;;;;1
00005 TALLER;1000066168;10;ZPAN;ELEMENTOS TALLER / P;;0;;;;PCECONI;1015947;GUIA TORRE HIMOINSA (FABR. 3D);50;Materiales genericos;CUMPLIDO;MR01;1;5/5/2025;19/5/2025;mayo;10120640;10;1;5/5/2025;6/5/2025;C38;4500098538;10;MR05;1;HROLDAN;7/5/2025;7/5/2025;19/5/2025;19/5/2025;C38;SASSIA DANIEL EDUARDO;50;0;-44;50;5000133964;29/5/2025;MR05;1;2;29/5/2025;RPEREZ;;;0;0;;;;;;;;;0;;;;;;;;;;;;;;;;;;10;;29/5/2025;00005;EQUIPOS;;;-11;-1;0;;;;;;;;;;;;;;11;;;;1;GESTION ROSARIO;;;;;;1
00005 TALLER;1000066181;10;ZPAN;REPOS NO STOCK 05/0;;0;;;;SPONCE;1012807;FICHA MACHO DE 7 PUNTOS TRILER DM160N;12;Materiales genericos;CUMPLIDO;MR01;1;5/5/2025;23/5/2025;mayo;10120647;10;1;5/5/2025;12/5/2025;C03;4500099661;10;MR05;1;RPEREZ;21/5/2025;21/5/2025;23/5/2025;9/6/2025;C03;GRUPO AUTOPARTISTA S.A.;12;0;-10;12;5000135624;13/6/2025;MR05;1;1;13/6/2025;RPEREZ;;;0;0;;;;;;;;;0;;;;;;;;;;;;;;;;;;21;;13/6/2025;00005;EQUIPOS;;;-22;-18;0;;;;;;;;;;;;;;22;;;;18;GESTION ROSARIO;;;;;;1
00005 TALLER;1000066332;30;ZPAN;REPOS NO STOCK 07/05;;0;;;;SPONCE;1012807;FICHA MACHO C/T MONO 10 AMP;20;Materiales genericos;CUMPLIDO;MR01;1;7/5/2025;21/5/2025;mayo;10120818;30;1;7/5/2025;12/5/2025;C03;4500099927;10;MR05;1;RPEREZ;23/5/2025;23/5/2025;21/5/2025;9/6/2025;C03;INGENIERIA BOGGIO S.A;20;0;-19;20;5000135032;9/6/2025;MR05;1;1;9/6/2025;SPONCE;;;0;0;;;;;;;;;0;;;;;;;;;;;;;;;;;;19;;9/6/2025;00005;EQUIPOS;;;-20;-20;0;;;;;;;;;;;;;;20;;;;20;GESTION ROSARIO;;;;;;1
00005 TALLER;1000066332;40;ZPAN;REPOS NO STOCK 07/05;;0;;;;SPONCE;1012807;FICHA HEMBRA C/T MONO 10 AMP;20;Materiales genericos;CUMPLIDO;MR01;1;7/5/2025;21/5/2025;mayo;10120818;40;1;7/5/2025;12/5/2025;C03;4500099927;20;MR05;1;RPEREZ;23/5/2025;23/5/2025;21/5/2025;9/6/2025;C03;INGENIERIA BOGGIO S.A;20;0;-19;20;5000135032;9/6/2025;MR05;2;1;9/6/2025;SPONCE;;;0;0;;;;;;;;;0;;;;;;;;;;;;;;;;;;19;;9/6/2025;00005;EQUIPOS;;;-20;-20;0;;;;;;;;;;;;;;20;;;;20;GESTION ROSARIO;;;;;;1
00005 TALLER;1000066332;50;ZPAN;REPOS NO STOCK 07/05;;0;;;;SPONCE;1012807;FICHA PORTA RELAY 5 VIAS  RELAY;24;Materiales genericos;CUMPLIDO;MR01;1;7/5/2025;21/5/2025;mayo;10120818;50;1;7/5/2025;12/5/2025;C03;4500099500;20;MR05;1;RPEREZ;19/5/2025;19/5/2025;23/5/2025;23/5/2025;C03;BOSCO GERMAN, BOSCO LUCIO Y BOSCO;24;0;-23;24;5000133948;29/5/2025;MR05;1;1;27/5/2025;FGORGONA;;8000070341;24;1;FGORGONA;29/5/2025;29/5/2025;;;;;;0;;;;;;;;;;;;;;;;;;6;;27/5/2025;00005;EQUIPOS;0;0;-7;-3;2;0;;;;;;;;;;;;;7;;;;3;GESTION ROSARIO;1;;;1;;1
00005 TALLER;1000066332;60;ZPAN;REPOS NO STOCK 07/05;;0;;;;SPONCE;1012807;Terminal Bateria Cable 70MM 95Mm (-) TR-;40;Materiales genericos;CUMPLIDO;MR01;1;7/5/2025;21/5/2025;mayo;10120818;60;1;7/5/2025;12/5/2025;C03;4500099500;30;MR05;1;RPEREZ;19/5/2025;19/5/2025;23/5/2025;23/5/2025;C03;BOSCO GERMAN, BOSCO LUCIO Y BOSCO;40;0;-39;40;5000133948;29/5/2025;MR05;2;1;27/5/2025;FGORGONA;;8000070341;40;1;FGORGONA;29/5/2025;29/5/2025;;;;;;0;;;;;;;;;;;;;;;;;;6;;27/5/2025;00005;EQUIPOS;0;0;-7;-3;2;0;;;;;;;;;;;;;7;;;;3;GESTION ROSARIO;1;;;1;;1
00005 TALLER;1000066332;70;ZPAN;REPOS NO STOCK 07/05;;0;;;;SPONCE;1012807;Terminal Bateria Cable 3/8 UNIV (-);40;Materiales genericos;CUMPLIDO;MR01;1;7/5/2025;21/5/2025;mayo;10120818;70;1;7/5/2025;12/5/2025;C03;4500099500;40;MR05;1;RPEREZ;19/5/2025;19/5/2025;23/5/2025;23/5/2025;C03;BOSCO GERMAN, BOSCO LUCIO Y BOSCO;40;0;-39;40;5000133948;29/5/2025;MR05;3;1;27/5/2025;FGORGONA;;8000070341;40;1;FGORGONA;29/5/2025;29/5/2025;;;;;;0;;;;;;;;;;;;;;;;;;6;;27/5/2025;00005;EQUIPOS;0;0;-7;-3;2;0;;;;;;;;;;;;;7;;;;3;GESTION ROSARIO;1;;;1;;1
00005 TALLER;1000066332;90;ZPAN;REPOS NO STOCK 07/05;;0;;;;SPONCE;1012050;DISCO FLAP DESBASTE 115MM GRANO 80;60;Materiales usuales;CUMPLIDO;MR01;1;7/5/2025;21/5/2025;mayo;10120818;90;1;7/5/2025;7/5/2025;C27;4500098714;90;MR05;1;AESCUDERO;9/5/2025;9/5/2025;19/5/2025;28/5/2025;C27;FERRETERA SAN LUIS;60;0;-59;60;5000135470;12/6/2025;MR05;1;1;11/6/2025;FGORGONA;;8000071206;60;1;FGORGONA;12/6/2025;12/6/2025;;;;;;0;;;;;;;;;;;;;;;;;;21;;11/6/2025;00005;SEDE;0;0;-22;-8;1;0;;;;;;;;22;;;;8;;;;;;GESTION ROSARIO;;;;;1;
00005 TALLER;1000066354;10;ZPAN;MATERIAL USO TALLER;;0;;;;SFLORES;1012762;TIRA CHAPA SAE 1045 ESP 5/16 150x6000mm;6;Materiales genericos;CUMPLIDO;MR01;1;7/5/2025;27/5/2025;mayo;10120844;10;1;7/5/2025;8/5/2025;C08;4500099022;10;MR05;1;RMIR;14/5/2025;14/5/2025;27/5/2025;27/6/2025;C08;PLECOR S.R.L.;6;0;-5;6;5000135666;13/6/2025;MR05;1;1;13/6/2025;FGORGONA;;8000071309;6;1;FGORGONA;13/6/2025;13/6/2025;;;;;;0;;;;;;;;;;;;;;;;;;17;;13/6/2025;00005;SEDE;0;0;-18;-32;0;0;;;;;;;;18;;;;32;;;;;;GESTION ROSARIO;;;;;1;
00005 TALLER;1000066354;20;ZPAN;MATERIAL USO TALLER;;0;;;;SFLORES;1012762;CHAPA SAE 1010 ESPESOR 5/16 90x6000mm;10;Materiales genericos;CUMPLIDO;MR01;1;7/5/2025;27/5/2025;mayo;10120844;20;1;7/5/2025;8/5/2025;C08;4500099022;20;MR05;1;RMIR;14/5/2025;14/5/2025;27/5/2025;27/6/2025;C08;PLECOR S.R.L.;10;0;-9;10;5000135666;13/6/2025;MR05;2;1;13/6/2025;FGORGONA;;8000071309;10;1;FGORGONA;13/6/2025;13/6/2025;;;;;;0;;;;;;;;;;;;;;;;;;17;;13/6/2025;00005;SEDE;0;0;-18;-32;0;0;;;;;;;;18;;;;32;;;;;;GESTION ROSARIO;;;;;1;
00005 TALLER;1000066409;10;ZPAN;MATERIAL USO TALLER;;0;;;;SFLORES;1015947;387TC-6 - MANGUERA x 150M//TALLER;150;Materiales genericos;CUMPLIDO;MR01;1;8/5/2025;22/5/2025;mayo;10120975;10;1;8/5/2025;10/5/2025;C03;4500099256;30;MR05;1;HROLDAN;16/5/2025;27/5/2025;28/5/2025;13/6/2025;C03;BERTEC S.A;150;0;-148;150;5000135310;11/6/2025;MR05;2;1;11/6/2025;SPONCE;;;0;0;;;;;;;;;0;;;;;;;;;;;;;;;;;;20;;11/6/2025;00005;EQUIPOS;;;-21;-23;0;;;;;;;;;;;;;;21;;;;23;GESTION ROSARIO;;;;;;1
00005 TALLER;1000066409;20;ZPAN;MATERIAL USO TALLER;;0;;;;SFLORES;1015947;10143-4-6 - TERMINAL//TALLER;20;Materiales genericos;CUMPLIDO;MR01;1;8/5/2025;22/5/2025;mayo;10120975;20;1;8/5/2025;10/5/2025;C03;4500099256;20;MR05;1;HROLDAN;16/5/2025;27/5/2025;22/5/2025;13/6/2025;C03;BERTEC S.A;20;0;-16;20;5000135310;11/6/2025;MR05;1;1;11/6/2025;SPONCE;;;0;0;;;;;;;;;0;;;;;;;;;;;;;;;;;;20;;11/6/2025;00005;EQUIPOS;;;-21;-23;0;;;;;;;;;;;;;;21;;;;23;GESTION ROSARIO;;;;;;1
00005 TALLER;1000066554;10;ZPAN;MATERIAL USO TALLER;;0;;;;SFLORES;1012767;CAÑO ESTRUCTURAL 100X40X1,2;10;Materiales genericos;CUMPLIDO;MR01;1;10/5/2025;24/5/2025;mayo;10121119;10;1;10/5/2025;12/5/2025;C08;4500099298;10;MR05;1;RMIR;16/5/2025;16/5/2025;24/5/2025;10/6/2025;C08;ACEROS CUFER S.R.L.;10;0;-8;10;5000134955;6/6/2025;MR05;1;1;6/6/2025;FGORGONA;;8000070911;10;1;FGORGONA;6/6/2025;6/6/2025;;;;;;0;;;;;;;;;;;;;;;;;;13;;6/6/2025;00005;SEDE;0;0;-14;-18;0;0;;;;;;;;14;;;;18;;;;;;GESTION ROSARIO;;;;;1;
00005 TALLER;1000066842;120;ZPAN;INDUMENTARIA TALLER;;0;;;;SPONCE;1040958;BOTIN VORAN 610 NEGRAS N°41;1;Materiales usuales;CUMPLIDO;MR01;1;15/5/2025;27/6/2025;junio;10121531;120;1;15/5/2025;15/5/2025;C28;4500099583;60;2001;1;GJULIANI;20/5/2025;20/5/2025;6/6/2025;29/7/2025;C28;PROSEIND SA;1;0;3;1;5000140108;29/7/2025;;0;1;28/7/2025;ALANDAVIDEA;;8000073637;1;1;ALANDAVIDEA;29/7/2025;29/7/2025;;;;;4900350118;1;SFLORES;6/8/2025;29/7/2025;;;;;;;;;;;;;;;32;;29/7/2025;00005;SEDE;0;0;-32;-33;1;0;;;;;;;;32;;;;33;;;;;;GESTION ROSARIO;;;;;1;
00005 TALLER;1000067057;10;ZPAN;MATERIAL - SECTOR MO;;0;;;;SFLORES;1012564;VENTANA MODENA DVH TIPO PAÑO FIJO;2;Materiales usuales;CUMPLIDO;MR01;1;19/5/2025;2/6/2025;junio;10121757;10;1;19/5/2025;20/5/2025;C19;4500099735;10;MR05;1;VBARRA;22/5/2025;22/5/2025;22/6/2025;8/7/2025;C19;ALUMINARTE S.R.L.;2;0;-1;2;5000137887;7/7/2025;MR05;1;1;7/7/2025;SFLORES;;;0;0;;;;;;;;;0;;;;;;;;;;;;;;;;;;35;;7/7/2025;00005;SEDE;;;-36;-37;0;;;;;;;;;36;;;;37;;;;;;GESTION ROSARIO;;;;;1;
00005 TALLER;1000067175;10;ZPAN;MATERIAL USO TALLER;;0;;;;SFLORES;1015947;PUNTA PHILIPS;20;Materiales genericos;CUMPLIDO;MR01;1;20/5/2025;3/6/2025;junio;10121901;10;1;20/5/2025;21/5/2025;C42;4500099808;10;MR05;1;FBERARDO;22/5/2025;22/5/2025;3/6/2025;20/6/2025;C42;GASES ROSARIO S.R.L.;20;0;-17;20;5000136776;26/6/2025;MR05;1;1;26/6/2025;RPEREZ;;;0;0;;;;;;;;;0;;;;;;;;;;;;;;;;;;23;;26/6/2025;00005;OTRO;;;-24;-18;0;;;;;;;;;;;;;;;;;;;GESTION ROSARIO;;;;;;
00005 TALLER;1000067504;20;ZPAN;REPOS NO STOCK 26/0;;0;;;;SPONCE;1012170;LIMPIACONTACTOS EN AEROSOL;48;Materiales usuales;CUMPLIDO;MR01;1;26/5/2025;9/6/2025;junio;10122317;20;1;26/5/2025;27/5/2025;C27;4500100276;20;MR05;1;AESCUDERO;29/5/2025;29/5/2025;9/6/2025;9/6/2025;C27;LOPEZ - FORCINITI S.A.;48;0;-44;48;5000135358;11/6/2025;MR05;1;1;10/6/2025;FGORGONA;;8000071158;48;1;FGORGONA;11/6/2025;11/6/2025;;;;;4900335357;48;SPONCE;13/6/2025;11/6/2025;;;;;;;;;;;;;;;2;;11/6/2025;00005;SEDE;0;0;-2;-1;1;0;;;;;;;;2;;;;1;;;;;;GESTION ROSARIO;;;;;1;
00005 TALLER;1000067504;30;ZPAN;REPOS NO STOCK 26/0;;0;;;;SPONCE;1009662;AEROSOL LIMPIATAPIZADOS YPF 400ML;24;Materiales usuales;CUMPLIDO;MR01;1;26/5/2025;9/6/2025;junio;10122317;30;1;26/5/2025;27/5/2025;C17;4500101627;10;2001;1;GJULIANI;17/6/2025;17/6/2025;27/6/2025;27/6/2025;C17;TRAVEL FILTERS SRL;24;0;-20;24;5000136893;27/6/2025;2001;1;1;27/6/2025;WPUCHETA;;8000072020;24;1;WPUCHETA;27/6/2025;27/6/2025;;;;;4900339990;24;SFLORES;1/7/2025;27/6/2025;;;;;;;;;;;;;;;18;;27/6/2025;00005;SEDE;0;0;-19;-19;0;0;;;;;;;;19;;;;19;;;;;;GESTION ROSARIO;;;;;1;
00005 TALLER;1000067504;70;ZPAN;REPOS NO STOCK 26/0;;0;;;;SPONCE;1009664;AEROSOL DESINFECTANTE ANTIBACT 360ML;24;Materiales usuales;CUMPLIDO;MR01;1;26/5/2025;9/6/2025;junio;10122317;70;1;26/5/2025;27/5/2025;C17;4500101627;20;2001;1;GJULIANI;17/6/2025;17/6/2025;27/6/2025;27/6/2025;C17;TRAVEL FILTERS SRL;24;0;-20;24;5000136893;27/6/2025;2001;2;1;27/6/2025;WPUCHETA;;8000072020;24;1;WPUCHETA;27/6/2025;27/6/2025;;;;;4900339990;24;SFLORES;1/7/2025;27/6/2025;;;;;;;;;;;;;;;18;;27/6/2025;00005;SEDE;0;0;-19;-19;0;0;;;;;;;;19;;;;19;;;;;;GESTION ROSARIO;;;;;1;
00005 TALLER;1000067737;20;ZPAN;MATERIAL - SECTOR MO;;0;;;;SFLORES;1012825;CONTROL REMOTO UNIVERSAL A/C K102;15;Materiales genericos;CUMPLIDO;MR01;1;29/5/2025;12/6/2025;junio;10122657;20;1;29/5/2025;2/6/2025;C19;4500102661;10;2001;1;VBARRA;1/7/2025;1/7/2025;3/7/2025;5/7/2025;C19;RUSSO CLAUDIO OSVALDO;15;0;-8;15;5000137811;7/7/2025;2001;1;1;7/7/2025;LNASUTI;;8000072484;15;1;LNASUTI;7/7/2025;7/7/2025;;;;;4900343183;15;SPONCE;14/7/2025;7/7/2025;;;;;;;;;;;;;;;25;;7/7/2025;00005;SEDE;0;0;-26;-24;0;0;;;;;;;;26;;;;24;;;;;;GESTION ROSARIO;;;;;1;
00005 TALLER;1000068210;10;ZPAN;MATERIAL - SECTOR MO;;0;;;;SFLORES;1012546;REVESTIMIENT PVC ALMENDRA 200mmX6mmx3mts;810;Materiales usuales;CUMPLIDO;MR01;1;5/6/2025;19/6/2025;junio;10123289;10;1;5/6/2025;5/6/2025;C19;4500100871;10;MR05;1;JJCABRERA;5/6/2025;6/6/2025;19/6/2025;10/7/2025;C19;RIVESTIMENTO SRL;810;0;-809;810;5000136648;25/6/2025;MR05;1;2;25/6/2025;FGORGONA;;8000070991;810;2;FGORGONA;9/6/2025;9/6/2025;;;;;;0;;;;;;;;;;;;;;;;;;6;;25/6/2025;00005;SEDE;0;0;-7;-22;0;-16;;;;;;;;7;;;;22;;;;;;GESTION ROSARIO;;;;;1;
00005 TALLER;1000068210;20;ZPAN;MATERIAL - SECTOR MO;;0;;;;SFLORES;1012557;REVESTIMIENTO PVC GRIS 200mmX6mmX3mts;810;Materiales usuales;CUMPLIDO;MR01;1;5/6/2025;19/6/2025;junio;10123289;20;1;5/6/2025;5/6/2025;C19;4500100871;20;MR05;1;JJCABRERA;5/6/2025;6/6/2025;19/6/2025;10/7/2025;C19;RIVESTIMENTO SRL;810;0;-809;810;5000136648;25/6/2025;MR05;2;2;25/6/2025;FGORGONA;;8000070991;810;2;FGORGONA;9/6/2025;9/6/2025;;;;;;0;;;;;;;;;;;;;;;;;;6;;25/6/2025;00005;SEDE;0;0;-7;-22;0;-16;;;;;;;;7;;;;22;;;;;;GESTION ROSARIO;;;;;1;
00005 TALLER;1000068210;30;ZPAN;MATERIAL - SECTOR MO;;0;;;;SFLORES;1012544;CIELORRASO PVC BLANCO 200mmX10mmX6mts;270;Materiales usuales;CUMPLIDO;MR01;1;5/6/2025;19/6/2025;junio;10123289;30;1;5/6/2025;5/6/2025;C19;4500100871;30;MR05;1;JJCABRERA;5/6/2025;6/6/2025;19/6/2025;10/7/2025;C19;RIVESTIMENTO SRL;270;0;-269;270;5000136648;25/6/2025;MR05;3;2;25/6/2025;FGORGONA;;8000070991;270;2;FGORGONA;9/6/2025;9/6/2025;;;;;;0;;;;;;;;;;;;;;;;;;6;;25/6/2025;00005;SEDE;0;0;-7;-22;0;-16;;;;;;;;7;;;;22;;;;;;GESTION ROSARIO;;;;;1;
00005 TALLER;1000068237;140;ZPAN;HERRAMIENTA TALLER -;;0;;;;SFLORES;1012888;PALANCA DE FUERZA 30/40cm DE LARGO-BAHCO;1;Materiales genericos;CUMPLIDO;MR01;1;6/6/2025;20/6/2025;junio;10123358;140;1;6/6/2025;9/6/2025;C27;4500103594;10;2001;2;JESPARZA;14/7/2025;14/7/2025;8/7/2025;28/7/2025;C27;PASTORI MAXIMILIANO ANDRES;1;0;29;1;5000139747;24/7/2025;;0;1;24/7/2025;LNASUTI;;8000073443;1;1;LNASUTI;24/7/2025;24/7/2025;;;;;4900348646;1;SPONCE;1/8/2025;24/7/2025;;;;;;;;;;;;;;;34;;24/7/2025;00005;SEDE;0;0;-35;-39;0;0;;;;;;;;35;;;;39;;;;;;GESTION ROSARIO;;;;;1;
00005 TALLER;1000068547;10;ZPAN;REPOS NO STOCK 11/0;;0;;;;SPONCE;1012896;ANTEOJO DUAL RB OUTDOOR/INDOOR LIBUS;24;Materiales genericos;CUMPLIDO;MR01;1;11/6/2025;25/6/2025;junio;10123814;10;1;11/6/2025;17/6/2025;C27;4500101721;20;MR05;1;JESPARZA;18/6/2025;18/6/2025;25/6/2025;4/7/2025;C27;PASTORI MAXIMILIANO ANDRES;24;0;-20;24;5000137503;3/7/2025;MR05;1;1;2/7/2025;FGORGONA;;8000072352;24;1;FGORGONA;3/7/2025;3/7/2025;;;;;;0;;;;;;;;;;;;;;;;;;7;;2/7/2025;00005;SEDE;0;0;-8;-10;1;0;;;;;;;;8;;;;10;;;;;;GESTION ROSARIO;;;;;1;
00005 TALLER;1000068547;20;ZPAN;REPOS NO STOCK 11/0;;0;;;;SPONCE;1012896;FILTRO 3M P95 (2078) GASES/HUMO SOLDADUR;24;Materiales genericos;CUMPLIDO;MR01;1;11/6/2025;25/6/2025;junio;10123814;20;1;11/6/2025;17/6/2025;C27;4500101721;30;MR05;1;JESPARZA;18/6/2025;18/6/2025;25/6/2025;4/7/2025;C27;PASTORI MAXIMILIANO ANDRES;24;0;-20;24;5000137503;3/7/2025;MR05;2;1;2/7/2025;FGORGONA;;8000072352;24;1;FGORGONA;3/7/2025;3/7/2025;;;;;;0;;;;;;;;;;;;;;;;;;7;;2/7/2025;00005;SEDE;0;0;-8;-10;1;0;;;;;;;;8;;;;10;;;;;;GESTION ROSARIO;;;;;1;
00005 TALLER;1000065592;10;ZPAN;MANOMETRO INOX 0-6 B;;0;;;;EGUEVARA;1015947;0013822 - MANOMETRO INOX. 0-6 BAR;1;Materiales genericos;CUMPLIDO;MM01;1;23/4/2025;14/5/2025;mayo;10119938;10;1;23/4/2025;23/4/2025;C43;4500097737;10;MM05;1;EFUNES;24/4/2025;24/4/2025;5/5/2025;5/5/2025;C43;GENEBRE DE ARGENTINA S.A.;1;0;0;1;5000150780;31/10/2025;MM05;1;1;31/10/2025;GGUEVARA;;8000079436;1;1;GGUEVARA;31/10/2025;31/10/2025;;;;;;0;;;;;;;;;;;;;;;;;;170;;31/10/2025;00005;EQUIPOS;0;0;-171;8;0;0;;;;;;;;;;;;;171;;;;;GESTION SAN JUAN;;;;;;1
00005 TALLER;1000065977;10;ZPAN;ACOPLES RAPIDOS DE 8;;0;;;;EGUEVARA;1015947;ACOPLE RAPIDO RECTO 8mm;17;Materiales genericos;CUMPLIDO;MM01;1;30/4/2025;21/5/2025;mayo;10120424;10;1;30/4/2025;30/4/2025;C43;4500098378;10;MM05;1;EFUNES;5/5/2025;5/5/2025;10/5/2025;10/5/2025;C43;OLIVARES ANTONIO ALBERTO;17;0;0;17;5000150852;31/10/2025;MM05;1;1;31/10/2025;GGUEVARA;;8000079465;17;1;GGUEVARA;31/10/2025;31/10/2025;;;;;;0;;;;;;;;;;;;;;;;;;163;;31/10/2025;00005;EQUIPOS;0;0;-164;10;0;0;;;;;;;;;;;;;164;;;;;GESTION SAN JUAN;;;;;;1
00005 TALLER;1000065977;20;ZPAN;ACOPLES RAPIDOS DE 8;;0;;;;EGUEVARA;1015947;ACOPLE RAPIDO CURVO 90ª - 8mm;30;Materiales genericos;CUMPLIDO;MM01;1;30/4/2025;21/5/2025;mayo;10120424;20;1;30/4/2025;30/4/2025;C43;4500098378;20;MM05;1;EFUNES;5/5/2025;5/5/2025;10/5/2025;10/5/2025;C43;OLIVARES ANTONIO ALBERTO;30;0;0;30;5000150852;31/10/2025;MM05;2;1;31/10/2025;GGUEVARA;;8000079465;30;1;GGUEVARA;31/10/2025;31/10/2025;;;;;;0;;;;;;;;;;;;;;;;;;163;;31/10/2025;00005;EQUIPOS;0;0;-164;10;0;0;;;;;;;;;;;;;164;;;;;GESTION SAN JUAN;;;;;;1
00005 TALLER;1000065659;100;ZPAN;REPO NO STOCK 24/04;;0;;;;SPONCE;1012880;REMACHE ROSCADO M8;500;Materiales genericos;CUMPLIDO;MR01;1;24/4/2025;8/5/2025;mayo;10120009;100;1;24/4/2025;25/4/2025;C27;4500098162;20;MR05;1;AESCUDERO;30/4/2025;30/4/2025;8/5/2025;8/5/2025;C27;ROMERO FERNANDO NAHUEL;500;0;-499;500;5000133973;30/5/2025;MR05;1;1;30/5/2025;FGORGONA;;8000070351;500;1;FGORGONA;30/5/2025;30/5/2025;;;;;4900332494;500;SPONCE;5/6/2025;30/5/2025;;;;;;;;;;;;;;;22;;30/5/2025;00005;SEDE;0;0;-23;-1;0;0;;;;;;;;23;;;;1;;;;;;GESTION ROSARIO;;;;;1;
00005 TALLER;1000065670;10;ZPAN;REMERAS XL - DIEGO B;;0;;;;EGUEVARA;1012693;REMERA ALGOD M CORTA LOGO T.XL GRIS;2;Materiales genericos;CUMPLIDO;MM01;1;24/4/2025;15/5/2025;mayo;10120020;10;1;24/4/2025;25/4/2025;C28;4500097840;10;2001;1;GJULIANI;25/4/2025;25/4/2025;14/5/2025;14/5/2025;C28;GILIGROUP S.A.S.;2;0;0;2;5000134402;3/6/2025;2001;1;1;2/6/2025;AITURRIETA;;8000070613;2;1;AITURRIETA;3/6/2025;3/6/2025;;;;;4900331883;2;CAUBONE;4/6/2025;3/6/2025;;;;;;;;;;;;;;;19;;3/6/2025;00005;SEDE;0;0;-19;0;1;0;;;;;;;;19;;;;;;;;;;GESTION SAN JUAN;;;;;1;
00005 TALLER;1000065687;10;ZPAN;ELEMENTOS TALLER / P;;0;;;;PCECONI;1012888;JGO TUBOS IRIMO - 108 PIEZAS;2;Materiales genericos;CUMPLIDO;MR01;1;25/4/2025;9/5/2025;mayo;10120051;10;1;25/4/2025;25/4/2025;C27;4500098010;20;MR05;1;AESCUDERO;29/4/2025;29/4/2025;8/5/2025;8/5/2025;C27;LOPEZ - FORCINITI S.A.;2;0;-1;2;5000132080;10/5/2025;2001;1;2;10/5/2025;FDEICAS;;8000068891;2;2;LNASUTI;5/5/2025;5/5/2025;;;;;4900326314;2;SPONCE;15/5/2025;10/5/2025;;;;;;;;;;;;;;;1;;10/5/2025;00005;SEDE;0;0;-2;0;0;-5;;;;;;;;2;;;;;;;;;;GESTION ROSARIO;;;;;1;
00005 TALLER;1000066101;10;ZPAN;HERRAMIENTA TALLER -;;0;;;;SFLORES;1012888;PRENSA DE ACERO 200mm SAE 1045 HERCAN;5;Materiales genericos;CUMPLIDO;MR01;1;3/5/2025;17/5/2025;mayo;10120561;10;1;3/5/2025;5/5/2025;C27;4500098387;10;MR05;1;AESCUDERO;5/5/2025;5/5/2025;15/5/2025;15/5/2025;C27;LOPEZ - FORCINITI S.A.;5;0;-1;5;5000133288;23/5/2025;2001;1;2;23/5/2025;FDEICAS;;8000069155;5;2;FDEICAS;10/5/2025;10/5/2025;;;;;4900329771;5;SPONCE;28/5/2025;23/5/2025;;;;;;;;;;;;;;;6;;23/5/2025;00005;SEDE;0;0;-7;1;0;-13;;;;;;;;7;;;;;;;;;;GESTION ROSARIO;;;;;1;
00005 TALLER;1000066101;20;ZPAN;HERRAMIENTA TALLER -;;0;;;;SFLORES;1012888;PRENSA DE ACERO 600mm SAE 1045 HERCAN;5;Materiales genericos;CUMPLIDO;MR01;1;3/5/2025;17/5/2025;mayo;10120561;20;1;3/5/2025;5/5/2025;C27;4500098387;20;MR05;1;AESCUDERO;5/5/2025;5/5/2025;15/5/2025;15/5/2025;C27;LOPEZ - FORCINITI S.A.;5;0;-4;5;5000133288;23/5/2025;2001;2;2;23/5/2025;FDEICAS;;8000069155;5;2;FDEICAS;10/5/2025;10/5/2025;;;;;4900329771;5;SPONCE;28/5/2025;23/5/2025;;;;;;;;;;;;;;;6;;23/5/2025;00005;SEDE;0;0;-7;1;0;-13;;;;;;;;7;;;;;;;;;;GESTION ROSARIO;;;;;1;
00005 TALLER;1000066348;10;ZPAN;servicio reparacion;;0;;;;EGUEVARA;1015947;SERV.REP/MTTO HIDROLAVADORA KARCHER HDS;1;Materiales genericos;CUMPLIDO;MM01;1;7/5/2025;27/5/2025;mayo;10120835;10;1;7/5/2025;8/5/2025;C39;4500099149;10;MM05;1;EFUNES;15/5/2025;15/5/2025;27/5/2025;10/6/2025;C39;TEKMAQ S.A.;1;0;0;1;5000134408;3/6/2025;MM05;1;1;2/6/2025;AITURRIETA;;8000070615;1;1;AITURRIETA;3/6/2025;3/6/2025;;;;;4900331885;1;CAUBONE;4/6/2025;3/6/2025;;;;;;;;;;;;;;;7;;3/6/2025;00005;EQUIPOS;0;0;-7;-15;1;0;;;;;;;;;;;;;7;;;;15;GESTION SAN JUAN;;;;;;1
00005 TALLER;1000066778;10;ZPAN;FERNANDO FLORES;;0;;;;GGUEVARA;1011712;BUZO ALGODON AZUL OSCURO C LOGO T XXL;1;Materiales usuales;CUMPLIDO;MM01;1;14/5/2025;3/6/2025;junio;10121448;10;1;14/5/2025;14/5/2025;C28;4500099542;10;2001;1;GJULIANI;20/5/2025;20/5/2025;30/5/2025;30/5/2025;C28;GILIGROUP S.A.S.;1;0;3;1;5000134871;6/6/2025;;0;1;5/6/2025;AITURRIETA;;8000070886;1;1;AITURRIETA;6/6/2025;6/6/2025;;;;;4900333321;1;BGUERRA;6/6/2025;6/6/2025;;;;;;;;;;;;;;;3;;6/6/2025;00005;SEDE;0;0;-3;3;1;0;;;;;;;;3;;;;;;;;;;GESTION SAN JUAN;;;;;1;
00005 TALLER;1000067235;30;ZPAN;RESERVA 67201 INT 78;;0;;;;CMARCOVICH;1015947;78792 GUIÑO LATERAL;4;Materiales genericos;CUMPLIDO;MR01;1;21/5/2025;10/6/2025;junio;10121970;30;1;26/5/2025;27/5/2025;C03;4500100249;20;MR05;1;GROSES;28/5/2025;28/5/2025;10/6/2025;13/6/2025;C03;SALDAÑA CARLOS ALBERTO;4;0;0;4;5000135966;18/6/2025;MR05;1;3;18/6/2025;FFUENTES;;;0;0;;;;;;;;;0;;;;;;;;;;;;;;;;;;8;;18/6/2025;00005;EQUIPOS;;;-9;-4;0;;;;;;;;;;;;;;9;;;;4;GESTION ROSARIO;;;;;;1
00005 TALLER;1000067315;10;ZPAN;INDUMENTARIA SERV TE;;0;;;;LNUNEZ;1011715;CAMPERA NEGRA NEOPRENE C LOGO T L;1;Materiales usuales;CUMPLIDO;MR01;1;22/5/2025;5/6/2025;junio;10122101;10;1;22/5/2025;22/5/2025;C28;4500100215;10;MR05;1;MALVAREZ;28/5/2025;28/5/2025;30/6/2025;30/6/2025;C28;TKW S.A.;1;0;7;1;5000135982;18/6/2025;;0;1;18/6/2025;PKOSIARSKI;;;0;0;;;;;;;;;0;;;;;;;;;;;;;;;;;;13;;18/6/2025;00005;SEDE;;;-14;-26;0;;;;;;;;;14;;;;26;;;;;;GESTION ROSARIO;;;;;1;
00005 TALLER;1000067316;10;ZPAN;INDUMENTARIA SERV TE;;0;;;;LNUNEZ;1011715;CAMPERA NEGRA NEOPRENE C LOGO T L;1;Materiales usuales;CUMPLIDO;MR01;1;22/5/2025;5/6/2025;junio;10122102;10;1;22/5/2025;22/5/2025;C28;4500100215;20;MR05;1;MALVAREZ;28/5/2025;28/5/2025;30/6/2025;30/6/2025;C28;TKW S.A.;1;0;0;1;5000135982;18/6/2025;MR05;2;1;18/6/2025;PKOSIARSKI;;;0;0;;;;;;;;;0;;;;;;;;;;;;;;;;;;13;;18/6/2025;00005;SEDE;;;-14;-26;0;;;;;;;;;14;;;;26;;;;;;GESTION ROSARIO;;;;;1;
00005 TALLER;1000067317;10;ZPAN;INDUMENTARIA SERV TE;;0;;;;LNUNEZ;1011719;CAMPERA NEGRA NEOPRENE C LOGO T XXL;1;Materiales usuales;CUMPLIDO;MR01;1;22/5/2025;5/6/2025;junio;10122103;10;1;22/5/2025;22/5/2025;C28;4500100215;30;MR05;1;MALVAREZ;28/5/2025;28/5/2025;30/6/2025;30/6/2025;C28;TKW S.A.;1;0;19;1;5000135982;18/6/2025;;0;1;18/6/2025;PKOSIARSKI;;;0;0;;;;;;;;;0;;;;;;;;;;;;;;;;;;13;;18/6/2025;00005;SEDE;;;-14;-26;0;;;;;;;;;14;;;;26;;;;;;GESTION ROSARIO;;;;;1;
00005 TALLER;1000067318;10;ZPAN;INDUMENTARIA SERV TE;;0;;;;LNUNEZ;1011642;PANTALON CARGO AZUL OSCURO T 46;2;Materiales usuales;CUMPLIDO;MR01;1;22/5/2025;5/6/2025;junio;10122104;10;1;22/5/2025;22/5/2025;C28;4500100215;40;MR05;1;MALVAREZ;28/5/2025;28/5/2025;30/6/2025;30/6/2025;C28;TKW S.A.;2;0;22;2;5000135982;18/6/2025;;0;1;18/6/2025;PKOSIARSKI;;;0;0;;;;;;;;;0;;;;;;;;;;;;;;;;;;13;;18/6/2025;00005;SEDE;;;-14;-26;0;;;;;;;;;14;;;;26;;;;;;GESTION ROSARIO;;;;;1;
00005 TALLER;1000067318;20;ZPAN;INDUMENTARIA SERV TE;;0;;;;LNUNEZ;1011704;REMERA ALGOD M CORTA NEGRA C LOGO T.XL;2;Materiales usuales;CUMPLIDO;MR01;1;22/5/2025;5/6/2025;junio;10122104;20;1;22/5/2025;22/5/2025;C28;4500100215;50;MR05;1;MALVAREZ;28/5/2025;28/5/2025;30/6/2025;30/6/2025;C28;TKW S.A.;2;0;2;2;5000135982;18/6/2025;;0;1;18/6/2025;PKOSIARSKI;;;0;0;;;;;;;;;0;;;;;;;;;;;;;;;;;;13;;18/6/2025;00005;SEDE;;;-14;-26;0;;;;;;;;;14;;;;26;;;;;;GESTION ROSARIO;;;;;1;
00005 TALLER;1000067318;30;ZPAN;INDUMENTARIA SERV TE;;0;;;;LNUNEZ;1011718;CAMPERA NEGRA NEOPRENE C LOGO T XL;1;Materiales usuales;CUMPLIDO;MR01;1;22/5/2025;5/6/2025;junio;10122104;30;1;22/5/2025;22/5/2025;C28;4500100215;60;MR05;1;MALVAREZ;28/5/2025;28/5/2025;30/6/2025;30/6/2025;C28;TKW S.A.;1;0;3;1;5000135982;18/6/2025;;0;1;18/6/2025;PKOSIARSKI;;;0;0;;;;;;;;;0;;;;;;;;;;;;;;;;;;13;;18/6/2025;00005;SEDE;;;-14;-26;0;;;;;;;;;14;;;;26;;;;;;GESTION ROSARIO;;;;;1;
00005 TALLER;1000067319;10;ZPAN;INDUMENTARIA OFIC TE;;0;;;;LNUNEZ;1011642;PANTALON CARGO AZUL OSCURO T 46;2;Materiales usuales;CUMPLIDO;MR01;1;22/5/2025;5/6/2025;junio;10122105;10;1;22/5/2025;22/5/2025;C28;4500100215;70;MR05;1;MALVAREZ;28/5/2025;28/5/2025;30/6/2025;30/6/2025;C28;TKW S.A.;2;0;18;2;5000135982;18/6/2025;;0;1;18/6/2025;PKOSIARSKI;;;0;0;;;;;;;;;0;;;;;;;;;;;;;;;;;;13;;18/6/2025;00005;SEDE;;;-14;-26;0;;;;;;;;;14;;;;26;;;;;;GESTION ROSARIO;;;;;1;
00005 TALLER;1000067319;20;ZPAN;INDUMENTARIA OFIC TE;;0;;;;LNUNEZ;1011696;REMERA ALGOD M CORTA GRIS C LOGO T.L;2;Materiales usuales;CUMPLIDO;MR01;1;22/5/2025;5/6/2025;junio;10122105;20;1;22/5/2025;22/5/2025;C28;4500100215;80;MR05;1;MALVAREZ;28/5/2025;28/5/2025;30/6/2025;30/6/2025;C28;TKW S.A.;2;0;2;2;5000135982;18/6/2025;;0;1;18/6/2025;PKOSIARSKI;;;0;0;;;;;;;;;0;;;;;;;;;;;;;;;;;;13;;18/6/2025;00005;SEDE;;;-14;-26;0;;;;;;;;;14;;;;26;;;;;;GESTION ROSARIO;;;;;1;
00005 TALLER;1000067319;30;ZPAN;INDUMENTARIA OFIC TE;;0;;;;LNUNEZ;1011716;CAMPERA NEGRA NEOPRENE C LOGO T M;1;Materiales usuales;CUMPLIDO;MR01;1;22/5/2025;5/6/2025;junio;10122105;30;1;22/5/2025;22/5/2025;C28;4500100215;90;MR05;1;MALVAREZ;28/5/2025;28/5/2025;30/6/2025;30/6/2025;C28;TKW S.A.;1;0;11;1;5000135982;18/6/2025;;0;1;18/6/2025;PKOSIARSKI;;;0;0;;;;;;;;;0;;;;;;;;;;;;;;;;;;13;;18/6/2025;00005;SEDE;;;-14;-26;0;;;;;;;;;14;;;;26;;;;;;GESTION ROSARIO;;;;;1;
00005 TALLER;1000067319;40;ZPAN;INDUMENTARIA OFIC TE;;0;;;;LNUNEZ;1011709;BUZO ALGODON AZUL OSCURO C LOGO T L;1;Materiales usuales;CUMPLIDO;MR01;1;22/5/2025;5/6/2025;junio;10122105;40;1;22/5/2025;22/5/2025;C28;4500100215;100;MR05;1;MALVAREZ;28/5/2025;28/5/2025;30/6/2025;30/6/2025;C28;TKW S.A.;1;0;3;1;5000135982;18/6/2025;;0;1;18/6/2025;PKOSIARSKI;;;0;0;;;;;;;;;0;;;;;;;;;;;;;;;;;;13;;18/6/2025;00005;SEDE;;;-14;-26;0;;;;;;;;;14;;;;26;;;;;;GESTION ROSARIO;;;;;1;
00005 TALLER;1000067320;10;ZPAN;INDUMENTARIA SERV TE;;0;;;;LNUNEZ;1011716;CAMPERA NEGRA NEOPRENE C LOGO T M;1;Materiales usuales;CUMPLIDO;MR01;1;22/5/2025;5/6/2025;junio;10122106;10;1;22/5/2025;22/5/2025;C28;4500100215;110;MR05;1;MALVAREZ;28/5/2025;28/5/2025;30/6/2025;30/6/2025;C28;TKW S.A.;1;0;0;1;5000135982;18/6/2025;MR05;11;1;18/6/2025;PKOSIARSKI;;;0;0;;;;;;;;;0;;;;;;;;;;;;;;;;;;13;;18/6/2025;00005;SEDE;;;-14;-26;0;;;;;;;;;14;;;;26;;;;;;GESTION ROSARIO;;;;;1;
00005 TALLER;1000067323;10;ZPAN;INDUMENTARIA SERV TE;;0;;;;LNUNEZ;1011715;CAMPERA NEGRA NEOPRENE C LOGO T L;1;Materiales usuales;CUMPLIDO;MR01;1;22/5/2025;5/6/2025;junio;10122108;10;1;22/5/2025;22/5/2025;C28;4500100215;120;MR05;1;MALVAREZ;28/5/2025;28/5/2025;30/6/2025;30/6/2025;C28;TKW S.A.;1;0;0;1;5000135982;18/6/2025;MR05;12;1;18/6/2025;PKOSIARSKI;;;0;0;;;;;;;;;0;;;;;;;;;;;;;;;;;;13;;18/6/2025;00005;SEDE;;;-14;-26;0;;;;;;;;;14;;;;26;;;;;;GESTION ROSARIO;;;;;1;
00005 TALLER;1000067325;10;ZPAN;INDUMENTARIA SERV TE;;0;;;;LNUNEZ;1011715;CAMPERA NEGRA NEOPRENE C LOGO T L;1;Materiales usuales;CUMPLIDO;MR01;1;22/5/2025;5/6/2025;junio;10122110;10;1;22/5/2025;22/5/2025;C28;4500100215;130;MR05;1;MALVAREZ;28/5/2025;28/5/2025;30/6/2025;30/6/2025;C28;TKW S.A.;1;0;0;1;5000135982;18/6/2025;MR05;13;1;18/6/2025;PKOSIARSKI;;;0;0;;;;;;;;;0;;;;;;;;;;;;;;;;;;13;;18/6/2025;00005;SEDE;;;-14;-26;0;;;;;;;;;14;;;;26;;;;;;GESTION ROSARIO;;;;;1;
00005 TALLER;1000067329;10;ZPAN;INDUMENTARIA SERV TE;;0;;;;LNUNEZ;1011719;CAMPERA NEGRA NEOPRENE C LOGO T XXL;1;Materiales usuales;CUMPLIDO;MR01;1;22/5/2025;5/6/2025;junio;10122113;10;1;22/5/2025;22/5/2025;C28;4500100215;140;MR05;1;MALVAREZ;28/5/2025;28/5/2025;30/6/2025;30/6/2025;C28;TKW S.A.;1;0;0;1;5000135982;18/6/2025;MR05;14;1;18/6/2025;PKOSIARSKI;;;0;0;;;;;;;;;0;;;;;;;;;;;;;;;;;;13;;18/6/2025;00005;SEDE;;;-14;-26;0;;;;;;;;;14;;;;26;;;;;;GESTION ROSARIO;;;;;1;
00005 TALLER;1000067331;10;ZPAN;INDUMENTARIA SERV TE;;0;;;;LNUNEZ;1011719;CAMPERA NEGRA NEOPRENE C LOGO T XXL;1;Materiales usuales;CUMPLIDO;MR01;1;22/5/2025;5/6/2025;junio;10122115;10;1;22/5/2025;22/5/2025;C28;4500100215;150;MR05;1;MALVAREZ;28/5/2025;28/5/2025;30/6/2025;30/6/2025;C28;TKW S.A.;1;0;0;1;5000135982;18/6/2025;MR05;15;1;18/6/2025;PKOSIARSKI;;;0;0;;;;;;;;;0;;;;;;;;;;;;;;;;;;13;;18/6/2025;00005;SEDE;;;-14;-26;0;;;;;;;;;14;;;;26;;;;;;GESTION ROSARIO;;;;;1;
00005 TALLER;1000067332;10;ZPAN;INDUMENTARIA SERV TE;;0;;;;LNUNEZ;1011718;CAMPERA NEGRA NEOPRENE C LOGO T XL;1;Materiales usuales;CUMPLIDO;MR01;1;22/5/2025;5/6/2025;junio;10122116;10;1;22/5/2025;22/5/2025;C28;4500100215;160;MR05;1;MALVAREZ;28/5/2025;28/5/2025;30/6/2025;30/6/2025;C28;TKW S.A.;1;0;0;1;5000135982;18/6/2025;MR05;16;1;18/6/2025;PKOSIARSKI;;;0;0;;;;;;;;;0;;;;;;;;;;;;;;;;;;13;;18/6/2025;00005;SEDE;;;-14;-26;0;;;;;;;;;14;;;;26;;;;;;GESTION ROSARIO;;;;;1;
00005 TALLER;1000067336;10;ZPAN;INDUMENTARIA SERV TE;;0;;;;LNUNEZ;1011718;CAMPERA NEGRA NEOPRENE C LOGO T XL;1;Materiales usuales;CUMPLIDO;MR01;1;22/5/2025;5/6/2025;junio;10122119;10;1;22/5/2025;22/5/2025;C28;4500100215;170;MR05;1;MALVAREZ;28/5/2025;28/5/2025;30/6/2025;30/6/2025;C28;TKW S.A.;1;0;0;1;5000135982;18/6/2025;MR05;17;1;18/6/2025;PKOSIARSKI;;;0;0;;;;;;;;;0;;;;;;;;;;;;;;;;;;13;;18/6/2025;00005;SEDE;;;-14;-26;0;;;;;;;;;14;;;;26;;;;;;GESTION ROSARIO;;;;;1;
00005 TALLER;1000067338;10;ZPAN;INDUMENTARIA SERV TE;;0;;;;LNUNEZ;1011719;CAMPERA NEGRA NEOPRENE C LOGO T XXL;1;Materiales usuales;CUMPLIDO;MR01;1;22/5/2025;5/6/2025;junio;10122121;10;1;22/5/2025;22/5/2025;C28;4500100215;190;MR05;1;MALVAREZ;28/5/2025;28/5/2025;30/6/2025;30/6/2025;C28;TKW S.A.;1;0;23;1;5000135982;18/6/2025;;0;1;18/6/2025;PKOSIARSKI;;;0;0;;;;;;;;;0;;;;;;;;;;;;;;;;;;13;;18/6/2025;00005;SEDE;;;-14;-26;0;;;;;;;;;14;;;;26;;;;;;GESTION ROSARIO;;;;;1;
00005 TALLER;1000067339;10;ZPAN;INDUMENTARIA SERV TE;;0;;;;LNUNEZ;1011719;CAMPERA NEGRA NEOPRENE C LOGO T XXL;1;Materiales usuales;CUMPLIDO;MR01;1;22/5/2025;5/6/2025;junio;10122122;10;1;22/5/2025;22/5/2025;C28;4500100215;180;MR05;1;MALVAREZ;28/5/2025;28/5/2025;30/6/2025;30/6/2025;C28;TKW S.A.;1;0;14;1;5000135982;18/6/2025;;0;1;18/6/2025;PKOSIARSKI;;;0;0;;;;;;;;;0;;;;;;;;;;;;;;;;;;13;;18/6/2025;00005;SEDE;;;-14;-26;0;;;;;;;;;14;;;;26;;;;;;GESTION ROSARIO;;;;;1;
00005 TALLER;1000067341;20;ZPAN;INDUMENTARIA SERV TE;;0;;;;LNUNEZ;1011705;REMERA ALGOD M CORTA NEGRA C LOGO T.XXL;2;Materiales usuales;CUMPLIDO;MR01;1;22/5/2025;5/6/2025;junio;10122124;20;1;22/5/2025;22/5/2025;C28;4500100215;240;MR05;1;MALVAREZ;28/5/2025;28/5/2025;30/6/2025;30/6/2025;C28;TKW S.A.;2;0;23;2;5000135982;18/6/2025;;0;1;18/6/2025;PKOSIARSKI;;;0;0;;;;;;;;;0;;;;;;;;;;;;;;;;;;13;;18/6/2025;00005;SEDE;;;-14;-26;0;;;;;;;;;14;;;;26;;;;;;GESTION ROSARIO;;;;;1;
00005 TALLER;1000067343;10;ZPAN;INDUMENTARIA SERV TE;;0;;;;LNUNEZ;1011720;CAMPERA NEGRA NEOPRENE C LOGO T XXXL;1;Materiales usuales;CUMPLIDO;MR01;1;22/5/2025;5/6/2025;junio;10122126;10;1;22/5/2025;22/5/2025;C28;4500100215;220;MR05;1;MALVAREZ;28/5/2025;28/5/2025;30/6/2025;30/6/2025;C28;TKW S.A.;1;0;0;1;5000135982;18/6/2025;MR05;22;1;18/6/2025;PKOSIARSKI;;;0;0;;;;;;;;;0;;;;;;;;;;;;;;;;;;13;;18/6/2025;00005;SEDE;;;-14;-26;0;;;;;;;;;14;;;;26;;;;;;GESTION ROSARIO;;;;;1;
00005 TALLER;1000067345;10;ZPAN;INDUMENTARIA SERV TE;;0;;;;LNUNEZ;1011666;PANTALON GABARDI NEGRO ELAST  CHINO T.54;2;Materiales usuales;CUMPLIDO;MR01;1;22/5/2025;5/6/2025;junio;10122128;10;1;22/5/2025;22/5/2025;C28;4500100215;200;MR05;1;MALVAREZ;28/5/2025;28/5/2025;30/6/2025;30/6/2025;C28;TKW S.A.;2;0;0;2;5000135982;18/6/2025;MR05;20;1;18/6/2025;PKOSIARSKI;;;0;0;;;;;;;;;0;;;;;;;;;;;;;;;;;;13;;18/6/2025;00005;SEDE;;;-14;-26;0;;;;;;;;;14;;;;26;;;;;;GESTION ROSARIO;;;;;1;
00005 TALLER;1000067345;20;ZPAN;INDUMENTARIA SERV TE;;0;;;;LNUNEZ;1011705;REMERA ALGOD M CORTA NEGRA C LOGO T.XXL;2;Materiales usuales;CUMPLIDO;MR01;1;22/5/2025;5/6/2025;junio;10122128;20;1;22/5/2025;22/5/2025;C28;4500100215;230;MR05;1;MALVAREZ;28/5/2025;28/5/2025;30/6/2025;30/6/2025;C28;TKW S.A.;2;0;0;2;5000135982;18/6/2025;MR05;23;1;18/6/2025;PKOSIARSKI;;;0;0;;;;;;;;;0;;;;;;;;;;;;;;;;;;13;;18/6/2025;00005;SEDE;;;-14;-26;0;;;;;;;;;14;;;;26;;;;;;GESTION ROSARIO;;;;;1;
00005 TALLER;1000067345;30;ZPAN;INDUMENTARIA SERV TE;;0;;;;LNUNEZ;1011719;CAMPERA NEGRA NEOPRENE C LOGO T XXL;1;Materiales usuales;CUMPLIDO;MR01;1;22/5/2025;5/6/2025;junio;10122128;30;1;22/5/2025;22/5/2025;C28;4500100215;210;MR05;1;MALVAREZ;28/5/2025;28/5/2025;30/6/2025;30/6/2025;C28;TKW S.A.;1;0;4;1;5000135982;18/6/2025;;0;1;18/6/2025;PKOSIARSKI;;;0;0;;;;;;;;;0;;;;;;;;;;;;;;;;;;13;;18/6/2025;00005;SEDE;;;-14;-26;0;;;;;;;;;14;;;;26;;;;;;GESTION ROSARIO;;;;;1;
00005 TALLER;1000067350;10;ZPAN;INDUMENTARIA SERV TE;;0;;;;LNUNEZ;1011721;CAMPERA NEGRA NEOPRENE C LOGO T XXXXL;1;Materiales usuales;CUMPLIDO;MR01;1;22/5/2025;5/6/2025;junio;10122132;10;1;22/5/2025;22/5/2025;C28;4500100215;260;MR05;1;MALVAREZ;28/5/2025;28/5/2025;30/6/2025;30/6/2025;C28;TKW S.A.;1;0;0;1;5000135982;18/6/2025;MR05;26;1;18/6/2025;PKOSIARSKI;;;0;0;;;;;;;;;0;;;;;;;;;;;;;;;;;;13;;18/6/2025;00005;SEDE;;;-14;-26;0;;;;;;;;;14;;;;26;;;;;;GESTION ROSARIO;;;;;1;
00005 TALLER;1000067351;10;ZPAN;INDUMENTARIA SERV TE;;0;;;;LNUNEZ;1011718;CAMPERA NEGRA NEOPRENE C LOGO T XL;1;Materiales usuales;CUMPLIDO;MR01;1;22/5/2025;5/6/2025;junio;10122133;10;1;22/5/2025;22/5/2025;C28;4500100215;250;MR05;1;MALVAREZ;28/5/2025;28/5/2025;30/6/2025;30/6/2025;C28;TKW S.A.;1;0;1;1;5000135982;18/6/2025;;0;1;18/6/2025;PKOSIARSKI;;;0;0;;;;;;;;;0;;;;;;;;;;;;;;;;;;13;;18/6/2025;00005;SEDE;;;-14;-26;0;;;;;;;;;14;;;;26;;;;;;GESTION ROSARIO;;;;;1;
00005 TALLER;1000067353;10;ZPAN;INDUMENTARIA OFIC TE;;0;;;;LNUNEZ;1011659;PANTALON GABARDINA NEGRO PAMPER T.40;2;Materiales usuales;CUMPLIDO;MR01;1;22/5/2025;5/6/2025;junio;10122135;10;1;22/5/2025;22/5/2025;C28;4500100215;270;MR05;1;MALVAREZ;28/5/2025;28/5/2025;30/6/2025;30/6/2025;C28;TKW S.A.;2;0;3;2;5000135982;18/6/2025;;0;1;18/6/2025;PKOSIARSKI;;;0;0;;;;;;;;;0;;;;;;;;;;;;;;;;;;13;;18/6/2025;00005;SEDE;;;-14;-26;0;;;;;;;;;14;;;;26;;;;;;GESTION ROSARIO;;;;;1;
00005 TALLER;1000067353;20;ZPAN;INDUMENTARIA OFIC TE;;0;;;;LNUNEZ;1011696;REMERA ALGOD M CORTA NEGRA C LOGO T.L;2;Materiales usuales;CUMPLIDO;MR01;1;22/5/2025;5/6/2025;junio;10122135;20;1;22/5/2025;22/5/2025;C28;4500100215;280;MR05;1;MALVAREZ;28/5/2025;28/5/2025;30/6/2025;30/6/2025;C28;TKW S.A.;2;0;0;2;5000135982;18/6/2025;MR05;28;1;18/6/2025;PKOSIARSKI;;;0;0;;;;;;;;;0;;;;;;;;;;;;;;;;;;13;;18/6/2025;00005;SEDE;;;-14;-26;0;;;;;;;;;14;;;;26;;;;;;GESTION ROSARIO;;;;;1;
00005 TALLER;1000067354;10;ZPAN;INDUMENTARIA SERV TE;;0;;;;LNUNEZ;1011721;CAMPERA NEGRA NEOPRENE C LOGO T XXXXL;1;Materiales usuales;CUMPLIDO;MR01;1;22/5/2025;5/6/2025;junio;10122136;10;1;22/5/2025;22/5/2025;C28;4500100215;290;MR05;1;MALVAREZ;28/5/2025;28/5/2025;30/6/2025;30/6/2025;C28;TKW S.A.;1;0;1;1;5000135982;18/6/2025;;0;1;18/6/2025;PKOSIARSKI;;;0;0;;;;;;;;;0;;;;;;;;;;;;;;;;;;13;;18/6/2025;00005;SEDE;;;-14;-26;0;;;;;;;;;14;;;;26;;;;;;GESTION ROSARIO;;;;;1;
00005 TALLER;1000067363;10;ZPAN;INDUMENTARIA OFIC TE;;0;;;;LNUNEZ;1011558;CHOMBA ALGODON AZUL TALLE XXL C LOGO;2;Materiales usuales;CUMPLIDO;MR01;1;22/5/2025;5/6/2025;junio;10122142;10;1;22/5/2025;22/5/2025;C28;4500100215;300;MR05;1;MALVAREZ;28/5/2025;28/5/2025;30/6/2025;30/6/2025;C28;TKW S.A.;2;0;-1;2;5000135982;18/6/2025;MR05;30;1;18/6/2025;PKOSIARSKI;;;0;0;;;;;;;;;0;;;;;;;;;;;;;;;;;;13;;18/6/2025;00005;SEDE;;;-14;-26;0;;;;;;;;;14;;;;26;;;;;;GESTION ROSARIO;;;;;1;
00005 TALLER;1000067363;20;ZPAN;INDUMENTARIA OFIC TE;;0;;;;LNUNEZ;1011665;PANTALON ELASTIZAD PAMPER NEGRO T.52;2;Materiales usuales;CUMPLIDO;MR01;1;22/5/2025;5/6/2025;junio;10122142;20;1;22/5/2025;22/5/2025;C28;4500100215;310;MR05;1;MALVAREZ;28/5/2025;28/5/2025;30/6/2025;30/6/2025;C28;TKW S.A.;2;0;0;2;5000135982;18/6/2025;MR05;31;1;18/6/2025;PKOSIARSKI;;;0;0;;;;;;;;;0;;;;;;;;;;;;;;;;;;13;;18/6/2025;00005;SEDE;;;-14;-26;0;;;;;;;;;14;;;;26;;;;;;GESTION ROSARIO;;;;;1;
00005 TALLER;1000067363;30;ZPAN;INDUMENTARIA OFIC TE;;0;;;;LNUNEZ;1011720;CAMPERA NEGRA NEOPRENE C LOGO T XXXL;1;Materiales usuales;CUMPLIDO;MR01;1;22/5/2025;5/6/2025;junio;10122142;30;1;22/5/2025;22/5/2025;C28;4500100215;320;MR05;1;MALVAREZ;28/5/2025;28/5/2025;30/6/2025;30/6/2025;C28;TKW S.A.;1;0;1;1;5000135982;18/6/2025;;0;1;18/6/2025;PKOSIARSKI;;;0;0;;;;;;;;;0;;;;;;;;;;;;;;;;;;13;;18/6/2025;00005;SEDE;;;-14;-26;0;;;;;;;;;14;;;;26;;;;;;GESTION ROSARIO;;;;;1;
00005 TALLER;1000067363;40;ZPAN;INDUMENTARIA OFIC TE;;0;;;;LNUNEZ;1011713;BUZO ALGODON AZUL OSCURO C LOGO T XXXL;2;Materiales usuales;CUMPLIDO;MR01;1;22/5/2025;5/6/2025;junio;10122142;40;1;22/5/2025;22/5/2025;C28;4500100215;330;MR05;1;MALVAREZ;28/5/2025;28/5/2025;30/6/2025;30/6/2025;C28;TKW S.A.;2;0;0;2;5000135982;18/6/2025;MR05;33;1;18/6/2025;PKOSIARSKI;;;0;0;;;;;;;;;0;;;;;;;;;;;;;;;;;;13;;18/6/2025;00005;SEDE;;;-14;-26;0;;;;;;;;;14;;;;26;;;;;;GESTION ROSARIO;;;;;1;
00005 TALLER;1000067366;10;ZPAN;INDUMENTARIA SERV TE;;0;;;;LNUNEZ;1011718;CAMPERA NEGRA NEOPRENE C LOGO T XL;1;Materiales usuales;CUMPLIDO;MR01;1;22/5/2025;5/6/2025;junio;10122145;10;1;22/5/2025;22/5/2025;C28;4500100215;340;MR05;1;MALVAREZ;28/5/2025;28/5/2025;30/6/2025;30/6/2025;C28;TKW S.A.;1;0;3;1;5000135982;18/6/2025;;0;1;18/6/2025;PKOSIARSKI;;;0;0;;;;;;;;;0;;;;;;;;;;;;;;;;;;13;;18/6/2025;00005;SEDE;;;-14;-26;0;;;;;;;;;14;;;;26;;;;;;GESTION ROSARIO;;;;;1;
00005 TALLER;1000067415;60;ZPAN;PEDIDO TALLER HERRER;;0;;;;CAUBONE;1012896;ANILLO DISTRIB GAS 220997 - 5 X BLISTER;2;Materiales genericos;CUMPLIDO;MM01;1;23/5/2025;12/6/2025;junio;10122200;60;1;23/5/2025;23/5/2025;C13;4500101102;10;MM05;1;MALVAREZ;9/6/2025;9/6/2025;12/6/2025;12/6/2025;C13;MARATA GERMAN DANIEL;2;0;-1;2;5000135704;13/6/2025;MM05;1;1;13/6/2025;AITURRIETA;;8000071338;2;1;AITURRIETA;13/6/2025;13/6/2025;;;;;4900336955;2;BGUERRA;20/6/2025;13/6/2025;;;;;;;;;;;;;;;1;;13/6/2025;00005;SEDE;0;0;-2;-1;0;0;;;;;;;;2;;;;1;;;;;;GESTION SAN JUAN;;;;;1;
00005 TALLER;1000067663;10;ZPAN;RESERVA 67487 INT 78;;0;;;;CMARCOVICH;1015947;POLEA DE VENTILADOR;1;Materiales genericos;CUMPLIDO;MR01;1;28/5/2025;17/6/2025;junio;10122542;10;1;28/5/2025;28/5/2025;C03;4500101006;10;298;1;EFUNES;9/6/2025;9/6/2025;14/6/2025;14/6/2025;C03;SALDAÑA CARLOS ALBERTO;1;0;0;1;5000135962;18/6/2025;298;1;1;18/6/2025;FFUENTES;;;0;0;;;;;;;;;0;;;;;;;;;;;;;;;;;;1;;18/6/2025;00005;EQUIPOS;;;-2;2;0;;;;;;;;;;;;;;2;;;;;GESTION ROSARIO;;;;;;1
00005 TALLER;1000067736;10;ZPAN;TAZAS P/ OFICINA MAN;;0;;;;LNUNEZ;1011211;JARRO IRLANDES CHICO VERBANO LOGO 1 COL.;12;Materiales usuales;CUMPLIDO;MR01;1;29/5/2025;12/6/2025;junio;10122656;10;1;29/5/2025;29/5/2025;C19;4500100381;10;2001;1;VBARRA;30/5/2025;30/5/2025;29/6/2025;18/7/2025;C19;HORCADA MARCELO,GUSTAVO Y FERN;12;0;-10;12;5000138952;17/7/2025;2001;1;3;17/7/2025;PKOSIARSKI;;8000072996;12;1;PKOSIARSKI;17/7/2025;17/7/2025;;;;;4900345991;12;SDELSOGLIO;23/7/2025;17/7/2025;;;;;;;;;;;;;;;35;;17/7/2025;00005;SEDE;0;0;-36;-37;0;0;;;;;;;;36;;;;37;;;;;;GESTION ROSARIO;;;;;1;
00005 TALLER;1000067736;20;ZPAN;TAZAS P/ OFICINA MAN;;0;;;;LNUNEZ;1011198;CUCHARITA CAFE ACERO INOXIDABLE;12;Materiales usuales;CUMPLIDO;MR01;1;29/5/2025;12/6/2025;junio;10122656;20;1;29/5/2025;29/5/2025;C19;4500100381;20;2001;1;VBARRA;30/5/2025;30/5/2025;29/6/2025;18/7/2025;C19;HORCADA MARCELO,GUSTAVO Y FERN;12;0;-7;12;5000138952;17/7/2025;2001;2;3;17/7/2025;PKOSIARSKI;;8000072996;12;1;PKOSIARSKI;17/7/2025;17/7/2025;;;;;4900345991;12;SDELSOGLIO;23/7/2025;17/7/2025;;;;;;;;;;;;;;;35;;17/7/2025;00005;SEDE;0;0;-36;-37;0;0;;;;;;;;36;;;;37;;;;;;GESTION ROSARIO;;;;;1;
00005 TALLER;1000068048;10;ZPAN;ROPA INSPECTOR MATIA;;0;;;;MADAMOSI;1011662;PANTALON GABARDINA NEGRO CHINO T.46;2;Materiales usuales;CUMPLIDO;MR01;1;3/6/2025;24/6/2025;junio;10123069;10;1;3/6/2025;3/6/2025;C28;4500102254;10;2001;1;GJULIANI;25/6/2025;25/6/2025;;4/7/2025;C28;NUEVA REGINA S.R.L.;2;0;88;2;5000137762;5/7/2025;;0;1;5/7/2025;ALANDAVIDEA;;8000072424;2;1;ALANDAVIDEA;5/7/2025;5/7/2025;;;;;4900343179;2;SPONCE;14/7/2025;5/7/2025;;;;;;;;;;;;;;;11;;5/7/2025;00005;SEDE;0;0;-12;-11;0;0;;;;;;;;12;;;;11;;;;;;GESTION ROSARIO;;;;;1;
00005 TALLER;1000068048;30;ZPAN;ROPA INSPECTOR MATIA;;0;;;;MADAMOSI;1011718;CAMPERA NEGRA NEOPRENE C LOGO T XL;1;Materiales usuales;CUMPLIDO;MR01;1;3/6/2025;24/6/2025;junio;10123069;30;1;3/6/2025;3/6/2025;C28;4500101613;10;2001;1;GJULIANI;17/6/2025;17/6/2025;27/6/2025;27/6/2025;C28;NUEVA REGINA S.R.L.;1;0;0;1;5000137768;5/7/2025;2001;1;1;5/7/2025;ALANDAVIDEA;;8000072426;1;1;ALANDAVIDEA;5/7/2025;5/7/2025;;;;;4900343181;1;SPONCE;14/7/2025;5/7/2025;;;;;;;;;;;;;;;11;;5/7/2025;00005;SEDE;0;0;-12;-4;0;0;;;;;;;;12;;;;4;;;;;;GESTION ROSARIO;;;;;1;
00005 TALLER;1000068237;170;ZPAN;HERRAMIENTA TALLER -;;0;;;;SFLORES;1012888;MORZA DE BANCO BARBERO N°5;1;Materiales genericos;CUMPLIDO;MR01;1;6/6/2025;20/6/2025;junio;10123358;170;1;6/6/2025;9/6/2025;C27;4500101083;170;MR05;1;JESPARZA;9/6/2025;9/6/2025;20/6/2025;18/7/2025;C27;FERRETERA SAN LUIS;1;0;6;1;5000139137;18/7/2025;;0;1;18/7/2025;ALANDAVIDEA;;8000073062;1;1;ALANDAVIDEA;18/7/2025;18/7/2025;;;;;4900346844;1;SPONCE;26/7/2025;18/7/2025;;;;;;;;;;;;;;;28;;18/7/2025;00005;SEDE;0;0;-29;-29;0;0;;;;;;;;29;;;;29;;;;;;GESTION ROSARIO;;;;;1;
00005 TALLER;1000068493;10;ZPAN;HERRAMIENTA TALLER -;;0;;;;SFLORES;1012870;"MECHA COPA 2"" 9/16 P/CHAPA";2;Materiales genericos;CUMPLIDO;MR01;1;11/6/2025;25/6/2025;junio;10123708;10;1;11/6/2025;17/6/2025;C27;4500101721;40;MR05;1;JESPARZA;18/6/2025;18/6/2025;25/6/2025;30/6/2025;C27;PASTORI MAXIMILIANO ANDRES;2;0;-1;2;5000136927;28/6/2025;MR05;1;1;26/6/2025;FGORGONA;;8000072031;2;1;FGORGONA;28/6/2025;28/6/2025;;;;;4900340624;2;SPONCE;3/7/2025;28/6/2025;;;;;;;;;;;;;;;3;;28/6/2025;00005;SEDE;0;0;-2;-6;2;0;;;;;;;;2;;;;6;;;;;;GESTION ROSARIO;1;;;1;1;
00005 TALLER;1000068493;20;ZPAN;HERRAMIENTA TALLER -;;0;;;;SFLORES;1012888;MANDRIL 3-16mm CONO B16;1;Materiales genericos;CUMPLIDO;MR01;1;11/6/2025;25/6/2025;junio;10123708;20;1;11/6/2025;17/6/2025;C27;4500101721;50;MR05;1;JESPARZA;18/6/2025;18/6/2025;25/6/2025;30/6/2025;C27;PASTORI MAXIMILIANO ANDRES;1;0;0;1;5000136927;28/6/2025;MR05;2;1;26/6/2025;FGORGONA;;8000072031;1;1;FGORGONA;28/6/2025;28/6/2025;;;;;4900340624;1;SPONCE;3/7/2025;28/6/2025;;;;;;;;;;;;;;;3;;28/6/2025;00005;SEDE;0;0;-2;-6;2;0;;;;;;;;2;;;;6;;;;;;GESTION ROSARIO;1;;;1;1;
00005 TALLER;1000068493;30;ZPAN;HERRAMIENTA TALLER -;;0;;;;SFLORES;1012888;LLAVE DE MANDRIL S/CONO B16 3-16mm;4;Materiales genericos;CUMPLIDO;MR01;1;11/6/2025;25/6/2025;junio;10123708;30;1;11/6/2025;17/6/2025;C27;4500101721;60;MR05;1;JESPARZA;18/6/2025;18/6/2025;25/6/2025;30/6/2025;C27;PASTORI MAXIMILIANO ANDRES;4;0;-3;4;5000136927;28/6/2025;MR05;3;1;26/6/2025;FGORGONA;;8000072031;4;1;FGORGONA;28/6/2025;28/6/2025;;;;;4900340624;4;SPONCE;3/7/2025;28/6/2025;;;;;;;;;;;;;;;3;;28/6/2025;00005;SEDE;0;0;-2;-6;2;0;;;;;;;;2;;;;6;;;;;;GESTION ROSARIO;1;;;1;1;
00005 TALLER;1000068592;10;ZPAN;REPOS NO STOCK 26/0;;0;;;;SPONCE;1012853;PINT POLIU DTM NEG BASE PU ACRIL INC 2X1;5;Materiales genericos;CUMPLIDO;MR01;1;12/6/2025;26/6/2025;junio;10123864;10;1;12/6/2025;17/6/2025;C22;4500102374;10;2001;1;GJULIANI;26/6/2025;26/6/2025;2/7/2025;2/7/2025;C22;ZAMAR REPRESENTACIONES S R L;5;0;1;5;5000137007;30/6/2025;;0;1;30/6/2025;FGORGONA;;8000072105;5;1;FGORGONA;30/6/2025;30/6/2025;;;;;4900340621;5;SPONCE;3/7/2025;30/6/2025;;;;;;;;;;;;;;;4;;30/6/2025;00005;SEDE;0;0;-5;-7;0;0;;;;;;;;5;;;;7;;;;;;GESTION ROSARIO;;;;;1;
00005 TALLER;1000068592;20;ZPAN;REPOS NO STOCK 26/0;;0;;;;SPONCE;1012853;CATALIZADOR PARA PINT POLIU DTM X LT;10;Materiales genericos;CUMPLIDO;MR01;1;12/6/2025;26/6/2025;junio;10123864;20;1;12/6/2025;17/6/2025;C22;4500102374;20;2001;1;GJULIANI;26/6/2025;26/6/2025;2/7/2025;2/7/2025;C22;ZAMAR REPRESENTACIONES S R L;10;0;-4;10;5000137007;30/6/2025;2001;2;1;30/6/2025;FGORGONA;;8000072105;10;1;FGORGONA;30/6/2025;30/6/2025;;;;;4900340621;10;SPONCE;3/7/2025;30/6/2025;;;;;;;;;;;;;;;4;;30/6/2025;00005;SEDE;0;0;-5;-7;0;0;;;;;;;;5;;;;7;;;;;;GESTION ROSARIO;;;;;1;
00005 TALLER;1000067177;10;ZPAN;CHAPA HARDOX P/ESPEJ;;0;;;;EGUEVARA;1015947;CHAPA HARDOX 1,50M X 1,50M X 5/8 ESPESOR;1;Materiales genericos;CUMPLIDO;MM01;1;20/5/2025;9/6/2025;junio;10121903;10;1;20/5/2025;20/5/2025;C43;4500099568;10;2001;1;EFUNES;20/5/2025;21/5/2025;22/5/2025;30/8/2026;C43;METALES CONCEPCION SRL;1;0;0;1;5000150905;31/10/2025;2001;1;3;31/10/2025;GGUEVARA;;;0;0;;;;;;;;;0;;;;;;;;;;;;;;;;;;144;;31/10/2025;00005;EQUIPOS;;;-145;-448;0;;;;;;;;;;;;;;145;;;;448;GESTION SAN JUAN;;;;;;1
00005 TALLER;1000067633;10;ZPAN;8600 - OXIMICO SILOC;;0;;;;EGUEVARA;1015947;8600 - OXÍMICO SILOC GRIS 420 GRS;2;Materiales genericos;CUMPLIDO;MM01;1;27/5/2025;16/6/2025;junio;10122497;10;1;27/5/2025;28/5/2025;C43;4500100190;10;MM05;1;EFUNES;28/5/2025;28/5/2025;10/6/2025;10/6/2025;C43;OLIVARES ANTONIO ALBERTO;2;0;0;2;5000150872;31/10/2025;MM05;1;1;31/10/2025;GGUEVARA;;8000079468;2;1;GGUEVARA;31/10/2025;31/10/2025;;;;;;0;;;;;;;;;;;;;;;;;;137;;31/10/2025;00005;EQUIPOS;0;0;-138;5;0;0;;;;;;;;;;;;;138;;;;;GESTION SAN JUAN;;;;;;1
00005 TALLER;1000067857;30;ZPAN;INSUMOS TALLER;;0;;;;EGUEVARA;1015947;120006015-BULON.G.8.8 MA 6 X 15;100;Materiales genericos;CUMPLIDO;MM01;1;30/5/2025;19/6/2025;junio;10122819;30;1;30/5/2025;30/5/2025;C43;4500100468;30;2001;1;EFUNES;2/6/2025;2/6/2025;16/6/2025;16/6/2025;C43;MEYNIEL S.R.L.;100;0;0;100;5000150874;31/10/2025;MM05;1;1;31/10/2025;GGUEVARA;;8000079472;100;1;GGUEVARA;31/10/2025;31/10/2025;;;;;;0;;;;;;;;;;;;;;;;;;134;;31/10/2025;00005;EQUIPOS;0;0;-135;2;0;0;;;;;;;;;;;;;135;;;;;GESTION SAN JUAN;;;;;;1
00005 TALLER;1000067857;40;ZPAN;INSUMOS TALLER;;0;;;;EGUEVARA;1015947;SJBi05% - ARANDELA BISELADA 1/4;100;Materiales genericos;CUMPLIDO;MM01;1;30/5/2025;19/6/2025;junio;10122819;40;1;30/5/2025;30/5/2025;C43;4500100468;40;2001;1;EFUNES;2/6/2025;2/6/2025;16/6/2025;16/6/2025;C43;MEYNIEL S.R.L.;100;0;0;100;5000150874;31/10/2025;MM05;2;1;31/10/2025;GGUEVARA;;8000079472;100;1;GGUEVARA;31/10/2025;31/10/2025;;;;;;0;;;;;;;;;;;;;;;;;;134;;31/10/2025;00005;EQUIPOS;0;0;-135;2;0;0;;;;;;;;;;;;;135;;;;;GESTION SAN JUAN;;;;;;1
00005 TALLER;1000065679;180;ZPAN;HERRAMIENTA PABLO CO;;0;;;;SFLORES;1012888;PISTOLA PARA FASTIX REFORZADA;1;Materiales genericos;CUMPLIDO;MR01;1;25/4/2025;9/5/2025;mayo;10120037;180;1;25/4/2025;25/4/2025;C27;4500098003;180;MR05;1;AESCUDERO;29/4/2025;29/4/2025;8/5/2025;28/5/2025;C27;FERRETERA SAN LUIS;1;0;1;1;5000133968;30/5/2025;;0;1;28/5/2025;FGORGONA;;8000070344;1;1;FGORGONA;30/5/2025;30/5/2025;;;;;;0;;;;;;;;;;;;;;;;;;19;;28/5/2025;00005;SEDE;0;0;-20;-20;2;0;;;;;;;;20;;;;20;;;;;;GESTION ROSARIO;1;;;1;1;
00005 TALLER;1000065680;60;ZPAN;HERRAMIENTA ERIC TAV;;0;;;;SFLORES;1012888;ARCO DE SIERRA 45cm;1;Materiales genericos;CUMPLIDO;MR01;1;25/4/2025;9/5/2025;mayo;10120038;60;1;25/4/2025;25/4/2025;C27;4500097986;60;MR05;1;AESCUDERO;28/4/2025;28/4/2025;7/5/2025;28/5/2025;C27;FERRETERA SAN LUIS;1;0;1;1;5000135440;12/6/2025;;0;1;11/6/2025;FGORGONA;;8000071190;1;1;FGORGONA;12/6/2025;12/6/2025;;;;;;0;;;;;;;;;;;;;;;;;;33;;11/6/2025;00005;SEDE;0;0;-34;-20;1;0;;;;;;;;34;;;;20;;;;;;GESTION ROSARIO;;;;;1;
00005 TALLER;1000065878;30;ZPAN;79157;;0;;;;GGUEVARA;1015947;MANGUERA 3/4 R1 X 620MM HGXHG 1/16 JIC;2;Materiales genericos;CUMPLIDO;MM01;1;29/4/2025;20/5/2025;mayo;10120249;30;1;29/4/2025;29/4/2025;C43;4500098325;30;2001;1;EFUNES;5/5/2025;5/5/2025;10/5/2025;10/5/2025;C43;OLIVARES ANTONIO ALBERTO;2;0;1;2;5000140229;30/7/2025;;0;3;30/7/2025;EGUEVARA;;8000073735;2;1;GGUEVARA;30/7/2025;30/7/2025;;;;;;0;;;;;;;;;;;;;;;;;;71;;30/7/2025;00005;EQUIPOS;0;0;-72;9;0;0;;;;;;;;;;;;;72;;;;;GESTION SAN JUAN;;;;;;1
00005 TALLER;1000065878;40;ZPAN;79157;;0;;;;GGUEVARA;1015947;"MANGUERA 1"" R1 X 770MM CODO90XCODO90";1;Materiales genericos;CUMPLIDO;MM01;1;29/4/2025;20/5/2025;mayo;10120249;40;1;29/4/2025;29/4/2025;C43;4500098325;40;2001;1;EFUNES;5/5/2025;5/5/2025;10/5/2025;10/5/2025;C43;OLIVARES ANTONIO ALBERTO;1;0;2;1;5000140229;30/7/2025;;0;3;30/7/2025;EGUEVARA;;8000073735;1;1;GGUEVARA;30/7/2025;30/7/2025;;;;;;0;;;;;;;;;;;;;;;;;;71;;30/7/2025;00005;EQUIPOS;0;0;-72;9;0;0;;;;;;;;;;;;;72;;;;;GESTION SAN JUAN;;;;;;1
00005 TALLER;1000066181;20;ZPAN;REPOS NO STOCK 05/0;;0;;;;SPONCE;1012807;FICHA HEMBRA DE 7 PUNTOS TRILER DM160N;12;Materiales genericos;CUMPLIDO;MR01;1;5/5/2025;23/5/2025;mayo;10120647;20;1;5/5/2025;12/5/2025;C03;4500099500;50;MR05;1;RPEREZ;19/5/2025;19/5/2025;23/5/2025;23/5/2025;C03;BOSCO GERMAN, BOSCO LUCIO Y BOSCO;12;0;24;12;5000133948;29/5/2025;;0;1;27/5/2025;FGORGONA;;8000070342;12;1;FGORGONA;29/5/2025;29/5/2025;;;;;;0;;;;;;;;;;;;;;;;;;4;;27/5/2025;00005;EQUIPOS;0;0;-5;-1;2;0;;;;;;;;;;;;;5;;;;1;GESTION ROSARIO;1;;;1;;1
00005 TALLER;1000066411;10;ZPAN;HERRAMIENTA TALLER -;;0;;;;SFLORES;1012888;LLAVE IMPACTO NEUMATICA 1/2;1;Materiales genericos;CUMPLIDO;MR01;1;8/5/2025;22/5/2025;mayo;10120976;10;1;8/5/2025;12/5/2025;C27;4500099160;10;MR05;1;AESCUDERO;15/5/2025;15/5/2025;19/5/2025;21/5/2025;C27;ARROYITO MAQUINARIAS S.R.L.;1;0;35;1;5000134147;31/5/2025;;0;3;30/5/2025;FGORGONA;;8000070460;1;1;FGORGONA;31/5/2025;31/5/2025;;;;;;0;;;;;;;;;;;;;;;;;;8;;30/5/2025;00005;SEDE;0;0;-9;0;1;0;;;;;;;;9;;;;;;;;;;GESTION ROSARIO;;;;;1;
00005 TALLER;1000067304;10;ZPAN;FORMALIZACIONE INT46;;0;;;;EGUEVARA;1015947;PERNO CAT 950 MATERIAL MACIZO 5752;1;Materiales genericos;CUMPLIDO;MM01;1;22/5/2025;11/6/2025;junio;10122086;10;1;22/5/2025;22/5/2025;C43;4500100000;10;2001;1;EFUNES;26/5/2025;26/5/2025;11/6/2025;19/6/2025;C43;J.M.F. VIAL & PARTS SAS;1;0;24;1;5000136733;26/6/2025;;0;1;26/6/2025;EGUEVARA;;8000071944;1;1;EGUEVARA;26/6/2025;26/6/2025;;;;;;0;;;;;;;;;;;;;;;;;;15;;26/6/2025;00005;EQUIPOS;0;0;-16;-9;0;0;;;;;;;;;;;;;16;;;;9;GESTION SAN JUAN;;;;;;1
00005 TALLER;1000067304;20;ZPAN;FORMALIZACIONE INT46;;0;;;;EGUEVARA;1015947;PORTAFILTRO ALUMINIO BOMAG 5776;1;Materiales genericos;CUMPLIDO;MM01;1;22/5/2025;11/6/2025;junio;10122086;20;1;22/5/2025;22/5/2025;C43;4500100000;20;2001;1;EFUNES;26/5/2025;26/5/2025;11/6/2025;19/6/2025;C43;J.M.F. VIAL & PARTS SAS;1;0;39;1;5000136733;26/6/2025;;0;1;26/6/2025;EGUEVARA;;8000071944;1;1;EGUEVARA;26/6/2025;26/6/2025;;;;;;0;;;;;;;;;;;;;;;;;;15;;26/6/2025;00005;EQUIPOS;0;0;-16;-9;0;0;;;;;;;;;;;;;16;;;;9;GESTION SAN JUAN;;;;;;1
00005 TALLER;1000067341;10;ZPAN;INDUMENTARIA SERV TE;;0;;;;LNUNEZ;1040973;PANTALON GABARDA CHINO PAMPERO NEGRO T48;2;Materiales usuales;CUMPLIDO;MR01;1;22/5/2025;5/6/2025;junio;10122124;10;1;22/5/2025;22/5/2025;C28;4500100448;10;MR05;1;MALVAREZ;30/5/2025;30/5/2025;26/6/2025;26/6/2025;C28;TKW S.A.;2;0;18;2;5000135064;9/6/2025;;0;1;9/6/2025;FGORGONA;;8000070996;2;1;FGORGONA;9/6/2025;9/6/2025;;;;;;0;;;;;;;;;;;;;;;;;;4;;9/6/2025;00005;SEDE;0;0;-5;-22;0;0;;;;;;;;5;;;;22;;;;;;GESTION ROSARIO;;;;;1;
00005 TALLER;1000067653;10;ZPAN;ELECTRODO 7010 2,5mm;;0;;;;EGUEVARA;1012896;ELECTRODO 6010 - 2,5mm X 10KG;1;Materiales genericos;CUMPLIDO;MM01;1;27/5/2025;16/6/2025;junio;10122519;10;1;27/5/2025;28/5/2025;C13;4500100661;20;MM05;1;MALVAREZ;3/6/2025;3/6/2025;13/6/2025;24/6/2025;C13;BOTAS MERCADO DAVID ESTEBAN;1;0;71;1;5000136305;23/6/2025;;0;1;23/6/2025;AITURRIETA;;8000071698;1;1;AITURRIETA;23/6/2025;23/6/2025;;;;;;0;;;;;;;;;;;;;;;;;;7;;23/6/2025;00005;SEDE;0;0;-8;-9;0;0;;;;;;;;8;;;;9;;;;;;GESTION SAN JUAN;;;;;1;
00005 TALLER;1000068237;60;ZPAN;HERRAMIENTA TALLER -;;0;;;;SFLORES;1012888;JGO DE LLAVE TORX EN T;1;Materiales genericos;CUMPLIDO;MR01;1;6/6/2025;20/6/2025;junio;10123358;60;1;6/6/2025;9/6/2025;C27;4500101303;10;MR05;1;JESPARZA;11/6/2025;11/6/2025;19/6/2025;19/6/2025;C27;ARROYITO MAQUINARIAS S.R.L.;1;0;3;1;5000136588;25/6/2025;;0;1;25/6/2025;FGORGONA;;8000071867;1;1;FGORGONA;25/6/2025;25/6/2025;;;;;;0;;;;;;;;;;;;;;;;;;5;;25/6/2025;00005;SEDE;0;0;-6;0;0;0;;;;;;;;6;;;;;;;;;;GESTION ROSARIO;;;;;1;
00005 TALLER;1000068648;10;ZPAN;MATERIAL - SECTOR HE;;0;;;;SFLORES;1012896;ELECTRODO ENI402 2.50X300 X PAQUETE;2;Materiales genericos;CUMPLIDO;MR01;1;13/6/2025;27/6/2025;junio;10123962;10;1;13/6/2025;17/6/2025;C27;4500101721;10;MR05;1;JESPARZA;18/6/2025;18/6/2025;25/6/2025;4/7/2025;C27;PASTORI MAXIMILIANO ANDRES;2;0;118;2;5000137125;1/7/2025;;0;1;1/7/2025;FGORGONA;;8000072155;2;1;FGORGONA;1/7/2025;1/7/2025;;;;;;0;;;;;;;;;;;;;;;;;;4;;1/7/2025;00005;SEDE;0;0;-5;-8;0;0;;;;;;;;5;;;;8;;;;;;GESTION ROSARIO;;;;;1;
00005 TALLER;1000067931;10;ZPAN;SERV.EMBUJADO CILIN.;;0;;;;EGUEVARA;1015947;SERVICIO EMBUJADO DE CILINDRO BINOTTO;1;Materiales genericos;CUMPLIDO;MM01;1;2/6/2025;20/6/2025;junio;10122886;10;1;2/6/2025;2/6/2025;C39;4500101369;10;2001;1;EFUNES;12/6/2025;12/6/2025;20/6/2025;20/6/2025;C39;J.M.F. VIAL & PARTS SAS;1;0;3;1;5000136956;28/6/2025;;0;1;28/6/2025;CAUBONE;;;1;2;CAUBONE;28/6/2025;;;;;;;0;;;;;;;;;;;;;;;;;;8;;28/6/2025;00005;EQUIPOS;0;0;-9;-1;0;0;;;;;;;;;;;;;9;;;;1;GESTION SAN JUAN;;;;;;1
00005 TALLER;1000065783;40;ZPAN;REPO NO STOCK 28/0;;0;;;;SPONCE;1012896;CONECT RECTO ROSCA G 1/8X10 441,011,010;20;Materiales genericos;CUMPLIDO;MR01;1;28/4/2025;12/5/2025;mayo;10120140;40;1;28/4/2025;28/4/2025;C42;4500098016;140;MR05;1;HROLDAN;29/4/2025;29/4/2025;12/5/2025;18/5/2025;C03;GONZALEZ PATRICIA MONICA;20;0;10;20;5000133000;20/5/2025;;0;1;20/5/2025;SPONCE;;;0;0;;;;;;;;;0;;;;;;;;;;;;;;;;;;8;;20/5/2025;00005;EQUIPOS;;;-9;-7;0;;;;;;;;;;;;;;9;;;;7;GESTION ROSARIO;;;;;;1
00005 TALLER;1000068476;10;ZPAN;VALVULA MARIPOSA C/A;;0;;;;EGUEVARA;1015947;0113728 - DFPD-20-RP-90-RD-F04 ACTUADOR;1;Materiales genericos;CUMPLIDO;MM01;1;10/6/2025;1/7/2025;julio;10123690;10;1;10/6/2025;11/6/2025;C43;4500101286;10;2001;1;EFUNES;11/6/2025;11/6/2025;1/8/2025;15/8/2025;C43;SIELEC AUTOMATIZACION INDUSTRI;1;0;0;1;5000143731;29/8/2025;MM05;1;1;29/8/2025;GGUEVARA;;8000075510;1;1;GGUEVARA;29/8/2025;29/8/2025;;;;;;0;;;;;;;;;;;;;;;;;;59;;29/8/2025;00005;EQUIPOS;0;0;-60;-46;0;0;;;;;;;;;;;;;60;;;;46;GESTION SAN JUAN;;;;;;1
00005 TALLER;1000068476;20;ZPAN;VALVULA MARIPOSA C/A;;0;;;;EGUEVARA;1015947;00001 - VZAV-C-40-16... VALVULA MARIPOSA;1;Materiales genericos;CUMPLIDO;MM01;1;10/6/2025;1/7/2025;julio;10123690;20;1;10/6/2025;11/6/2025;C43;4500101286;20;2001;1;EFUNES;11/6/2025;11/6/2025;1/8/2025;15/8/2025;C43;SIELEC AUTOMATIZACION INDUSTRI;1;0;0;1;5000143731;29/8/2025;MM05;2;1;29/8/2025;GGUEVARA;;8000075510;1;1;GGUEVARA;29/8/2025;29/8/2025;;;;;;0;;;;;;;;;;;;;;;;;;59;;29/8/2025;00005;EQUIPOS;0;0;-60;-46;0;0;;;;;;;;;;;;;60;;;;46;GESTION SAN JUAN;;;;;;1
00005 TALLER;1000068476;30;ZPAN;VALVULA MARIPOSA C/A;;0;;;;EGUEVARA;1015947;DARQ-R-A-S11-S8-12 -MANGUITO REDUCTOR;1;Materiales genericos;CUMPLIDO;MM01;1;10/6/2025;1/7/2025;julio;10123690;30;1;10/6/2025;11/6/2025;C43;4500101286;30;2001;1;EFUNES;11/6/2025;11/6/2025;1/8/2025;15/8/2025;C43;SIELEC AUTOMATIZACION INDUSTRI;1;0;0;1;5000143731;29/8/2025;MM05;3;1;29/8/2025;GGUEVARA;;8000075510;1;1;GGUEVARA;29/8/2025;29/8/2025;;;;;;0;;;;;;;;;;;;;;;;;;59;;29/8/2025;00005;EQUIPOS;0;0;-60;-46;0;0;;;;;;;;;;;;;60;;;;46;GESTION SAN JUAN;;;;;;1
00005 TALLER;1000068762;20;ZPAN;PEDIDO ROPA INVIERNO;;0;;;;REGONZALEZ;1011645;PANTALON CARGO AZUL OSCURO T 54;6;Materiales usuales;CUMPLIDO;MM01;1;17/6/2025;8/7/2025;julio;10124082;20;1;17/6/2025;18/6/2025;C28;4500102451;20;2001;1;GJULIANI;27/6/2025;27/6/2025;4/7/2025;31/8/2025;C28;GILIGROUP S.A.S.;6;0;0;6;5000141254;7/8/2025;2001;1;2;7/8/2025;AITURRIETA;;8000072328;6;2;AITURRIETA;3/7/2025;3/7/2025;;;;;4900351535;6;CAUBONE;11/8/2025;7/8/2025;;;;;;;;;;;;;;;30;;7/8/2025;00005;SEDE;0;0;-31;-55;0;-35;;;;;;;;31;;;;55;;;;;;GESTION SAN JUAN;;;;;1;
00005 TALLER;1000068767;10;ZPAN;REP. CAMB. SELLO CIL;;0;;;;REGONZALEZ;1015947;SERV. REP. CAMBIO DE SELLOS CILINDRO POW;1;Materiales genericos;CUMPLIDO;MM01;1;17/6/2025;8/7/2025;julio;10124087;10;1;17/6/2025;18/6/2025;C39;4500101773;10;MM05;1;EFUNES;18/6/2025;18/6/2025;8/7/2025;8/7/2025;C39;LIRUSSI ARAGON FERNANDO ARIEL;1;0;0;1;5000144393;3/9/2025;MM05;1;1;3/9/2025;HCABELLO;;8000075845;1;1;HCABELLO;3/9/2025;3/9/2025;;;;;;0;;;;;;;;;;;;;;;;;;57;;3/9/2025;00005;EQUIPOS;0;0;-58;-1;0;0;;;;;;;;;;;;;58;;;;1;GESTION SAN JUAN;;;;;;1
00005 TALLER;1000068600;50;ZPAN;PEDIDO DE TALLER - C;;0;;;;BGUERRA;1015947;TARJETA TALLER;500;Materiales genericos;CUMPLIDO;MM01;1;12/6/2025;3/7/2025;julio;10123872;50;1;12/6/2025;12/6/2025;C43;4500101707;50;2001;1;EFUNES;18/6/2025;18/6/2025;3/7/2025;30/8/2025;C43;HERRERA ANDRES MAURICIO;500;0;0;500;5000149500;20/10/2025;MM05;1;4;20/10/2025;HCABELLO;;8000072145;500;2;CAUBONE;1/7/2025;1/7/2025;;;;;;0;;;;;;;;;;;;;;;;;;109;;20/10/2025;00005;EQUIPOS;0;0;-110;-59;0;-111;;;;;;;;;;;;;110;;;;59;GESTION SAN JUAN;;;;;;1
00005 TALLER;1000069165;10;ZPAN;MATERIAL - SECTOR HE;;0;;;;SFLORES;1011226;MOLDURA PERMIMETRAL CIELO RASO X 3 mts;40;Materiales usuales;CUMPLIDO;MR01;1;25/6/2025;9/7/2025;julio;10124564;10;1;25/6/2025;25/6/2025;C19;4500102996;10;2001;1;VBARRA;4/7/2025;4/7/2025;9/7/2025;12/7/2025;C19;RIVESTIMENTO SRL;40;0;0;40;5000138246;10/7/2025;2001;1;1;10/7/2025;PKOSIARSKI;;8000072678;40;1;PKOSIARSKI;10/7/2025;10/7/2025;;;;;4900344134;40;SPONCE;17/7/2025;10/7/2025;;;;;;;;;;;;;;;1;;10/7/2025;00005;SEDE;0;0;-2;-4;0;0;;;;;;;;2;;;;4;;;;;;GESTION ROSARIO;;;;;1;
00005 TALLER;1000069258;10;ZPAN;PEDIDO CUBIERTA - 81;;0;;;;SFLORES;1015947;CUBIERTA 1200 PARA RECAPADO-DIBUJO TRACC;32;Materiales genericos;CUMPLIDO;MR01;1;26/6/2025;10/7/2025;julio;10124726;10;1;26/6/2025;26/6/2025;C03;4500102829;10;MR05;1;WVENTURINI;2/7/2025;4/7/2025;10/7/2025;15/8/2025;C03;GOMERIA ALICIA S.A.;32;0;0;32;5000142479;18/8/2025;MR05;1;6;18/8/2025;RPEREZ;;;0;0;;;;;;;;;0;;;;;;;;;;;;;;;;;;39;;18/8/2025;00005;EQUIPOS;;;-40;-37;0;;;;;;;;;;;;;;40;;;;37;GESTION ROSARIO;;;;;;1
00005 TALLER;1000069258;20;ZPAN;PEDIDO CUBIERTA - 81;;0;;;;SFLORES;1015947;295/R80/22.5-CUBIERTA P/ RECAPADO-LINEAL;12;Materiales genericos;CUMPLIDO;MR01;1;26/6/2025;10/7/2025;julio;10124726;20;1;26/6/2025;26/6/2025;C03;4500102829;20;MR05;1;WVENTURINI;2/7/2025;4/7/2025;10/7/2025;15/8/2025;C03;GOMERIA ALICIA S.A.;12;0;0;12;5000142479;18/8/2025;MR05;2;4;18/8/2025;RPEREZ;;;0;0;;;;;;;;;0;;;;;;;;;;;;;;;;;;39;;18/8/2025;00005;EQUIPOS;;;-40;-37;0;;;;;;;;;;;;;;40;;;;37;GESTION ROSARIO;;;;;;1
00005 TALLER;1000069277;50;ZPAN;REPOS NO STOCK 26/06;;0;;;;SPONCE;1012877;"TORN.AUTOPERF.PH.P.MECHA 6 X 3/4""   T1";2000;Materiales genericos;CUMPLIDO;MR01;1;26/6/2025;10/7/2025;julio;10124756;50;1;26/6/2025;27/6/2025;C27;4500102479;50;MR05;1;JESPARZA;27/6/2025;27/6/2025;4/7/2025;8/8/2025;C27;ROMERO FERNANDO NAHUEL;2000;0;0;2000;5000141246;7/8/2025;MR05;1;3;7/8/2025;FGORGONA;;8000074169;2000;1;FGORGONA;7/8/2025;7/8/2025;;;;;4900352485;2000;CDAVID;13/8/2025;7/8/2025;;;;;;;;;;;;;;;28;;7/8/2025;00005;SEDE;0;0;-29;-30;0;0;;;;;;;;29;;;;30;;;;;;GESTION ROSARIO;;;;;1;
00005 TALLER;1000069277;60;ZPAN;REPOS NO STOCK 26/06;;0;;;;SPONCE;1012877;"TORN.AUTOPERF. PH.P.MECHA 6 X 1/2""   T1";2000;Materiales genericos;CUMPLIDO;MR01;1;26/6/2025;10/7/2025;julio;10124756;60;1;26/6/2025;27/6/2025;C27;4500102479;60;MR05;1;JESPARZA;27/6/2025;27/6/2025;4/7/2025;8/8/2025;C27;ROMERO FERNANDO NAHUEL;2000;0;0;2000;5000141246;7/8/2025;MR05;2;3;7/8/2025;FGORGONA;;8000074169;2000;1;FGORGONA;7/8/2025;7/8/2025;;;;;4900352485;2000;CDAVID;13/8/2025;7/8/2025;;;;;;;;;;;;;;;28;;7/8/2025;00005;SEDE;0;0;-29;-30;0;0;;;;;;;;29;;;;30;;;;;;GESTION ROSARIO;;;;;1;
00005 TALLER;1000069277;70;ZPAN;REPOS NO STOCK 26/06;;0;;;;SPONCE;1012877;"TORN.AUTOPERF.PH.P.MECHA 8 X 1/2""   T1";2000;Materiales genericos;CUMPLIDO;MR01;1;26/6/2025;10/7/2025;julio;10124756;70;1;26/6/2025;27/6/2025;C27;4500102479;70;MR05;1;JESPARZA;27/6/2025;27/6/2025;4/7/2025;2/8/2025;C27;ROMERO FERNANDO NAHUEL;2000;0;0;2000;5000140184;30/7/2025;MR05;1;3;30/7/2025;ALANDAVIDEA;;8000073714;2000;1;ALANDAVIDEA;30/7/2025;30/7/2025;;;;;4900348993;2000;SPONCE;2/8/2025;30/7/2025;;;;;;;;;;;;;;;20;;30/7/2025;00005;SEDE;0;0;-21;-24;0;0;;;;;;;;21;;;;24;;;;;;GESTION ROSARIO;;;;;1;
00005 TALLER;1000069277;80;ZPAN;REPOS NO STOCK 26/06;;0;;;;SPONCE;1012877;TORN.AUTOPERF.PH.P.MECHA 8 X 3/4   T1;2000;Materiales genericos;CUMPLIDO;MR01;1;26/6/2025;10/7/2025;julio;10124756;80;1;26/6/2025;27/6/2025;C27;4500102479;80;MR05;1;JESPARZA;27/6/2025;27/6/2025;4/7/2025;2/8/2025;C27;ROMERO FERNANDO NAHUEL;2000;0;0;2000;5000140184;30/7/2025;MR05;2;3;30/7/2025;ALANDAVIDEA;;8000073714;2000;1;ALANDAVIDEA;30/7/2025;30/7/2025;;;;;4900348993;2000;SPONCE;2/8/2025;30/7/2025;;;;;;;;;;;;;;;20;;30/7/2025;00005;SEDE;0;0;-21;-24;0;0;;;;;;;;21;;;;24;;;;;;GESTION ROSARIO;;;;;1;
00005 TALLER;1000069377;10;ZPAN;MATERIAL - SECTOR HE;;0;;;;SFLORES;1012741;GANCHO 6T S/FOTO ANEXADA;1;Materiales genericos;CUMPLIDO;MR01;1;28/6/2025;12/7/2025;julio;10124900;10;1;28/6/2025;1/7/2025;C27;4500103029;10;MR05;1;JESPARZA;4/7/2025;4/7/2025;10/7/2025;15/7/2025;C27;ORTIZ FISCHER Y CIA. S.A.;1;0;0;1;5000138589;14/7/2025;2001;1;1;14/7/2025;AHERRERA;;8000072841;1;1;AHERRERA;14/7/2025;16/7/2025;;;;;4900345178;1;SPONCE;21/7/2025;16/7/2025;;;;;;;;;;;;;;;4;;14/7/2025;00005;SEDE;0;0;-3;-4;0;0;;;;;;;;3;;;;4;;;;;;GESTION ROSARIO;;;;;1;
00005 TALLER;1000069377;20;ZPAN;MATERIAL - SECTOR HE;;0;;;;SFLORES;1012896;TRABA PARA GANCHO 6T S/FOTO;8;Materiales genericos;CUMPLIDO;MR01;1;28/6/2025;12/7/2025;julio;10124900;20;1;28/6/2025;1/7/2025;C27;4500103029;20;MR05;1;JESPARZA;4/7/2025;4/7/2025;10/7/2025;15/7/2025;C27;ORTIZ FISCHER Y CIA. S.A.;8;0;0;8;5000138589;14/7/2025;2001;2;1;14/7/2025;AHERRERA;;8000072841;8;1;AHERRERA;14/7/2025;16/7/2025;;;;;4900345178;8;SPONCE;21/7/2025;16/7/2025;;;;;;;;;;;;;;;4;;14/7/2025;00005;SEDE;0;0;-3;-4;0;0;;;;;;;;3;;;;4;;;;;;GESTION ROSARIO;;;;;1;
00005 TALLER;1000069377;30;ZPAN;MATERIAL - SECTOR HE;;0;;;;SFLORES;1012896;TRABA PARA GANCHO TIPO CLEVIS 10T;4;Materiales genericos;CUMPLIDO;MR01;1;28/6/2025;12/7/2025;julio;10124900;30;1;28/6/2025;1/7/2025;C27;4500103029;30;MR05;1;JESPARZA;4/7/2025;4/7/2025;10/7/2025;15/7/2025;C27;ORTIZ FISCHER Y CIA. S.A.;4;0;0;4;5000138589;14/7/2025;2001;3;1;14/7/2025;AHERRERA;;8000072841;4;1;AHERRERA;14/7/2025;16/7/2025;;;;;4900345178;4;SPONCE;21/7/2025;16/7/2025;;;;;;;;;;;;;;;4;;14/7/2025;00005;SEDE;0;0;-3;-4;0;0;;;;;;;;3;;;;4;;;;;;GESTION ROSARIO;;;;;1;
00005 TALLER;1000069545;10;ZPAN;PEDIDO TALLER - INSU;;0;;;;BGUERRA;1015947;REPARACIÒN MANGUERA AIRE;1;Materiales genericos;CUMPLIDO;MM01;1;1/7/2025;22/7/2025;julio;10125098;10;1;1/7/2025;1/7/2025;C39;4500102849;10;MM05;1;EFUNES;3/7/2025;3/7/2025;22/7/2025;8/8/2025;C39;LIRUSSI ARAGON FERNANDO ARIEL;1;0;0;1;5000144845;5/9/2025;MM05;1;1;5/9/2025;HCABELLO;;8000076052;1;1;HCABELLO;5/9/2025;5/9/2025;;;;;;0;;;;;;;;;;;;;;;;;;45;;5/9/2025;00005;EQUIPOS;0;0;-46;-18;0;0;;;;;;;;;;;;;46;;;;18;GESTION SAN JUAN;;;;;;1
00005 TALLER;1000069545;20;ZPAN;PEDIDO TALLER - INSU;;0;;;;BGUERRA;1015947;ARMADO DE 15M MANGUERA OXICORTE;1;Materiales genericos;CUMPLIDO;MM01;1;1/7/2025;22/7/2025;julio;10125098;20;1;1/7/2025;1/7/2025;C39;4500102849;20;MM05;1;EFUNES;3/7/2025;3/7/2025;22/7/2025;8/8/2025;C39;LIRUSSI ARAGON FERNANDO ARIEL;1;0;0;1;5000144845;5/9/2025;MM05;2;1;5/9/2025;HCABELLO;;8000076052;1;1;HCABELLO;5/9/2025;5/9/2025;;;;;;0;;;;;;;;;;;;;;;;;;45;;5/9/2025;00005;EQUIPOS;0;0;-46;-18;0;0;;;;;;;;;;;;;46;;;;18;GESTION SAN JUAN;;;;;;1
00005 TALLER;1000069740;10;ZPAN;MATERIAL - SECTOR MO;;0;;;;SFLORES;1012549;"ANGULO L ALUMINIO 1""x1"" esp1,5mm L6m";20;Materiales usuales;CUMPLIDO;MR01;1;4/7/2025;18/7/2025;julio;10125369;10;1;4/7/2025;7/7/2025;C19;4500103380;10;2001;1;VBARRA;10/7/2025;10/7/2025;17/7/2025;4/8/2025;C19;SANNELLA ALUMINIO S.R.L.;20;0;0;20;5000140699;4/8/2025;2001;1;1;4/8/2025;FGORGONA;;8000073944;20;1;FGORGONA;4/8/2025;4/8/2025;;;;;4900350122;20;SFLORES;6/8/2025;4/8/2025;;;;;;;;;;;;;;;17;;4/8/2025;00005;SEDE;0;0;-18;-18;0;0;;;;;;;;18;;;;18;;;;;;GESTION ROSARIO;;;;;1;
00005 TALLER;1000069741;20;ZPAN;PEDIDO TALLER - INSU;;0;;;;BGUERRA;1012888;CABALLETE 15 T;2;Materiales genericos;CUMPLIDO;MM01;1;4/7/2025;25/7/2025;julio;10125370;20;1;4/7/2025;7/7/2025;C13;4500104790;10;MM05;2;MALVAREZ;29/7/2025;29/7/2025;7/8/2025;7/8/2025;C13;LACIAR LEANDRO ADOLFO;2;0;0;2;5000141230;7/8/2025;MM05;1;1;6/8/2025;AITURRIETA;;8000074158;2;1;AITURRIETA;7/8/2025;7/8/2025;;;;;4900350767;2;BGUERRA;7/8/2025;7/8/2025;;;;;;;;;;;;;;;13;;7/8/2025;00005;SEDE;0;0;-13;-14;1;0;;;;;;;;13;;;;14;;;;;;GESTION SAN JUAN;;;;;1;
00005 TALLER;1000069758;10;ZPAN;PEDIDO TALLER - RUED;;0;;;;REGONZALEZ;1015947;RUEDA PVC NARANJA 75X32 C/FRENO;3;Materiales genericos;CUMPLIDO;MM01;1;4/7/2025;25/7/2025;julio;10125392;10;1;4/7/2025;4/7/2025;C43;4500103056;10;2001;1;EFUNES;7/7/2025;7/7/2025;21/7/2025;21/7/2025;C43;MAQBULON SAN BENITO S.A.S.;3;0;0;3;5000144404;3/9/2025;MM05;1;3;3/9/2025;HCABELLO;;8000075853;3;1;HCABELLO;3/9/2025;3/9/2025;;;;;;0;;;;;;;;;;;;;;;;;;40;;3/9/2025;00005;EQUIPOS;0;0;-41;3;0;0;;;;;;;;;;;;;41;;;;;GESTION SAN JUAN;;;;;;1
00005 TALLER;1000069758;20;ZPAN;PEDIDO TALLER - RUED;;0;;;;REGONZALEZ;1015947;TRABASIL RA2 15G FCO C6;3;Materiales genericos;CUMPLIDO;MM01;1;4/7/2025;25/7/2025;julio;10125392;20;1;7/7/2025;7/7/2025;C43;4500103056;20;2001;1;EFUNES;7/7/2025;7/7/2025;21/7/2025;21/7/2025;C43;MAQBULON SAN BENITO S.A.S.;3;0;0;3;5000144404;3/9/2025;MM05;2;3;3/9/2025;HCABELLO;;8000075853;3;1;HCABELLO;3/9/2025;3/9/2025;;;;;;0;;;;;;;;;;;;;;;;;;40;;3/9/2025;00005;EQUIPOS;0;0;-41;3;0;0;;;;;;;;;;;;;41;;;;;GESTION SAN JUAN;;;;;;1
00005 TALLER;1000069841;10;ZPAN;PEDIDO TALLER - PINT;;0;;;;EGUEVARA;1015947;30033 - PINTURA KOMATSU X3,6LTS S/MUESTR;3;Materiales genericos;CUMPLIDO;MM01;1;7/7/2025;28/7/2025;julio;10125487;10;1;7/7/2025;7/7/2025;C43;4500103462;40;MM05;1;EFUNES;11/7/2025;11/7/2025;28/7/2025;28/7/2025;C43;PINTURERIA CENTRAL SRL;3;0;0;3;5000140241;30/7/2025;MM05;3;1;30/7/2025;GGUEVARA;;8000073744;3;1;GGUEVARA;30/7/2025;30/7/2025;;;;;;0;;;;;;;;;;;;;;;;;;2;;30/7/2025;00005;EQUIPOS;0;0;-3;-1;0;0;;;;;;;;;;;;;3;;;;1;GESTION SAN JUAN;;;;;;1
00005 TALLER;1000069841;20;ZPAN;PEDIDO TALLER - PINT;;0;;;;EGUEVARA;1015947;30033 - PINTURA KOMATSU X3,6LTS S/MUESTR;1;Materiales genericos;CUMPLIDO;MM01;1;7/7/2025;28/7/2025;julio;10125487;20;1;7/7/2025;7/7/2025;C43;4500103462;50;MM05;1;EFUNES;11/7/2025;11/7/2025;28/7/2025;28/7/2025;C43;PINTURERIA CENTRAL SRL;1;0;0;1;5000140241;30/7/2025;MM05;4;1;30/7/2025;GGUEVARA;;8000073744;1;1;GGUEVARA;30/7/2025;30/7/2025;;;;;;0;;;;;;;;;;;;;;;;;;2;;30/7/2025;00005;EQUIPOS;0;0;-3;-1;0;0;;;;;;;;;;;;;3;;;;1;GESTION SAN JUAN;;;;;;1
00005 TALLER;1000069849;10;ZPAN;PINTURA VOLVO EXC410;;0;;;;EGUEVARA;1015947;1280012 - LIJA AL AGUA GR-120;25;Materiales genericos;CUMPLIDO;MM01;1;7/7/2025;28/7/2025;julio;10125515;10;1;7/7/2025;7/7/2025;C43;4500103462;20;MM05;1;EFUNES;11/7/2025;11/7/2025;28/7/2025;28/7/2025;C43;PINTURERIA CENTRAL SRL;25;0;0;25;5000140241;30/7/2025;MM05;2;1;30/7/2025;GGUEVARA;;8000073738;25;1;GGUEVARA;30/7/2025;30/7/2025;;;;;;0;;;;;;;;;;;;;;;;;;2;;30/7/2025;00005;EQUIPOS;0;0;-3;-1;0;0;;;;;;;;;;;;;3;;;;1;GESTION SAN JUAN;;;;;;1
00005 TALLER;1000069849;20;ZPAN;PINTURA VOLVO EXC410;;0;;;;EGUEVARA;1015947;TACHOS DE PINTURA VOLVO X 3,6 LTS;4;Materiales genericos;CUMPLIDO;MM01;1;7/7/2025;28/7/2025;julio;10125515;20;1;7/7/2025;7/7/2025;C43;4500103462;30;MM05;1;EFUNES;11/7/2025;11/7/2025;28/7/2025;28/7/2025;C43;PINTURERIA CENTRAL SRL;4;0;0;4;5000140238;30/7/2025;MM05;1;1;30/7/2025;GGUEVARA;;8000073738;4;1;GGUEVARA;30/7/2025;30/7/2025;;;;;;0;;;;;;;;;;;;;;;;;;2;;30/7/2025;00005;EQUIPOS;0;0;-3;-1;0;0;;;;;;;;;;;;;3;;;;1;GESTION SAN JUAN;;;;;;1
00005 TALLER;1000069899;10;ZPAN;PINTURA GRIS - LLANT;;0;;;;EGUEVARA;1015947;69500 - RURAL-ALUMINIO OPAL RODAS-3,6LTS;1;Materiales genericos;CUMPLIDO;MM01;1;8/7/2025;29/7/2025;julio;10125607;10;1;8/7/2025;8/7/2025;C43;4500103462;10;MM05;1;EFUNES;11/7/2025;11/7/2025;29/7/2025;29/7/2025;C43;PINTURERIA CENTRAL SRL;1;0;0;1;5000140241;30/7/2025;MM05;1;1;30/7/2025;GGUEVARA;;;0;0;;;;;;;;;0;;;;;;;;;;;;;;;;;;1;;30/7/2025;00005;EQUIPOS;;;-2;-1;0;;;;;;;;;;;;;;2;;;;1;GESTION SAN JUAN;;;;;;1
00005 TALLER;1000070021;10;ZPAI;ROLOS SIMPLES - INT;4000005760;0;;;;EGUEVARA;1024291;ROLO SUPERIOR PESTAÑA SIMPLE;8;Materiales Stock;CUMPLIDO;MM01;1;10/7/2025;10/7/2025;julio;10125814;10;1;10/7/2025;10/7/2025;C43;4500103393;10;2001;1;EFUNES;11/7/2025;11/7/2025;11/7/2025;11/7/2025;C43;LOPEZ DIESEL S.A.;8;0;0;8;5000138383;11/7/2025;2001;1;1;11/7/2025;AITURRIETA;;8000072725;8;1;AITURRIETA;11/7/2025;11/7/2025;;;;;4900342804;8;CAUBONE;11/7/2025;11/7/2025;;;;;;;;;;;;;;;1;;11/7/2025;00005;EQUIPOS;0;0;-2;-2;0;0;;;;;;;;;;;;;2;;;;2;GESTION SAN JUAN;;;;;;1
00005 TALLER;1000070095;10;ZPAN;HERRAMIENTAS TALLER;;0;;;;EGUEVARA;1015947;"TUBO ALTO IMPACTO DE 30MM ENCASTRE 1""";1;Materiales genericos;CUMPLIDO;MM01;1;11/7/2025;31/7/2025;julio;10125925;40;1;11/7/2025;11/7/2025;C43;4500103843;10;MM05;1;EFUNES;16/7/2025;16/7/2025;31/7/2025;22/8/2025;C43;RODRIGUEZ MARTINEZ EMILIO JOAQUIN;1;0;0;1;5000142093;14/8/2025;MM05;1;1;14/8/2025;EGUEVARA;;8000074594;1;1;EGUEVARA;14/8/2025;14/8/2025;;;;;;0;;;;;;;;;;;;;;;;;;14;;14/8/2025;00005;EQUIPOS;0;0;-15;-23;0;0;;;;;;;;;;;;;15;;;;23;GESTION SAN JUAN;;;;;;1
00005 TALLER;1000070095;20;ZPAN;HERRAMIENTAS TALLER;;0;;;;EGUEVARA;1015947;"TUBO ALTO IMPACTO DE 30MM ENCASTRE 3/4""";1;Materiales genericos;CUMPLIDO;MM01;1;11/7/2025;31/7/2025;julio;10125925;50;1;11/7/2025;11/7/2025;C43;4500103843;20;MM05;1;EFUNES;16/7/2025;16/7/2025;31/7/2025;22/8/2025;C43;RODRIGUEZ MARTINEZ EMILIO JOAQUIN;1;0;0;1;5000142093;14/8/2025;MM05;2;1;14/8/2025;EGUEVARA;;8000074594;1;1;EGUEVARA;14/8/2025;14/8/2025;;;;;;0;;;;;;;;;;;;;;;;;;14;;14/8/2025;00005;EQUIPOS;0;0;-15;-23;0;0;;;;;;;;;;;;;15;;;;23;GESTION SAN JUAN;;;;;;1
00005 TALLER;1000070095;30;ZPAN;HERRAMIENTAS TALLER;;0;;;;EGUEVARA;1015947;"ADAPTADOR ALTO IMPACTO DE 1"" A 3/4""";2;Materiales genericos;CUMPLIDO;MM01;1;11/7/2025;31/7/2025;julio;10125925;60;1;11/7/2025;11/7/2025;C43;4500103843;30;MM05;1;EFUNES;16/7/2025;16/7/2025;31/7/2025;22/8/2025;C43;RODRIGUEZ MARTINEZ EMILIO JOAQUIN;2;0;0;2;5000142093;14/8/2025;MM05;3;1;14/8/2025;EGUEVARA;;8000074594;2;1;EGUEVARA;14/8/2025;14/8/2025;;;;;;0;;;;;;;;;;;;;;;;;;14;;14/8/2025;00005;EQUIPOS;0;0;-15;-23;0;0;;;;;;;;;;;;;15;;;;23;GESTION SAN JUAN;;;;;;1
00005 TALLER;1000070268;10;ZPAN;REPOSICION DE STOCK;;0;;;;SFLORES;1015947;ANODOS P/AGUA SALADA S/ANEXO;12;Materiales genericos;CUMPLIDO;MR01;1;15/7/2025;29/7/2025;julio;10126141;10;1;15/7/2025;16/7/2025;C03;4500104044;10;MR05;1;EFUNES;18/7/2025;18/7/2025;29/7/2025;19/9/2025;C03;KORZIN SACI;12;0;0;12;5000144362;3/9/2025;MR05;1;1;3/9/2025;LBARTON;;8000075817;12;1;LBARTON;3/9/2025;3/9/2025;;;;;4900359659;12;CDAVID;4/9/2025;3/9/2025;;;;;;;;;;;;;;;36;;3/9/2025;00005;EQUIPOS;0;0;-37;-53;0;0;;;;;;;;;;;;;37;;;;53;GESTION ROSARIO;;;;;;1
00005 TALLER;1000069606;10;ZPAN;FABRIC.VIDRIO P/PLAF;;0;;;;EGUEVARA;1015947;FABRICACION DE 2VIDRIOS P/REFLECTORES;1;Materiales genericos;CUMPLIDO;MM01;1;2/7/2025;23/7/2025;julio;10125197;10;1;2/7/2025;2/7/2025;C39;4500103050;50;MM05;1;EFUNES;7/7/2025;7/7/2025;23/7/2025;23/7/2025;C39;PELLETIER JUAN CARLOS;1;0;0;1;5000150876;31/10/2025;MM05;1;1;31/10/2025;GGUEVARA;;8000079476;1;1;GGUEVARA;31/10/2025;31/10/2025;;;;;;0;;;;;;;;;;;;;;;;;;100;;31/10/2025;00005;EQUIPOS;0;0;-101;-1;0;0;;;;;;;;;;;;;101;;;;1;GESTION SAN JUAN;;;;;;1
00005 TALLER;1000069669;10;ZPAN;TUBOS DE GASES - JUL;;0;;;;EGUEVARA;1015947;RECARGA DE OXIGENO;30;Materiales genericos;CUMPLIDO;MM01;1;3/7/2025;24/7/2025;julio;10125257;10;1;3/7/2025;3/7/2025;C43;4500103155;10;MM05;1;GROSES;7/7/2025;7/7/2025;24/7/2025;24/7/2025;C43;AONA SA;30;0;0;30;5000150877;31/10/2025;MM05;1;1;31/10/2025;GGUEVARA;;8000079480;30;1;GGUEVARA;31/10/2025;31/10/2025;;;;;;0;;;;;;;;;;;;;;;;;;99;;31/10/2025;00005;EQUIPOS;0;0;-100;-1;0;0;;;;;;;;;;;;;100;;;;1;GESTION SAN JUAN;;;;;;1
00005 TALLER;1000069669;20;ZPAN;TUBOS DE GASES - JUL;;0;;;;EGUEVARA;1015947;RECARGA DE ACETILENO;30;Materiales genericos;CUMPLIDO;MM01;1;3/7/2025;24/7/2025;julio;10125257;20;1;3/7/2025;3/7/2025;C43;4500103157;20;MM05;1;GROSES;7/7/2025;7/7/2025;24/7/2025;24/7/2025;C43;AONA SA;30;0;0;30;5000150883;31/10/2025;MM05;1;1;31/10/2025;GGUEVARA;;8000079480;30;1;GGUEVARA;31/10/2025;31/10/2025;;;;;;0;;;;;;;;;;;;;;;;;;99;;31/10/2025;00005;EQUIPOS;0;0;-100;-1;0;0;;;;;;;;;;;;;100;;;;1;GESTION SAN JUAN;;;;;;1
00005 TALLER;1000069669;30;ZPAN;TUBOS DE GASES - JUL;;0;;;;EGUEVARA;1015947;RECARGA DE CO2;30;Materiales genericos;CUMPLIDO;MM01;1;3/7/2025;24/7/2025;julio;10125257;30;1;3/7/2025;3/7/2025;C43;4500103158;30;MM05;1;GROSES;7/7/2025;7/7/2025;24/7/2025;24/7/2025;C43;AONA SA;30;0;0;30;5000150884;31/10/2025;MM05;1;1;31/10/2025;GGUEVARA;;8000079480;30;1;GGUEVARA;31/10/2025;31/10/2025;;;;;;0;;;;;;;;;;;;;;;;;;99;;31/10/2025;00005;EQUIPOS;0;0;-100;-1;0;0;;;;;;;;;;;;;100;;;;1;GESTION SAN JUAN;;;;;;1
00005 TALLER;1000070522;10;ZPAN;MATERIAL - SECTOR MO;;0;;;;SFLORES;1012807;MODULO VARIADOR DIMMER(VER ANEXO);1;Materiales genericos;CUMPLIDO;MR01;1;18/7/2025;1/8/2025;agosto;10126438;10;1;18/7/2025;18/7/2025;C11;4500106432;10;MR05;2;JJCABRERA;19/8/2025;19/8/2025;21/8/2025;21/8/2025;C11;ELECTRINET SRL;1;0;0;1;5000143715;29/8/2025;MR05;1;1;28/8/2025;FGORGONA;;8000075462;1;1;FGORGONA;29/8/2025;29/8/2025;;;;;;0;;;;;;;;;;;;;;;;;;27;;28/8/2025;00005;SEDE;0;0;-28;-21;1;0;;;;;;;;28;;;;21;;;;;;GESTION ROSARIO;;;;;1;
00005 TALLER;1000070529;10;ZPAN;PEDIDO DE ESTANTERIA;;0;;;;CAUBONE;1012896;GAVETERO METALICO REFORZADO 72 GAVETAS;2;Materiales genericos;CUMPLIDO;MM01;1;18/7/2025;7/8/2025;agosto;10126452;10;1;18/7/2025;21/7/2025;C13;4500104153;10;MM05;1;MALVAREZ;21/7/2025;21/7/2025;1/8/2025;1/8/2025;C13;SEGOVIA OFELIA MARIA DEL VAL;2;0;0;2;5000141737;12/8/2025;MM05;1;1;12/8/2025;AITURRIETA;;8000074434;2;1;AITURRIETA;12/8/2025;12/8/2025;;;;;4900353658;2;CAUBONE;18/8/2025;12/8/2025;;;;;;;;;;;;;;;5;;12/8/2025;00005;SEDE;0;0;-6;5;0;0;;;;;;;;6;;;;;;;;;;GESTION SAN JUAN;;;;;1;
00005 TALLER;1000070558;10;ZPAN;HERRAMIENTA TALLER -;;0;;;;SFLORES;1012896;PORTATIL LED 12V;8;Materiales genericos;CUMPLIDO;MR01;1;19/7/2025;2/8/2025;agosto;10126481;10;1;19/7/2025;29/7/2025;C03;4500105012;30;MR05;1;FBERARDO;31/7/2025;31/7/2025;2/8/2025;2/8/2025;C29;BOSCO GERMAN, BOSCO LUCIO Y BOSCO;8;0;0;8;5000141093;6/8/2025;MR05;2;1;4/8/2025;FGORGONA;;8000074121;8;1;FGORGONA;6/8/2025;6/8/2025;;;;;;0;;;;;;;;;;;;;;;;;;2;;4/8/2025;00005;OTRO;0;0;-3;-1;2;0;;;;;;;;;;;;;;;;;;GESTION ROSARIO;1;;;1;;
00005 TALLER;1000070570;10;ZPAN;PEDIDO TALLER - BULO;;0;;;;REGONZALEZ;1015947;BULON EXAGONAL G8 10X1,50X90;20;Materiales genericos;CUMPLIDO;MM01;1;19/7/2025;8/8/2025;agosto;10126491;10;1;19/7/2025;21/7/2025;C43;4500104289;10;MM05;1;EFUNES;22/7/2025;22/7/2025;6/8/2025;15/8/2025;C43;MAQBULON SAN BENITO S.A.S.;20;0;0;20;5000141541;11/8/2025;MM05;1;1;11/8/2025;EGUEVARA;;8000074342;20;1;EGUEVARA;11/8/2025;11/8/2025;;;;;;0;;;;;;;;;;;;;;;;;;3;;11/8/2025;00005;EQUIPOS;0;0;-4;-8;0;0;;;;;;;;;;;;;4;;;;8;GESTION SAN JUAN;;;;;;1
00005 TALLER;1000070591;60;ZPAN;HERRAMIENTA TALLER -;;0;;;;SFLORES;1012888;PROLONGACION CORTA ENCASTRE 1/2(VER ANEX;1;Materiales genericos;CUMPLIDO;MR01;1;21/7/2025;4/8/2025;agosto;10126518;60;1;21/7/2025;21/7/2025;C27;4500104377;60;MR05;1;JESPARZA;23/7/2025;23/7/2025;1/8/2025;14/8/2025;C27;FERRETERA SAN LUIS;1;0;0;1;5000142121;14/8/2025;MR05;1;1;13/8/2025;FGORGONA;;8000074626;1;1;FGORGONA;14/8/2025;14/8/2025;;;;;;0;;;;;;;;;;;;;;;;;;9;;13/8/2025;00005;SEDE;0;0;-10;-11;1;0;;;;;;;;10;;;;11;;;;;;GESTION ROSARIO;;;;;1;
00005 TALLER;1000070591;70;ZPAN;HERRAMIENTA TALLER -;;0;;;;SFLORES;1012888;TUBO 19/34 HEXAGONAL ENCASTRE 3/4;1;Materiales genericos;CUMPLIDO;MR01;1;21/7/2025;4/8/2025;agosto;10126518;70;1;21/7/2025;21/7/2025;C27;4500104895;10;MR05;1;JESPARZA;30/7/2025;30/7/2025;1/8/2025;1/8/2025;C27;ARROYITO MAQUINARIAS S.R.L.;1;0;0;1;5000141458;8/8/2025;MR05;1;1;6/8/2025;FGORGONA;;8000074274;1;1;FGORGONA;8/8/2025;8/8/2025;;;;;;0;;;;;;;;;;;;;;;;;;2;;6/8/2025;00005;SEDE;0;0;-3;2;2;0;;;;;;;;3;;;;;;;;;;GESTION ROSARIO;1;;;1;1;
00005 TALLER;1000070591;120;ZPAN;HERRAMIENTA TALLER -;;0;;;;SFLORES;1012888;JUEGO DE DESTORNILLADO PLANO;1;Materiales genericos;CUMPLIDO;MR01;1;21/7/2025;4/8/2025;agosto;10126518;120;1;21/7/2025;21/7/2025;C27;4500104377;120;MR05;1;JESPARZA;23/7/2025;23/7/2025;1/8/2025;14/8/2025;C27;FERRETERA SAN LUIS;1;0;0;1;5000142121;14/8/2025;MR05;2;1;13/8/2025;FGORGONA;;8000074626;1;1;FGORGONA;14/8/2025;14/8/2025;;;;;;0;;;;;;;;;;;;;;;;;;9;;13/8/2025;00005;SEDE;0;0;-10;-11;1;0;;;;;;;;10;;;;11;;;;;;GESTION ROSARIO;;;;;1;
00005 TALLER;1000070591;160;ZPAN;HERRAMIENTA TALLER -;;0;;;;SFLORES;1012888;LIMA PLANA;1;Materiales genericos;CUMPLIDO;MR01;1;21/7/2025;4/8/2025;agosto;10126518;160;1;21/7/2025;21/7/2025;C27;4500104377;160;MR05;1;JESPARZA;23/7/2025;23/7/2025;1/8/2025;14/8/2025;C27;FERRETERA SAN LUIS;1;0;0;1;5000142121;14/8/2025;MR05;3;1;13/8/2025;FGORGONA;;8000074626;1;1;FGORGONA;14/8/2025;14/8/2025;;;;;;0;;;;;;;;;;;;;;;;;;9;;13/8/2025;00005;SEDE;0;0;-10;-11;1;0;;;;;;;;10;;;;11;;;;;;GESTION ROSARIO;;;;;1;
00005 TALLER;1000070591;190;ZPAN;HERRAMIENTA TALLER -;;0;;;;SFLORES;1012888;SIERRA DE MANO;1;Materiales genericos;CUMPLIDO;MR01;1;21/7/2025;4/8/2025;agosto;10126518;190;1;21/7/2025;21/7/2025;C27;4500104377;190;MR05;1;JESPARZA;23/7/2025;23/7/2025;1/8/2025;14/8/2025;C27;FERRETERA SAN LUIS;1;0;0;1;5000142121;14/8/2025;MR05;4;1;13/8/2025;FGORGONA;;8000074626;1;1;FGORGONA;14/8/2025;14/8/2025;;;;;;0;;;;;;;;;;;;;;;;;;9;;13/8/2025;00005;SEDE;0;0;-10;-11;1;0;;;;;;;;10;;;;11;;;;;;GESTION ROSARIO;;;;;1;
00005 TALLER;1000070591;210;ZPAN;HERRAMIENTA TALLER -;;0;;;;SFLORES;1012888;NEUMATICA ENCASTRE 1/2 WURTH;3;Materiales genericos;CUMPLIDO;MR01;1;21/7/2025;4/8/2025;agosto;10126518;210;1;21/7/2025;21/7/2025;C27;4500104862;20;MR05;1;JESPARZA;30/7/2025;30/7/2025;8/8/2025;8/8/2025;C27;WURTH ARGENTINA S.A.;3;0;0;3;5000141118;6/8/2025;MR05;1;1;6/8/2025;FGORGONA;;8000074130;3;1;FGORGONA;6/8/2025;6/8/2025;;;;;;0;;;;;;;;;;;;;;;;;;2;;6/8/2025;00005;SEDE;0;0;-3;-5;0;0;;;;;;;;3;;;;5;;;;;;GESTION ROSARIO;;;;;1;
00005 TALLER;1000070591;230;ZPAN;HERRAMIENTA TALLER -;;0;;;;SFLORES;1012888;TORNO NEUMATICO DE MANO;1;Materiales genericos;CUMPLIDO;MR01;1;21/7/2025;4/8/2025;agosto;10126518;230;1;21/7/2025;21/7/2025;C27;4500104377;230;MR05;1;JESPARZA;23/7/2025;23/7/2025;1/8/2025;14/8/2025;C27;FERRETERA SAN LUIS;1;0;0;1;5000142121;14/8/2025;MR05;5;1;13/8/2025;FGORGONA;;8000074626;1;1;FGORGONA;14/8/2025;14/8/2025;;;;;;0;;;;;;;;;;;;;;;;;;9;;13/8/2025;00005;SEDE;0;0;-10;-11;1;0;;;;;;;;10;;;;11;;;;;;GESTION ROSARIO;;;;;1;
00005 TALLER;1000070591;240;ZPAN;HERRAMIENTA TALLER -;;0;;;;SFLORES;1012888;CORTA FIERRO CHICO;1;Materiales genericos;CUMPLIDO;MR01;1;21/7/2025;4/8/2025;agosto;10126518;240;1;21/7/2025;21/7/2025;C27;4500104377;240;MR05;1;JESPARZA;23/7/2025;23/7/2025;1/8/2025;14/8/2025;C27;FERRETERA SAN LUIS;1;0;0;1;5000142121;14/8/2025;MR05;6;1;13/8/2025;FGORGONA;;8000074626;1;1;FGORGONA;14/8/2025;14/8/2025;;;;;;0;;;;;;;;;;;;;;;;;;9;;13/8/2025;00005;SEDE;0;0;-10;-11;1;0;;;;;;;;10;;;;11;;;;;;GESTION ROSARIO;;;;;1;
00005 TALLER;1000070591;260;ZPAN;HERRAMIENTA TALLER -;;0;;;;SFLORES;1012888;VOLTIMETRO UT33CC;1;Materiales genericos;CUMPLIDO;MR01;1;21/7/2025;4/8/2025;agosto;10126518;260;1;21/7/2025;29/7/2025;C03;4500105226;10;MR05;1;FBERARDO;4/8/2025;4/8/2025;8/8/2025;8/8/2025;C03;ARGELEC S.A.;1;0;0;1;5000141663;11/8/2025;MR05;1;1;11/8/2025;FGORGONA;;8000074399;1;1;FGORGONA;11/8/2025;11/8/2025;;;;;4900353120;1;CDAVID;15/8/2025;11/8/2025;;;;;;;;;;;;;;;7;;11/8/2025;00005;OTRO;0;0;-8;-5;0;0;;;;;;;;;;;;;;;;;;GESTION ROSARIO;;;;;;
00005 TALLER;1000070591;280;ZPAN;HERRAMIENTA TALLER -;;0;;;;SFLORES;1012888;SACA FILTRO DE FAJA TIPO CATERPILLAR;1;Materiales genericos;CUMPLIDO;MR01;1;21/7/2025;4/8/2025;agosto;10126518;280;1;21/7/2025;29/7/2025;C03;4500105250;20;MR05;1;HROLDAN;4/8/2025;4/8/2025;;4/8/2025;C03;FINNING ARGENTINA S.A.;1;0;0;1;5000141502;9/8/2025;2001;1;3;8/8/2025;JMORENO;;8000074289;1;1;JMORENO;9/8/2025;9/8/2025;;;;;4900352744;1;CDAVID;14/8/2025;9/8/2025;;;;;;;;;;;;;;;5;;9/8/2025;00005;EQUIPOS;0;0;-5;-1;1;0;;;;;;;;;;;;;5;;;;1;GESTION ROSARIO;;;;;;1
00005 TALLER;1000070461;10;ZPAN;PEDIDO TALLER FORMAL;;0;;;;CAUBONE;1015947;RODAMIENTOS SKF 6203;10;Materiales genericos;CUMPLIDO;MM01;1;17/7/2025;6/8/2025;agosto;10126354;10;1;17/7/2025;18/7/2025;C43;4500104725;10;MM05;1;EFUNES;29/7/2025;29/7/2025;4/8/2025;4/8/2025;C43;RODRIGUEZ MARTINEZ EMILIO JOAQUIN;10;0;0;10;5000150893;31/10/2025;MM05;1;1;31/10/2025;GGUEVARA;;8000079485;10;1;GGUEVARA;31/10/2025;31/10/2025;;;;;;0;;;;;;;;;;;;;;;;;;86;;31/10/2025;00005;EQUIPOS;0;0;-87;1;0;0;;;;;;;;;;;;;87;;;;;GESTION SAN JUAN;;;;;;1
00005 TALLER;1000070697;10;ZPAN;TORCHA MAGNUM PRO CU;;0;;;;EGUEVARA;1015947;K4532-2-FM-45  TORCHA MAGNUM PRO CURVE;1;Materiales genericos;CUMPLIDO;MM01;1;22/7/2025;11/8/2025;agosto;10126667;10;1;22/7/2025;22/7/2025;C43;4500104502;10;2001;1;EFUNES;24/7/2025;28/7/2025;10/8/2025;15/9/2025;C43;PUERTOTRANS S.R.L;1;0;0;1;5000144353;3/9/2025;2001;1;1;3/9/2025;AITURRIETA;;8000075812;1;1;AITURRIETA;3/9/2025;3/9/2025;;;;;4900359771;1;BGUERRA;5/9/2025;3/9/2025;;;;;;;;;;;;;;;23;;3/9/2025;00005;EQUIPOS;0;0;-24;-36;0;0;;;;;;;;;;;;;24;;;;36;GESTION SAN JUAN;;;;;;1
00005 TALLER;1000070879;10;ZPAN;PEDIDO TALLER - INSU;;0;;;;BGUERRA;1015947;PROTECTOR PLASTICO 22 X 26 MM X 30MTS;1;Materiales genericos;CUMPLIDO;MM01;1;24/7/2025;13/8/2025;agosto;10126875;10;1;24/7/2025;24/7/2025;C43;4500104690;30;MM05;1;EFUNES;28/7/2025;28/7/2025;;13/8/2025;C43;OLIVARES ANTONIO ALBERTO;1;0;0;1;5000142085;14/8/2025;MM05;2;1;14/8/2025;EGUEVARA;;8000074592;1;1;EGUEVARA;14/8/2025;14/8/2025;;;;;;0;;;;;;;;;;;;;;;;;;1;;14/8/2025;00005;EQUIPOS;0;0;-2;-1;0;0;;;;;;;;;;;;;2;;;;1;GESTION SAN JUAN;;;;;;1
00005 TALLER;1000070911;10;ZPAN;MATERIAL - SECTOR MO;;0;;;;SFLORES;1012767;CAÑO ESTRUCTURAL 40X40X1,6;10;Materiales genericos;CUMPLIDO;MR01;1;25/7/2025;8/8/2025;agosto;10126901;10;1;25/7/2025;25/7/2025;C08;4500104672;10;MR05;1;RMIR;28/7/2025;28/7/2025;8/8/2025;8/8/2025;C08;ORLANDI INDUST. Y COMERC. S.A;10;0;0;10;5000142089;14/8/2025;MR05;1;2;14/8/2025;FGORGONA;;8000073633;10;2;FGORGONA;29/7/2025;29/7/2025;;;;;;0;;;;;;;;;;;;;;;;;;6;;14/8/2025;00005;SEDE;0;0;-7;-1;0;-16;;;;;;;;7;;;;1;;;;;;GESTION ROSARIO;;;;;1;
00005 TALLER;1000070865;10;ZPAN;FABRICACION DE CANCA;;0;;;;EGUEVARA;1015947;"CANCAMOS DE IZAJE DE BALDES 1""";4;Materiales genericos;CUMPLIDO;MM01;1;24/7/2025;13/8/2025;agosto;10126855;10;1;24/7/2025;24/7/2025;C43;4500104729;10;MM05;1;EFUNES;29/7/2025;29/7/2025;10/8/2025;10/8/2025;C43;J.M.F. VIAL & PARTS SAS;4;0;0;4;5000150896;31/10/2025;MM05;1;1;31/10/2025;GGUEVARA;;8000079486;4;1;GGUEVARA;31/10/2025;31/10/2025;;;;;;0;;;;;;;;;;;;;;;;;;79;;31/10/2025;00005;EQUIPOS;0;0;-80;2;0;0;;;;;;;;;;;;;80;;;;;GESTION SAN JUAN;;;;;;1
00005 TALLER;1000070932;20;ZPAN;PEDIDO TALLER FORMAL;;0;;;;CAUBONE;1015947;KEM GLO BASE DB 3,6 LT;1;Materiales genericos;CUMPLIDO;MM01;1;25/7/2025;14/8/2025;agosto;10126932;20;1;25/7/2025;25/7/2025;C43;4500104617;20;MM05;1;EFUNES;28/7/2025;28/7/2025;10/8/2025;22/8/2025;C43;PINTURERIA CENTRAL SRL;1;0;0;1;5000142285;15/8/2025;MM05;1;1;15/8/2025;CAUBONE;;8000074728;1;1;CAUBONE;15/8/2025;15/8/2025;;;;;;0;;;;;;;;;;;;;;;;;;1;;15/8/2025;00005;EQUIPOS;0;0;-2;-9;0;0;;;;;;;;;;;;;2;;;;9;GESTION SAN JUAN;;;;;;1
00005 TALLER;1000070932;30;ZPAN;PEDIDO TALLER FORMAL;;0;;;;CAUBONE;1015947;COLOR TINTA AMARILLO S/MUESTRA;1;Materiales genericos;CUMPLIDO;MM01;1;25/7/2025;14/8/2025;agosto;10126932;30;1;25/7/2025;25/7/2025;C43;4500104617;30;MM05;1;EFUNES;28/7/2025;28/7/2025;10/8/2025;22/8/2025;C43;PINTURERIA CENTRAL SRL;1;0;0;1;5000142285;15/8/2025;MM05;2;1;15/8/2025;CAUBONE;;8000074728;1;1;CAUBONE;15/8/2025;15/8/2025;;;;;;0;;;;;;;;;;;;;;;;;;1;;15/8/2025;00005;EQUIPOS;0;0;-2;-9;0;0;;;;;;;;;;;;;2;;;;9;GESTION SAN JUAN;;;;;;1
00005 TALLER;1000070991;40;ZPAN;HERRAMIENTA TALLER -;;0;;;;SFLORES;1012888;ESCUADRA CON BASE RECTIFICADA 45° 150mm;4;Materiales genericos;CUMPLIDO;MR01;1;28/7/2025;11/8/2025;agosto;10127009;40;1;28/7/2025;29/7/2025;C27;4500104936;10;MR05;1;JESPARZA;31/7/2025;31/7/2025;8/8/2025;15/8/2025;C27;FERRETERA SAN LUIS;4;0;0;4;5000142710;20/8/2025;MR05;1;1;20/8/2025;FGORGONA;;8000074970;4;1;FGORGONA;20/8/2025;20/8/2025;;;;;;0;;;;;;;;;;;;;;;;;;9;;20/8/2025;00005;SEDE;0;0;-10;-5;0;0;;;;;;;;10;;;;5;;;;;;GESTION ROSARIO;;;;;1;
00005 TALLER;1000071054;50;ZPAN;PEDIDO TALLER - INSU;;0;;;;BGUERRA;1012888;JUEGO DE LLAVE TORX T10 A T50 LARGAS;2;Materiales genericos;CUMPLIDO;MM01;1;28/7/2025;15/8/2025;agosto;10127084;50;1;28/7/2025;29/7/2025;C13;4500105061;10;MM05;1;MALVAREZ;1/8/2025;1/8/2025;13/8/2025;13/8/2025;C13;HERNANDEZ ROBERTO EMANUEL;2;0;0;2;5000142832;21/8/2025;MM05;1;1;20/8/2025;AITURRIETA;;8000075059;2;1;AITURRIETA;21/8/2025;21/8/2025;;;;;4900355181;2;GGUEVARA;21/8/2025;21/8/2025;;;;;;;;;;;;;;;6;;21/8/2025;00005;SEDE;0;0;-6;1;1;0;;;;;;;;6;;;;;;;;;;GESTION SAN JUAN;;;;;1;
00005 TALLER;1000070975;10;ZPAN;REGULADOR VOLTAJE -;;0;;;;EGUEVARA;1015947;17828EXIN - REGULADOR VOLTAJ NIPPONDENSO;1;Materiales genericos;CUMPLIDO;MM01;1;26/7/2025;15/8/2025;agosto;10126990;10;1;26/7/2025;26/7/2025;C43;4500104607;10;MM05;1;EFUNES;28/7/2025;28/7/2025;10/8/2025;10/8/2025;C43;BASUALDO NECCHI MARCOS GABRIEL;1;0;0;1;5000150897;31/10/2025;MM05;1;1;31/10/2025;GGUEVARA;;8000079487;1;1;GGUEVARA;31/10/2025;31/10/2025;;;;;;0;;;;;;;;;;;;;;;;;;77;;31/10/2025;00005;EQUIPOS;0;0;-78;4;0;0;;;;;;;;;;;;;78;;;;;GESTION SAN JUAN;;;;;;1
00005 TALLER;1000071155;110;ZPAN;REPO NO STOCK 30/07;;0;;;;SPONCE;1012488;MANGUERA PVC CRISTAL 25MM;50;Materiales usuales;CUMPLIDO;MR01;1;30/7/2025;13/8/2025;agosto;10127202;110;1;30/7/2025;30/7/2025;C27;4500105062;100;2001;1;JESPARZA;1/8/2025;1/8/2025;8/8/2025;13/8/2025;C27;IMPERIAL MOTOR S.A.;50;0;0;50;5000142044;14/8/2025;2001;1;2;14/8/2025;LNASUTI;;8000074354;50;2;FGORGONA;11/8/2025;11/8/2025;;;;;4900353639;25;CDAVID;18/8/2025;14/8/2025;;;;;;;;;;;;;;;1;;14/8/2025;00005;SEDE;0;0;-2;-1;0;-3;;;;;;;;2;;;;1;;;;;;GESTION ROSARIO;;;;;1;
00005 TALLER;1000071311;10;ZPAN;MATERIAL - SECTOR MO;;0;;;;SFLORES;1012808;PLAFON LED SOBRE PONER 60X30cm LUZ FRIA;3;Materiales genericos;CUMPLIDO;MR01;1;1/8/2025;15/8/2025;agosto;10127386;10;1;1/8/2025;1/8/2025;C11;4500105256;10;MR05;1;JJCABRERA;5/8/2025;5/8/2025;12/8/2025;18/8/2025;C11;RAMIREZ CLAUDIA RAMIREZ C. Y V;3;0;0;3;5000142445;18/8/2025;MR05;1;1;18/8/2025;FGORGONA;;8000074819;3;1;FGORGONA;18/8/2025;18/8/2025;;;;;;0;;;;;;;;;;;;;;;;;;3;;18/8/2025;00005;SEDE;0;0;-4;-4;0;0;;;;;;;;4;;;;4;;;;;;GESTION ROSARIO;;;;;1;
00005 TALLER;1000071311;20;ZPAN;MATERIAL - SECTOR MO;;0;;;;SFLORES;1012808;PLAFON LED SOBRE PONER 30X30cm LUZ FRIA;1;Materiales genericos;CUMPLIDO;MR01;1;1/8/2025;15/8/2025;agosto;10127386;20;1;1/8/2025;1/8/2025;C11;4500105256;20;MR05;1;JJCABRERA;5/8/2025;5/8/2025;12/8/2025;18/8/2025;C11;RAMIREZ CLAUDIA RAMIREZ C. Y V;1;0;0;1;5000142445;18/8/2025;MR05;2;1;18/8/2025;FGORGONA;;8000074819;1;1;FGORGONA;18/8/2025;18/8/2025;;;;;;0;;;;;;;;;;;;;;;;;;3;;18/8/2025;00005;SEDE;0;0;-4;-4;0;0;;;;;;;;4;;;;4;;;;;;GESTION ROSARIO;;;;;1;
00005 TALLER;1000071311;30;ZPAN;MATERIAL - SECTOR MO;;0;;;;SFLORES;1012808;PLAFON LED SOBRE PONER 60X30cm LUZ FRIA;3;Materiales genericos;CUMPLIDO;MR01;1;1/8/2025;15/8/2025;agosto;10127386;30;1;1/8/2025;1/8/2025;C11;4500105256;30;MR05;1;JJCABRERA;5/8/2025;5/8/2025;12/8/2025;18/8/2025;C11;RAMIREZ CLAUDIA RAMIREZ C. Y V;3;0;0;3;5000142445;18/8/2025;MR05;3;1;18/8/2025;FGORGONA;;8000074819;3;1;FGORGONA;18/8/2025;18/8/2025;;;;;;0;;;;;;;;;;;;;;;;;;3;;18/8/2025;00005;SEDE;0;0;-4;-4;0;0;;;;;;;;4;;;;4;;;;;;GESTION ROSARIO;;;;;1;
00005 TALLER;1000071311;40;ZPAN;MATERIAL - SECTOR MO;;0;;;;SFLORES;1012808;PLAFON LED SOBRE PONER 30X30cm LUZ FRIA;1;Materiales genericos;CUMPLIDO;MR01;1;1/8/2025;15/8/2025;agosto;10127386;40;1;1/8/2025;1/8/2025;C11;4500105256;40;MR05;1;JJCABRERA;5/8/2025;5/8/2025;12/8/2025;18/8/2025;C11;RAMIREZ CLAUDIA RAMIREZ C. Y V;1;0;0;1;5000142445;18/8/2025;MR05;4;1;18/8/2025;FGORGONA;;8000074819;1;1;FGORGONA;18/8/2025;18/8/2025;;;;;;0;;;;;;;;;;;;;;;;;;3;;18/8/2025;00005;SEDE;0;0;-4;-4;0;0;;;;;;;;4;;;;4;;;;;;GESTION ROSARIO;;;;;1;
00005 TALLER;1000071643;10;ZPAN;FABRICACION TRABA D/;;0;;;;EGUEVARA;1015947;FABRIC/CERTIFICACION TRABA DE SEGURIDAD;1;Materiales genericos;CUMPLIDO;MM01;1;6/8/2025;27/8/2025;agosto;10127892;10;1;6/8/2025;6/8/2025;C39;4500106028;10;MM05;1;EFUNES;14/8/2025;14/8/2025;30/8/2025;30/8/2025;C39;J.M.F. VIAL & PARTS SAS;1;0;0;1;5000144351;3/9/2025;MM05;1;1;3/9/2025;AITURRIETA;;8000075814;1;1;AITURRIETA;3/9/2025;3/9/2025;;;;;4900359791;1;BGUERRA;5/9/2025;3/9/2025;;;;;;;;;;;;;;;7;;3/9/2025;00005;EQUIPOS;0;0;-8;-4;0;0;;;;;;;;;;;;;8;;;;4;GESTION SAN JUAN;;;;;;1
00005 TALLER;1000071569;10;ZPAN;TERMINALES PARA INT.;;0;;;;EGUEVARA;1015947;TERMINAL H.GIRATORIA ASIENTO PLANO M14;2;Materiales genericos;CUMPLIDO;MM01;1;5/8/2025;26/8/2025;agosto;10127750;10;1;5/8/2025;6/8/2025;C43;4500105764;40;MM05;1;EFUNES;11/8/2025;11/8/2025;26/8/2025;15/9/2027;C39;LIRUSSI ARAGON FERNANDO ARIEL;2;0;0;2;5000150901;31/10/2025;MM05;2;3;31/10/2025;GGUEVARA;;;0;0;;;;;;;;;0;;;;;;;;;;;;;;;;;;66;;31/10/2025;00005;EQUIPOS;;;-67;-751;0;;;;;;;;;;;;;;67;;;;751;GESTION SAN JUAN;;;;;;1
00005 TALLER;1000071569;20;ZPAN;TERMINALES PARA INT.;;0;;;;EGUEVARA;1015947;TERMINAL H.GIRATORIA CODO 45ª ASIENTO PL;2;Materiales genericos;CUMPLIDO;MM01;1;5/8/2025;26/8/2025;agosto;10127750;20;1;5/8/2025;6/8/2025;C43;4500105764;50;MM05;1;EFUNES;11/8/2025;11/8/2025;26/8/2025;15/9/2027;C39;LIRUSSI ARAGON FERNANDO ARIEL;2;0;0;2;5000150901;31/10/2025;MM05;3;3;31/10/2025;GGUEVARA;;;0;0;;;;;;;;;0;;;;;;;;;;;;;;;;;;66;;31/10/2025;00005;EQUIPOS;;;-67;-751;0;;;;;;;;;;;;;;67;;;;751;GESTION SAN JUAN;;;;;;1
00005 TALLER;1000071599;10;ZPAN;SERVIICO REVISION/PR;;0;;;;EGUEVARA;1015947;SERVICIO REV/PRUEBA CILINDRO SOPRANO;1;Materiales genericos;CUMPLIDO;MM01;1;6/8/2025;27/8/2025;agosto;10127818;10;1;6/8/2025;6/8/2025;C39;4500105764;10;MM05;1;EFUNES;11/8/2025;11/8/2025;27/8/2025;15/9/2027;C39;LIRUSSI ARAGON FERNANDO ARIEL;1;0;0;1;5000150901;31/10/2025;MM05;1;3;31/10/2025;GGUEVARA;;;0;0;;;;;;;;;0;;;;;;;;;;;;;;;;;;65;;31/10/2025;00005;EQUIPOS;;;-66;-750;0;;;;;;;;;;;;;;66;;;;750;GESTION SAN JUAN;;;;;;1
00005 TALLER;1000072202;10;ZPAN;INSUMOS TALLER - SF-;;0;;;;SFLORES;1015947;CONTENEDOR P/NITROGENO S/NOTA;1;Materiales genericos;CUMPLIDO;MR01;1;15/8/2025;29/8/2025;agosto;10128573;10;1;15/8/2025;15/8/2025;C42;4500108913;10;MR05;1;HROLDAN;18/9/2025;18/9/2025;11/9/2025;11/9/2025;C42;TRANQUERA ADENTRO SOCIEDAD ANONIMA;1;0;0;1;5000147754;3/10/2025;2001;1;3;3/10/2025;CCARRIL;;8000077764;1;1;CCARRIL;3/10/2025;3/10/2025;11700;TALLER 03/10;CCARRIL;3/10/2025;4900370126;1;CDAVID;4/10/2025;3/10/2025;;;;;;;;;;;;;;;35;;3/10/2025;00005;EQUIPOS;0;0;-36;-14;0;0;0;;;;;;;;;;;;36;;;;14;GESTION ROSARIO;;;;;;1
00005 TALLER;1000071809;10;ZPAN;REP.CAMBIO SELLO CIL;;0;;;;EGUEVARA;1015947;SERV -REP.CAMBIO SELLOS CILINDRO SOPRANO;1;Materiales genericos;CUMPLIDO;MM01;1;8/8/2025;29/8/2025;agosto;10128139;10;1;8/8/2025;11/8/2025;C39;4500105772;10;MM05;1;EFUNES;11/8/2025;11/8/2025;29/8/2025;29/8/2025;C39;LIRUSSI ARAGON FERNANDO ARIEL;1;0;0;1;5000149504;20/10/2025;MM05;1;1;20/10/2025;HCABELLO;;;0;0;;;;;;;;;0;;;;;;;;;;;;;;;;;;52;;20/10/2025;00005;EQUIPOS;;;-53;-1;0;;;;;;;;;;;;;;53;;;;1;GESTION SAN JUAN;;;;;;1
00005 TALLER;1000068044;10;ZPAN;PEDIDO DE TALLER - I;;0;;;;BGUERRA;1015947;BULON 10.9 MA 12 X 25;40;Materiales genericos;CUMPLIDO;MM01;1;3/6/2025;4/9/2025;septiembre;10123064;10;1;3/6/2025;3/6/2025;C43;4500100687;10;2001;1;EFUNES;4/6/2025;4/6/2025;16/6/2025;16/6/2025;C43;MEYNIEL S.R.L.;40;0;0;40;5000144827;5/9/2025;MM05;1;1;5/9/2025;HCABELLO;;8000076046;40;1;HCABELLO;5/9/2025;5/9/2025;;;;;;0;;;;;;;;;;;;;;;;;;1;;5/9/2025;00005;EQUIPOS;0;0;-2;79;0;0;;;;;;;;;;;;;2;;;;;GESTION SAN JUAN;;;;;;1
00005 TALLER;1000068044;20;ZPAN;PEDIDO DE TALLER - I;;0;;;;BGUERRA;1015947;ARANDELA BIDELADA 12MM;40;Materiales genericos;CUMPLIDO;MM01;1;3/6/2025;4/9/2025;septiembre;10123064;20;1;3/6/2025;3/6/2025;C43;4500100687;20;2001;1;EFUNES;4/6/2025;4/6/2025;16/6/2025;16/6/2025;C43;MEYNIEL S.R.L.;40;0;0;40;5000144827;5/9/2025;MM05;2;1;5/9/2025;HCABELLO;;8000076046;40;1;HCABELLO;5/9/2025;5/9/2025;;;;;;0;;;;;;;;;;;;;;;;;;1;;5/9/2025;00005;EQUIPOS;0;0;-2;79;0;0;;;;;;;;;;;;;2;;;;;GESTION SAN JUAN;;;;;;1
00005 TALLER;1000071905;10;ZPAN;CHAPAS HARDOX - PEDI;;0;;;;LNUNEZ;1012758;LISTON CHAPA HARDOX 500HB 6000X600X10MM;12;Materiales genericos;CUMPLIDO;MR01;1;11/8/2025;1/9/2025;septiembre;10128254;10;1;11/8/2025;11/8/2025;EFO;4500107087;10;MR05;1;EREGALADO;27/8/2025;27/8/2025;1/9/2025;1/9/2025;C38;INBELT S.R.L.;12;0;0;12;5000146484;22/9/2025;MR05;1;1;22/9/2025;FGORGONA;;8000076999;12;1;FGORGONA;22/9/2025;22/9/2025;;;;;;0;;;;;;;;;;;;;;;;;;21;;22/9/2025;00005;EQUIPOS;0;0;-22;-1;0;0;;;;;;;;;;;;;22;;;;1;GESTION ROSARIO;;;;;;1
00005 TALLER;1000071905;20;ZPAN;CHAPAS HARDOX - PEDI;;0;;;;LNUNEZ;1012758;LISTON CHAPA HARDOX 500HB 6000X370X10MM;4;Materiales genericos;CUMPLIDO;MR01;1;11/8/2025;1/9/2025;septiembre;10128254;20;1;11/8/2025;11/8/2025;EFO;4500107087;20;MR05;1;EREGALADO;27/8/2025;27/8/2025;1/9/2025;1/9/2025;C38;INBELT S.R.L.;4;0;0;4;5000146484;22/9/2025;MR05;2;1;22/9/2025;FGORGONA;;8000076999;4;1;FGORGONA;22/9/2025;22/9/2025;;;;;;0;;;;;;;;;;;;;;;;;;21;;22/9/2025;00005;EQUIPOS;0;0;-22;-1;0;0;;;;;;;;;;;;;22;;;;1;GESTION ROSARIO;;;;;;1
00005 TALLER;1000071905;30;ZPAN;CHAPAS HARDOX - PEDI;;0;;;;LNUNEZ;1012758;LISTON CHAPA HARDOX 500HB 6000X190X10MM;6;Materiales genericos;CUMPLIDO;MR01;1;11/8/2025;1/9/2025;septiembre;10128254;30;1;11/8/2025;11/8/2025;EFO;4500107087;30;MR05;1;EREGALADO;27/8/2025;27/8/2025;1/9/2025;1/9/2025;C38;INBELT S.R.L.;6;0;0;6;5000146484;22/9/2025;MR05;3;1;22/9/2025;FGORGONA;;8000076999;6;1;FGORGONA;22/9/2025;22/9/2025;;;;;;0;;;;;;;;;;;;;;;;;;21;;22/9/2025;00005;EQUIPOS;0;0;-22;-1;0;0;;;;;;;;;;;;;22;;;;1;GESTION ROSARIO;;;;;;1
00005 TALLER;1000071928;10;ZPAN;ALQUILER DE BANCO RE;;0;;;;EGUEVARA;1015947;SERVICIO DE ALQUILER BANCO RESISTIVO GEN;1;Materiales genericos;CUMPLIDO;MM01;1;12/8/2025;2/9/2025;septiembre;10128273;10;1;12/8/2025;12/8/2025;C39;4500105842;10;MM05;1;EFUNES;12/8/2025;12/8/2025;2/9/2025;2/9/2027;C39;HUGO SANCHEZ S.A.;1;0;0;1;5000163710;2/3/2026;MM05;1;1;2/3/2026;EGUEVARA;;;0;0;;;;;;;;;0;;;;;;;;;;;;;;;;;;181;;2/3/2026;00005;EQUIPOS;;;-182;-731;0;;;;;;;;;;;;;;182;;;;731;GESTION SAN JUAN;;;;;;1
00005 TALLER;1000071936;10;ZPAN;SERVICIO DE PLASMA P;;0;;;;EGUEVARA;1012844;SERVICIO REPARACION PLASMA CORTE 62012;1;Materiales genericos;CUMPLIDO;MM01;1;12/8/2025;2/9/2025;septiembre;10128279;10;1;12/8/2025;12/8/2025;C38;4500108111;10;MM05;1;EREGALADO;9/9/2025;9/9/2025;26/9/2025;26/9/2025;C38;FERRETERA SAN LUIS;1;0;0;1;5000149693;21/10/2025;MM05;1;1;21/10/2025;HCABELLO;;8000078777;1;1;HCABELLO;21/10/2025;21/10/2025;;;;;;0;;;;;;;;;;;;;;;;;;49;;21/10/2025;00005;EQUIPOS;0;0;-50;-25;0;0;;;;;;;;;;;;;50;;;;25;GESTION SAN JUAN;;;;;;1
00005 TALLER;1000072609;10;ZPAN;INSUMO HERRERIA- SF-;;0;;;;SFLORES;1012896;RUEDA DE FUNDICION Y POLIU 100mm FIJA;2;Materiales genericos;CUMPLIDO;MR01;1;22/8/2025;5/9/2025;septiembre;10129131;10;1;22/8/2025;25/8/2025;C27;4500107000;10;2001;1;JESPARZA;26/8/2025;26/8/2025;2/9/2025;9/9/2025;C27;MIGUELEZZI NATALIA SUSANA;2;0;0;2;5000145071;9/9/2025;2001;1;1;8/9/2025;FGORGONA;;8000076217;2;1;FGORGONA;9/9/2025;9/9/2025;;;;;4900361133;2;CDAVID;9/9/2025;9/9/2025;;;;;;;;;;;;;;;4;;9/9/2025;00005;SEDE;0;0;-4;-5;1;0;;;;;;;;4;;;;5;;;;;;GESTION ROSARIO;;;;;1;
00005 TALLER;1000072609;20;ZPAN;INSUMO HERRERIA- SF-;;0;;;;SFLORES;1012896;RUEDA FUNDICION Y POLIU 100mm GIRATORIA;10;Materiales genericos;CUMPLIDO;MR01;1;22/8/2025;5/9/2025;septiembre;10129131;20;1;22/8/2025;25/8/2025;C27;4500107000;20;2001;1;JESPARZA;26/8/2025;26/8/2025;2/9/2025;9/9/2025;C27;MIGUELEZZI NATALIA SUSANA;10;0;0;10;5000145071;9/9/2025;2001;2;1;8/9/2025;FGORGONA;;8000076217;10;1;FGORGONA;9/9/2025;9/9/2025;;;;;4900361133;10;CDAVID;9/9/2025;9/9/2025;;;;;;;;;;;;;;;4;;9/9/2025;00005;SEDE;0;0;-4;-5;1;0;;;;;;;;4;;;;5;;;;;;GESTION ROSARIO;;;;;1;
00005 TALLER;1000072609;30;ZPAN;INSUMO HERRERIA- SF-;;0;;;;SFLORES;1012896;RUEDA FUND Y POLIU 100mm GIRATOR C/FRENO;10;Materiales genericos;CUMPLIDO;MR01;1;22/8/2025;5/9/2025;septiembre;10129131;30;1;22/8/2025;25/8/2025;C27;4500107000;30;2001;1;JESPARZA;26/8/2025;26/8/2025;2/9/2025;9/9/2025;C27;MIGUELEZZI NATALIA SUSANA;10;0;0;10;5000145071;9/9/2025;2001;3;1;8/9/2025;FGORGONA;;8000076217;10;1;FGORGONA;9/9/2025;9/9/2025;;;;;4900361133;10;CDAVID;9/9/2025;9/9/2025;;;;;;;;;;;;;;;4;;9/9/2025;00005;SEDE;0;0;-4;-5;1;0;;;;;;;;4;;;;5;;;;;;GESTION ROSARIO;;;;;1;
00005 TALLER;1000072860;10;ZPAN;INSUMO HERRERIA- SF-;;0;;;;SFLORES;1012807;REFLECTOR LED BOSCH 18V S/NOTA;4;Materiales genericos;CUMPLIDO;MR01;1;27/8/2025;10/9/2025;septiembre;10129516;10;1;27/8/2025;1/9/2025;C03;4500107803;10;MR05;1;FBERARDO;4/9/2025;4/9/2025;10/9/2025;10/9/2025;C03;ARROYITO MAQUINARIAS S.R.L.;4;0;0;4;5000145619;12/9/2025;MR05;1;1;11/9/2025;FGORGONA;;8000076554;4;1;FGORGONA;12/9/2025;12/9/2025;;;;;;0;;;;;;;;;;;;;;;;;;1;;11/9/2025;00005;OTRO;0;0;-2;-1;1;0;;;;;;;;;;;;;;;;;;GESTION ROSARIO;;;;;;
00005 TALLER;1000073126;10;ZPAN;SERVICIO ANUAL EQUIP;;0;;;;HCABELLO;1012844;INSPECCION Y CONTROL ANUAL DE EQUIPOS SO;1;Materiales genericos;CUMPLIDO;MM01;1;1/9/2025;19/9/2025;septiembre;10129882;20;1;2/9/2025;2/9/2025;C39;4500107644;10;MM05;1;EFUNES;3/9/2025;3/9/2025;19/9/2025;19/9/2025;C39;VERINO MARCELO LEANDRO;1;0;0;1;5000147334;30/9/2025;MM05;1;1;30/9/2025;HCABELLO;;;0;0;;;;;;;;;0;;;;;;;;;;;;;;;;;;11;;30/9/2025;00005;EQUIPOS;;;-12;-1;0;;;;;;;;;;;;;;12;;;;1;GESTION SAN JUAN;;;;;;1
00005 TALLER;1000073325;10;ZPAN;HERRAMIENTA -SF-LM;;0;;;;SFLORES;1035087;CAMILLA S/ANEXO;4;Materiales usuales;CUMPLIDO;MR01;1;3/9/2025;17/9/2025;septiembre;10130175;10;1;3/9/2025;4/9/2025;C27;4500108086;10;2001;1;JESPARZA;8/9/2025;8/9/2025;15/9/2025;26/9/2025;C27;PASTORI MAXIMILIANO ANDRES;4;0;0;4;5000147103;27/9/2025;2001;1;1;27/9/2025;FGORGONA;;8000077369;4;1;FGORGONA;27/9/2025;27/9/2025;11638;TALLER 2709;FGORGONA;27/9/2025;4900368067;4;CDAVID;29/9/2025;27/9/2025;;;;;;;;;;;;;;;10;;27/9/2025;00005;SEDE;0;0;-11;-10;0;0;0;;;;;;;11;;;;10;;;;;;GESTION ROSARIO;;;;;1;
00005 TALLER;1000073332;90;ZPAN;HERRAMIENTAS/SECTOR;;0;;;;GSPINELLI;1012896;ANALIZADOR DE BATERIA;1;Materiales genericos;CUMPLIDO;MR01;1;3/9/2025;17/9/2025;septiembre;10130182;80;1;3/9/2025;4/9/2025;C27;4500108714;30;2001;1;JESPARZA;16/9/2025;16/9/2025;23/9/2025;23/9/2025;C27;CREMER ACUMULADORES S.R.L.;1;0;0;1;5000146190;18/9/2025;2001;2;1;18/9/2025;FGORGONA;;8000076861;1;1;FGORGONA;18/9/2025;18/9/2025;;;;;4900365131;1;CDAVID;20/9/2025;18/9/2025;;;;;;;;;;;;;;;1;;18/9/2025;00005;SEDE;0;0;-2;-7;0;0;;;;;;;;2;;;;7;;;;;;GESTION ROSARIO;;;;;1;
00005 TALLER;1000073227;10;ZPAN;PEDIDO TALLER FORMAL;;0;;;;CAUBONE;1015947;BULON EXAG.S/TCA 1/2 X 4 1/2;30;Materiales genericos;CUMPLIDO;MM01;1;2/9/2025;22/9/2025;septiembre;10130090;10;1;2/9/2025;2/9/2025;EFO;4500107648;10;MM05;1;EFUNES;3/9/2025;3/9/2025;22/9/2025;22/9/2025;EFO;MEYNIEL S.R.L.;30;0;0;30;5000151337;5/11/2025;MM05;1;1;5/11/2025;HCABELLO;;8000079706;30;1;HCABELLO;5/11/2025;5/11/2025;;;;;;0;;;;;;;;;;;;;;;;;;44;;5/11/2025;00005;OTRO;0;0;-45;-1;0;0;;;;;;;;;;;;;;;;;;GESTION SAN JUAN;;;;;;
00005 TALLER;1000073227;20;ZPAN;PEDIDO TALLER FORMAL;;0;;;;CAUBONE;1015947;TUERCA AUTOFRENANTE 1/2 X 12;30;Materiales genericos;CUMPLIDO;MM01;1;2/9/2025;22/9/2025;septiembre;10130090;20;1;2/9/2025;2/9/2025;EFO;4500107648;20;MM05;1;EFUNES;3/9/2025;3/9/2025;22/9/2025;22/9/2025;EFO;MEYNIEL S.R.L.;30;0;0;30;5000151337;5/11/2025;MM05;2;1;5/11/2025;HCABELLO;;8000079706;30;1;HCABELLO;5/11/2025;5/11/2025;;;;;;0;;;;;;;;;;;;;;;;;;44;;5/11/2025;00005;OTRO;0;0;-45;-1;0;0;;;;;;;;;;;;;;;;;;GESTION SAN JUAN;;;;;;
00005 TALLER;1000073361;250;ZPAN;HERRAMIENTAS/CRISTIA;;0;;;;GSPINELLI;1012896;CAJA ORGANIZADORA DE TERMINAL ELECTRICOS;1;Materiales genericos;CUMPLIDO;MR01;1;4/9/2025;18/9/2025;septiembre;10130219;230;1;4/9/2025;4/9/2025;C27;4500108488;160;MR05;1;JESPARZA;12/9/2025;12/9/2025;17/9/2025;26/9/2025;C27;GASES ROSARIO S.R.L.;1;0;0;1;5000146494;22/9/2025;MR05;7;1;22/9/2025;LBARTON;;8000077018;1;1;LBARTON;22/9/2025;22/9/2025;;;;;;0;;;;;;;;;;;;;;;;;;4;;22/9/2025;00005;SEDE;0;0;-5;-9;0;0;;;;;;;;5;;;;9;;;;;;GESTION ROSARIO;;;;;1;
00005 TALLER;1000073538;10;ZPAN;REPO NO STOCK 08/09;;0;;;;SPONCE;1009629;SHAMPOO DE CARROCERIA TRANSNET C SUPER X;2;Materiales usuales;CUMPLIDO;MR01;1;8/9/2025;22/9/2025;septiembre;10130409;10;1;8/9/2025;9/9/2025;C17;4500108895;10;2001;1;GJULIANI;18/9/2025;18/9/2025;26/9/2025;26/9/2025;C17;PELLIZZARI WALTER GABRIEL;2;0;0;2;5000146674;23/9/2025;2001;1;1;23/9/2025;LBARTON;;8000077124;2;1;LBARTON;23/9/2025;23/9/2025;;;;;4900367424;2;CDAVID;26/9/2025;23/9/2025;;;;;;;;;;;;;;;1;;23/9/2025;00005;SEDE;0;0;-2;-5;0;0;;;;;;;;2;;;;5;;;;;;GESTION ROSARIO;;;;;1;
00005 TALLER;1000073538;20;ZPAN;REPO NO STOCK 08/09;;0;;;;SPONCE;1009626;DESINCRUSTANTE DEPTACID SUPER X 10 KG;2;Materiales usuales;CUMPLIDO;MR01;1;8/9/2025;22/9/2025;septiembre;10130409;20;1;8/9/2025;9/9/2025;C17;4500108895;20;2001;1;GJULIANI;18/9/2025;18/9/2025;26/9/2025;26/9/2025;C17;PELLIZZARI WALTER GABRIEL;2;0;0;2;5000146674;23/9/2025;2001;2;1;23/9/2025;LBARTON;;8000077124;2;1;LBARTON;23/9/2025;23/9/2025;;;;;4900367424;2;CDAVID;26/9/2025;23/9/2025;;;;;;;;;;;;;;;1;;23/9/2025;00005;SEDE;0;0;-2;-5;0;0;;;;;;;;2;;;;5;;;;;;GESTION ROSARIO;;;;;1;
00005 TALLER;1000073599;10;ZPAN;REPO NO STOCK 08/09;;0;;;;SPONCE;1009666;DETERGENTE P HIDRO KC RCHER RM 110 ASF;18;Materiales usuales;CUMPLIDO;MR01;1;8/9/2025;22/9/2025;septiembre;10130506;10;1;8/9/2025;10/9/2025;C17;4500108569;10;2001;1;GJULIANI;15/9/2025;15/9/2025;3/10/2025;3/10/2025;C17;BASSANELLI GABRIEL ALBERTO;18;0;0;18;5000146657;23/9/2025;2001;1;1;23/9/2025;LBARTON;;8000077118;18;1;LBARTON;23/9/2025;23/9/2025;;;;;4900366440;18;CDAVID;24/9/2025;23/9/2025;;;;;;;;;;;;;;;1;;23/9/2025;00005;SEDE;0;0;-2;-12;0;0;;;;;;;;2;;;;12;;;;;;GESTION ROSARIO;;;;;1;
00005 TALLER;1000073482;10;ZPAN;RECONEXION DE EQUIPO;;0;;;;LNUNEZ;1015947;RECONEXION DE EQUIPOS JOHN DEERE;1;Materiales genericos;CUMPLIDO;MR01;1;5/9/2025;25/9/2025;septiembre;10130362;10;1;5/9/2025;5/9/2025;C03;4500107953;10;MR05;1;RPEREZ;5/9/2025;5/9/2025;25/9/2025;25/9/2025;C03;AGRONORTE S.R.L.;1;0;0;1;5000149381;17/10/2025;MR05;1;1;17/10/2025;RPEREZ;;;0;0;;;;;;;;;0;;;;;;;;;;;;;;;;;;22;;17/10/2025;00005;EQUIPOS;;;-23;-1;0;;;;;;;;;;;;;;23;;;;1;GESTION ROSARIO;;;;;;1
00005 TALLER;1000073662;150;ZPAN;HERRAMIENTAS GS-JR -;;0;;;;SFLORES;1012888;"PUNTAS ALLEN- ENCASTRE 1/2 12""";1;Materiales genericos;CUMPLIDO;MR01;1;9/9/2025;23/9/2025;septiembre;10130600;150;1;9/9/2025;10/9/2025;C27;4500108713;40;MR05;1;JESPARZA;16/9/2025;16/9/2025;23/9/2025;24/9/2025;C27;PASTORI MAXIMILIANO ANDRES;1;0;0;1;5000146777;24/9/2025;MR05;2;1;24/9/2025;LBARTON;;8000077168;1;1;LBARTON;24/9/2025;26/9/2025;11615;TALLER 2609;FGORGONA;26/9/2025;4900367433;1;CDAVID;26/9/2025;26/9/2025;;;;;;;;;;;;;;;3;;26/9/2025;00005;SEDE;0;0;-2;-2;0;0;0;;;;;;;2;;;;2;;;;;;GESTION ROSARIO;;;;;1;
00005 TALLER;1000073671;60;ZPAN;HERRAMIENTAS GS-JR -;;0;;;;SFLORES;1012888;TUBO LARGO 30 C/ENCASTRE 3/4;1;Materiales genericos;CUMPLIDO;MR01;1;9/9/2025;23/9/2025;septiembre;10130611;60;1;9/9/2025;10/9/2025;C27;4500108293;60;MR05;1;JESPARZA;10/9/2025;10/9/2025;19/9/2025;26/9/2025;C27;PASTORI MAXIMILIANO ANDRES;1;0;0;1;5000146758;24/9/2025;MR05;1;1;24/9/2025;LBARTON;;8000077161;1;1;LBARTON;24/9/2025;26/9/2025;11615;TALLER 2609;FGORGONA;26/9/2025;4900367427;1;CDAVID;26/9/2025;26/9/2025;;;;;;;;;;;;;;;3;;26/9/2025;00005;SEDE;0;0;-2;-4;0;0;0;;;;;;;2;;;;4;;;;;;GESTION ROSARIO;;;;;1;
00005 TALLER;1000073671;70;ZPAN;HERRAMIENTAS GS-JR -;;0;;;;SFLORES;1012888;TUBO P/RUEDA 32 ALTO IMPACTO;1;Materiales genericos;CUMPLIDO;MR01;1;9/9/2025;23/9/2025;septiembre;10130611;70;1;9/9/2025;10/9/2025;C27;4500108293;70;MR05;1;JESPARZA;10/9/2025;10/9/2025;19/9/2025;26/9/2025;C27;PASTORI MAXIMILIANO ANDRES;1;0;0;1;5000146758;24/9/2025;MR05;2;1;24/9/2025;LBARTON;;8000077161;1;1;LBARTON;24/9/2025;26/9/2025;11615;TALLER 2609;FGORGONA;26/9/2025;4900367427;1;CDAVID;26/9/2025;26/9/2025;;;;;;;;;;;;;;;3;;26/9/2025;00005;SEDE;0;0;-2;-4;0;0;0;;;;;;;2;;;;4;;;;;;GESTION ROSARIO;;;;;1;
00005 TALLER;1000073671;80;ZPAN;HERRAMIENTAS GS-JR -;;0;;;;SFLORES;1012888;TUBO P/RUEDA 33 ALTO IMPACTO;1;Materiales genericos;CUMPLIDO;MR01;1;9/9/2025;23/9/2025;septiembre;10130611;80;1;9/9/2025;10/9/2025;C27;4500108293;80;MR05;1;JESPARZA;10/9/2025;10/9/2025;19/9/2025;26/9/2025;C27;PASTORI MAXIMILIANO ANDRES;1;0;0;1;5000146758;24/9/2025;MR05;3;1;24/9/2025;LBARTON;;8000077161;1;1;LBARTON;24/9/2025;26/9/2025;11615;TALLER 2609;FGORGONA;26/9/2025;4900367427;1;CDAVID;26/9/2025;26/9/2025;;;;;;;;;;;;;;;3;;26/9/2025;00005;SEDE;0;0;-2;-4;0;0;0;;;;;;;2;;;;4;;;;;;GESTION ROSARIO;;;;;1;
00005 TALLER;1000073676;140;ZPAN;HERRAMIENTAS GS-JR -;;0;;;;SFLORES;1012888;TUBO DE 1/4 N°13 Y 14;1;Materiales genericos;CUMPLIDO;MR01;1;9/9/2025;23/9/2025;septiembre;10130614;140;1;9/9/2025;10/9/2025;C27;4500108713;10;MR05;1;JESPARZA;16/9/2025;16/9/2025;23/9/2025;24/9/2025;C27;PASTORI MAXIMILIANO ANDRES;1;0;0;1;5000146777;24/9/2025;MR05;1;1;24/9/2025;LBARTON;;8000077166;1;1;LBARTON;24/9/2025;26/9/2025;11615;TALLER 2609;FGORGONA;26/9/2025;4900367429;1;CDAVID;26/9/2025;26/9/2025;;;;;;;;;;;;;;;3;;26/9/2025;00005;SEDE;0;0;-2;-2;0;0;0;;;;;;;2;;;;2;;;;;;GESTION ROSARIO;;;;;1;
00005 TALLER;1000073727;10;ZPAN;INSUMO HERRERIA- SF-;;0;;;;SFLORES;1012761;CHAPA SAE 1010 ESPESOR 5/16 90x6000mm;10;Materiales genericos;CUMPLIDO;MR01;1;10/9/2025;24/9/2025;septiembre;10130712;10;1;10/9/2025;11/9/2025;C08;4500108816;10;MR05;1;RMIR;17/9/2025;17/9/2025;9/10/2025;12/12/2025;C08;RODRIGUEZ IVAN ANDRES;10;0;0;10;5000155037;10/12/2025;MR05;1;1;10/12/2025;SPONCE;;;0;0;;;;;;;;;0;;;;;;;;;;;;;;;;;;77;;10/12/2025;00005;SEDE;;;-78;-80;0;;;;;;;;;78;;;;80;;;;;;GESTION ROSARIO;;;;;1;
00005 TALLER;1000073727;20;ZPAN;INSUMO HERRERIA- SF-;;0;;;;SFLORES;1012761;TIRA CHAPA SAE1045 ESP5/16-150X6000mm;4;Materiales genericos;CUMPLIDO;MR01;1;10/9/2025;24/9/2025;septiembre;10130712;20;1;10/9/2025;11/9/2025;C08;4500108816;20;MR05;1;RMIR;17/9/2025;17/9/2025;9/10/2025;12/12/2025;C08;RODRIGUEZ IVAN ANDRES;4;0;0;4;5000155037;10/12/2025;MR05;2;1;10/12/2025;SPONCE;;;0;0;;;;;;;;;0;;;;;;;;;;;;;;;;;;77;;10/12/2025;00005;SEDE;;;-78;-80;0;;;;;;;;;78;;;;80;;;;;;GESTION ROSARIO;;;;;1;
00005 TALLER;1000073805;10;ZPAN;BARRA LUZ LED - INT;;0;;;;EGUEVARA;1015947;BAR36RUAR-AMB BARRA LUZ LED;2;Materiales genericos;CUMPLIDO;MM01;1;11/9/2025;1/10/2025;octubre;10130815;10;1;11/9/2025;12/9/2025;EFO;4500108511;10;MM05;1;GROSES;15/9/2025;15/9/2025;1/10/2025;1/10/2025;EFO;MELQUI PABLO;2;0;0;2;5000163709;2/3/2026;MM05;1;1;2/3/2026;EGUEVARA;;8000086229;2;1;EGUEVARA;2/3/2026;2/3/2026;;;;;;0;;;;;;;;;;;;;;;;;;152;;2/3/2026;00005;OTRO;0;0;-153;-1;0;0;;;;;;;;;;;;;;;;;;GESTION SAN JUAN;;;;;;
00005 TALLER;1000074100;10;ZPAN;REJILLA - TERMINAL -;;0;;;;EGUEVARA;1015947;SERV.FABRIC REJILLA PROTECTOR FARO XUN;2;Materiales genericos;CUMPLIDO;MM01;1;16/9/2025;6/10/2025;octubre;10131101;10;1;16/9/2025;16/9/2025;C39;4500108774;10;MM05;1;EFUNES;17/9/2025;17/9/2025;6/10/2025;15/9/2027;C39;J.M.F. VIAL & PARTS SAS;2;0;0;2;5000163711;2/3/2026;MM05;1;1;2/3/2026;EGUEVARA;;;0;0;;;;;;;;;0;;;;;;;;;;;;;;;;;;147;;2/3/2026;00005;EQUIPOS;;;-148;-710;0;;;;;;;;;;;;;;148;;;;710;GESTION SAN JUAN;;;;;;1
00005 TALLER;1000074202;10;ZPAN;CALCOMANIAS INDICATI;;0;;;;LNUNEZ;1015947;CALCOMANIA SEGURIDAD 5N49/2;30;Materiales genericos;CUMPLIDO;MR01;1;17/9/2025;1/10/2025;octubre;10131217;10;1;17/9/2025;17/9/2025;C38;4500109669;10;MR05;1;EREGALADO;30/9/2025;30/9/2025;3/10/2025;3/10/2025;C38;VIALSA DE PIACENZA CARLOS EDUARDO;30;0;0;30;5000149758;22/10/2025;MR05;1;1;22/10/2025;SDELSOGLIO;;;0;0;;;;;;;;;0;;;;;;;;;;;;;;;;;;21;;22/10/2025;00005;EQUIPOS;;;-22;-3;0;;;;;;;;;;;;;;22;;;;3;GESTION ROSARIO;;;;;;1
00005 TALLER;1000074242;20;ZPAN;INSUMO HERRERIA- SF-;;0;;;;SFLORES;1012896;BLISTER X5 ELECTRODO 220971;3;Materiales genericos;CUMPLIDO;MR01;1;18/9/2025;2/10/2025;octubre;10131286;20;1;18/9/2025;18/9/2025;C27;4500109105;20;MR05;1;JESPARZA;22/9/2025;22/9/2025;2/10/2025;26/10/2025;C27;FERRETERA SAN LUIS;3;0;0;3;5000149924;23/10/2025;2001;1;1;23/10/2025;LNASUTI;;8000078923;3;1;LNASUTI;23/10/2025;23/10/2025;11974;TALLER 23/10;LNASUTI;23/10/2025;4900376897;3;CDAVID;23/10/2025;23/10/2025;;;;;;;;;;;;;;;21;;23/10/2025;00005;SEDE;0;0;-22;-25;0;0;0;;;;;;;22;;;;25;;;;;;GESTION ROSARIO;;;;;1;
00005 TALLER;1000074476;10;ZPAN;INSUMO OVERHAUL- SF-;;0;;;;SFLORES;1012873;AEROSOL LUBRIFILM DESTRABA BOMBA INYECT;4;Materiales genericos;CUMPLIDO;MR01;1;22/9/2025;6/10/2025;octubre;10131587;10;1;22/9/2025;23/9/2025;C03;4500109681;10;MR05;1;FBERARDO;30/9/2025;30/9/2025;6/10/2025;6/10/2025;C03;SANTIAGO INNOVA SAS;4;0;0;4;5000148089;7/10/2025;MR05;1;1;7/10/2025;FGORGONA;;8000077906;4;1;FGORGONA;7/10/2025;8/10/2025;11749;TALLER 0810;FGORGONA;8/10/2025;4900371575;4;CDAVID;8/10/2025;8/10/2025;;;;;;;;;;;;;;;2;;8/10/2025;00005;OTRO;0;0;-2;-1;0;0;0;;;;;;;;;;;;;;;;;GESTION ROSARIO;;;;;;
00005 TALLER;1000074501;10;ZPAN;INSUMO OVERHAUL- SF-;;0;;;;SFLORES;1012896;PILA DE CALIBRE LR1130;10;Materiales genericos;CUMPLIDO;MR01;1;23/9/2025;7/10/2025;octubre;10131604;10;1;23/9/2025;23/9/2025;C27;4500109711;10;2001;1;JESPARZA;30/9/2025;30/9/2025;6/10/2025;17/10/2025;C27;GASES ROSARIO S.R.L.;10;0;0;10;5000148646;13/10/2025;2001;1;1;13/10/2025;FGORGONA;;8000078231;10;1;FGORGONA;13/10/2025;13/10/2025;11824;TALLER 1310;FGORGONA;13/10/2025;4900373222;10;CDAVID;14/10/2025;13/10/2025;;;;;;;;;;;;;;;6;;13/10/2025;00005;SEDE;0;0;-7;-11;0;0;0;;;;;;;7;;;;11;;;;;;GESTION ROSARIO;;;;;1;
00005 TALLER;1000074720;10;ZPAN;PEDIDO TALLER - PIST;;0;;;;HCABELLO;1034881;PISTOLA DE CALOR 1800W;1;Materiales usuales;CUMPLIDO;MM01;1;25/9/2025;16/10/2025;octubre;10131896;10;1;25/9/2025;9/10/2025;C13;4500110851;10;MM05;1;MALVAREZ;15/10/2025;15/10/2025;20/10/2025;20/10/2025;C13;BOTAS MERCADO DAVID ESTEBAN;1;0;0;1;5000149888;22/10/2025;MM05;1;1;21/10/2025;AITURRIETA;;8000078893;1;1;AITURRIETA;22/10/2025;22/10/2025;;;;;4900376870;1;OROBLES;23/10/2025;22/10/2025;;;;;;;;;;;;;;;6;;22/10/2025;00005;SEDE;0;0;-6;-5;1;0;;;;;;;;6;;;;5;;;;;;GESTION SAN JUAN;;;;;1;
00005 TALLER;1000074977;10;ZPAN;INSUMO HERRERIA- SF-;;0;;;;SFLORES;1012766;"PLANCHUELA 3/8 X 2"" X 6000mm";10;Materiales genericos;CUMPLIDO;MR01;1;1/10/2025;15/10/2025;octubre;10132247;10;1;1/10/2025;1/10/2025;C08;4500110213;10;MR05;1;RMIR;7/10/2025;7/10/2025;15/10/2025;15/10/2025;C08;ORLANDI INDUST. Y COMERC. S.A;10;0;0;10;5000149122;16/10/2025;MR05;1;1;16/10/2025;LBARTON;;8000078507;10;1;LBARTON;16/10/2025;16/10/2025;11875;Taller 16/10;LBARTON;16/10/2025;4900374402;10;CDAVID;17/10/2025;16/10/2025;;;;;;;;;;;;;;;1;;16/10/2025;00005;SEDE;0;0;-2;-1;0;0;0;;;;;;;2;;;;1;;;;;;GESTION ROSARIO;;;;;1;
00005 TALLER;1000074978;10;ZPAN;REPO NO STOCK 01/10;;0;;;;SPONCE;1009629;SHAMPOO SILICONADO X5LT;20;Materiales usuales;CUMPLIDO;MR01;1;1/10/2025;15/10/2025;octubre;10132248;10;1;1/10/2025;1/10/2025;C17;4500110318;10;2001;1;GJULIANI;8/10/2025;8/10/2025;14/10/2025;14/10/2025;C17;IND. QUIMICAS KAISER S.R.L.;20;0;0;20;5000149065;16/10/2025;2001;1;1;16/10/2025;FGORGONA;;8000078476;20;1;FGORGONA;16/10/2025;16/10/2025;11873;TALLER 16/10;LNASUTI;16/10/2025;4900374410;20;CDAVID;17/10/2025;16/10/2025;;;;;;;;;;;;;;;1;;16/10/2025;00005;SEDE;0;0;-2;0;0;0;0;;;;;;;2;;;;;;;;;;GESTION ROSARIO;;;;;1;
00005 TALLER;1000074978;40;ZPAN;REPO NO STOCK 01/10;;0;;;;SPONCE;1012871;LOCTITE 277 - TRABA ROSCA X 50G;10;Materiales genericos;CUMPLIDO;MR01;1;1/10/2025;15/10/2025;octubre;10132248;40;1;1/10/2025;1/10/2025;C27;4500109895;10;MR05;1;JESPARZA;2/10/2025;3/10/2025;13/10/2025;31/10/2025;C27;FERRETERA SAN LUIS;10;0;0;10;5000150798;31/10/2025;2001;1;1;31/10/2025;LNASUTI;;8000079441;10;1;LNASUTI;31/10/2025;31/10/2025;12099;TALLER 31/10;LNASUTI;31/10/2025;4900380132;10;CDAVID;3/11/2025;31/10/2025;;;;;;;;;;;;;;;16;;31/10/2025;00005;SEDE;0;0;-17;-17;0;0;0;;;;;;;17;;;;17;;;;;;GESTION ROSARIO;;;;;1;
00005 TALLER;1000074978;50;ZPAN;REPO NO STOCK 01/10;;0;;;;SPONCE;1012871;LOCTITE 243 X 50grs;10;Materiales genericos;CUMPLIDO;MR01;1;1/10/2025;15/10/2025;octubre;10132248;50;1;1/10/2025;1/10/2025;C27;4500109895;20;MR05;1;JESPARZA;2/10/2025;3/10/2025;13/10/2025;6/12/2025;C27;FERRETERA SAN LUIS;10;0;0;10;5000155358;12/12/2025;2001;1;2;12/12/2025;LNASUTI;;8000079441;10;2;LNASUTI;31/10/2025;31/10/2025;12099;TALLER 31/10;LNASUTI;31/10/2025;4900394063;10;CDAVID;13/12/2025;12/12/2025;;;;;;;;;;;;;;;58;;12/12/2025;00005;SEDE;0;0;-59;-53;0;-42;0;;;;;;;59;;;;53;;;;;;GESTION ROSARIO;;;;;1;
00005 TALLER;1000074978;70;ZPAN;REPO NO STOCK 01/10;;0;;;;SPONCE;1012896;Cepillo Fpl Descarbonizador A/lat 25x6 M;24;Materiales genericos;CUMPLIDO;MR01;1;1/10/2025;15/10/2025;octubre;10132248;70;1;1/10/2025;1/10/2025;C27;4500110095;70;MR05;1;JESPARZA;6/10/2025;6/10/2025;13/10/2025;31/10/2025;C27;ARROYITO MAQUINARIAS S.R.L.;24;0;0;24;5000151253;4/11/2025;2001;1;2;4/11/2025;LNASUTI;;8000078169;24;2;FGORGONA;10/10/2025;10/10/2025;11794;TALLER 1010;FGORGONA;10/10/2025;4900381540;24;CDAVID;5/11/2025;5/11/2025;;;;;;;;;;;;;;;21;;4/11/2025;00005;SEDE;0;0;-21;-17;0;-25;0;;;;;;;21;;;;17;;;;;;GESTION ROSARIO;;;;;1;
00005 TALLER;1000074978;80;ZPAN;REPO NO STOCK 01/10;;0;;;;SPONCE;1012864;CEPILLO CIRCULAR CON VASTAGO DE  1/4  Ø;24;Materiales genericos;CUMPLIDO;MR01;1;1/10/2025;15/10/2025;octubre;10132248;80;1;1/10/2025;1/10/2025;C27;4500109895;50;MR05;1;JESPARZA;2/10/2025;3/10/2025;13/10/2025;31/10/2025;C27;FERRETERA SAN LUIS;24;0;0;24;5000151536;6/11/2025;2001;1;6;6/11/2025;LNASUTI;;8000078106;24;2;LNASUTI;9/10/2025;10/10/2025;11794;TALLER 1010;FGORGONA;10/10/2025;4900382568;24;CDAVID;8/11/2025;7/11/2025;;;;;;;;;;;;;;;23;;6/11/2025;00005;SEDE;0;0;-23;-17;0;-28;0;;;;;;;23;;;;17;;;;;;GESTION ROSARIO;;;;;1;
00005 TALLER;1000074978;90;ZPAN;REPO NO STOCK 01/10;;0;;;;SPONCE;1009635;LUSTRAMUEBLES BLEM 360ML;24;Materiales usuales;CUMPLIDO;MR01;1;1/10/2025;15/10/2025;octubre;10132248;90;1;1/10/2025;1/10/2025;C17;4500110318;20;2001;1;GJULIANI;8/10/2025;8/10/2025;14/10/2025;14/10/2025;C17;IND. QUIMICAS KAISER S.R.L.;24;0;0;24;5000149065;16/10/2025;2001;2;1;16/10/2025;FGORGONA;;8000078476;24;1;FGORGONA;16/10/2025;16/10/2025;11873;TALLER 16/10;LNASUTI;16/10/2025;4900374410;24;CDAVID;17/10/2025;16/10/2025;;;;;;;;;;;;;;;1;;16/10/2025;00005;SEDE;0;0;-2;0;0;0;0;;;;;;;2;;;;;;;;;;GESTION ROSARIO;;;;;1;
00005 TALLER;1000074978;100;ZPAN;REPO NO STOCK 01/10;;0;;;;SPONCE;1012864;CEPILLO CONICO FPL RIZADO DIAM 110 M14X2;30;Materiales genericos;CUMPLIDO;MR01;1;1/10/2025;15/10/2025;octubre;10132248;100;1;1/10/2025;1/10/2025;C27;4500109895;60;MR05;1;JESPARZA;2/10/2025;3/10/2025;13/10/2025;31/10/2025;C27;FERRETERA SAN LUIS;30;0;0;30;5000153167;21/11/2025;2001;1;1;21/11/2025;LNASUTI;;8000080692;30;1;LNASUTI;21/11/2025;21/11/2025;12395;TALLER 21/11;LNASUTI;21/11/2025;4900387686;30;CDAVID;25/11/2025;21/11/2025;;;;;;;;;;;;;;;37;;21/11/2025;00005;SEDE;0;0;-38;-17;0;0;0;;;;;;;38;;;;17;;;;;;GESTION ROSARIO;;;;;1;
00005 TALLER;1000074978;110;ZPAN;REPO NO STOCK 01/10;;0;;;;SPONCE;1012864;CEPILLO CONICO FPL TRENZADO DIAM 110 M14;30;Materiales genericos;CUMPLIDO;MR01;1;1/10/2025;15/10/2025;octubre;10132248;110;1;1/10/2025;1/10/2025;C27;4500109895;70;MR05;1;JESPARZA;2/10/2025;3/10/2025;13/10/2025;31/10/2025;C27;FERRETERA SAN LUIS;30;0;0;30;5000153167;21/11/2025;2001;2;1;21/11/2025;LNASUTI;;8000080692;30;1;LNASUTI;21/11/2025;21/11/2025;12395;TALLER 21/11;LNASUTI;21/11/2025;4900387686;30;CDAVID;25/11/2025;21/11/2025;;;;;;;;;;;;;;;37;;21/11/2025;00005;SEDE;0;0;-38;-17;0;0;0;;;;;;;38;;;;17;;;;;;GESTION ROSARIO;;;;;1;
00005 TALLER;1000075320;10;ZPAI;4000006085 - ALTERNA;4000006085;0;;;;HCABELLO;1024701;ALTERNADOR;1;Materiales Stock;CUMPLIDO;MM01;1;6/10/2025;2/10/2025;octubre;10132670;10;1;6/10/2025;7/10/2025;C03;4500111060;20;2001;1;RPEREZ;17/10/2025;21/10/2025;16/11/2025;16/11/2025;C03;FINNING ARGENTINA S.A.;1;0;0;1;5000152769;18/11/2025;2001;1;1;14/11/2025;AITURRIETA;;8000080543;1;1;ERODRIGUEZ;18/11/2025;25/11/2025;;;;;4900388174;1;GQUIROGA;26/11/2025;25/11/2025;;;;;;;;;;;;;;;54;;18/11/2025;00005;EQUIPOS;0;0;-44;-46;4;0;;;;;;;;;;;;;44;;;;46;GESTION SAN JUAN;;3;;1;;1
00005 TALLER;1000075338;10;ZPAN;PEDIDO INS MODULAR -;;0;;;;SFLORES;1012564;VENTANA MODENA BLANCO AN120XAL100MM;1;Materiales usuales;CUMPLIDO;MR01;1;6/10/2025;20/10/2025;octubre;10132696;10;1;6/10/2025;7/10/2025;C19;4500111369;10;2001;1;VBARRA;21/10/2025;21/10/2025;20/10/2025;24/10/2025;C19;TORRI S.R.L.;1;0;0;1;5000149978;23/10/2025;2001;1;1;23/10/2025;LNASUTI;;8000078954;1;1;LNASUTI;23/10/2025;23/10/2025;11980;TALLER 23/10;LNASUTI;23/10/2025;4900377111;1;CDAVID;24/10/2025;23/10/2025;;;;;;;;;;;;;;;3;;23/10/2025;00005;SEDE;0;0;-4;-5;0;0;0;;;;;;;4;;;;5;;;;;;GESTION ROSARIO;;;;;1;
00005 TALLER;1000075338;30;ZPAN;PEDIDO INS MODULAR -;;0;;;;SFLORES;1046983;VENTANA MODENA 600MM ANCHO X400MM ALTO;4;Materiales usuales;CUMPLIDO;MR01;1;6/10/2025;20/10/2025;octubre;10132696;30;1;6/10/2025;7/10/2025;C19;4500111423;10;2001;1;VBARRA;22/10/2025;22/10/2025;20/10/2025;30/10/2025;C19;TORRI S.R.L.;4;0;0;4;5000149976;23/10/2025;2001;1;1;23/10/2025;LNASUTI;;8000078953;4;1;LNASUTI;23/10/2025;23/10/2025;11980;TALLER 23/10;LNASUTI;23/10/2025;4900377112;4;CDAVID;24/10/2025;23/10/2025;;;;;;;;;;;;;;;3;;23/10/2025;00005;SEDE;0;0;-4;-11;0;0;0;;;;;;;4;;;;11;;;;;;GESTION ROSARIO;;;;;1;
00005 TALLER;1000075338;40;ZPAN;PEDIDO INS MODULAR -;;0;;;;SFLORES;1046979;PUERTA DE CHAPA HOJA 0,9X2,05M - DER;2;Materiales usuales;CUMPLIDO;MR01;1;6/10/2025;20/10/2025;octubre;10132696;40;1;6/10/2025;7/10/2025;C19;4500111369;30;2001;1;VBARRA;21/10/2025;21/10/2025;;30/10/2025;C19;TORRI S.R.L.;2;0;0;2;5000149978;23/10/2025;2001;2;1;23/10/2025;LNASUTI;;8000078954;2;1;LNASUTI;23/10/2025;23/10/2025;11980;TALLER 23/10;LNASUTI;23/10/2025;4900377111;2;CDAVID;24/10/2025;23/10/2025;;;;;;;;;;;;;;;3;;23/10/2025;00005;SEDE;0;0;-4;-11;0;0;0;;;;;;;4;;;;11;;;;;;GESTION ROSARIO;;;;;1;
00005 TALLER;1000075338;50;ZPAN;PEDIDO INS MODULAR -;;0;;;;SFLORES;1046982;BARRAL ANTIPANICO X1M C/ LLAVE Y MANIJA;1;Materiales usuales;CUMPLIDO;MR01;1;6/10/2025;20/10/2025;octubre;10132696;50;1;6/10/2025;7/10/2025;C19;4500111427;10;2001;1;VBARRA;22/10/2025;22/10/2025;30/10/2025;30/10/2025;C19;ROBERTO CALZAVARA S.R.L.;1;0;0;1;5000149870;22/10/2025;2001;1;1;22/10/2025;LNASUTI;;8000078869;1;1;LNASUTI;22/10/2025;23/10/2025;11974;TALLER 23/10;LNASUTI;23/10/2025;4900376884;1;CDAVID;23/10/2025;23/10/2025;;;;;;;;;;;;;;;3;;22/10/2025;00005;SEDE;0;0;-3;-11;0;0;0;;;;;;;3;;;;11;;;;;;GESTION ROSARIO;;;;;1;
00005 TALLER;1000075533;100;ZPAN;REPO NO STOCK 09/10;;0;;;;SPONCE;1012896;MACHO PARA INSERTO STI M6 HSS;1;Materiales genericos;CUMPLIDO;MR01;1;9/10/2025;23/10/2025;octubre;10133011;100;1;9/10/2025;9/10/2025;C27;4500110580;100;MR05;1;JESPARZA;13/10/2025;13/10/2025;20/10/2025;7/12/2025;C27;IMPERIAL MOTOR S.A.;1;0;0;1;5000155634;15/12/2025;2001;1;1;15/12/2025;LNASUTI;;8000081975;1;1;LNASUTI;15/12/2025;16/12/2025;12680;TALLER 16/12;LNASUTI;16/12/2025;4900394953;1;CDAVID;16/12/2025;16/12/2025;;;;;;;;;;;;;;;54;;15/12/2025;00005;SEDE;0;0;-54;-46;0;0;0;;;;;;;54;;;;46;;;;;;GESTION ROSARIO;;;;;1;
00005 TALLER;1000075780;10;ZPAN;PEDIDO 91148 - MODUL;;0;;;;SFLORES;1047173;MAQUINA SOLDAR MP ESAB WARRIOR 400I;1;Materiales usuales;CUMPLIDO;MR01;1;14/10/2025;28/10/2025;octubre;10133336;10;1;14/10/2025;15/10/2025;C10;4500111018;10;MR05;1;JESPARZA;17/10/2025;17/10/2025;27/10/2025;28/10/2025;C10;IMPERIAL MOTOR S.A.;1;0;0;1;5000151089;3/11/2025;2001;1;1;3/11/2025;LNASUTI;;8000079582;1;1;LNASUTI;3/11/2025;3/11/2025;12138;TALLER 03/11;LNASUTI;3/11/2025;4900380809;1;CDAVID;4/11/2025;3/11/2025;;;;;;;;;;;;;;;6;;3/11/2025;00005;SEDE;0;0;-7;-1;0;0;0;;;;;;;7;;;;1;;;;;;GESTION ROSARIO;;;;;1;
00005 TALLER;1000075780;20;ZPAN;PEDIDO 91148 - MODUL;;0;;;;SFLORES;1047174;COMPRESOR A PISTON TRIF. 5,5HP 300LT;1;Materiales usuales;CUMPLIDO;MR01;1;14/10/2025;28/10/2025;octubre;10133336;20;1;14/10/2025;15/10/2025;C10;4500110942;20;MR05;1;JESPARZA;16/10/2025;16/10/2025;24/10/2025;28/10/2025;C10;ARROYITO MAQUINARIAS S.R.L.;1;0;0;1;5000150562;29/10/2025;2001;1;1;29/10/2025;LNASUTI;;8000079292;1;1;LNASUTI;29/10/2025;30/10/2025;12065;TALLER 30/10;LNASUTI;30/10/2025;4900379393;1;CDAVID;30/10/2025;30/10/2025;;;;;;;;;;;;;;;2;;29/10/2025;00005;SEDE;0;0;-2;-1;0;0;0;;;;;;;2;;;;1;;;;;;GESTION ROSARIO;;;;;1;
00005 TALLER;1000075780;50;ZPAN;PEDIDO 91148 - MODUL;;0;;;;SFLORES;1047177;CEPILLO CIRCULAR 200MM;1;Materiales usuales;CUMPLIDO;MR01;1;14/10/2025;28/10/2025;octubre;10133336;50;1;14/10/2025;15/10/2025;C10;4500110942;40;MR05;1;JESPARZA;16/10/2025;16/10/2025;24/10/2025;28/10/2025;C10;ARROYITO MAQUINARIAS S.R.L.;1;0;0;1;5000150562;29/10/2025;2001;2;1;29/10/2025;LNASUTI;;8000079292;1;1;LNASUTI;29/10/2025;30/10/2025;12065;TALLER 30/10;LNASUTI;30/10/2025;4900379393;1;CDAVID;30/10/2025;30/10/2025;;;;;;;;;;;;;;;2;;29/10/2025;00005;SEDE;0;0;-2;-1;0;0;0;;;;;;;2;;;;1;;;;;;GESTION ROSARIO;;;;;1;
00005 TALLER;1000075823;10;ZPAN;67004 - REGULADOR VO;;0;;;;HCABELLO;1015947;REGULADOR DE VOLTAJE;1;Materiales genericos;CUMPLIDO;MM01;1;15/10/2025;4/11/2025;noviembre;10133369;10;1;15/10/2025;15/10/2025;EFO;4500110794;10;MM05;1;EFUNES;15/10/2025;15/10/2025;4/11/2025;4/11/2025;EFO;BASUALDO NECCHI MARCOS GABRIEL;1;0;0;1;5000151340;5/11/2025;MM05;1;1;5/11/2025;HCABELLO;;8000079711;1;1;HCABELLO;5/11/2025;5/11/2025;;;;;;0;;;;;;;;;;;;;;;;;;1;;5/11/2025;00005;OTRO;0;0;-2;-1;0;0;;;;;;;;;;;;;;;;;;GESTION SAN JUAN;;;;;;
00005 TALLER;1000076007;10;ZPAN;33212 - BUJES ARRANQ;;0;;;;HCABELLO;1015947;BUJE GRAFICADO - BUJE 149;1;Materiales genericos;CUMPLIDO;MM01;1;16/10/2025;5/11/2025;noviembre;10133578;10;1;16/10/2025;17/10/2025;EFO;4500111049;10;MM05;1;EFUNES;17/10/2025;17/10/2025;5/11/2025;5/11/2025;EFO;BASUALDO NECCHI MARCOS GABRIEL;1;0;0;1;5000160573;2/2/2026;MM05;1;1;2/2/2026;GQUIROGA;;8000084620;1;1;GQUIROGA;2/2/2026;2/2/2026;;;;;4900408995;1;GQUIROGA;2/2/2026;2/2/2026;;;;;;;;;;;;;;;89;;2/2/2026;00005;OTRO;0;0;-90;-1;0;0;;;;;;;;;;;;;;;;;;GESTION SAN JUAN;;;;;;
00005 TALLER;1000076007;20;ZPAN;33212 - BUJES ARRANQ;;0;;;;HCABELLO;1015947;BUJE GRAFICADO - BUJE 349;1;Materiales genericos;CUMPLIDO;MM01;1;16/10/2025;5/11/2025;noviembre;10133578;20;1;16/10/2025;17/10/2025;EFO;4500111049;20;MM05;1;EFUNES;17/10/2025;17/10/2025;5/11/2025;5/11/2025;EFO;BASUALDO NECCHI MARCOS GABRIEL;1;0;0;1;5000160573;2/2/2026;MM05;2;1;2/2/2026;GQUIROGA;;8000084620;1;1;GQUIROGA;2/2/2026;2/2/2026;;;;;4900408995;1;GQUIROGA;2/2/2026;2/2/2026;;;;;;;;;;;;;;;89;;2/2/2026;00005;OTRO;0;0;-90;-1;0;0;;;;;;;;;;;;;;;;;;GESTION SAN JUAN;;;;;;
00005 TALLER;1000076007;30;ZPAN;33212 - BUJES ARRANQ;;0;;;;HCABELLO;1015947;BUJE GRAFICADO - BUJE 450;1;Materiales genericos;CUMPLIDO;MM01;1;16/10/2025;5/11/2025;noviembre;10133578;30;1;16/10/2025;17/10/2025;EFO;4500111049;30;MM05;1;EFUNES;17/10/2025;17/10/2025;5/11/2025;5/11/2025;EFO;BASUALDO NECCHI MARCOS GABRIEL;1;0;0;1;5000160573;2/2/2026;MM05;3;1;2/2/2026;GQUIROGA;;8000084620;1;1;GQUIROGA;2/2/2026;2/2/2026;;;;;4900408995;1;GQUIROGA;2/2/2026;2/2/2026;;;;;;;;;;;;;;;89;;2/2/2026;00005;OTRO;0;0;-90;-1;0;0;;;;;;;;;;;;;;;;;;GESTION SAN JUAN;;;;;;
00005 TALLER;1000076007;40;ZPAN;33212 - BUJES ARRANQ;;0;;;;HCABELLO;1015947;BUJE GRAFICADO - BUJE 509;1;Materiales genericos;CUMPLIDO;MM01;1;16/10/2025;5/11/2025;noviembre;10133578;40;1;16/10/2025;17/10/2025;EFO;4500111049;40;MM05;1;EFUNES;17/10/2025;17/10/2025;5/11/2025;5/11/2025;EFO;BASUALDO NECCHI MARCOS GABRIEL;1;0;0;1;5000160573;2/2/2026;MM05;4;1;2/2/2026;GQUIROGA;;8000084620;1;1;GQUIROGA;2/2/2026;2/2/2026;;;;;4900408995;1;GQUIROGA;2/2/2026;2/2/2026;;;;;;;;;;;;;;;89;;2/2/2026;00005;OTRO;0;0;-90;-1;0;0;;;;;;;;;;;;;;;;;;GESTION SAN JUAN;;;;;;
00005 TALLER;1000076007;50;ZPAN;33212 - BUJES ARRANQ;;0;;;;HCABELLO;1015947;TORNILLO DE SELENOIDE ARR. BOS;1;Materiales genericos;CUMPLIDO;MM01;1;16/10/2025;5/11/2025;noviembre;10133578;50;1;16/10/2025;17/10/2025;EFO;4500111049;50;MM05;1;EFUNES;17/10/2025;17/10/2025;5/11/2025;5/11/2025;EFO;BASUALDO NECCHI MARCOS GABRIEL;1;0;0;1;5000160573;2/2/2026;MM05;5;1;2/2/2026;GQUIROGA;;8000084620;1;1;GQUIROGA;2/2/2026;2/2/2026;;;;;4900408995;1;GQUIROGA;2/2/2026;2/2/2026;;;;;;;;;;;;;;;89;;2/2/2026;00005;OTRO;0;0;-90;-1;0;0;;;;;;;;;;;;;;;;;;GESTION SAN JUAN;;;;;;
00005 TALLER;1000076372;10;ZPAN;PEDIDO TALLER - EXTR;;0;;;;HCABELLO;1015947;"EXTRACTOR UNI. 3 MANDIBUL 4"" CROSS";1;Materiales genericos;CUMPLIDO;MM01;1;23/10/2025;12/11/2025;noviembre;10134127;10;1;23/10/2025;23/10/2025;EFO;4500111732;10;MM05;1;GROSES;27/10/2025;27/10/2025;12/11/2025;12/11/2025;EFO;RODRIGUEZ MARTINEZ EMILIO JOAQUIN;1;0;0;1;5000152570;14/11/2025;MM05;1;1;14/11/2025;GQUIROGA;;8000080407;1;1;GQUIROGA;17/11/2025;17/11/2025;;;;;4900385494;1;GQUIROGA;17/11/2025;17/11/2025;;;;;;;;;;;;;;;5;;17/11/2025;00005;OTRO;0;0;-3;-1;0;3;;;;;;;;;;;;;;;;;;GESTION SAN JUAN;;;;;;
00005 TALLER;1000076420;10;ZPAN;HERRAMIENTA - CRISTI;;0;;;;SFLORES;1047567;FLUX GEL P/SOLDADURA X JERINGA 10CC;6;Materiales usuales;CUMPLIDO;MR01;1;23/10/2025;6/11/2025;noviembre;10134186;10;1;23/10/2025;23/10/2025;C27;4500112510;40;MR05;1;JESPARZA;5/11/2025;5/11/2025;10/11/2025;13/11/2025;C27;PASTORI MAXIMILIANO ANDRES;6;0;0;6;5000152136;12/11/2025;2001;4;1;12/11/2025;LNASUTI;;8000080125;6;1;LNASUTI;12/11/2025;12/11/2025;12270;TALLER 12/11;LNASUTI;12/11/2025;4900383771;6;CDAVID;12/11/2025;12/11/2025;;;;;;;;;;;;;;;6;;12/11/2025;00005;SEDE;0;0;-7;-8;0;0;0;;;;;;;7;;;;8;;;;;;GESTION ROSARIO;;;;;1;
00005 TALLER;1000076420;50;ZPAN;HERRAMIENTA - CRISTI;;0;;;;SFLORES;1047572;CRIMPEADORA MULTIUSO P/TERMINALES ELECT.;1;Materiales usuales;CUMPLIDO;MR01;1;23/10/2025;6/11/2025;noviembre;10134186;50;1;23/10/2025;23/10/2025;C27;4500112775;10;MR05;1;JESPARZA;10/11/2025;10/11/2025;10/11/2025;15/11/2025;C27;INGENIERIA BOGGIO S.A;1;0;0;1;5000152618;17/11/2025;2001;1;1;17/11/2025;LNASUTI;;8000080397;1;1;LNASUTI;17/11/2025;17/11/2025;12326;TALLER 17/11;LNASUTI;17/11/2025;4900385909;1;CDAVID;18/11/2025;17/11/2025;;;;;;;;;;;;;;;11;;17/11/2025;00005;SEDE;0;0;-12;-10;0;0;0;;;;;;;12;;;;10;;;;;;GESTION ROSARIO;;;;;1;
00005 TALLER;1000076420;100;ZPAN;HERRAMIENTA - CRISTI;;0;;;;SFLORES;1015947;MORDAZA P/CRIMPEADORA;1;Materiales genericos;CUMPLIDO;MR01;1;23/10/2025;6/11/2025;noviembre;10134186;100;1;10/11/2025;12/11/2025;C27;4500112775;20;MR05;1;JESPARZA;10/11/2025;10/11/2025;;15/11/2025;C27;INGENIERIA BOGGIO S.A;1;0;0;1;5000152618;17/11/2025;2001;2;1;17/11/2025;LNASUTI;;8000080397;1;1;LNASUTI;17/11/2025;17/11/2025;12326;TALLER 17/11;LNASUTI;17/11/2025;4900385909;1;CDAVID;18/11/2025;17/11/2025;;;;;;;;;;;;;;;11;;17/11/2025;00005;SEDE;0;0;-12;-10;0;0;0;;;;;;;12;;;;10;;;;;;GESTION ROSARIO;;;;;1;
00005 TALLER;1000076446;40;ZPAN;PEDIDO TALLER - VARI;;0;;;;HCABELLO;1015947;ROLLO DE ESTAÑO 1.6 X 250 GS;2;Materiales genericos;CUMPLIDO;MM01;1;24/10/2025;13/11/2025;noviembre;10134225;60;1;24/10/2025;27/10/2025;EFO;4500112257;10;MM05;1;GROSES;3/11/2025;3/11/2025;13/11/2025;13/11/2025;EFO;RODRIGUEZ MARTINEZ EMILIO JOAQUIN;2;0;0;2;5000155257;11/12/2025;MM05;1;1;11/12/2025;GQUIROGA;;8000081751;2;1;GQUIROGA;11/12/2025;11/12/2025;;;;;4900393230;2;GQUIROGA;11/12/2025;11/12/2025;;;;;;;;;;;;;;;28;;11/12/2025;00005;OTRO;0;0;-29;-1;0;0;;;;;;;;;;;;;;;;;;GESTION SAN JUAN;;;;;;
00005 TALLER;1000076483;10;ZPAN;PEDIDO TALLER - SIER;;0;;;;HCABELLO;1035317;"ARCO SIERRA 12"" 300MM";1;Materiales usuales;CUMPLIDO;MM01;1;24/10/2025;13/11/2025;noviembre;10134273;10;1;24/10/2025;27/10/2025;EFO;4500112257;20;MM05;1;GROSES;3/11/2025;3/11/2025;13/11/2025;13/11/2025;EFO;RODRIGUEZ MARTINEZ EMILIO JOAQUIN;1;0;0;1;5000155261;11/12/2025;MM05;1;1;11/12/2025;GQUIROGA;;;0;0;;;;;;;;;0;;;;;;;;;;;;;;;;;;28;;11/12/2025;00005;OTRO;;;-29;-1;0;;;;;;;;;;;;;;;;;;;GESTION SAN JUAN;;;;;;
00005 TALLER;1000076483;20;ZPAN;PEDIDO TALLER - SIER;;0;;;;HCABELLO;1015803;HOJA DE SIERRA 24D;2;Materiales Stock S/Devol;CUMPLIDO;MM01;1;24/10/2025;13/11/2025;noviembre;10134273;20;1;24/10/2025;27/10/2025;EFO;4500112257;30;MM05;1;GROSES;3/11/2025;3/11/2025;13/11/2025;13/11/2025;EFO;RODRIGUEZ MARTINEZ EMILIO JOAQUIN;2;0;0;2;5000155261;11/12/2025;MM05;2;1;11/12/2025;GQUIROGA;;;0;0;;;;;;;;;0;;;;;;;;;;;;;;;;;;28;;11/12/2025;00005;OTRO;;;-29;-1;0;;;;;;;;;;;;;;;;;;;GESTION SAN JUAN;;;;;;
00005 TALLER;1000076483;30;ZPAN;PEDIDO TALLER - SIER;;0;;;;HCABELLO;1015804;HOJA DE SIERRA 32D;2;Materiales Stock S/Devol;CUMPLIDO;MM01;1;24/10/2025;13/11/2025;noviembre;10134273;30;1;24/10/2025;27/10/2025;EFO;4500112257;40;MM05;1;GROSES;3/11/2025;3/11/2025;13/11/2025;13/11/2025;EFO;RODRIGUEZ MARTINEZ EMILIO JOAQUIN;2;0;0;2;5000155261;11/12/2025;MM05;3;1;11/12/2025;GQUIROGA;;;0;0;;;;;;;;;0;;;;;;;;;;;;;;;;;;28;;11/12/2025;00005;OTRO;;;-29;-1;0;;;;;;;;;;;;;;;;;;;GESTION SAN JUAN;;;;;;
00005 TALLER;1000076603;10;ZPAN;PEDIDO TALLER - VAL;;0;;;;HCABELLO;1015947;VALVULA ESFERICA  3/4;1;Materiales genericos;CUMPLIDO;MM01;1;27/10/2025;14/11/2025;noviembre;10134412;10;1;27/10/2025;28/10/2025;EFO;4500112535;10;MM05;1;GROSES;6/11/2025;6/11/2025;14/11/2025;14/11/2025;EFO;GENEBRE DE ARGENTINA S.A.;1;0;0;1;5000155236;11/12/2025;MM05;1;1;11/12/2025;GQUIROGA;;8000081732;1;1;GQUIROGA;11/12/2025;11/12/2025;;;;;4900393168;1;GQUIROGA;11/12/2025;11/12/2025;;;;;;;;;;;;;;;27;;11/12/2025;00005;OTRO;0;0;-28;-1;0;0;;;;;;;;;;;;;;;;;;GESTION SAN JUAN;;;;;;
00005 TALLER;1000076603;20;ZPAN;PEDIDO TALLER - VAL;;0;;;;HCABELLO;1015947;RACORD INOX 3/4;2;Materiales genericos;CUMPLIDO;MM01;1;27/10/2025;14/11/2025;noviembre;10134412;20;1;27/10/2025;28/10/2025;EFO;4500112535;20;MM05;1;GROSES;6/11/2025;6/11/2025;14/11/2025;14/11/2025;EFO;GENEBRE DE ARGENTINA S.A.;2;0;0;2;5000155236;11/12/2025;MM05;2;1;11/12/2025;GQUIROGA;;8000081732;2;1;GQUIROGA;11/12/2025;11/12/2025;;;;;4900393168;2;GQUIROGA;11/12/2025;11/12/2025;;;;;;;;;;;;;;;27;;11/12/2025;00005;OTRO;0;0;-28;-1;0;0;;;;;;;;;;;;;;;;;;GESTION SAN JUAN;;;;;;
00005 TALLER;1000076615;20;ZPAN;LENTES RECETADOS - L;;0;;;;SFLORES;1011768;INSERTO PARA LENTES SEGURID S/RECETA;1;Materiales usuales;CUMPLIDO;MR01;1;27/10/2025;10/11/2025;noviembre;10134448;20;1;30/10/2025;31/10/2025;C28;4500112219;20;2001;1;GJULIANI;3/11/2025;3/11/2025;14/11/2025;14/11/2025;C28;OPTILOOK ROSARIO S.A.;1;0;0;1;5000152053;11/11/2025;2001;1;1;11/11/2025;LNASUTI;;;0;0;;;;;;;;;0;;;;;;;;;;;;;;;;;;1;;11/11/2025;00005;SEDE;;;-2;-5;0;;;;;;;;;2;;;;5;;;;;;GESTION ROSARIO;;;;;1;
00005 TALLER;1000076615;30;ZPAN;LENTES RECETADOS - L;;0;;;;SFLORES;1011768;ARMAZON DE LENTES SEGURIDAD S/RECETAS;1;Materiales usuales;CUMPLIDO;MR01;1;27/10/2025;10/11/2025;noviembre;10134448;30;1;30/10/2025;31/10/2025;C28;4500112219;30;2001;1;GJULIANI;3/11/2025;3/11/2025;14/11/2025;14/11/2025;C28;OPTILOOK ROSARIO S.A.;1;0;0;1;5000152053;11/11/2025;2001;2;1;11/11/2025;LNASUTI;;;0;0;;;;;;;;;0;;;;;;;;;;;;;;;;;;1;;11/11/2025;00005;SEDE;;;-2;-5;0;;;;;;;;;2;;;;5;;;;;;GESTION ROSARIO;;;;;1;
00005 TALLER;1000076632;40;ZPAN;HERRAMIENTAS - HERRE;;0;;;;SFLORES;1012888;"PULIDORA NEUMATICA ANGULAR 7""";1;Materiales genericos;CUMPLIDO;MR01;1;28/10/2025;11/11/2025;noviembre;10134463;40;1;28/10/2025;28/10/2025;C27;4500112510;30;MR05;1;JESPARZA;5/11/2025;5/11/2025;10/11/2025;13/11/2025;C27;PASTORI MAXIMILIANO ANDRES;1;0;0;1;5000152136;12/11/2025;2001;3;1;12/11/2025;LNASUTI;;8000080123;1;1;LNASUTI;12/11/2025;12/11/2025;12270;TALLER 12/11;LNASUTI;12/11/2025;4900383764;1;CDAVID;12/11/2025;12/11/2025;;;;;;;;;;;;;;;1;;12/11/2025;00005;SEDE;0;0;-2;-3;0;0;0;;;;;;;2;;;;3;;;;;;GESTION ROSARIO;;;;;1;
00005 TALLER;1000076747;10;ZPAN;PEDIDO TALLER - FICH;;0;;;;HCABELLO;1015947;FICHA MACHO;3;Materiales genericos;CUMPLIDO;MM01;1;29/10/2025;18/11/2025;noviembre;10134657;10;1;29/10/2025;29/10/2025;EFO;4500112257;50;MM05;1;GROSES;3/11/2025;3/11/2025;18/11/2025;18/11/2025;EFO;RODRIGUEZ MARTINEZ EMILIO JOAQUIN;3;0;0;3;5000155262;11/12/2025;MM05;1;1;11/12/2025;GQUIROGA;;8000081756;3;1;GQUIROGA;11/12/2025;11/12/2025;;;;;4900393239;3;GQUIROGA;11/12/2025;11/12/2025;;;;;;;;;;;;;;;23;;11/12/2025;00005;OTRO;0;0;-24;-1;0;0;;;;;;;;;;;;;;;;;;GESTION SAN JUAN;;;;;;
00005 TALLER;1000076747;20;ZPAN;PEDIDO TALLER - FICH;;0;;;;HCABELLO;1015947;FICHA HEMBRA;3;Materiales genericos;CUMPLIDO;MM01;1;29/10/2025;18/11/2025;noviembre;10134657;20;1;29/10/2025;29/10/2025;EFO;4500112257;60;MM05;1;GROSES;3/11/2025;3/11/2025;18/11/2025;18/11/2025;EFO;RODRIGUEZ MARTINEZ EMILIO JOAQUIN;3;0;0;3;5000155262;11/12/2025;MM05;2;1;11/12/2025;GQUIROGA;;8000081756;3;1;GQUIROGA;11/12/2025;11/12/2025;;;;;4900393239;3;GQUIROGA;11/12/2025;11/12/2025;;;;;;;;;;;;;;;23;;11/12/2025;00005;OTRO;0;0;-24;-1;0;0;;;;;;;;;;;;;;;;;;GESTION SAN JUAN;;;;;;
00005 TALLER;1000076752;20;ZPAN;INSUMOS - LAVADERO -;;0;;;;SFLORES;1047677;CEPILLO LIMPIA LLANTA;2;Materiales usuales;CUMPLIDO;MR01;1;29/10/2025;12/11/2025;noviembre;10134659;20;1;29/10/2025;30/10/2025;C03;4500112255;10;MR05;1;FBERARDO;3/11/2025;3/11/2025;12/11/2025;20/1/2026;C03;YEMA REPUESTOS SRL;2;0;0;2;5000155647;15/12/2025;MR05;1;1;15/12/2025;CDAVID;;;0;0;;;;;;;;;0;;;;;;;;;;;;;;;;;;33;;15/12/2025;00005;OTRO;;;-34;-70;0;;;;;;;;;;;;;;;;;;;GESTION ROSARIO;;;;;;
00005 TALLER;1000076794;10;ZPAN;81032 - ELECTROVALVU;;0;;;;HCABELLO;1015947;ELECTROVALVULA 5/2 VIAS 24 V;1;Materiales genericos;CUMPLIDO;MM01;1;30/10/2025;19/11/2025;noviembre;10134705;10;1;30/10/2025;4/11/2025;EFO;4500112539;10;MM05;1;GROSES;6/11/2025;6/11/2025;19/11/2025;19/11/2025;EFO;OLIVARES ANTONIO ALBERTO;1;0;0;1;5000155267;11/12/2025;MM05;1;1;11/12/2025;GQUIROGA;;8000081758;1;1;GQUIROGA;11/12/2025;11/12/2025;;;;;4900393252;1;GQUIROGA;11/12/2025;11/12/2025;;;;;;;;;;;;;;;22;;11/12/2025;00005;OTRO;0;0;-23;-1;0;0;;;;;;;;;;;;;;;;;;GESTION SAN JUAN;;;;;;
00005 TALLER;1000076797;10;ZPAN;PDEDIDO TALLER;;0;;;;HCABELLO;1015947;MANGUERA CAPILAR DE MEDICION X 3000 MM;1;Materiales genericos;CUMPLIDO;MM01;1;30/10/2025;19/11/2025;noviembre;10134711;10;1;30/10/2025;31/10/2025;EFO;4500112539;20;MM05;1;GROSES;6/11/2025;6/11/2025;19/11/2025;19/11/2025;EFO;OLIVARES ANTONIO ALBERTO;1;0;0;1;5000155241;11/12/2025;MM05;1;1;11/12/2025;GQUIROGA;;8000081740;1;1;GQUIROGA;11/12/2025;11/12/2025;;;;;4900393199;1;GQUIROGA;11/12/2025;11/12/2025;;;;;;;;;;;;;;;22;;11/12/2025;00005;OTRO;0;0;-23;-1;0;0;;;;;;;;;;;;;;;;;;GESTION SAN JUAN;;;;;;
00005 TALLER;1000076797;20;ZPAN;PDEDIDO TALLER;;0;;;;HCABELLO;1015947;ACOPLE RAPIDO DE TIPO CAT H1/4;1;Materiales genericos;CUMPLIDO;MM01;1;30/10/2025;19/11/2025;noviembre;10134711;20;1;30/10/2025;31/10/2025;EFO;4500112539;30;MM05;1;GROSES;6/11/2025;6/11/2025;19/11/2025;19/11/2025;EFO;OLIVARES ANTONIO ALBERTO;1;0;0;1;5000155241;11/12/2025;MM05;2;1;11/12/2025;GQUIROGA;;8000081740;1;1;GQUIROGA;11/12/2025;11/12/2025;;;;;4900393199;1;GQUIROGA;11/12/2025;11/12/2025;;;;;;;;;;;;;;;22;;11/12/2025;00005;OTRO;0;0;-23;-1;0;0;;;;;;;;;;;;;;;;;;GESTION SAN JUAN;;;;;;
00005 TALLER;1000076797;30;ZPAN;PDEDIDO TALLER;;0;;;;HCABELLO;1015947;PUNTO DE LECTURA 1/4 NPT;1;Materiales genericos;CUMPLIDO;MM01;1;30/10/2025;19/11/2025;noviembre;10134711;30;1;30/10/2025;31/10/2025;EFO;4500112539;40;MM05;1;GROSES;6/11/2025;6/11/2025;19/11/2025;19/11/2025;EFO;OLIVARES ANTONIO ALBERTO;1;0;0;1;5000155241;11/12/2025;MM05;3;1;11/12/2025;GQUIROGA;;8000081740;1;1;GQUIROGA;11/12/2025;11/12/2025;;;;;4900393199;1;GQUIROGA;11/12/2025;11/12/2025;;;;;;;;;;;;;;;22;;11/12/2025;00005;OTRO;0;0;-23;-1;0;0;;;;;;;;;;;;;;;;;;GESTION SAN JUAN;;;;;;
00005 TALLER;1000076797;40;ZPAN;PDEDIDO TALLER;;0;;;;HCABELLO;1015947;MANOMETRO 63 MM RI 0-600 BAR;1;Materiales genericos;CUMPLIDO;MM01;1;30/10/2025;19/11/2025;noviembre;10134711;40;1;30/10/2025;31/10/2025;EFO;4500112539;50;MM05;1;GROSES;6/11/2025;6/11/2025;19/11/2025;19/11/2025;EFO;OLIVARES ANTONIO ALBERTO;1;0;0;1;5000155241;11/12/2025;MM05;4;1;11/12/2025;GQUIROGA;;8000081740;1;1;GQUIROGA;11/12/2025;11/12/2025;;;;;4900393199;1;GQUIROGA;11/12/2025;11/12/2025;;;;;;;;;;;;;;;22;;11/12/2025;00005;OTRO;0;0;-23;-1;0;0;;;;;;;;;;;;;;;;;;GESTION SAN JUAN;;;;;;
00005 TALLER;1000076797;50;ZPAN;PDEDIDO TALLER;;0;;;;HCABELLO;1015947;TUBO POLIURETANO 6X4 X 10 METROS;1;Materiales genericos;CUMPLIDO;MM01;1;30/10/2025;19/11/2025;noviembre;10134711;50;1;30/10/2025;31/10/2025;EFO;4500112539;60;MM05;1;GROSES;6/11/2025;6/11/2025;19/11/2025;19/11/2025;EFO;OLIVARES ANTONIO ALBERTO;1;0;0;1;5000155237;11/12/2025;MM05;1;1;11/12/2025;GQUIROGA;;8000081738;1;1;GQUIROGA;11/12/2025;11/12/2025;;;;;4900393188;1;GQUIROGA;11/12/2025;11/12/2025;;;;;;;;;;;;;;;22;;11/12/2025;00005;OTRO;0;0;-23;-1;0;0;;;;;;;;;;;;;;;;;;GESTION SAN JUAN;;;;;;
00005 TALLER;1000076816;20;ZPAN;INDUMENTARIA TALLER;;0;;;;SPONCE;1026917;ZAPATILLA P.ACERO N 47;1;Materiales Stock;CUMPLIDO;MR01;1;30/10/2025;13/11/2025;noviembre;10134743;20;1;30/10/2025;30/10/2025;C28;4500112122;20;2001;1;GJULIANI;31/10/2025;31/10/2025;7/11/2025;7/11/2025;C28;FERRETERA SAN LUIS;1;0;0;1;5000153497;26/11/2025;2001;1;1;26/11/2025;LNASUTI;;8000080882;1;1;LNASUTI;26/11/2025;27/11/2025;12438;TALLER 27/11;LNASUTI;27/11/2025;4900388725;1;CDAVID;27/11/2025;27/11/2025;;;;;;;;;;;;;;;14;;26/11/2025;00005;SEDE;0;0;-14;5;0;0;0;;;;;;;14;;;;;;;;;;GESTION ROSARIO;;;;;1;
00005 TALLER;1000077083;10;ZPAN;HERRAMIENTAS - PINTU;;0;;;;SFLORES;1047783;"LIJADORA ROTO ORBITAL NEUMATICA D6""";2;Materiales usuales;CUMPLIDO;MR01;1;4/11/2025;18/11/2025;noviembre;10135070;10;1;4/11/2025;6/11/2025;C10;4500113160;10;MR05;1;JESPARZA;13/11/2025;13/11/2025;18/11/2025;17/11/2025;C10;LOPEZ - FORCINITI S.A.;2;0;0;2;5000152918;19/11/2025;2001;1;1;19/11/2025;LNASUTI;;8000080555;2;1;LNASUTI;19/11/2025;19/11/2025;12359;TALLER 19/11;LNASUTI;19/11/2025;4900386554;2;CDAVID;19/11/2025;19/11/2025;;;;;;;;;;;;;;;1;;19/11/2025;00005;SEDE;0;0;-2;0;0;0;0;;;;;;;2;;;;;;;;;;GESTION ROSARIO;;;;;1;
00005 TALLER;1000077085;10;ZPAN;INSUMOS - ELECTRICID;;0;;;;SFLORES;1047784;TOMACORR. BLANCO 2P T DOBLE 250VCA 10A;100;Materiales usuales;CUMPLIDO;MR01;1;4/11/2025;18/11/2025;noviembre;10135072;10;1;4/11/2025;6/11/2025;C11;4500112988;10;2001;1;JJCABRERA;12/11/2025;12/11/2025;18/11/2025;18/11/2025;C11;ELECTRICIDAD SERRA S.R.L.;100;0;0;100;5000153312;22/11/2025;2001;1;1;22/11/2025;LNASUTI;;8000080756;100;1;LNASUTI;22/11/2025;27/11/2025;12438;TALLER 27/11;LNASUTI;27/11/2025;4900388719;100;CDAVID;27/11/2025;27/11/2025;;;;;;;;;;;;;;;9;;22/11/2025;00005;SEDE;0;0;-5;-1;0;0;0;;;;;;;5;;;;1;;;;;;GESTION ROSARIO;;;;;1;
00005 TALLER;1000077085;20;ZPAN;INSUMOS - ELECTRICID;;0;;;;SFLORES;1010962;TOMACORRIENTE BLANCO 2P T 250V 20A;50;Materiales usuales;CUMPLIDO;MR01;1;4/11/2025;18/11/2025;noviembre;10135072;20;1;4/11/2025;6/11/2025;C11;4500112988;20;2001;1;JJCABRERA;12/11/2025;12/11/2025;18/11/2025;18/11/2025;C11;ELECTRICIDAD SERRA S.R.L.;50;0;0;50;5000153312;22/11/2025;2001;2;1;22/11/2025;LNASUTI;;8000080756;50;1;LNASUTI;22/11/2025;27/11/2025;12438;TALLER 27/11;LNASUTI;27/11/2025;4900388719;50;CDAVID;27/11/2025;27/11/2025;;;;;;;;;;;;;;;9;;22/11/2025;00005;SEDE;0;0;-5;-1;0;0;0;;;;;;;5;;;;1;;;;;;GESTION ROSARIO;;;;;1;
00005 TALLER;1000077085;30;ZPAN;INSUMOS - ELECTRICID;;0;;;;SFLORES;1047785;TOMA BINORMA BLANCO 1MOD 2P T 250VCA 10A;50;Materiales usuales;CUMPLIDO;MR01;1;4/11/2025;18/11/2025;noviembre;10135072;30;1;4/11/2025;6/11/2025;C11;4500112988;30;2001;1;JJCABRERA;12/11/2025;12/11/2025;18/11/2025;18/11/2025;C11;ELECTRICIDAD SERRA S.R.L.;50;0;0;50;5000153312;22/11/2025;2001;3;1;22/11/2025;LNASUTI;;8000080756;50;1;LNASUTI;22/11/2025;27/11/2025;12438;TALLER 27/11;LNASUTI;27/11/2025;4900388719;50;CDAVID;27/11/2025;27/11/2025;;;;;;;;;;;;;;;9;;22/11/2025;00005;SEDE;0;0;-5;-1;0;0;0;;;;;;;5;;;;1;;;;;;GESTION ROSARIO;;;;;1;
00005 TALLER;1000077085;40;ZPAN;INSUMOS - ELECTRICID;;0;;;;SFLORES;1047786;TAPON CIEGO BLANCO 1 MODULO;50;Materiales usuales;CUMPLIDO;MR01;1;4/11/2025;18/11/2025;noviembre;10135072;40;1;4/11/2025;6/11/2025;C11;4500112988;40;2001;1;JJCABRERA;12/11/2025;12/11/2025;18/11/2025;18/11/2025;C11;ELECTRICIDAD SERRA S.R.L.;50;0;0;50;5000153312;22/11/2025;2001;4;1;22/11/2025;LNASUTI;;8000080756;50;1;LNASUTI;22/11/2025;27/11/2025;12438;TALLER 27/11;LNASUTI;27/11/2025;4900388719;50;CDAVID;27/11/2025;27/11/2025;;;;;;;;;;;;;;;9;;22/11/2025;00005;SEDE;0;0;-5;-1;0;0;0;;;;;;;5;;;;1;;;;;;GESTION ROSARIO;;;;;1;
00005 TALLER;1000077085;50;ZPAN;INSUMOS - ELECTRICID;;0;;;;SFLORES;1047787;BASTIDOR BLANCO DE EMBUTIR 3MOD. 5X10CM;50;Materiales usuales;CUMPLIDO;MR01;1;4/11/2025;18/11/2025;noviembre;10135072;50;1;4/11/2025;6/11/2025;C11;4500112988;50;2001;1;JJCABRERA;12/11/2025;12/11/2025;18/11/2025;18/11/2025;C11;ELECTRICIDAD SERRA S.R.L.;50;0;0;50;5000154175;2/12/2025;2001;1;1;2/12/2025;LNASUTI;;8000081222;50;1;LNASUTI;2/12/2025;3/12/2025;12504;TALLER 03/12;LNASUTI;3/12/2025;4900390778;50;CDAVID;3/12/2025;3/12/2025;;;;;;;;;;;;;;;15;;2/12/2025;00005;SEDE;0;0;-15;-1;0;0;0;;;;;;;15;;;;1;;;;;;GESTION ROSARIO;;;;;1;
00005 TALLER;1000077085;60;ZPAN;INSUMOS - ELECTRICID;;0;;;;SFLORES;1047788;INTERRUPTOR UNIPOLAR BLANCO 220V 10A;50;Materiales usuales;CUMPLIDO;MR01;1;4/11/2025;18/11/2025;noviembre;10135072;60;1;4/11/2025;6/11/2025;C11;4500112988;60;2001;1;JJCABRERA;12/11/2025;12/11/2025;18/11/2025;18/11/2025;C11;ELECTRICIDAD SERRA S.R.L.;50;0;0;50;5000153312;22/11/2025;2001;5;1;22/11/2025;LNASUTI;;8000080756;50;1;LNASUTI;22/11/2025;27/11/2025;12438;TALLER 27/11;LNASUTI;27/11/2025;4900388719;50;CDAVID;27/11/2025;27/11/2025;;;;;;;;;;;;;;;9;;22/11/2025;00005;SEDE;0;0;-5;-1;0;0;0;;;;;;;5;;;;1;;;;;;GESTION ROSARIO;;;;;1;
00005 TALLER;1000077085;70;ZPAN;INSUMOS - ELECTRICID;;0;;;;SFLORES;1047789;INTERRUPT. UNIPOLAR COMBINACION 220V 10A;50;Materiales usuales;CUMPLIDO;MR01;1;4/11/2025;18/11/2025;noviembre;10135072;70;1;4/11/2025;6/11/2025;C11;4500112988;70;2001;1;JJCABRERA;12/11/2025;12/11/2025;18/11/2025;18/11/2025;C11;ELECTRICIDAD SERRA S.R.L.;50;0;0;50;5000153312;22/11/2025;2001;6;1;22/11/2025;LNASUTI;;8000080756;50;1;LNASUTI;22/11/2025;27/11/2025;12438;TALLER 27/11;LNASUTI;27/11/2025;4900388719;50;CDAVID;27/11/2025;27/11/2025;;;;;;;;;;;;;;;9;;22/11/2025;00005;SEDE;0;0;-5;-1;0;0;0;;;;;;;5;;;;1;;;;;;GESTION ROSARIO;;;;;1;
00005 TALLER;1000077085;90;ZPAN;INSUMOS - ELECTRICID;;0;;;;SFLORES;1010935;LUZ DE EMERGENCIA 60LED;10;Materiales usuales;CUMPLIDO;MR01;1;4/11/2025;18/11/2025;noviembre;10135072;90;1;4/11/2025;6/11/2025;C11;4500112988;90;2001;1;JJCABRERA;12/11/2025;12/11/2025;18/11/2025;18/11/2025;C11;ELECTRICIDAD SERRA S.R.L.;10;0;0;10;5000153312;22/11/2025;2001;7;1;22/11/2025;LNASUTI;;8000080756;10;1;LNASUTI;22/11/2025;27/11/2025;12438;TALLER 27/11;LNASUTI;27/11/2025;4900388719;10;CDAVID;27/11/2025;27/11/2025;;;;;;;;;;;;;;;9;;22/11/2025;00005;SEDE;0;0;-5;-1;0;0;0;;;;;;;5;;;;1;;;;;;GESTION ROSARIO;;;;;1;
00005 TALLER;1000077085;100;ZPAN;INSUMOS - ELECTRICID;;0;;;;SFLORES;1010938;REFLECTOR LED P/EXTERIOR LUZ FRIA 30W;10;Materiales usuales;CUMPLIDO;MR01;1;4/11/2025;18/11/2025;noviembre;10135072;100;1;4/11/2025;6/11/2025;C11;4500112988;100;2001;1;JJCABRERA;12/11/2025;12/11/2025;18/11/2025;18/11/2025;C11;ELECTRICIDAD SERRA S.R.L.;10;0;0;10;5000153312;22/11/2025;2001;8;1;22/11/2025;LNASUTI;;8000080756;10;1;LNASUTI;22/11/2025;27/11/2025;12438;TALLER 27/11;LNASUTI;27/11/2025;4900388719;10;CDAVID;27/11/2025;27/11/2025;;;;;;;;;;;;;;;9;;22/11/2025;00005;SEDE;0;0;-5;-1;0;0;0;;;;;;;5;;;;1;;;;;;GESTION ROSARIO;;;;;1;
00005 TALLER;1000077085;110;ZPAN;INSUMOS - ELECTRICID;;0;;;;SFLORES;1047792;CABLE UNIPOLAR TIERRA 2,5MM2;100;Materiales usuales;CUMPLIDO;MR01;1;4/11/2025;18/11/2025;noviembre;10135072;110;1;4/11/2025;6/11/2025;C11;4500112988;110;2001;1;JJCABRERA;12/11/2025;12/11/2025;18/11/2025;18/11/2025;C11;ELECTRICIDAD SERRA S.R.L.;100;0;0;100;5000153312;22/11/2025;2001;9;1;22/11/2025;LNASUTI;;8000080756;100;1;LNASUTI;22/11/2025;27/11/2025;12438;TALLER 27/11;LNASUTI;27/11/2025;4900388719;100;CDAVID;27/11/2025;27/11/2025;;;;;;;;;;;;;;;9;;22/11/2025;00005;SEDE;0;0;-5;-1;0;0;0;;;;;;;5;;;;1;;;;;;GESTION ROSARIO;;;;;1;
00005 TALLER;1000077085;120;ZPAN;INSUMOS - ELECTRICID;;0;;;;SFLORES;1047794;CABLE UNIPOLAR TIERRA 1,5MM2;100;Materiales usuales;CUMPLIDO;MR01;1;4/11/2025;18/11/2025;noviembre;10135072;120;1;4/11/2025;6/11/2025;C11;4500112988;120;2001;1;JJCABRERA;12/11/2025;12/11/2025;18/11/2025;18/11/2025;C11;ELECTRICIDAD SERRA S.R.L.;100;0;0;100;5000153312;22/11/2025;2001;10;1;22/11/2025;LNASUTI;;8000080756;100;1;LNASUTI;22/11/2025;27/11/2025;12438;TALLER 27/11;LNASUTI;27/11/2025;4900388719;100;CDAVID;27/11/2025;27/11/2025;;;;;;;;;;;;;;;9;;22/11/2025;00005;SEDE;0;0;-5;-1;0;0;0;;;;;;;5;;;;1;;;;;;GESTION ROSARIO;;;;;1;
00005 TALLER;1000077308;10;ZPAN;84100 - 84758;;0;;;;HCABELLO;1015947;MANGUERA ALTA PRESION 10 MM;12;Materiales genericos;CUMPLIDO;MM01;1;7/11/2025;27/11/2025;noviembre;10135386;10;1;7/11/2025;10/11/2025;EFO;4500113008;10;MM05;1;GROSES;12/11/2025;12/11/2025;27/11/2025;27/11/2025;EFO;GINER CARLOS ALBERTO;12;0;0;12;5000163761;3/3/2026;MM05;1;1;3/3/2026;GQUIROGA;;;0;0;;;;;;;;;0;;;;;;;;;;;;;;;;;;96;;3/3/2026;00005;OTRO;;;-97;-1;0;;;;;;;;;;;;;;;;;;;GESTION SAN JUAN;;;;;;
00005 TALLER;1000077308;20;ZPAN;84100 - 84758;;0;;;;HCABELLO;1015947;ACOPLE AIRE 2 VIAS MACHO TRILER;2;Materiales genericos;CUMPLIDO;MM01;1;7/11/2025;27/11/2025;noviembre;10135386;20;1;7/11/2025;10/11/2025;EFO;4500113008;20;MM05;1;GROSES;12/11/2025;12/11/2025;27/11/2025;27/11/2025;EFO;GINER CARLOS ALBERTO;2;0;0;2;5000163761;3/3/2026;MM05;2;1;3/3/2026;GQUIROGA;;;0;0;;;;;;;;;0;;;;;;;;;;;;;;;;;;96;;3/3/2026;00005;OTRO;;;-97;-1;0;;;;;;;;;;;;;;;;;;;GESTION SAN JUAN;;;;;;
00005 TALLER;1000077308;30;ZPAN;84100 - 84758;;0;;;;HCABELLO;1015947;ACOPLE AIRE A BOLILLA 3/8;2;Materiales genericos;CUMPLIDO;MM01;1;7/11/2025;27/11/2025;noviembre;10135386;30;1;7/11/2025;10/11/2025;EFO;4500113008;30;MM05;1;GROSES;12/11/2025;12/11/2025;27/11/2025;27/11/2025;EFO;GINER CARLOS ALBERTO;2;0;0;2;5000163761;3/3/2026;MM05;3;1;3/3/2026;GQUIROGA;;;0;0;;;;;;;;;0;;;;;;;;;;;;;;;;;;96;;3/3/2026;00005;OTRO;;;-97;-1;0;;;;;;;;;;;;;;;;;;;GESTION SAN JUAN;;;;;;
00005 TALLER;1000077308;40;ZPAN;84100 - 84758;;0;;;;HCABELLO;1015947;RACORD BRONCE 1/4 GAS A 5/16;4;Materiales genericos;CUMPLIDO;MM01;1;7/11/2025;27/11/2025;noviembre;10135386;40;1;7/11/2025;10/11/2025;EFO;4500113008;40;MM05;1;GROSES;12/11/2025;12/11/2025;27/11/2025;27/11/2025;EFO;GINER CARLOS ALBERTO;4;0;0;4;5000163761;3/3/2026;MM05;4;1;3/3/2026;GQUIROGA;;;0;0;;;;;;;;;0;;;;;;;;;;;;;;;;;;96;;3/3/2026;00005;OTRO;;;-97;-1;0;;;;;;;;;;;;;;;;;;;GESTION SAN JUAN;;;;;;
00005 TALLER;1000077308;50;ZPAN;84100 - 84758;;0;;;;HCABELLO;1015947;REDUCCION BRONCE 1/4 HEMBRA A 3/8;2;Materiales genericos;CUMPLIDO;MM01;1;7/11/2025;27/11/2025;noviembre;10135386;50;1;7/11/2025;10/11/2025;EFO;4500113008;50;MM05;1;GROSES;12/11/2025;12/11/2025;27/11/2025;27/11/2025;EFO;GINER CARLOS ALBERTO;2;0;0;2;5000163761;3/3/2026;MM05;5;1;3/3/2026;GQUIROGA;;;0;0;;;;;;;;;0;;;;;;;;;;;;;;;;;;96;;3/3/2026;00005;OTRO;;;-97;-1;0;;;;;;;;;;;;;;;;;;;GESTION SAN JUAN;;;;;;
00005 TALLER;1000077308;60;ZPAN;84100 - 84758;;0;;;;HCABELLO;1015947;TAPON BRONCE 1/4 GAS;2;Materiales genericos;CUMPLIDO;MM01;1;7/11/2025;27/11/2025;noviembre;10135386;60;1;7/11/2025;10/11/2025;EFO;4500113008;60;MM05;1;GROSES;12/11/2025;12/11/2025;27/11/2025;27/11/2025;EFO;GINER CARLOS ALBERTO;2;0;0;2;5000163761;3/3/2026;MM05;6;1;3/3/2026;GQUIROGA;;;0;0;;;;;;;;;0;;;;;;;;;;;;;;;;;;96;;3/3/2026;00005;OTRO;;;-97;-1;0;;;;;;;;;;;;;;;;;;;GESTION SAN JUAN;;;;;;
00005 TALLER;1000077342;20;ZPAN;PEDIDO TALLER - CONS;;0;;;;HCABELLO;1015947;BUJE DE REDUCCION M 3/8 NPT X H 1/4 NPT;2;Materiales genericos;CUMPLIDO;MM01;1;7/11/2025;27/11/2025;noviembre;10135455;20;1;7/11/2025;7/11/2025;EFO;4500113306;10;MM05;1;GROSES;17/11/2025;17/11/2025;27/11/2025;27/11/2025;EFO;OLIVARES ANTONIO ALBERTO;2;0;0;2;5000155228;11/12/2025;MM05;1;1;11/12/2025;GQUIROGA;;8000081729;2;1;GQUIROGA;11/12/2025;11/12/2025;;;;;;0;;;;;;;;;;;;;;;;;;14;;11/12/2025;00005;OTRO;0;0;-15;-1;0;0;;;;;;;;;;;;;;;;;;GESTION SAN JUAN;;;;;;
00005 TALLER;1000077342;30;ZPAN;PEDIDO TALLER - CONS;;0;;;;HCABELLO;1015947;VALVULA ESFERICA ALTA PRESION 3/8;1;Materiales genericos;CUMPLIDO;MM01;1;7/11/2025;27/11/2025;noviembre;10135455;30;1;7/11/2025;7/11/2025;EFO;4500113306;20;MM05;1;GROSES;17/11/2025;17/11/2025;27/11/2025;27/11/2025;EFO;OLIVARES ANTONIO ALBERTO;1;0;0;1;5000155228;11/12/2025;MM05;2;1;11/12/2025;GQUIROGA;;8000081729;1;1;GQUIROGA;11/12/2025;11/12/2025;;;;;;0;;;;;;;;;;;;;;;;;;14;;11/12/2025;00005;OTRO;0;0;-15;-1;0;0;;;;;;;;;;;;;;;;;;GESTION SAN JUAN;;;;;;
00005 TALLER;1000077342;40;ZPAN;PEDIDO TALLER - CONS;;0;;;;HCABELLO;1015947;ADAPTADOR RECTO M 3/8 NPT  X M3/8 NPT;1;Materiales genericos;CUMPLIDO;MM01;1;7/11/2025;27/11/2025;noviembre;10135455;40;1;7/11/2025;7/11/2025;EFO;4500113306;30;MM05;1;GROSES;17/11/2025;17/11/2025;27/11/2025;27/11/2025;EFO;OLIVARES ANTONIO ALBERTO;1;0;0;1;5000155228;11/12/2025;MM05;3;1;11/12/2025;GQUIROGA;;8000081729;1;1;GQUIROGA;11/12/2025;11/12/2025;;;;;;0;;;;;;;;;;;;;;;;;;14;;11/12/2025;00005;OTRO;0;0;-15;-1;0;0;;;;;;;;;;;;;;;;;;GESTION SAN JUAN;;;;;;
00005 TALLER;1000077342;50;ZPAN;PEDIDO TALLER - CONS;;0;;;;HCABELLO;1015947;ADAPTADOR RECTO M 3/8 NPT X M M18X1.5;1;Materiales genericos;CUMPLIDO;MM01;1;7/11/2025;27/11/2025;noviembre;10135455;50;1;7/11/2025;7/11/2025;EFO;4500113306;40;MM05;1;GROSES;17/11/2025;17/11/2025;27/11/2025;27/11/2025;EFO;OLIVARES ANTONIO ALBERTO;1;0;0;1;5000155228;11/12/2025;MM05;4;1;11/12/2025;GQUIROGA;;8000081729;1;1;GQUIROGA;11/12/2025;11/12/2025;;;;;;0;;;;;;;;;;;;;;;;;;14;;11/12/2025;00005;OTRO;0;0;-15;-1;0;0;;;;;;;;;;;;;;;;;;GESTION SAN JUAN;;;;;;
00005 TALLER;1000077342;60;ZPAN;PEDIDO TALLER - CONS;;0;;;;HCABELLO;1015947;ADAPTADOR TEE H-H-H 3/8 NPT;1;Materiales genericos;CUMPLIDO;MM01;1;7/11/2025;27/11/2025;noviembre;10135455;60;1;7/11/2025;7/11/2025;EFO;4500113306;50;MM05;1;GROSES;17/11/2025;17/11/2025;27/11/2025;27/11/2025;EFO;OLIVARES ANTONIO ALBERTO;1;0;0;1;5000155228;11/12/2025;MM05;5;1;11/12/2025;GQUIROGA;;8000081729;1;1;GQUIROGA;11/12/2025;11/12/2025;;;;;;0;;;;;;;;;;;;;;;;;;14;;11/12/2025;00005;OTRO;0;0;-15;-1;0;0;;;;;;;;;;;;;;;;;;GESTION SAN JUAN;;;;;;
00005 TALLER;1000077342;70;ZPAN;PEDIDO TALLER - CONS;;0;;;;HCABELLO;1015947;MANOMETRO 63 MM ACERO INOX RI 1/4 BSP;1;Materiales genericos;CUMPLIDO;MM01;1;7/11/2025;27/11/2025;noviembre;10135455;70;1;7/11/2025;7/11/2025;EFO;4500113306;60;MM05;1;GROSES;17/11/2025;17/11/2025;27/11/2025;27/11/2025;EFO;OLIVARES ANTONIO ALBERTO;1;0;0;1;5000155228;11/12/2025;MM05;6;1;11/12/2025;GQUIROGA;;8000081729;1;1;GQUIROGA;11/12/2025;11/12/2025;;;;;;0;;;;;;;;;;;;;;;;;;14;;11/12/2025;00005;OTRO;0;0;-15;-1;0;0;;;;;;;;;;;;;;;;;;GESTION SAN JUAN;;;;;;
00005 TALLER;1000077342;90;ZPAN;PEDIDO TALLER - CONS;;0;;;;HCABELLO;1015947;ABRAZADERA 12-22;4;Materiales genericos;CUMPLIDO;MM01;1;7/11/2025;27/11/2025;noviembre;10135455;90;1;7/11/2025;7/11/2025;EFO;4500113127;70;MM05;1;GROSES;13/11/2025;13/11/2025;27/11/2025;27/11/2025;EFO;RODRIGUEZ MARTINEZ EMILIO JOAQUIN;4;0;0;4;5000159710;24/1/2026;MM05;1;1;24/1/2026;GQUIROGA;;8000084097;4;1;GQUIROGA;24/1/2026;24/1/2026;;;;;4900406147;4;GQUIROGA;24/1/2026;24/1/2026;;;;;;;;;;;;;;;58;;24/1/2026;00005;OTRO;0;0;-59;-1;0;0;;;;;;;;;;;;;;;;;;GESTION SAN JUAN;;;;;;
00005 TALLER;1000077342;100;ZPAN;PEDIDO TALLER - CONS;;0;;;;HCABELLO;1015947;"ADAPTADOR 3/4 1"" 4746";2;Materiales genericos;CUMPLIDO;MM01;1;7/11/2025;27/11/2025;noviembre;10135455;100;1;7/11/2025;7/11/2025;EFO;4500113127;110;MM05;4;GROSES;13/11/2025;13/11/2025;27/11/2025;27/11/2025;EFO;RODRIGUEZ MARTINEZ EMILIO JOAQUIN;2;0;0;2;5000159710;24/1/2026;MM05;3;1;24/1/2026;GQUIROGA;;8000084097;2;1;GQUIROGA;24/1/2026;24/1/2026;;;;;4900406147;2;GQUIROGA;24/1/2026;24/1/2026;;;;;;;;;;;;;;;58;;24/1/2026;00005;OTRO;0;0;-59;-1;0;0;;;;;;;;;;;;;;;;;;GESTION SAN JUAN;;;;;;
00005 TALLER;1000077342;110;ZPAN;PEDIDO TALLER - CONS;;0;;;;HCABELLO;1015947;"TUBO ENC 1"" 33 MM";2;Materiales genericos;CUMPLIDO;MM01;1;7/11/2025;27/11/2025;noviembre;10135455;110;1;7/11/2025;7/11/2025;EFO;4500113127;90;MM05;1;GROSES;13/11/2025;13/11/2025;27/11/2025;27/11/2025;EFO;RODRIGUEZ MARTINEZ EMILIO JOAQUIN;2;0;0;2;5000159710;24/1/2026;MM05;2;1;24/1/2026;GQUIROGA;;8000084097;2;1;GQUIROGA;24/1/2026;24/1/2026;;;;;4900406147;2;GQUIROGA;24/1/2026;24/1/2026;;;;;;;;;;;;;;;58;;24/1/2026;00005;OTRO;0;0;-59;-1;0;0;;;;;;;;;;;;;;;;;;GESTION SAN JUAN;;;;;;
00005 TALLER;1000077371;50;ZPAN;INSUMOS - HERRERIA S;;0;;;;SFLORES;1047912;ELECTRODO P/PANTOGRAFO;3;Materiales usuales;CUMPLIDO;MR01;1;8/11/2025;22/11/2025;noviembre;10135484;50;1;8/11/2025;10/11/2025;C27;4500113243;10;MR05;1;JESPARZA;14/11/2025;14/11/2025;21/11/2025;29/11/2025;C27;FERRETERA SAN LUIS;3;0;0;3;5000155998;18/12/2025;2001;1;2;17/12/2025;LNASUTI;;8000080675;3;2;LNASUTI;20/11/2025;21/11/2025;12395;TALLER 21/11;LNASUTI;21/11/2025;4900396098;3;CDAVID;19/12/2025;18/12/2025;;;;;;;;;;;;;;;26;;18/12/2025;00005;SEDE;0;0;-26;-8;1;-28;0;;;;;;;26;;;;8;;;;;;GESTION ROSARIO;;;;;1;
00005 TALLER;1000077385;10;ZPAN;PEDIDO TALLER - VENT;;0;;;;HCABELLO;1011224;VENTILADOR INDUSTRIAL DE PARED 30PG;1;Materiales usuales;CUMPLIDO;MM01;1;8/11/2025;28/11/2025;noviembre;10135497;10;1;8/11/2025;10/11/2025;C19;4500114027;10;2001;1;VBARRA;27/11/2025;27/11/2025;28/11/2025;10/12/2025;C19;CASSAB HNOS S.R.L.;1;0;0;1;5000156109;18/12/2025;2001;1;1;17/12/2025;AITURRIETA;;8000082221;1;1;AITURRIETA;18/12/2025;18/12/2025;;;;;4900396353;1;GQUIROGA;19/12/2025;18/12/2025;;;;;;;;;;;;;;;20;;18/12/2025;00005;SEDE;0;0;-20;-13;1;0;;;;;;;;20;;;;13;;;;;;GESTION SAN JUAN;;;;;1;
00005 TALLER;1000077558;10;ZPAN;REPOS NO STOCK 11/1;;0;;;;SPONCE;1012862;AM010038 GRIS PUNTA MONTADA A-38 25x26;25;Materiales genericos;CUMPLIDO;MR01;1;11/11/2025;25/11/2025;noviembre;10135710;10;1;11/11/2025;12/11/2025;C27;4500113252;10;MR05;1;JESPARZA;14/11/2025;14/11/2025;21/11/2025;21/11/2025;C27;FERRETERA SAN LUIS;25;0;0;25;5000153504;26/11/2025;2001;1;1;26/11/2025;LNASUTI;;8000080886;25;1;LNASUTI;26/11/2025;27/11/2025;12438;TALLER 27/11;LNASUTI;27/11/2025;4900388727;25;CDAVID;27/11/2025;27/11/2025;;;;;;;;;;;;;;;2;;26/11/2025;00005;SEDE;0;0;-2;3;0;0;0;;;;;;;2;;;;;;;;;;GESTION ROSARIO;;;;;1;
00005 TALLER;1000077558;30;ZPAN;REPOS NO STOCK 11/1;;0;;;;SPONCE;1012862;AM010005 GRIS PUNTA MONT A-5 3/4x 1 1/8;25;Materiales genericos;CUMPLIDO;MR01;1;11/11/2025;25/11/2025;noviembre;10135710;30;1;11/11/2025;12/11/2025;C27;4500113252;30;MR05;1;JESPARZA;14/11/2025;14/11/2025;21/11/2025;21/11/2025;C27;FERRETERA SAN LUIS;25;0;0;25;5000153504;26/11/2025;2001;3;1;26/11/2025;LNASUTI;;8000080886;25;1;LNASUTI;26/11/2025;27/11/2025;12438;TALLER 27/11;LNASUTI;27/11/2025;4900388727;25;CDAVID;27/11/2025;27/11/2025;;;;;;;;;;;;;;;2;;26/11/2025;00005;SEDE;0;0;-2;3;0;0;0;;;;;;;2;;;;;;;;;;GESTION ROSARIO;;;;;1;
00005 TALLER;1000077558;40;ZPAN;REPOS NO STOCK 11/1;;0;;;;SPONCE;1012870;MECHA HSS EZETA DIN 338 2,00 MM;50;Materiales genericos;CUMPLIDO;MR01;1;11/11/2025;25/11/2025;noviembre;10135710;40;1;11/11/2025;12/11/2025;C27;4500113252;40;MR05;1;JESPARZA;14/11/2025;14/11/2025;21/11/2025;21/11/2025;C27;FERRETERA SAN LUIS;50;0;0;50;5000153504;26/11/2025;2001;4;1;26/11/2025;LNASUTI;;8000080886;50;1;LNASUTI;26/11/2025;27/11/2025;12438;TALLER 27/11;LNASUTI;27/11/2025;4900388727;50;CDAVID;27/11/2025;27/11/2025;;;;;;;;;;;;;;;2;;26/11/2025;00005;SEDE;0;0;-2;3;0;0;0;;;;;;;2;;;;;;;;;;GESTION ROSARIO;;;;;1;
00005 TALLER;1000077558;50;ZPAN;REPOS NO STOCK 11/1;;0;;;;SPONCE;1012870;MECHA HSS EZETA DIN 338 2,50 MM;50;Materiales genericos;CUMPLIDO;MR01;1;11/11/2025;25/11/2025;noviembre;10135710;50;1;11/11/2025;12/11/2025;C27;4500113252;50;MR05;1;JESPARZA;14/11/2025;14/11/2025;21/11/2025;21/11/2025;C27;FERRETERA SAN LUIS;50;0;0;50;5000153504;26/11/2025;2001;5;1;26/11/2025;LNASUTI;;8000080886;50;1;LNASUTI;26/11/2025;27/11/2025;12438;TALLER 27/11;LNASUTI;27/11/2025;4900388727;50;CDAVID;27/11/2025;27/11/2025;;;;;;;;;;;;;;;2;;26/11/2025;00005;SEDE;0;0;-2;3;0;0;0;;;;;;;2;;;;;;;;;;GESTION ROSARIO;;;;;1;
00005 TALLER;1000077558;60;ZPAN;REPOS NO STOCK 11/1;;0;;;;SPONCE;1012870;MECHA HSS EZETA DIN 338 3,00 MM;50;Materiales genericos;CUMPLIDO;MR01;1;11/11/2025;25/11/2025;noviembre;10135710;60;1;11/11/2025;12/11/2025;C27;4500113252;60;MR05;1;JESPARZA;14/11/2025;14/11/2025;21/11/2025;21/11/2025;C27;FERRETERA SAN LUIS;50;0;0;50;5000153504;26/11/2025;2001;6;1;26/11/2025;LNASUTI;;8000080886;50;1;LNASUTI;26/11/2025;27/11/2025;12438;TALLER 27/11;LNASUTI;27/11/2025;4900388727;50;CDAVID;27/11/2025;27/11/2025;;;;;;;;;;;;;;;2;;26/11/2025;00005;SEDE;0;0;-2;3;0;0;0;;;;;;;2;;;;;;;;;;GESTION ROSARIO;;;;;1;
00005 TALLER;1000077558;70;ZPAN;REPOS NO STOCK 11/1;;0;;;;SPONCE;1012870;MECHA HSS EZETA DIN 338 3,50 MM;50;Materiales genericos;CUMPLIDO;MR01;1;11/11/2025;25/11/2025;noviembre;10135710;70;1;11/11/2025;12/11/2025;C27;4500113252;70;MR05;1;JESPARZA;14/11/2025;14/11/2025;21/11/2025;21/11/2025;C27;FERRETERA SAN LUIS;50;0;0;50;5000153504;26/11/2025;2001;7;1;26/11/2025;LNASUTI;;8000080886;50;1;LNASUTI;26/11/2025;27/11/2025;12438;TALLER 27/11;LNASUTI;27/11/2025;4900388727;50;CDAVID;27/11/2025;27/11/2025;;;;;;;;;;;;;;;2;;26/11/2025;00005;SEDE;0;0;-2;3;0;0;0;;;;;;;2;;;;;;;;;;GESTION ROSARIO;;;;;1;
00005 TALLER;1000077558;80;ZPAN;REPOS NO STOCK 11/1;;0;;;;SPONCE;1012142;MECHA ACERO RAPIDO D4 MM;50;Materiales usuales;CUMPLIDO;MR01;1;11/11/2025;25/11/2025;noviembre;10135710;80;1;11/11/2025;12/11/2025;C27;4500113252;80;MR05;1;JESPARZA;14/11/2025;14/11/2025;21/11/2025;21/11/2025;C27;FERRETERA SAN LUIS;50;0;0;50;5000153504;26/11/2025;2001;8;1;26/11/2025;LNASUTI;;8000080886;50;1;LNASUTI;26/11/2025;27/11/2025;12438;TALLER 27/11;LNASUTI;27/11/2025;4900388727;50;CDAVID;27/11/2025;27/11/2025;;;;;;;;;;;;;;;2;;26/11/2025;00005;SEDE;0;0;-2;3;0;0;0;;;;;;;2;;;;;;;;;;GESTION ROSARIO;;;;;1;
00005 TALLER;1000077558;90;ZPAN;REPOS NO STOCK 11/1;;0;;;;SPONCE;1012143;MECHA ACERO RAPIDO D5 MM;50;Materiales usuales;CUMPLIDO;MR01;1;11/11/2025;25/11/2025;noviembre;10135710;90;1;11/11/2025;12/11/2025;C27;4500113252;90;MR05;1;JESPARZA;14/11/2025;14/11/2025;21/11/2025;21/11/2025;C27;FERRETERA SAN LUIS;50;0;0;50;5000153504;26/11/2025;2001;9;1;26/11/2025;LNASUTI;;8000080886;50;1;LNASUTI;26/11/2025;27/11/2025;12438;TALLER 27/11;LNASUTI;27/11/2025;4900388727;50;CDAVID;27/11/2025;27/11/2025;;;;;;;;;;;;;;;2;;26/11/2025;00005;SEDE;0;0;-2;3;0;0;0;;;;;;;2;;;;;;;;;;GESTION ROSARIO;;;;;1;
00005 TALLER;1000077558;100;ZPAN;REPOS NO STOCK 11/1;;0;;;;SPONCE;1012144;MECHA ACERO RAPIDO D6 MM;40;Materiales usuales;CUMPLIDO;MR01;1;11/11/2025;25/11/2025;noviembre;10135710;100;1;11/11/2025;12/11/2025;C27;4500113252;100;MR05;1;JESPARZA;14/11/2025;14/11/2025;21/11/2025;21/11/2025;C27;FERRETERA SAN LUIS;40;0;0;40;5000153504;26/11/2025;2001;10;1;26/11/2025;LNASUTI;;8000080886;40;1;LNASUTI;26/11/2025;27/11/2025;12438;TALLER 27/11;LNASUTI;27/11/2025;4900388727;40;CDAVID;27/11/2025;27/11/2025;;;;;;;;;;;;;;;2;;26/11/2025;00005;SEDE;0;0;-2;3;0;0;0;;;;;;;2;;;;;;;;;;GESTION ROSARIO;;;;;1;
00005 TALLER;1000077558;110;ZPAN;REPOS NO STOCK 11/1;;0;;;;SPONCE;1012146;MECHA ACERO RAPIDO D8 MM;30;Materiales usuales;CUMPLIDO;MR01;1;11/11/2025;25/11/2025;noviembre;10135710;110;1;11/11/2025;12/11/2025;C27;4500113252;110;MR05;1;JESPARZA;14/11/2025;14/11/2025;21/11/2025;21/11/2025;C27;FERRETERA SAN LUIS;30;0;0;30;5000153504;26/11/2025;2001;11;1;26/11/2025;LNASUTI;;8000080886;30;1;LNASUTI;26/11/2025;27/11/2025;12438;TALLER 27/11;LNASUTI;27/11/2025;4900388727;30;CDAVID;27/11/2025;27/11/2025;;;;;;;;;;;;;;;2;;26/11/2025;00005;SEDE;0;0;-2;3;0;0;0;;;;;;;2;;;;;;;;;;GESTION ROSARIO;;;;;1;
00005 TALLER;1000077558;120;ZPAN;REPOS NO STOCK 11/1;;0;;;;SPONCE;1012136;MECHA ACERO RAPIDO D10 MM;30;Materiales usuales;CUMPLIDO;MR01;1;11/11/2025;25/11/2025;noviembre;10135710;120;1;11/11/2025;12/11/2025;C27;4500113252;120;MR05;1;JESPARZA;14/11/2025;14/11/2025;21/11/2025;21/11/2025;C27;FERRETERA SAN LUIS;30;0;0;30;5000153504;26/11/2025;2001;12;1;26/11/2025;LNASUTI;;8000080886;30;1;LNASUTI;26/11/2025;27/11/2025;12438;TALLER 27/11;LNASUTI;27/11/2025;4900388727;30;CDAVID;27/11/2025;27/11/2025;;;;;;;;;;;;;;;2;;26/11/2025;00005;SEDE;0;0;-2;3;0;0;0;;;;;;;2;;;;;;;;;;GESTION ROSARIO;;;;;1;
00005 TALLER;1000077558;130;ZPAN;REPOS NO STOCK 11/1;;0;;;;SPONCE;1012138;MECHA ACERO RAPIDO D12 MM;20;Materiales usuales;CUMPLIDO;MR01;1;11/11/2025;25/11/2025;noviembre;10135710;130;1;11/11/2025;12/11/2025;C27;4500113252;130;MR05;1;JESPARZA;14/11/2025;14/11/2025;21/11/2025;21/11/2025;C27;FERRETERA SAN LUIS;20;0;0;20;5000153504;26/11/2025;2001;13;1;26/11/2025;LNASUTI;;8000080886;20;1;LNASUTI;26/11/2025;27/11/2025;12438;TALLER 27/11;LNASUTI;27/11/2025;4900388727;20;CDAVID;27/11/2025;27/11/2025;;;;;;;;;;;;;;;2;;26/11/2025;00005;SEDE;0;0;-2;3;0;0;0;;;;;;;2;;;;;;;;;;GESTION ROSARIO;;;;;1;
00005 TALLER;1000077558;140;ZPAN;REPOS NO STOCK 11/1;;0;;;;SPONCE;1012139;MECHA ACERO RAPIDO D13 MM;20;Materiales usuales;CUMPLIDO;MR01;1;11/11/2025;25/11/2025;noviembre;10135710;140;1;11/11/2025;12/11/2025;C27;4500113252;140;MR05;1;JESPARZA;14/11/2025;14/11/2025;21/11/2025;21/11/2025;C27;FERRETERA SAN LUIS;20;0;0;20;5000153504;26/11/2025;2001;14;1;26/11/2025;LNASUTI;;8000080886;20;1;LNASUTI;26/11/2025;27/11/2025;12438;TALLER 27/11;LNASUTI;27/11/2025;4900388727;20;CDAVID;27/11/2025;27/11/2025;;;;;;;;;;;;;;;2;;26/11/2025;00005;SEDE;0;0;-2;3;0;0;0;;;;;;;2;;;;;;;;;;GESTION ROSARIO;;;;;1;
00005 TALLER;1000077558;200;ZPAN;REPOS NO STOCK 11/1;;0;;;;SPONCE;1012896;Cepillo Fpl Descarbonizador A/lat 25x6 M;40;Materiales genericos;CUMPLIDO;MR01;1;11/11/2025;25/11/2025;noviembre;10135710;200;1;11/11/2025;12/11/2025;C27;4500113261;10;MR05;1;JESPARZA;14/11/2025;14/11/2025;21/11/2025;21/11/2025;C27;ARROYITO MAQUINARIAS S.R.L.;40;0;0;40;5000153539;26/11/2025;2001;1;1;26/11/2025;LNASUTI;;8000080916;40;1;LNASUTI;26/11/2025;27/11/2025;12438;TALLER 27/11;LNASUTI;27/11/2025;4900388701;40;CDAVID;27/11/2025;27/11/2025;;;;;;;;;;;;;;;2;;26/11/2025;00005;SEDE;0;0;-2;3;0;0;0;;;;;;;2;;;;;;;;;;GESTION ROSARIO;;;;;1;
00005 TALLER;1000077558;210;ZPAN;REPOS NO STOCK 11/1;;0;;;;SPONCE;1012896;ESAB 0700000010 - Lente exterior de poli;100;Materiales genericos;CUMPLIDO;MR01;1;11/11/2025;25/11/2025;noviembre;10135710;210;1;11/11/2025;12/11/2025;C27;4500113261;20;MR05;1;JESPARZA;14/11/2025;14/11/2025;21/11/2025;21/11/2025;C27;ARROYITO MAQUINARIAS S.R.L.;100;0;0;100;5000153539;26/11/2025;2001;2;1;26/11/2025;LNASUTI;;8000080916;100;1;LNASUTI;26/11/2025;27/11/2025;12438;TALLER 27/11;LNASUTI;27/11/2025;4900388701;100;CDAVID;27/11/2025;27/11/2025;;;;;;;;;;;;;;;2;;26/11/2025;00005;SEDE;0;0;-2;3;0;0;0;;;;;;;2;;;;;;;;;;GESTION ROSARIO;;;;;1;
00005 TALLER;1000077558;230;ZPAN;REPOS NO STOCK 11/1;;0;;;;SPONCE;1012942;ESAB 0468502009 PICO PARA SOLDAR ALAMBRE;48;Materiales genericos;CUMPLIDO;MR01;1;11/11/2025;25/11/2025;noviembre;10135710;230;1;11/11/2025;12/11/2025;C27;4500113252;150;MR05;1;JESPARZA;14/11/2025;14/11/2025;21/11/2025;21/11/2025;C27;FERRETERA SAN LUIS;48;0;0;48;5000153504;26/11/2025;2001;15;1;26/11/2025;LNASUTI;;8000080886;48;1;LNASUTI;26/11/2025;27/11/2025;12438;TALLER 27/11;LNASUTI;27/11/2025;4900388727;48;CDAVID;27/11/2025;27/11/2025;;;;;;;;;;;;;;;2;;26/11/2025;00005;SEDE;0;0;-2;3;0;0;0;;;;;;;2;;;;;;;;;;GESTION ROSARIO;;;;;1;
00005 TALLER;1000077558;500;ZPAN;REPOS NO STOCK 11/1;;0;;;;SPONCE;1012896;TAPAFUGAS DE RADIADOR LIQUI MOLY 150ML;4;Materiales genericos;CUMPLIDO;MR01;1;11/11/2025;25/11/2025;noviembre;10135710;660;1;14/11/2025;18/11/2025;C03;4500113982;10;MR05;1;FBERARDO;26/11/2025;26/11/2025;25/11/2025;25/11/2025;C03;ANTINORO FRANCISCO ERNESTO;4;0;0;4;5000153695;27/11/2025;MR05;1;1;27/11/2025;CDAVID;;;0;0;;;;;;;;;0;;;;;;;;;;;;;;;;;;2;;27/11/2025;00005;OTRO;;;-3;-1;0;;;;;;;;;;;;;;;;;;;GESTION ROSARIO;;;;;;
00005 TALLER;1000077558;600;ZPAN;REPOS NO STOCK 11/1;;0;;;;SPONCE;1012878;TUERCAS P/BUL MIL 6X1,00 G.8,8;500;Materiales genericos;CUMPLIDO;MR01;1;11/11/2025;25/11/2025;noviembre;10135710;600;1;11/11/2025;12/11/2025;C27;4500113300;90;MR05;1;JESPARZA;17/11/2025;17/11/2025;24/11/2025;30/11/2025;C27;ROMERO FERNANDO NAHUEL;500;0;0;500;5000153876;29/11/2025;2001;9;1;28/11/2025;JMORENO;;8000081097;500;1;JMORENO;29/11/2025;29/11/2025;12457;bulto taller jm;JMORENO;29/11/2025;4900390034;500;CDAVID;1/12/2025;29/11/2025;;;;;;;;;;;;;;;4;;29/11/2025;00005;SEDE;0;0;-4;-6;1;0;0;;;;;;;4;;;;6;;;;;;GESTION ROSARIO;;;;;1;
00005 TALLER;1000077558;620;ZPAN;REPOS NO STOCK 11/1;;0;;;;SPONCE;1012128;PRECINTOS NYLON 3,6 X 200 MM NEGROS X100;4;Materiales usuales;CUMPLIDO;MR01;1;11/11/2025;25/11/2025;noviembre;10135710;620;1;11/11/2025;12/11/2025;C27;4500113252;160;MR05;1;JESPARZA;14/11/2025;14/11/2025;21/11/2025;21/11/2025;C27;FERRETERA SAN LUIS;4;0;0;4;5000153504;26/11/2025;2001;16;1;26/11/2025;LNASUTI;;8000080886;4;1;LNASUTI;26/11/2025;27/11/2025;12438;TALLER 27/11;LNASUTI;27/11/2025;4900388727;4;CDAVID;27/11/2025;27/11/2025;;;;;;;;;;;;;;;2;;26/11/2025;00005;SEDE;0;0;-2;3;0;0;0;;;;;;;2;;;;;;;;;;GESTION ROSARIO;;;;;1;
00005 TALLER;1000077558;630;ZPAN;REPOS NO STOCK 11/1;;0;;;;SPONCE;1012130;PRECINTOS NYLON 4,8 X 250 MM NEGROS X100;4;Materiales usuales;CUMPLIDO;MR01;1;11/11/2025;25/11/2025;noviembre;10135710;630;1;11/11/2025;12/11/2025;C27;4500113252;170;MR05;1;JESPARZA;14/11/2025;14/11/2025;21/11/2025;21/11/2025;C27;FERRETERA SAN LUIS;4;0;0;4;5000153504;26/11/2025;2001;17;1;26/11/2025;LNASUTI;;8000080886;4;1;LNASUTI;26/11/2025;27/11/2025;12438;TALLER 27/11;LNASUTI;27/11/2025;4900388727;4;CDAVID;27/11/2025;27/11/2025;;;;;;;;;;;;;;;2;;26/11/2025;00005;SEDE;0;0;-2;3;0;0;0;;;;;;;2;;;;;;;;;;GESTION ROSARIO;;;;;1;
00005 TALLER;1000077558;640;ZPAN;REPOS NO STOCK 11/1;;0;;;;SPONCE;1012132;PRECINTOS NYLON 7.6 X 300 MM NEGROS X100;4;Materiales usuales;CUMPLIDO;MR01;1;11/11/2025;25/11/2025;noviembre;10135710;640;1;11/11/2025;12/11/2025;C27;4500113252;180;MR05;1;JESPARZA;14/11/2025;14/11/2025;21/11/2025;21/12/2025;C27;FERRETERA SAN LUIS;4;0;0;4;5000155370;12/12/2025;2001;1;1;12/12/2025;LNASUTI;;8000081811;4;1;LNASUTI;12/12/2025;12/12/2025;12641;TALLER 12/12;LNASUTI;12/12/2025;4900394065;4;CDAVID;13/12/2025;12/12/2025;;;;;;;;;;;;;;;17;;12/12/2025;00005;SEDE;0;0;-18;-27;0;0;0;;;;;;;18;;;;27;;;;;;GESTION ROSARIO;;;;;1;
00005 TALLER;1000077610;10;ZPAN;EPP DELSOGLIO.S;;0;;;;SDELSOGLIO;1011702;REMERA ALGOD M CORTA NEGRA C LOGO T.L;2;Materiales usuales;CUMPLIDO;MR01;1;12/11/2025;26/11/2025;noviembre;10135756;10;1;12/11/2025;12/11/2025;C28;4500113605;10;MR05;1;GDIAZ;20/11/2025;20/11/2025;5/12/2025;5/12/2025;C28;NUEVA REGINA S.R.L.;2;0;0;2;5000153953;30/11/2025;2001;1;1;30/11/2025;LNASUTI;;8000081140;2;1;LNASUTI;1/12/2025;1/12/2025;12479;TALLER 01/12;LNASUTI;1/12/2025;4900390033;2;CDAVID;1/12/2025;1/12/2025;;;;;;;;;;;;;;;5;;30/11/2025;00005;SEDE;0;0;-5;-10;0;1;0;;;;;;;5;;;;10;;;;;;GESTION ROSARIO;;;;;1;
00005 TALLER;1000077758;10;ZPAN;INSUMOS -SF/MB;;0;;;;SFLORES;1012888;CALZA AMARILLAS P/CAMIONES X UN;20;Materiales genericos;CUMPLIDO;MR01;1;14/11/2025;28/11/2025;noviembre;10135956;10;1;14/11/2025;14/11/2025;C27;4500113686;10;MR05;1;JESPARZA;21/11/2025;21/11/2025;28/11/2025;28/11/2025;C27;PROSEIND SA;20;0;0;20;5000154130;2/12/2025;2001;1;3;2/12/2025;LNASUTI;;8000081208;20;1;LNASUTI;2/12/2025;3/12/2025;12504;TALLER 03/12;LNASUTI;3/12/2025;4900390777;20;CDAVID;3/12/2025;3/12/2025;;;;;;;;;;;;;;;5;;2/12/2025;00005;SEDE;0;0;-5;-1;0;0;0;;;;;;;5;;;;1;;;;;;GESTION ROSARIO;;;;;1;
00005 TALLER;1000077524;10;ZPAN;82001 - CONECTORES;;0;;;;HCABELLO;1015947;CONECTOR FUER 0604;4;Materiales genericos;CUMPLIDO;MM01;1;11/11/2025;1/12/2025;diciembre;10135700;10;1;11/11/2025;11/11/2025;EFO;4500113317;10;MM05;1;GROSES;17/11/2025;17/11/2025;1/12/2025;1/12/2025;EFO;OLIVARES ANTONIO ALBERTO;4;0;0;4;5000155219;11/12/2025;MM05;1;1;11/12/2025;GQUIROGA;;8000081726;4;1;GQUIROGA;11/12/2025;11/12/2025;;;;;4900393124;4;GQUIROGA;11/12/2025;11/12/2025;;;;;;;;;;;;;;;10;;11/12/2025;00005;OTRO;0;0;-11;-1;0;0;;;;;;;;;;;;;;;;;;GESTION SAN JUAN;;;;;;
00005 TALLER;1000077558;250;ZPAN;REPOS NO STOCK 11/1;;0;;;;SPONCE;1033389;NOR-66261151661 LIJA AZUL;400;Materiales usuales;CUMPLIDO;MR01;1;11/11/2025;15/12/2025;diciembre;10135710;250;1;11/11/2025;12/11/2025;C27;4500113404;20;MR05;1;JESPARZA;18/11/2025;18/11/2025;24/11/2025;24/12/2025;C27;PASTORI MAXIMILIANO ANDRES;400;0;0;400;5000156641;26/12/2025;2001;1;1;22/12/2025;LNASUTI;;8000082562;400;1;LNASUTI;26/12/2025;26/12/2025;12793;TALLER 26/12;LNASUTI;26/12/2025;4900397704;400;CDAVID;26/12/2025;26/12/2025;;;;;;;;;;;;;;;11;;26/12/2025;00005;SEDE;0;0;-8;-10;4;0;0;;;;;;;8;;;;10;;;;;;GESTION ROSARIO;3;;;1;1;
00005 TALLER;1000077558;260;ZPAN;REPOS NO STOCK 11/1;;0;;;;SPONCE;1033391;NOR-66261151676 LIJA VERDE;200;Materiales usuales;CUMPLIDO;MR01;1;11/11/2025;15/12/2025;diciembre;10135710;260;1;11/11/2025;12/11/2025;C27;4500113404;30;MR05;1;JESPARZA;18/11/2025;18/11/2025;24/11/2025;24/12/2025;C27;PASTORI MAXIMILIANO ANDRES;200;0;0;200;5000156641;26/12/2025;2001;2;1;22/12/2025;LNASUTI;;8000082562;200;1;LNASUTI;26/12/2025;26/12/2025;12793;TALLER 26/12;LNASUTI;26/12/2025;4900397704;200;CDAVID;26/12/2025;26/12/2025;;;;;;;;;;;;;;;11;;26/12/2025;00005;SEDE;0;0;-8;-10;4;0;0;;;;;;;8;;;;10;;;;;;GESTION ROSARIO;3;;;1;1;
00005 TALLER;1000077558;270;ZPAN;REPOS NO STOCK 11/1;;0;;;;SPONCE;1033392;NOR-66261151683 LIJA ROJA;200;Materiales usuales;CUMPLIDO;MR01;1;11/11/2025;15/12/2025;diciembre;10135710;270;1;11/11/2025;12/11/2025;C27;4500113404;40;MR05;1;JESPARZA;18/11/2025;18/11/2025;24/11/2025;24/12/2025;C27;PASTORI MAXIMILIANO ANDRES;200;0;0;200;5000156641;26/12/2025;2001;3;1;22/12/2025;LNASUTI;;8000082562;200;1;LNASUTI;26/12/2025;26/12/2025;12793;TALLER 26/12;LNASUTI;26/12/2025;4900397704;200;CDAVID;26/12/2025;26/12/2025;;;;;;;;;;;;;;;11;;26/12/2025;00005;SEDE;0;0;-8;-10;4;0;0;;;;;;;8;;;;10;;;;;;GESTION ROSARIO;3;;;1;1;
00005 TALLER;1000077558;350;ZPAN;REPOS NO STOCK 11/1;;0;;;;SPONCE;1012485;MANGUERA GOMA TELA P HIDROCARBURO 8MM;50;Materiales usuales;CUMPLIDO;MR01;1;11/11/2025;15/12/2025;diciembre;10135710;350;1;11/11/2025;12/11/2025;C27;4500113309;80;MR05;1;JESPARZA;17/11/2025;17/11/2025;24/11/2025;24/12/2025;C27;IMPERIAL MOTOR S.A.;50;0;0;50;5000156168;18/12/2025;2001;1;1;18/12/2025;LNASUTI;;8000082251;50;1;LNASUTI;18/12/2025;18/12/2025;12716;TALLER 18/12;LNASUTI;18/12/2025;4900396111;50;CDAVID;19/12/2025;18/12/2025;;;;;;;;;;;;;;;3;;18/12/2025;00005;SEDE;0;0;-4;-10;0;0;0;;;;;;;4;;;;10;;;;;;GESTION ROSARIO;;;;;1;
00005 TALLER;1000077565;10;ZPAN;44004 - OT 20011639;;0;;;;HCABELLO;1014013;BUJES - TOPADOR CAT D6 T X L D S -440729;2;Materiales usuales equipo;CUMPLIDO;MM01;1;11/11/2025;1/12/2025;diciembre;10135713;10;1;11/11/2025;11/11/2025;C03;4500113205;10;MM05;1;RPEREZ;14/11/2025;14/11/2025;10/12/2025;10/12/2025;C03;FINNING ARGENTINA S.A.;2;0;0;2;5000155197;11/12/2025;MM05;1;1;10/12/2025;AITURRIETA;;8000081769;2;1;AITURRIETA;11/12/2025;11/12/2025;;;;;4900396471;2;GQUIROGA;20/12/2025;11/12/2025;;;;;;;;;;;;;;;10;;11/12/2025;00005;EQUIPOS;0;0;-10;-10;1;0;;;;;;;;;;;;;10;;;;10;GESTION SAN JUAN;;;;;;1
00005 TALLER;1000077565;20;ZPAN;44004 - OT 20011639;;0;;;;HCABELLO;1035267;BUJE PROTECTOR RADIADOR;2;Materiales Stock;CUMPLIDO;MM01;1;11/11/2025;1/12/2025;diciembre;10135713;20;1;11/11/2025;11/11/2025;C03;4500113205;20;MM05;1;RPEREZ;14/11/2025;14/11/2025;10/12/2025;10/12/2025;C03;FINNING ARGENTINA S.A.;2;0;0;2;5000155197;11/12/2025;MM05;2;1;10/12/2025;AITURRIETA;;8000081769;2;1;AITURRIETA;11/12/2025;11/12/2025;;;;;4900396471;2;GQUIROGA;20/12/2025;11/12/2025;;;;;;;;;;;;;;;10;;11/12/2025;00005;EQUIPOS;0;0;-10;-10;1;0;;;;;;;;;;;;;10;;;;10;GESTION SAN JUAN;;;;;;1
00005 TALLER;1000077565;30;ZPAN;44004 - OT 20011639;;0;;;;HCABELLO;1013933;PERNOS - TOPADOR CAT D6 T X L D S -44072;2;Materiales usuales equipo;CUMPLIDO;MM01;1;11/11/2025;1/12/2025;diciembre;10135713;30;1;11/11/2025;11/11/2025;C03;4500113205;30;MM05;1;RPEREZ;14/11/2025;14/11/2025;10/12/2025;10/12/2025;C03;FINNING ARGENTINA S.A.;2;0;0;2;5000155197;11/12/2025;MM05;3;1;10/12/2025;AITURRIETA;;8000081769;2;1;AITURRIETA;11/12/2025;11/12/2025;;;;;4900396471;2;GQUIROGA;20/12/2025;11/12/2025;;;;;;;;;;;;;;;10;;11/12/2025;00005;EQUIPOS;0;0;-10;-10;1;0;;;;;;;;;;;;;10;;;;10;GESTION SAN JUAN;;;;;;1
00005 TALLER;1000077565;40;ZPAN;44004 - OT 20011639;;0;;;;HCABELLO;1047954;PERNO PASADOR;2;Materiales Stock;CUMPLIDO;MM01;1;11/11/2025;1/12/2025;diciembre;10135713;40;1;11/11/2025;11/11/2025;C03;4500113205;40;MM05;1;RPEREZ;14/11/2025;14/11/2025;10/12/2025;10/12/2025;C03;FINNING ARGENTINA S.A.;2;0;0;2;5000155197;11/12/2025;MM05;4;1;10/12/2025;AITURRIETA;;8000081769;2;1;AITURRIETA;11/12/2025;11/12/2025;;;;;4900396471;2;GQUIROGA;20/12/2025;11/12/2025;;;;;;;;;;;;;;;10;;11/12/2025;00005;EQUIPOS;0;0;-10;-10;1;0;;;;;;;;;;;;;10;;;;10;GESTION SAN JUAN;;;;;;1
00005 TALLER;1000077565;50;ZPAN;44004 - OT 20011639;;0;;;;HCABELLO;1047955;PLACA;2;Materiales Stock;CUMPLIDO;MM01;1;11/11/2025;1/12/2025;diciembre;10135713;50;1;11/11/2025;11/11/2025;C03;4500113205;50;MM05;1;RPEREZ;14/11/2025;14/11/2025;10/12/2025;10/12/2025;C03;FINNING ARGENTINA S.A.;2;0;0;2;5000155197;11/12/2025;MM05;5;2;10/12/2025;AITURRIETA;;8000080894;2;2;AITURRIETA;26/11/2025;26/11/2025;;;;;4900396471;1;GQUIROGA;20/12/2025;11/12/2025;;;;;;;;;;;;;;;10;;11/12/2025;00005;EQUIPOS;0;0;-10;-10;1;-15;;;;;;;;;;;;;10;;;;10;GESTION SAN JUAN;;;;;;1
00005 TALLER;1000077565;90;ZPAN;44004 - OT 20011639;;0;;;;HCABELLO;1047957;ARANDELA;2;Materiales Stock;CUMPLIDO;MM01;1;11/11/2025;1/12/2025;diciembre;10135713;90;1;11/11/2025;11/11/2025;C03;4500113205;90;MM05;1;RPEREZ;14/11/2025;14/11/2025;10/12/2025;10/12/2025;C03;FINNING ARGENTINA S.A.;2;0;0;2;5000155197;11/12/2025;MM05;6;2;10/12/2025;AITURRIETA;;8000080894;2;2;AITURRIETA;26/11/2025;26/11/2025;;;;;4900396471;1;GQUIROGA;20/12/2025;11/12/2025;;;;;;;;;;;;;;;10;;11/12/2025;00005;EQUIPOS;0;0;-10;-10;1;-15;;;;;;;;;;;;;10;;;;10;GESTION SAN JUAN;;;;;;1
00005 TALLER;1000077597;10;ZPAN;PEDIDO TALLER - ORRI;;0;;;;HCABELLO;1015947;ORRINGS 5/8;10;Materiales genericos;CUMPLIDO;MM01;1;12/11/2025;2/12/2025;diciembre;10137527;10;1;4/12/2025;5/12/2025;EFO;4500113499;20;MM05;1;GROSES;19/11/2025;19/11/2025;;2/12/2025;EFO;EFE-EME S.R.L;10;0;0;10;5000159704;24/1/2026;MM05;1;1;24/1/2026;GQUIROGA;;8000084092;10;1;GQUIROGA;24/1/2026;24/1/2026;;;;;4900406119;10;GQUIROGA;24/1/2026;24/1/2026;;;;;;;;;;;;;;;53;;24/1/2026;00005;OTRO;0;0;-54;-1;0;0;;;;;;;;;;;;;;;;;;GESTION SAN JUAN;;;;;;
00005 TALLER;1000077597;20;ZPAN;PEDIDO TALLER - ORRI;;0;;;;HCABELLO;1015947;ORRINGS 1/2;10;Materiales genericos;CUMPLIDO;MM01;1;12/11/2025;2/12/2025;diciembre;10137527;20;1;4/12/2025;5/12/2025;EFO;4500113499;30;MM05;1;GROSES;19/11/2025;19/11/2025;;2/12/2025;EFO;EFE-EME S.R.L;10;0;0;10;5000159704;24/1/2026;MM05;2;1;24/1/2026;GQUIROGA;;8000084092;10;1;GQUIROGA;24/1/2026;24/1/2026;;;;;4900406119;10;GQUIROGA;24/1/2026;24/1/2026;;;;;;;;;;;;;;;53;;24/1/2026;00005;OTRO;0;0;-54;-1;0;0;;;;;;;;;;;;;;;;;;GESTION SAN JUAN;;;;;;
00005 TALLER;1000077597;30;ZPAN;PEDIDO TALLER - ORRI;;0;;;;HCABELLO;1015947;ORRINGS 13/32;10;Materiales genericos;CUMPLIDO;MM01;1;12/11/2025;2/12/2025;diciembre;10137527;30;1;4/12/2025;5/12/2025;EFO;4500113499;40;MM05;1;GROSES;19/11/2025;19/11/2025;;2/12/2025;EFO;EFE-EME S.R.L;10;0;0;10;5000159704;24/1/2026;MM05;3;1;24/1/2026;GQUIROGA;;8000084092;10;1;GQUIROGA;24/1/2026;24/1/2026;;;;;4900406119;10;GQUIROGA;24/1/2026;24/1/2026;;;;;;;;;;;;;;;53;;24/1/2026;00005;OTRO;0;0;-54;-1;0;0;;;;;;;;;;;;;;;;;;GESTION SAN JUAN;;;;;;
00005 TALLER;1000077647;10;ZPAN;RENOVACION LICENCIA;;0;;;;HCABELLO;1015947;RENOVACION LICENCIA SOFTWARE SIS 2.0;1;Materiales genericos;CUMPLIDO;MM01;1;12/11/2025;2/12/2025;diciembre;10135829;10;1;12/11/2025;12/11/2025;C03;4500113087;10;MM05;1;EFUNES;13/11/2025;13/11/2025;2/12/2025;20/1/2026;C03;FINNING ARGENTINA S.A.;1;0;0;1;5000160021;28/1/2026;MM05;1;1;28/1/2026;GROSES;;;0;0;;;;;;;;;0;;;;;;;;;;;;;;;;;;57;;28/1/2026;00005;EQUIPOS;;;-58;-50;0;;;;;;;;;;;;;;58;;;;50;GESTION SAN JUAN;;;;;;1
00005 TALLER;1000077659;10;ZPAN;Regulador Alta R410;;0;;;;HCABELLO;1012896;REGULADOR NITROGE ALTA R410 BAJA R22/12;1;Materiales genericos;CUMPLIDO;MM01;1;12/11/2025;2/12/2025;diciembre;10135838;20;1;17/11/2025;17/11/2025;C13;4500114445;10;MM05;1;MALVAREZ;2/12/2025;2/12/2025;3/12/2025;3/12/2025;C13;EFE-EME S.R.L;1;0;0;1;5000154478;4/12/2025;MM05;1;1;3/12/2025;AITURRIETA;;8000081358;1;1;AITURRIETA;4/12/2025;4/12/2025;;;;;4900392414;1;GQUIROGA;9/12/2025;4/12/2025;;;;;;;;;;;;;;;2;;4/12/2025;00005;SEDE;0;0;-2;-2;1;0;;;;;;;;2;;;;2;;;;;;GESTION SAN JUAN;;;;;1;
00005 TALLER;1000077671;10;ZPAN;43026 - 20010397;;0;;;;HCABELLO;1047989;BUJE;4;Materiales Stock;CUMPLIDO;MM01;1;13/11/2025;3/12/2025;diciembre;10135860;10;1;13/11/2025;13/11/2025;C03;4500113174;20;MM05;1;RPEREZ;13/11/2025;13/11/2025;3/12/2025;20/12/2025;C03;DIESEL LANGE S.R.L;4;0;0;4;5000158249;13/1/2026;2001;1;1;13/1/2026;FGONZALEZ;;8000084418;4;1;AITURRIETA;29/1/2026;29/1/2026;;;;;4900407762;4;OROBLES;29/1/2026;29/1/2026;;;;;;;;;;;;;;;57;;13/1/2026;00005;EQUIPOS;0;0;-42;-18;0;16;;;;;;;;;;;;;42;;;;18;GESTION SAN JUAN;;;;;;1
00005 TALLER;1000077671;20;ZPAN;43026 - 20010397;;0;;;;HCABELLO;1047990;BUJE DIVIDIDO;4;Materiales Stock;CUMPLIDO;MM01;1;13/11/2025;3/12/2025;diciembre;10135860;20;1;13/11/2025;13/11/2025;C03;4500113174;30;MM05;1;RPEREZ;13/11/2025;13/11/2025;3/12/2025;20/12/2025;C03;DIESEL LANGE S.R.L;4;0;0;4;5000156522;23/12/2025;MM05;1;1;19/12/2025;AITURRIETA;;8000082464;4;1;AITURRIETA;23/12/2025;23/12/2025;;;;;;0;;;;;;;;;;;;;;;;;;16;;19/12/2025;00005;EQUIPOS;0;0;-17;-18;4;0;;;;;;;;;;;;;17;;;;18;GESTION SAN JUAN;;3;;1;;1
00005 TALLER;1000077838;10;ZPAN;PEDIDO TALLER - BULO;;0;;;;HCABELLO;1015947;BULON 10.9 MA12X35;9;Materiales genericos;CUMPLIDO;MM01;1;14/11/2025;4/12/2025;diciembre;10136014;10;1;14/11/2025;17/11/2025;EFO;4500113361;10;MM05;1;GROSES;17/11/2025;17/11/2025;4/12/2025;4/12/2025;EFO;MEYNIEL S.R.L.;9;0;0;9;5000155255;11/12/2025;MM05;1;1;11/12/2025;GQUIROGA;;8000081750;9;1;GQUIROGA;11/12/2025;11/12/2025;;;;;4900393222;9;GQUIROGA;11/12/2025;11/12/2025;;;;;;;;;;;;;;;7;;11/12/2025;00005;OTRO;0;0;-8;-1;0;0;;;;;;;;;;;;;;;;;;GESTION SAN JUAN;;;;;;
00005 TALLER;1000077951;10;ZPAN;PEDIDO TALLER - INSU;;0;;;;HCABELLO;1012896;LOCTITE 277 TRAVA ROSCA TORQUE ALTO;6;Materiales genericos;CUMPLIDO;MM01;1;17/11/2025;5/12/2025;diciembre;10136112;10;1;17/11/2025;17/11/2025;C13;4500113814;10;MM05;1;MALVAREZ;25/11/2025;25/11/2025;5/12/2025;5/12/2025;C13;HERNANDEZ ROBERTO EMANUEL;6;0;0;6;5000155202;11/12/2025;MM05;1;1;10/12/2025;AITURRIETA;;8000081771;6;1;AITURRIETA;11/12/2025;11/12/2025;;;;;;0;;;;;;;;;;;;;;;;;;5;;10/12/2025;00005;SEDE;0;0;-6;-1;1;0;;;;;;;;6;;;;1;;;;;;GESTION SAN JUAN;;;;;1;
00005 TALLER;1000077951;20;ZPAN;PEDIDO TALLER - INSU;;0;;;;HCABELLO;1012896;LOCTITE 242 TRAVA ROSCA TORQUE MEDIO;6;Materiales genericos;CUMPLIDO;MM01;1;17/11/2025;5/12/2025;diciembre;10136112;20;1;17/11/2025;17/11/2025;C13;4500113814;20;MM05;1;MALVAREZ;25/11/2025;25/11/2025;5/12/2025;5/12/2025;C13;HERNANDEZ ROBERTO EMANUEL;6;0;0;6;5000155202;11/12/2025;MM05;2;1;10/12/2025;AITURRIETA;;8000081771;6;1;AITURRIETA;11/12/2025;11/12/2025;;;;;;0;;;;;;;;;;;;;;;;;;5;;10/12/2025;00005;SEDE;0;0;-6;-1;1;0;;;;;;;;6;;;;1;;;;;;GESTION SAN JUAN;;;;;1;
00005 TALLER;1000078092;10;ZPAN;INSUMO ELECTRICIST A;;0;;;;SFLORES;1048157;CABLE TPR TIPO TALLER 2X1MM2;100;Materiales usuales;CUMPLIDO;MR01;1;19/11/2025;3/12/2025;diciembre;10136344;10;1;19/11/2025;21/11/2025;C11;4500113870;60;2001;1;JJCABRERA;25/11/2025;25/11/2025;3/12/2025;8/12/2025;C11;CASA MAGNANI S.R.L.;100;0;0;100;5000156707;26/12/2025;2001;1;1;23/12/2025;JMORENO;;8000082589;100;1;JMORENO;26/12/2025;26/12/2025;12799;BULTO TALLER JM;JMORENO;26/12/2025;4900398196;100;CDAVID;30/12/2025;26/12/2025;;;;;;;;;;;;;;;23;;26/12/2025;00005;SEDE;0;0;-21;-6;3;0;0;;;;;;;21;;;;6;;;;;;GESTION ROSARIO;2;;;1;1;
00005 TALLER;1000078147;20;ZPAN;INSUMOS PVC - SF/LM;;0;;;;SFLORES;1026783;CURVA 90 PARA TUBO DE PVC 20MM;100;Materiales usuales;CUMPLIDO;MR01;1;20/11/2025;4/12/2025;diciembre;10136420;20;1;20/11/2025;21/11/2025;C11;4500114231;10;2001;1;JJCABRERA;1/12/2025;1/12/2025;9/12/2025;9/12/2025;C11;CASA MAGNANI S.R.L.;100;0;0;100;5000156477;22/12/2025;2001;1;2;19/12/2025;LNASUTI;;8000081842;100;2;LBARTON;12/12/2025;12/12/2025;12641;TALLER 12/12;LNASUTI;12/12/2025;4900397302;100;CDAVID;23/12/2025;23/12/2025;;;;;;;;;;;;;;;19;;22/12/2025;00005;SEDE;0;0;-16;-6;3;-10;0;;;;;;;16;;;;6;;;;;;GESTION ROSARIO;2;;;1;1;
00005 TALLER;1000078147;40;ZPAN;INSUMOS PVC - SF/LM;;0;;;;SFLORES;1047970;"UNION PVC P/CAÑO RIGIDO 3/4""";50;Materiales usuales;CUMPLIDO;MR01;1;20/11/2025;4/12/2025;diciembre;10136420;40;1;20/11/2025;21/11/2025;C11;4500114231;20;2001;1;JJCABRERA;1/12/2025;1/12/2025;9/12/2025;9/12/2025;C11;CASA MAGNANI S.R.L.;50;0;0;50;5000155454;12/12/2025;2001;2;1;12/12/2025;LBARTON;;8000081842;50;1;LBARTON;12/12/2025;12/12/2025;12641;TALLER 12/12;LNASUTI;12/12/2025;4900394069;50;CDAVID;13/12/2025;12/12/2025;;;;;;;;;;;;;;;8;;12/12/2025;00005;SEDE;0;0;-9;-6;0;0;0;;;;;;;9;;;;6;;;;;;GESTION ROSARIO;;;;;1;
00005 TALLER;1000078196;10;ZPAN;PEDIDO TALLER - CAÑO;;0;;;;HCABELLO;1015947;CAÑO CRISTAL FGP 9X12 X 10 METROS;1;Materiales genericos;CUMPLIDO;MM01;1;21/11/2025;12/12/2025;diciembre;10136501;10;1;21/11/2025;25/11/2025;EFO;4500114037;10;MM05;1;GROSES;27/11/2025;27/11/2025;12/12/2025;12/12/2025;EFO;RODRIGUEZ MARTINEZ EMILIO JOAQUIN;1;0;0;1;5000160015;28/1/2026;MM05;1;1;28/1/2026;GQUIROGA;;8000084280;1;1;GQUIROGA;28/1/2026;28/1/2026;;;;;4900407178;1;GQUIROGA;28/1/2026;28/1/2026;;;;;;;;;;;;;;;47;;28/1/2026;00005;OTRO;0;0;-48;-1;0;0;;;;;;;;;;;;;;;;;;GESTION SAN JUAN;;;;;;
00005 TALLER;1000078224;30;ZPAN;INSUMOS 79007 - SF/L;;0;;;;SFLORES;1047890;RIEL BISELADO 170BIS X6M;2;Materiales usuales;CUMPLIDO;MR01;1;21/11/2025;5/12/2025;diciembre;10136522;30;1;21/11/2025;21/11/2025;C27;4500115483;10;MR05;1;JESPARZA;16/12/2025;16/12/2025;19/12/2025;19/12/2025;C27;ROBERTO CALZAVARA S.R.L.;2;0;0;2;5000156147;18/12/2025;2001;1;1;18/12/2025;LNASUTI;;8000082232;2;1;LNASUTI;18/12/2025;18/12/2025;12716;TALLER 18/12;LNASUTI;18/12/2025;4900396100;2;CDAVID;19/12/2025;18/12/2025;;;;;;;;;;;;;;;13;;18/12/2025;00005;SEDE;0;0;-14;-15;0;0;0;;;;;;;14;;;;15;;;;;;GESTION ROSARIO;;;;;1;
00005 TALLER;1000078224;60;ZPAN;INSUMOS 79007 - SF/L;;0;;;;SFLORES;1047893;"ACOPLE MACHO ROSCA HEMBRA ALUMINIO 2""";3;Materiales usuales;CUMPLIDO;MR01;1;21/11/2025;5/12/2025;diciembre;10136522;60;1;21/11/2025;21/11/2025;C27;4500114921;40;MR05;1;JESPARZA;9/12/2025;9/12/2025;12/12/2025;24/12/2025;C27;GOMA 2000 DE TECNO PART S.A.;3;0;0;3;5000157167;2/1/2026;2001;1;1;2/1/2026;LNASUTI;;8000082863;3;1;LNASUTI;2/1/2026;3/1/2026;12872;TALLER 03/01;LNASUTI;3/1/2026;4900399010;3;CDAVID;3/1/2026;3/1/2026;;;;;;;;;;;;;;;29;;2/1/2026;00005;SEDE;0;0;-29;-20;0;0;0;;;;;;;29;;;;20;;;;;;GESTION ROSARIO;;;;;1;
00005 TALLER;1000078224;70;ZPAN;INSUMOS 79007 - SF/L;;0;;;;SFLORES;1047894;"ACOPLE MACHO ROSCA HEMBRA ALUMINIO 1""";2;Materiales usuales;CUMPLIDO;MR01;1;21/11/2025;5/12/2025;diciembre;10136522;70;1;21/11/2025;21/11/2025;C27;4500114921;50;MR05;1;JESPARZA;9/12/2025;9/12/2025;12/12/2025;24/12/2025;C27;GOMA 2000 DE TECNO PART S.A.;2;0;0;2;5000157167;2/1/2026;2001;2;1;2/1/2026;LNASUTI;;8000082863;2;1;LNASUTI;2/1/2026;3/1/2026;12872;TALLER 03/01;LNASUTI;3/1/2026;4900399010;2;CDAVID;3/1/2026;3/1/2026;;;;;;;;;;;;;;;29;;2/1/2026;00005;SEDE;0;0;-29;-20;0;0;0;;;;;;;29;;;;20;;;;;;GESTION ROSARIO;;;;;1;
00005 TALLER;1000078224;80;ZPAN;INSUMOS 79007 - SF/L;;0;;;;SFLORES;1047895;"TAPA HEMBRA P/ACOPLE 2""";3;Materiales usuales;CUMPLIDO;MR01;1;21/11/2025;5/12/2025;diciembre;10136522;80;1;21/11/2025;21/11/2025;C27;4500114921;60;MR05;1;JESPARZA;9/12/2025;9/12/2025;12/12/2025;24/12/2025;C27;GOMA 2000 DE TECNO PART S.A.;3;0;0;3;5000157167;2/1/2026;2001;3;1;2/1/2026;LNASUTI;;8000082863;3;1;LNASUTI;2/1/2026;3/1/2026;12872;TALLER 03/01;LNASUTI;3/1/2026;4900399010;3;CDAVID;3/1/2026;3/1/2026;;;;;;;;;;;;;;;29;;2/1/2026;00005;SEDE;0;0;-29;-20;0;0;0;;;;;;;29;;;;20;;;;;;GESTION ROSARIO;;;;;1;
00005 TALLER;1000078224;90;ZPAN;INSUMOS 79007 - SF/L;;0;;;;SFLORES;1047896;"TAPA HEMBRA P/ACOPLE 1""";2;Materiales usuales;CUMPLIDO;MR01;1;21/11/2025;5/12/2025;diciembre;10136522;90;1;21/11/2025;21/11/2025;C27;4500114921;70;MR05;1;JESPARZA;9/12/2025;9/12/2025;12/12/2025;24/12/2025;C27;GOMA 2000 DE TECNO PART S.A.;2;0;0;2;5000157167;2/1/2026;2001;4;1;2/1/2026;LNASUTI;;8000082863;2;1;LNASUTI;2/1/2026;3/1/2026;12872;TALLER 03/01;LNASUTI;3/1/2026;4900399010;2;CDAVID;3/1/2026;3/1/2026;;;;;;;;;;;;;;;29;;2/1/2026;00005;SEDE;0;0;-29;-20;0;0;0;;;;;;;29;;;;20;;;;;;GESTION ROSARIO;;;;;1;
00005 TALLER;1000078246;10;ZPAN;CORTINAS COMEDOR TAL;;0;;;;SPONCE;1012825;CORTINA ROLLER B.OUT S/PPTO 25283;6;Materiales genericos;CUMPLIDO;MR01;1;21/11/2025;5/12/2025;diciembre;10136574;10;1;21/11/2025;21/11/2025;C19;4500113752;10;MR05;1;VBARRA;21/11/2025;21/11/2025;5/12/2025;31/12/2025;C19;TODOCORT SRL;6;0;0;6;5000156820;29/12/2025;MR05;1;3;29/12/2025;SPONCE;;;0;0;;;;;;;;;0;;;;;;;;;;;;;;;;;;24;;29/12/2025;00005;SEDE;;;-25;-27;0;;;;;;;;;25;;;;27;;;;;;GESTION ROSARIO;;;;;1;
00005 TALLER;1000078279;10;ZPAN;INSUMOS HERRERIA - S;;0;;;;SFLORES;1012896;RUEDA FUNDICION Y POLIURETANO 100mm FIJA;14;Materiales genericos;CUMPLIDO;MR01;1;22/11/2025;6/12/2025;diciembre;10136609;10;1;22/11/2025;27/11/2025;C27;4500114312;10;MR05;1;JESPARZA;1/12/2025;1/12/2025;6/12/2025;5/1/2026;C27;MIGUELEZZI NATALIA SUSANA;14;0;0;14;5000157174;2/1/2026;2001;1;1;2/1/2026;LNASUTI;;8000082864;14;1;LNASUTI;2/1/2026;3/1/2026;12872;TALLER 03/01;LNASUTI;3/1/2026;4900399011;14;CDAVID;3/1/2026;3/1/2026;;;;;;;;;;;;;;;28;;2/1/2026;00005;SEDE;0;0;-28;-31;0;0;0;;;;;;;28;;;;31;;;;;;GESTION ROSARIO;;;;;1;
00005 TALLER;1000078279;20;ZPAN;INSUMOS HERRERIA - S;;0;;;;SFLORES;1012896;RUEDA FUNDIC Y POLIURE 100mm GIRATORIA;6;Materiales genericos;CUMPLIDO;MR01;1;22/11/2025;6/12/2025;diciembre;10136609;20;1;22/11/2025;27/11/2025;C27;4500114312;20;MR05;1;JESPARZA;1/12/2025;1/12/2025;6/12/2025;5/1/2026;C27;MIGUELEZZI NATALIA SUSANA;6;0;0;6;5000157174;2/1/2026;2001;2;1;2/1/2026;LNASUTI;;8000082864;6;1;LNASUTI;2/1/2026;3/1/2026;12872;TALLER 03/01;LNASUTI;3/1/2026;4900399011;6;CDAVID;3/1/2026;3/1/2026;;;;;;;;;;;;;;;28;;2/1/2026;00005;SEDE;0;0;-28;-31;0;0;0;;;;;;;28;;;;31;;;;;;GESTION ROSARIO;;;;;1;
00005 TALLER;1000078287;10;ZPAN;33212 - OT 20010501;;0;;;;HCABELLO;1033997;SENSOR FILTRO HIDRAULICO;1;Materiales Stock;CUMPLIDO;MM01;1;22/11/2025;15/12/2025;diciembre;10136614;20;1;25/11/2025;25/11/2025;C03;4500113884;10;MM05;1;EFUNES;26/11/2025;26/11/2025;17/12/2025;17/12/2025;C03;IGARRETA MAQUINAS S.A.;1;0;0;1;5000156519;23/12/2025;MM05;1;1;22/12/2025;AITURRIETA;;8000082466;1;1;AITURRIETA;23/12/2025;23/12/2025;;;;;;0;;;;;;;;;;;;;;;;;;7;;22/12/2025;00005;EQUIPOS;0;0;-8;-3;1;0;;;;;;;;;;;;;8;;;;3;GESTION SAN JUAN;;;;;;1
00005 TALLER;1000078368;10;ZPAN;79002 - OT 20011873;;0;;;;HCABELLO;1015947;CARRETEL DE MANG.P/ACEITE C/MANG CUENTAL;2;Materiales genericos;CUMPLIDO;MM01;1;25/11/2025;16/12/2025;diciembre;10136709;10;1;25/11/2025;25/11/2025;C39;4500114598;10;MM05;1;EFUNES;3/12/2025;4/12/2025;16/12/2025;31/1/2026;C39;HOUSE SERVICIOS E INSUMOS S. A. S.;2;0;0;2;5000157041;30/12/2025;MM05;1;1;23/12/2025;AITURRIETA;;8000082868;2;1;AITURRIETA;2/1/2026;2/1/2026;;;;;;0;;;;;;;;;;;;;;;;;;7;;23/12/2025;00005;EQUIPOS;0;0;-8;-47;7;3;;;;;;;;;;;;;8;;;;47;GESTION SAN JUAN;;6;;1;;1
00005 TALLER;1000078368;20;ZPAN;79002 - OT 20011873;;0;;;;HCABELLO;1015947;FILTRO REGULADOR DE AIRE EW3000-03;2;Materiales genericos;CUMPLIDO;MM01;1;25/11/2025;16/12/2025;diciembre;10136709;20;1;25/11/2025;25/11/2025;C39;4500114575;20;MM05;1;EFUNES;3/12/2025;3/12/2025;16/12/2025;20/1/2026;C39;HOUSE SERVICIOS E INSUMOS S. A. S.;2;0;0;2;5000157039;30/12/2025;MM05;1;1;23/12/2025;AITURRIETA;;8000082868;2;1;AITURRIETA;2/1/2026;2/1/2026;;;;;;0;;;;;;;;;;;;;;;;;;7;;23/12/2025;00005;EQUIPOS;0;0;-8;-36;7;3;;;;;;;;;;;;;8;;;;36;GESTION SAN JUAN;;6;;1;;1
00005 TALLER;1000078368;30;ZPAN;79002 - OT 20011873;;0;;;;HCABELLO;1015947;PISTOLA PARA ENGRASE NEUMATICA;1;Materiales genericos;CUMPLIDO;MM01;1;25/11/2025;16/12/2025;diciembre;10136709;30;1;25/11/2025;25/11/2025;C39;4500114575;30;MM05;1;EFUNES;3/12/2025;3/12/2025;16/12/2025;20/1/2026;C39;HOUSE SERVICIOS E INSUMOS S. A. S.;1;0;0;1;5000157039;30/12/2025;MM05;2;1;23/12/2025;AITURRIETA;;8000082868;1;1;AITURRIETA;2/1/2026;2/1/2026;;;;;;0;;;;;;;;;;;;;;;;;;7;;23/12/2025;00005;EQUIPOS;0;0;-8;-36;7;3;;;;;;;;;;;;;8;;;;36;GESTION SAN JUAN;;6;;1;;1
00005 TALLER;1000078414;10;ZPAN;REPOS NO STOCK 26/11;;0;;;;SPONCE;1012128;PRECINTOS NYLON 3,6 X 200 MM NEGROS X100;6;Materiales usuales;CUMPLIDO;MR01;1;26/11/2025;10/12/2025;diciembre;10136762;10;1;26/11/2025;27/11/2025;C27;4500114295;10;MR05;1;JESPARZA;1/12/2025;1/12/2025;10/12/2025;10/12/2025;C27;FERRETERA SAN LUIS;6;0;0;6;5000155355;12/12/2025;2001;1;3;12/12/2025;LNASUTI;;8000081803;6;1;LNASUTI;12/12/2025;12/12/2025;12641;TALLER 12/12;LNASUTI;12/12/2025;4900394060;6;CDAVID;13/12/2025;12/12/2025;;;;;;;;;;;;;;;2;;12/12/2025;00005;SEDE;0;0;-3;-1;0;0;0;;;;;;;3;;;;1;;;;;;GESTION ROSARIO;;;;;1;
00005 TALLER;1000078414;20;ZPAN;REPOS NO STOCK 26/11;;0;;;;SPONCE;1012130;PRECINTOS NYLON 4,8 X 250 MM NEGROS X100;6;Materiales usuales;CUMPLIDO;MR01;1;26/11/2025;10/12/2025;diciembre;10136762;20;1;26/11/2025;27/11/2025;C27;4500114295;20;MR05;1;JESPARZA;1/12/2025;1/12/2025;10/12/2025;10/12/2025;C27;FERRETERA SAN LUIS;6;0;0;6;5000155355;12/12/2025;2001;2;3;12/12/2025;LNASUTI;;8000081803;6;1;LNASUTI;12/12/2025;12/12/2025;12641;TALLER 12/12;LNASUTI;12/12/2025;4900394060;6;CDAVID;13/12/2025;12/12/2025;;;;;;;;;;;;;;;2;;12/12/2025;00005;SEDE;0;0;-3;-1;0;0;0;;;;;;;3;;;;1;;;;;;GESTION ROSARIO;;;;;1;
00005 TALLER;1000078414;30;ZPAN;REPOS NO STOCK 26/11;;0;;;;SPONCE;1012130;PRECINTOS NYLON 4,8 X 250 MM NEGROS X100;6;Materiales usuales;CUMPLIDO;MR01;1;26/11/2025;10/12/2025;diciembre;10136762;30;1;26/11/2025;27/11/2025;C27;4500114295;30;MR05;1;JESPARZA;1/12/2025;1/12/2025;10/12/2025;10/12/2025;C27;FERRETERA SAN LUIS;6;0;0;6;5000155355;12/12/2025;2001;3;3;12/12/2025;LNASUTI;;8000081803;6;1;LNASUTI;12/12/2025;12/12/2025;12641;TALLER 12/12;LNASUTI;12/12/2025;4900394060;6;CDAVID;13/12/2025;12/12/2025;;;;;;;;;;;;;;;2;;12/12/2025;00005;SEDE;0;0;-3;-1;0;0;0;;;;;;;3;;;;1;;;;;;GESTION ROSARIO;;;;;1;
00005 TALLER;1000078414;40;ZPAN;REPOS NO STOCK 26/11;;0;;;;SPONCE;1012130;PRECINTOS NYLON 4,8 X 250 MM NEGROS X100;6;Materiales usuales;CUMPLIDO;MR01;1;26/11/2025;10/12/2025;diciembre;10136762;40;1;26/11/2025;27/11/2025;C27;4500114295;40;MR05;1;JESPARZA;1/12/2025;1/12/2025;10/12/2025;10/12/2025;C27;FERRETERA SAN LUIS;6;0;0;6;5000155355;12/12/2025;2001;4;3;12/12/2025;LNASUTI;;8000081803;6;1;LNASUTI;12/12/2025;12/12/2025;12641;TALLER 12/12;LNASUTI;12/12/2025;4900394060;6;CDAVID;13/12/2025;12/12/2025;;;;;;;;;;;;;;;2;;12/12/2025;00005;SEDE;0;0;-3;-1;0;0;0;;;;;;;3;;;;1;;;;;;GESTION ROSARIO;;;;;1;
00005 TALLER;1000078414;50;ZPAN;REPOS NO STOCK 26/11;;0;;;;SPONCE;1012870;ESPATULA PINTOR 50 MM;10;Materiales genericos;CUMPLIDO;MR01;1;26/11/2025;10/12/2025;diciembre;10136762;50;1;26/11/2025;27/11/2025;C27;4500114295;50;MR05;1;JESPARZA;1/12/2025;1/12/2025;10/12/2025;10/12/2025;C27;FERRETERA SAN LUIS;10;0;0;10;5000155355;12/12/2025;2001;5;3;12/12/2025;LNASUTI;;8000081803;10;1;LNASUTI;12/12/2025;12/12/2025;12641;TALLER 12/12;LNASUTI;12/12/2025;4900394060;10;CDAVID;13/12/2025;12/12/2025;;;;;;;;;;;;;;;2;;12/12/2025;00005;SEDE;0;0;-3;-1;0;0;0;;;;;;;3;;;;1;;;;;;GESTION ROSARIO;;;;;1;
00005 TALLER;1000078414;60;ZPAN;REPOS NO STOCK 26/11;;0;;;;SPONCE;1012870;ESPATULA PINTOR 75 MM;10;Materiales genericos;CUMPLIDO;MR01;1;26/11/2025;10/12/2025;diciembre;10136762;60;1;26/11/2025;27/11/2025;C27;4500114295;60;MR05;1;JESPARZA;1/12/2025;1/12/2025;10/12/2025;10/12/2025;C27;FERRETERA SAN LUIS;10;0;0;10;5000155355;12/12/2025;2001;6;3;12/12/2025;LNASUTI;;8000081803;10;1;LNASUTI;12/12/2025;12/12/2025;12641;TALLER 12/12;LNASUTI;12/12/2025;4900394060;10;CDAVID;13/12/2025;12/12/2025;;;;;;;;;;;;;;;2;;12/12/2025;00005;SEDE;0;0;-3;-1;0;0;0;;;;;;;3;;;;1;;;;;;GESTION ROSARIO;;;;;1;
00005 TALLER;1000078414;70;ZPAN;REPOS NO STOCK 26/11;;0;;;;SPONCE;1012888;CEPILLO FPL MANUAL INOXIDABLE art 131;24;Materiales genericos;CUMPLIDO;MR01;1;26/11/2025;10/12/2025;diciembre;10136762;70;1;26/11/2025;27/11/2025;C27;4500114295;70;MR05;1;JESPARZA;1/12/2025;1/12/2025;10/12/2025;10/12/2025;C27;FERRETERA SAN LUIS;24;0;0;24;5000155355;12/12/2025;2001;7;3;12/12/2025;LNASUTI;;8000081803;24;1;LNASUTI;12/12/2025;12/12/2025;12641;TALLER 12/12;LNASUTI;12/12/2025;4900394060;24;CDAVID;13/12/2025;12/12/2025;;;;;;;;;;;;;;;2;;12/12/2025;00005;SEDE;0;0;-3;-1;0;0;0;;;;;;;3;;;;1;;;;;;GESTION ROSARIO;;;;;1;
00005 TALLER;1000078414;100;ZPAN;REPOS NO STOCK 26/11;;0;;;;SPONCE;1012873;GRASA BLANCA EN AEROSOL x 300;24;Materiales genericos;CUMPLIDO;MR01;1;26/11/2025;10/12/2025;diciembre;10136762;100;1;26/11/2025;26/11/2025;C03;4500114448;10;MR05;1;FBERARDO;2/12/2025;2/12/2025;10/12/2025;20/1/2026;C03;ARROYITO MAQUINARIAS S.R.L.;24;0;0;24;5000156688;26/12/2025;2001;1;2;23/12/2025;JMORENO;;8000081485;24;2;LNASUTI;6/12/2025;9/12/2025;12564;TALLER 09/12;LNASUTI;9/12/2025;4900398202;24;CDAVID;30/12/2025;26/12/2025;;;;;;;;;;;;;;;16;;26/12/2025;00005;OTRO;0;0;-14;-42;3;-20;0;;;;;;;;;;;;;;;;;GESTION ROSARIO;2;;;1;;
00005 TALLER;1000078414;110;ZPAN;REPOS NO STOCK 26/11;;0;;;;SPONCE;1012873;GRASA GRAFITADA EN AEROSOL x 300;24;Materiales genericos;CUMPLIDO;MR01;1;26/11/2025;10/12/2025;diciembre;10136762;110;1;26/11/2025;26/11/2025;C03;4500114448;20;MR05;1;FBERARDO;2/12/2025;2/12/2025;10/12/2025;20/1/2026;C03;ARROYITO MAQUINARIAS S.R.L.;24;0;0;24;5000156688;26/12/2025;2001;2;2;23/12/2025;JMORENO;;8000081485;24;2;LNASUTI;6/12/2025;9/12/2025;12564;TALLER 09/12;LNASUTI;9/12/2025;4900398202;24;CDAVID;30/12/2025;26/12/2025;;;;;;;;;;;;;;;16;;26/12/2025;00005;OTRO;0;0;-14;-42;3;-20;0;;;;;;;;;;;;;;;;;GESTION ROSARIO;2;;;1;;
00005 TALLER;1000078414;130;ZPAN;REPOS NO STOCK 26/11;;0;;;;SPONCE;1012892;MANGUERA SOLYON PRESION AIRE ROJA 8MM;100;Materiales genericos;CUMPLIDO;MR01;1;26/11/2025;10/12/2025;diciembre;10136762;130;1;26/11/2025;27/11/2025;C27;4500114295;100;MR05;1;JESPARZA;1/12/2025;1/12/2025;10/12/2025;10/12/2025;C27;FERRETERA SAN LUIS;100;0;0;100;5000155355;12/12/2025;2001;8;3;12/12/2025;LNASUTI;;8000081803;100;1;LNASUTI;12/12/2025;12/12/2025;12641;TALLER 12/12;LNASUTI;12/12/2025;4900394060;100;CDAVID;13/12/2025;12/12/2025;;;;;;;;;;;;;;;2;;12/12/2025;00005;SEDE;0;0;-3;-1;0;0;0;;;;;;;3;;;;1;;;;;;GESTION ROSARIO;;;;;1;
00005 TALLER;1000078414;140;ZPAN;REPOS NO STOCK 26/11;;0;;;;SPONCE;1012892;MANGUERA SOLYON PRESION AIRE ROJA 10MM;100;Materiales genericos;CUMPLIDO;MR01;1;26/11/2025;10/12/2025;diciembre;10136762;140;1;26/11/2025;27/11/2025;C27;4500114295;110;MR05;1;JESPARZA;1/12/2025;1/12/2025;10/12/2025;10/12/2025;C27;FERRETERA SAN LUIS;100;0;0;100;5000155355;12/12/2025;2001;9;3;12/12/2025;LNASUTI;;8000081803;100;1;LNASUTI;12/12/2025;12/12/2025;12641;TALLER 12/12;LNASUTI;12/12/2025;4900394060;100;CDAVID;13/12/2025;12/12/2025;;;;;;;;;;;;;;;2;;12/12/2025;00005;SEDE;0;0;-3;-1;0;0;0;;;;;;;3;;;;1;;;;;;GESTION ROSARIO;;;;;1;
00005 TALLER;1000078414;150;ZPAN;REPOS NO STOCK 26/11;;0;;;;SPONCE;1012892;MANGUERA SOLYON PRESION AIRE ROJA 12MM;100;Materiales genericos;CUMPLIDO;MR01;1;26/11/2025;10/12/2025;diciembre;10136762;150;1;26/11/2025;27/11/2025;C27;4500114295;120;MR05;1;JESPARZA;1/12/2025;1/12/2025;10/12/2025;10/12/2025;C27;FERRETERA SAN LUIS;100;0;0;100;5000155355;12/12/2025;2001;10;3;12/12/2025;LNASUTI;;8000081803;100;1;LNASUTI;12/12/2025;12/12/2025;12641;TALLER 12/12;LNASUTI;12/12/2025;4900394060;100;CDAVID;13/12/2025;12/12/2025;;;;;;;;;;;;;;;2;;12/12/2025;00005;SEDE;0;0;-3;-1;0;0;0;;;;;;;3;;;;1;;;;;;GESTION ROSARIO;;;;;1;
00005 TALLER;1000078414;160;ZPAN;REPOS NO STOCK 26/11;;0;;;;SPONCE;1012892;MANGUERA SOLYON PRESION AIRE ROJA 16MM;50;Materiales genericos;CUMPLIDO;MR01;1;26/11/2025;10/12/2025;diciembre;10136762;160;1;26/11/2025;27/11/2025;C27;4500114295;130;MR05;1;JESPARZA;1/12/2025;1/12/2025;10/12/2025;10/12/2025;C27;FERRETERA SAN LUIS;50;0;0;50;5000155355;12/12/2025;2001;11;3;12/12/2025;LNASUTI;;8000081803;50;1;LNASUTI;12/12/2025;12/12/2025;12641;TALLER 12/12;LNASUTI;12/12/2025;4900394060;50;CDAVID;13/12/2025;12/12/2025;;;;;;;;;;;;;;;2;;12/12/2025;00005;SEDE;0;0;-3;-1;0;0;0;;;;;;;3;;;;1;;;;;;GESTION ROSARIO;;;;;1;
00005 TALLER;1000078414;170;ZPAN;REPOS NO STOCK 26/11;;0;;;;SPONCE;1012050;DISCO FLAP DESBASTE 115MM GRANO 80;80;Materiales usuales;CUMPLIDO;MR01;1;26/11/2025;10/12/2025;diciembre;10136762;170;1;26/11/2025;27/11/2025;C27;4500114295;140;MR05;1;JESPARZA;1/12/2025;1/12/2025;10/12/2025;10/12/2025;C27;FERRETERA SAN LUIS;80;0;0;80;5000155355;12/12/2025;2001;12;3;12/12/2025;LNASUTI;;8000081803;80;1;LNASUTI;12/12/2025;12/12/2025;12641;TALLER 12/12;LNASUTI;12/12/2025;4900394060;80;CDAVID;13/12/2025;12/12/2025;;;;;;;;;;;;;;;2;;12/12/2025;00005;SEDE;0;0;-3;-1;0;0;0;;;;;;;3;;;;1;;;;;;GESTION ROSARIO;;;;;1;
00005 TALLER;1000078414;230;ZPAN;REPOS NO STOCK 26/11;;0;;;;SPONCE;1009666;DETERGENTE P HIDRO KC RCHER RM 110 ASF;15;Materiales usuales;CUMPLIDO;MR01;1;26/11/2025;10/12/2025;diciembre;10136762;230;1;26/11/2025;27/11/2025;C17;4500114553;10;2001;1;GJULIANI;3/12/2025;3/12/2025;19/12/2025;19/12/2025;C17;BASSANELLI GABRIEL ALBERTO;15;0;0;15;5000157837;9/1/2026;2001;1;1;9/1/2026;JDICEVICUIS;;8000083230;15;1;JDICEVICUIS;9/1/2026;9/1/2026;12948;TALLER 09/01;LNASUTI;9/1/2026;4900401547;15;SPONCE;12/1/2026;9/1/2026;;;;;;;;;;;;;;;30;;9/1/2026;00005;SEDE;0;0;-31;-10;0;0;0;;;;;;;31;;;;10;;;;;;GESTION ROSARIO;;;;;1;
00005 TALLER;1000078414;240;ZPAN;REPOS NO STOCK 26/11;;0;;;;SPONCE;1012896;TAPAFUGAS DE RADIADOR LIQUI MOLY 150ML;6;Materiales genericos;CUMPLIDO;MR01;1;26/11/2025;10/12/2025;diciembre;10136762;240;1;26/11/2025;9/12/2025;C03;4500114989;10;MR05;1;FBERARDO;10/12/2025;10/12/2025;15/12/2025;15/12/2025;C03;ANTINORO FRANCISCO ERNESTO;6;0;0;6;5000155311;12/12/2025;MR05;1;1;12/12/2025;CDAVID;;;0;0;;;;;;;;;0;;;;;;;;;;;;;;;;;;2;;12/12/2025;00005;OTRO;;;-3;-6;0;;;;;;;;;;;;;;;;;;;GESTION ROSARIO;;;;;;
00005 TALLER;1000078503;10;ZPAN;43015 - 20012448;;0;;;;HCABELLO;1024043;PRECAP DIRECCION;2;Materiales Stock;CUMPLIDO;MM01;1;27/11/2025;18/12/2025;diciembre;10136883;10;1;27/11/2025;27/11/2025;C03;4500114543;140;MM05;1;RPEREZ;3/12/2025;3/12/2025;;15/12/2025;C03;DIESEL LANGE S.R.L;2;0;0;2;5000156538;23/12/2025;2001;11;1;19/12/2025;AITURRIETA;;8000082463;2;1;AITURRIETA;23/12/2025;23/12/2025;;;;;4900400502;2;GQUIROGA;8/1/2026;23/12/2025;;;;;;;;;;;;;;;5;;23/12/2025;00005;EQUIPOS;0;0;-2;2;4;0;;;;;;;;;;;;;2;;;;;GESTION SAN JUAN;;3;;1;;1
00005 TALLER;1000078546;20;ZPAN;INSUMO PINTURA - SF/;;0;;;;SFLORES;1012043;DISCO ANTIEMPASTE MASTER C 6 P152MM G80;400;Materiales usuales;CUMPLIDO;MR01;1;28/11/2025;12/12/2025;diciembre;10136962;20;1;28/11/2025;28/11/2025;C27;4500115281;20;MR05;1;JESPARZA;12/12/2025;12/12/2025;12/12/2025;19/12/2025;C27;IMPERIAL MOTOR S.A.;400;0;0;400;5000156176;18/12/2025;2001;1;1;17/12/2025;LNASUTI;;8000082298;400;1;LNASUTI;18/12/2025;22/12/2025;12759;TALLER 22/12;LNASUTI;22/12/2025;4900396924;400;CDAVID;22/12/2025;22/12/2025;;;;;;;;;;;;;;;10;;18/12/2025;00005;SEDE;0;0;-6;-8;1;0;0;;;;;;;6;;;;8;;;;;;GESTION ROSARIO;;;;;1;
00005 TALLER;1000078792;10;ZPAN;PEDIDO TALLER - LOCT;;0;;;;HCABELLO;1012896;LOCTITE 518  X 250 GRS;2;Materiales genericos;CUMPLIDO;MM01;1;1/12/2025;22/12/2025;diciembre;10137232;10;1;1/12/2025;3/12/2025;C13;4500115405;20;MM05;1;MALVAREZ;15/12/2025;15/12/2025;22/12/2025;22/12/2025;C13;HERNANDEZ ROBERTO EMANUEL;2;0;0;2;5000157045;30/12/2025;MM05;2;1;26/12/2025;AITURRIETA;;8000082871;2;1;AITURRIETA;2/1/2026;2/1/2026;;;;;;0;;;;;;;;;;;;;;;;;;4;;26/12/2025;00005;SEDE;0;0;-5;-1;4;3;;;;;;;;5;;;;1;;;;;;GESTION SAN JUAN;;3;;1;1;
00005 TALLER;1000078848;10;ZPAN;78115 - OT 20012567;;0;;;;HCABELLO;1015947;ABRAZADERA ALTA PRESION DE 117;4;Materiales genericos;CUMPLIDO;MM01;1;2/12/2025;23/12/2025;diciembre;10137302;10;1;2/12/2025;3/12/2025;EFO;4500114979;10;MM05;1;GROSES;10/12/2025;10/12/2025;23/12/2025;23/12/2025;EFO;OLIVARES ANTONIO ALBERTO;4;0;0;4;5000158443;14/1/2026;MM05;1;1;14/1/2026;GQUIROGA;;;4;1;GQUIROGA;14/1/2026;;;;;;;0;;;;;;;;;;;;;;;;;;22;;14/1/2026;00005;OTRO;0;0;-23;-1;0;0;;;;;;;;;;;;;;;;;;GESTION SAN JUAN;;;;;;
00005 TALLER;1000078884;10;ZPAN;HERRAMIENTA - PINTUR;;0;;;;SFLORES;1035964;PISTOLA SOPLETE P/PINTAR POR GRAVEDAD;1;Materiales usuales;CUMPLIDO;MR01;1;3/12/2025;17/12/2025;diciembre;10137349;10;1;3/12/2025;3/12/2025;C27;4500115498;10;MR05;1;JESPARZA;16/12/2025;16/12/2025;17/12/2025;17/12/2025;C27;LOPEZ - FORCINITI S.A.;1;0;0;1;5000156651;26/12/2025;2001;1;1;22/12/2025;LNASUTI;;8000082563;1;1;LNASUTI;26/12/2025;26/12/2025;12793;TALLER 26/12;LNASUTI;26/12/2025;4900397705;1;CDAVID;26/12/2025;26/12/2025;;;;;;;;;;;;;;;9;;26/12/2025;00005;SEDE;0;0;-6;-1;4;0;0;;;;;;;6;;;;1;;;;;;GESTION ROSARIO;3;;;1;1;
00005 TALLER;1000078887;10;ZPAN;INSUMOS HERRERIA - S;;0;;;;SFLORES;1048513;ELECTRODO UTP LEDURIT 65 D3,2MM X5KG;1;Materiales usuales;CUMPLIDO;MR01;1;3/12/2025;17/12/2025;diciembre;10137353;10;1;3/12/2025;3/12/2025;C27;4500116321;10;MR05;1;JESPARZA;29/12/2025;29/12/2025;2/1/2026;2/1/2026;C27;VOESTALPINE HIGH PERFORMANCE METALS;1;0;0;1;5000159645;23/1/2026;MR05;1;1;23/1/2026;JDICEVICUIS;;8000084038;1;1;JDICEVICUIS;23/1/2026;24/1/2026;13171;TALLER 24/01;LNASUTI;24/1/2026;4900406322;1;CDAVID;26/1/2026;24/1/2026;;;;;;;;;;;;;;;38;;24/1/2026;00005;SEDE;0;0;-38;-17;0;0;0;;;;;;;38;;;;17;;;;;;GESTION ROSARIO;;;;;1;
00005 TALLER;1000078931;10;ZPAN;INDUMENTARIA - LN -;;0;;;;LNUNEZ;1011662;PANTALON GABARDINA NEGRO CHINO T.46;2;Materiales usuales;CUMPLIDO;MR01;1;3/12/2025;17/12/2025;diciembre;10137412;10;1;3/12/2025;3/12/2025;C28;4500114668;10;2001;1;GJULIANI;4/12/2025;4/12/2025;26/12/2025;26/12/2025;C28;NUEVA REGINA S.R.L.;2;0;0;2;5000157061;2/1/2026;2001;1;1;30/12/2025;LNASUTI;;8000082814;2;1;LNASUTI;2/1/2026;3/1/2026;12872;TALLER 03/01;LNASUTI;3/1/2026;4900400496;2;SDELSOGLIO;8/1/2026;3/1/2026;;;;;;;;;;;;;;;17;;2/1/2026;00005;SEDE;0;0;-14;-10;3;0;0;;;;;;;14;;;;10;;;;;;GESTION ROSARIO;2;;;1;1;
00005 TALLER;1000079067;10;ZPAN;INSUMO PINTURAS - SF;;0;;;;SFLORES;1012853;LATAS DE PINTURAS S/MUESTRA X 4LTS;3;Materiales genericos;CUMPLIDO;MR01;1;5/12/2025;19/12/2025;diciembre;10137572;10;1;5/12/2025;16/12/2025;C22;4500115757;10;2001;1;GJULIANI;18/12/2025;18/12/2025;23/12/2025;23/12/2025;C22;PINTURERIAS DIN COLOR S. A.;3;0;0;3;5000156498;23/12/2025;2001;1;1;22/12/2025;JMORENO;;8000082442;3;1;JMORENO;23/12/2025;23/12/2025;12765;BULTO TALLER JM;JMORENO;23/12/2025;4900397296;3;CDAVID;23/12/2025;23/12/2025;;;;;;;;;;;;;;;4;;23/12/2025;00005;SEDE;0;0;-4;-5;1;0;0;;;;;;;4;;;;5;;;;;;GESTION ROSARIO;;;;;1;
00005 TALLER;1000079071;10;ZPAN;79002 - OT 20011873;;0;;;;HCABELLO;1015947;CALCO 25X25 CM (ROMBOS COLOR NEGRO;3;Materiales genericos;CUMPLIDO;MM01;1;5/12/2025;29/12/2025;diciembre;10137576;10;1;5/12/2025;5/12/2025;EFO;4500115168;20;MM05;1;GROSES;11/12/2025;11/12/2025;29/12/2025;29/12/2025;EFO;HERRERA ANDRES MAURICIO;3;0;0;3;5000159707;24/1/2026;MM05;1;1;24/1/2026;GQUIROGA;;8000084095;3;1;GQUIROGA;24/1/2026;24/1/2026;;;;;4900406136;3;GQUIROGA;24/1/2026;24/1/2026;;;;;;;;;;;;;;;26;;24/1/2026;00005;OTRO;0;0;-27;-1;0;0;;;;;;;;;;;;;;;;;;GESTION SAN JUAN;;;;;;
00005 TALLER;1000079071;20;ZPAN;79002 - OT 20011873;;0;;;;HCABELLO;1015947;CALCO 25X25 CM (ROMBOS N°9 BLANCO Y  NEG;3;Materiales genericos;CUMPLIDO;MM01;1;5/12/2025;29/12/2025;diciembre;10137576;20;1;5/12/2025;5/12/2025;EFO;4500115168;30;MM05;1;GROSES;11/12/2025;11/12/2025;29/12/2025;29/12/2025;EFO;HERRERA ANDRES MAURICIO;3;0;0;3;5000159707;24/1/2026;MM05;2;1;24/1/2026;GQUIROGA;;8000084095;3;1;GQUIROGA;24/1/2026;24/1/2026;;;;;4900406136;3;GQUIROGA;24/1/2026;24/1/2026;;;;;;;;;;;;;;;26;;24/1/2026;00005;OTRO;0;0;-27;-1;0;0;;;;;;;;;;;;;;;;;;GESTION SAN JUAN;;;;;;
00005 TALLER;1000079071;30;ZPAN;79002 - OT 20011873;;0;;;;HCABELLO;1015947;CALCO 25X25 CM (ROMBOS INFLAM. 3 ROJ Y B;3;Materiales genericos;CUMPLIDO;MM01;1;5/12/2025;29/12/2025;diciembre;10137576;30;1;5/12/2025;5/12/2025;EFO;4500115168;40;MM05;1;GROSES;11/12/2025;11/12/2025;29/12/2025;29/12/2025;EFO;HERRERA ANDRES MAURICIO;3;0;0;3;5000159707;24/1/2026;MM05;3;1;24/1/2026;GQUIROGA;;8000084095;3;1;GQUIROGA;24/1/2026;24/1/2026;;;;;4900406136;3;GQUIROGA;24/1/2026;24/1/2026;;;;;;;;;;;;;;;26;;24/1/2026;00005;OTRO;0;0;-27;-1;0;0;;;;;;;;;;;;;;;;;;GESTION SAN JUAN;;;;;;
00005 TALLER;1000079071;40;ZPAN;79002 - OT 20011873;;0;;;;HCABELLO;1015947;CALCO 25X25 CM (ROMBOS TOX. NAR Y NEG;3;Materiales genericos;CUMPLIDO;MM01;1;5/12/2025;29/12/2025;diciembre;10137576;40;1;5/12/2025;5/12/2025;EFO;4500115168;50;MM05;1;GROSES;11/12/2025;11/12/2025;29/12/2025;29/12/2025;EFO;HERRERA ANDRES MAURICIO;3;0;0;3;5000159707;24/1/2026;MM05;4;1;24/1/2026;GQUIROGA;;8000084095;3;1;GQUIROGA;24/1/2026;24/1/2026;;;;;4900406136;3;GQUIROGA;24/1/2026;24/1/2026;;;;;;;;;;;;;;;26;;24/1/2026;00005;OTRO;0;0;-27;-1;0;0;;;;;;;;;;;;;;;;;;GESTION SAN JUAN;;;;;;
00005 TALLER;1000079071;50;ZPAN;79002 - OT 20011873;;0;;;;HCABELLO;1015947;CALCO 35X25 CM (CODIGO GASOIL NAR Y NEG);3;Materiales genericos;CUMPLIDO;MM01;1;5/12/2025;29/12/2025;diciembre;10137576;50;1;5/12/2025;5/12/2025;EFO;4500115168;60;MM05;1;GROSES;11/12/2025;11/12/2025;29/12/2025;29/12/2025;EFO;HERRERA ANDRES MAURICIO;3;0;0;3;5000159707;24/1/2026;MM05;5;1;24/1/2026;GQUIROGA;;8000084095;3;1;GQUIROGA;24/1/2026;24/1/2026;;;;;4900406136;3;GQUIROGA;24/1/2026;24/1/2026;;;;;;;;;;;;;;;26;;24/1/2026;00005;OTRO;0;0;-27;-1;0;0;;;;;;;;;;;;;;;;;;GESTION SAN JUAN;;;;;;
00005 TALLER;1000079071;60;ZPAN;79002 - OT 20011873;;0;;;;HCABELLO;1015947;CALCO 116X10CM (PEL. INFMA NEGR;1;Materiales genericos;CUMPLIDO;MM01;1;5/12/2025;29/12/2025;diciembre;10137576;60;1;5/12/2025;5/12/2025;EFO;4500115168;70;MM05;1;GROSES;11/12/2025;11/12/2025;29/12/2025;29/12/2025;EFO;HERRERA ANDRES MAURICIO;1;0;0;1;5000159707;24/1/2026;MM05;6;1;24/1/2026;GQUIROGA;;8000084095;1;1;GQUIROGA;24/1/2026;24/1/2026;;;;;4900406136;1;GQUIROGA;24/1/2026;24/1/2026;;;;;;;;;;;;;;;26;;24/1/2026;00005;OTRO;0;0;-27;-1;0;0;;;;;;;;;;;;;;;;;;GESTION SAN JUAN;;;;;;
00005 TALLER;1000079071;70;ZPAN;79002 - OT 20011873;;0;;;;HCABELLO;1015947;CALCO 130X30 CM LOGO MILICI COLOR NEGRO;2;Materiales genericos;CUMPLIDO;MM01;1;5/12/2025;29/12/2025;diciembre;10137576;70;1;5/12/2025;5/12/2025;EFO;4500115168;80;MM05;1;GROSES;11/12/2025;11/12/2025;29/12/2025;29/12/2025;EFO;HERRERA ANDRES MAURICIO;2;0;0;2;5000159707;24/1/2026;MM05;7;1;24/1/2026;GQUIROGA;;8000084095;2;1;GQUIROGA;24/1/2026;24/1/2026;;;;;4900406136;2;GQUIROGA;24/1/2026;24/1/2026;;;;;;;;;;;;;;;26;;24/1/2026;00005;OTRO;0;0;-27;-1;0;0;;;;;;;;;;;;;;;;;;GESTION SAN JUAN;;;;;;
00005 TALLER;1000079071;80;ZPAN;79002 - OT 20011873;;0;;;;HCABELLO;1015947;CALCO C1 2600LT ACEITE COLOR NEGRO;2;Materiales genericos;CUMPLIDO;MM01;1;5/12/2025;29/12/2025;diciembre;10137576;80;1;5/12/2025;5/12/2025;EFO;4500115168;90;MM05;1;GROSES;11/12/2025;11/12/2025;29/12/2025;29/12/2025;EFO;HERRERA ANDRES MAURICIO;2;0;0;2;5000159707;24/1/2026;MM05;8;1;24/1/2026;GQUIROGA;;8000084095;2;1;GQUIROGA;24/1/2026;24/1/2026;;;;;4900406136;2;GQUIROGA;24/1/2026;24/1/2026;;;;;;;;;;;;;;;26;;24/1/2026;00005;OTRO;0;0;-27;-1;0;0;;;;;;;;;;;;;;;;;;GESTION SAN JUAN;;;;;;
00005 TALLER;1000079071;90;ZPAN;79002 - OT 20011873;;0;;;;HCABELLO;1015947;CALCO C2 100LT ACEITE COLOR NEGRO;2;Materiales genericos;CUMPLIDO;MM01;1;5/12/2025;29/12/2025;diciembre;10137576;90;1;5/12/2025;5/12/2025;EFO;4500115168;100;MM05;1;GROSES;11/12/2025;11/12/2025;29/12/2025;29/12/2025;EFO;HERRERA ANDRES MAURICIO;2;0;0;2;5000159707;24/1/2026;MM05;9;1;24/1/2026;GQUIROGA;;8000084095;2;1;GQUIROGA;24/1/2026;24/1/2026;;;;;4900406136;2;GQUIROGA;24/1/2026;24/1/2026;;;;;;;;;;;;;;;26;;24/1/2026;00005;OTRO;0;0;-27;-1;0;0;;;;;;;;;;;;;;;;;;GESTION SAN JUAN;;;;;;
00005 TALLER;1000079071;100;ZPAN;79002 - OT 20011873;;0;;;;HCABELLO;1015947;CALCO C3 2600 LT GASOIL COLOR NEGRO;2;Materiales genericos;CUMPLIDO;MM01;1;5/12/2025;29/12/2025;diciembre;10137576;100;1;5/12/2025;5/12/2025;EFO;4500115168;110;MM05;1;GROSES;11/12/2025;11/12/2025;29/12/2025;29/12/2025;EFO;HERRERA ANDRES MAURICIO;2;0;0;2;5000159707;24/1/2026;MM05;10;1;24/1/2026;GQUIROGA;;8000084095;2;1;GQUIROGA;24/1/2026;24/1/2026;;;;;4900406136;2;GQUIROGA;24/1/2026;24/1/2026;;;;;;;;;;;;;;;26;;24/1/2026;00005;OTRO;0;0;-27;-1;0;0;;;;;;;;;;;;;;;;;;GESTION SAN JUAN;;;;;;
00005 TALLER;1000079071;110;ZPAN;79002 - OT 20011873;;0;;;;HCABELLO;1015947;CALCO C4 2600 LT ACEITE COLOR NEGRO;2;Materiales genericos;CUMPLIDO;MM01;1;5/12/2025;29/12/2025;diciembre;10137576;110;1;5/12/2025;5/12/2025;EFO;4500115168;120;MM05;1;GROSES;11/12/2025;11/12/2025;29/12/2025;29/12/2025;EFO;HERRERA ANDRES MAURICIO;2;0;0;2;5000159707;24/1/2026;MM05;11;1;24/1/2026;GQUIROGA;;8000084095;2;1;GQUIROGA;24/1/2026;24/1/2026;;;;;4900406136;2;GQUIROGA;24/1/2026;24/1/2026;;;;;;;;;;;;;;;26;;24/1/2026;00005;OTRO;0;0;-27;-1;0;0;;;;;;;;;;;;;;;;;;GESTION SAN JUAN;;;;;;
00005 TALLER;1000079071;120;ZPAN;79002 - OT 20011873;;0;;;;HCABELLO;1015947;CALCO C5 2000 LT ACEITE USADO COLOR NE;2;Materiales genericos;CUMPLIDO;MM01;1;5/12/2025;29/12/2025;diciembre;10137576;120;1;5/12/2025;5/12/2025;EFO;4500115168;130;MM05;1;GROSES;11/12/2025;11/12/2025;29/12/2025;29/12/2025;EFO;HERRERA ANDRES MAURICIO;2;0;0;2;5000159707;24/1/2026;MM05;12;1;24/1/2026;GQUIROGA;;8000084095;2;1;GQUIROGA;24/1/2026;24/1/2026;;;;;4900406136;2;GQUIROGA;24/1/2026;24/1/2026;;;;;;;;;;;;;;;26;;24/1/2026;00005;OTRO;0;0;-27;-1;0;0;;;;;;;;;;;;;;;;;;GESTION SAN JUAN;;;;;;
00005 TALLER;1000079071;130;ZPAN;79002 - OT 20011873;;0;;;;HCABELLO;1015947;TARA CAPACIDAD MAXIMA COLOR NEGRO;2;Materiales genericos;CUMPLIDO;MM01;1;5/12/2025;29/12/2025;diciembre;10137576;130;1;5/12/2025;5/12/2025;EFO;4500115168;140;MM05;1;GROSES;11/12/2025;11/12/2025;29/12/2025;29/12/2025;EFO;HERRERA ANDRES MAURICIO;2;0;0;2;5000159707;24/1/2026;MM05;13;1;24/1/2026;GQUIROGA;;8000084095;2;1;GQUIROGA;24/1/2026;24/1/2026;;;;;4900406136;2;GQUIROGA;24/1/2026;24/1/2026;;;;;;;;;;;;;;;26;;24/1/2026;00005;OTRO;0;0;-27;-1;0;0;;;;;;;;;;;;;;;;;;GESTION SAN JUAN;;;;;;
00005 TALLER;1000079085;10;ZPAN;44472 - OT 20010876;;0;;;;HCABELLO;1015947;CALCO CIRCULAR DE 35 CM COLOR NEG Y BLAN;3;Materiales genericos;CUMPLIDO;MM01;1;5/12/2025;29/12/2025;diciembre;10137597;10;1;5/12/2025;5/12/2025;EFO;4500115168;10;MM05;1;GROSES;11/12/2025;11/12/2025;29/12/2025;29/12/2025;EFO;HERRERA ANDRES MAURICIO;3;0;0;3;5000159706;24/1/2026;MM05;1;1;24/1/2026;GQUIROGA;;8000084093;3;1;GQUIROGA;24/1/2026;24/1/2026;;;;;4900406131;3;GQUIROGA;24/1/2026;24/1/2026;;;;;;;;;;;;;;;26;;24/1/2026;00005;OTRO;0;0;-27;-1;0;0;;;;;;;;;;;;;;;;;;GESTION SAN JUAN;;;;;;
00005 TALLER;1000079105;10;ZPAN;PEDIDO TALLER - CONS;;0;;;;HCABELLO;1015947;OJAL 50 (P/CABLE SECCION 50-70 MM2;5;Materiales genericos;CUMPLIDO;MM01;1;5/12/2025;29/12/2025;diciembre;10137633;10;1;5/12/2025;5/12/2025;EFO;4500114774;10;MM05;1;GROSES;5/12/2025;5/12/2025;29/12/2025;29/12/2025;EFO;BASUALDO NECCHI MARCOS GABRIEL;5;0;0;5;5000160023;28/1/2026;MM05;1;1;28/1/2026;GQUIROGA;;8000084281;5;1;GQUIROGA;28/1/2026;28/1/2026;;;;;4900407186;5;GQUIROGA;28/1/2026;28/1/2026;;;;;;;;;;;;;;;30;;28/1/2026;00005;OTRO;0;0;-31;-1;0;0;;;;;;;;;;;;;;;;;;GESTION SAN JUAN;;;;;;
00005 TALLER;1000079105;20;ZPAN;PEDIDO TALLER - CONS;;0;;;;HCABELLO;1015947;OJAL 90 (P/CABLE SEC.90-95 MM2;5;Materiales genericos;CUMPLIDO;MM01;1;5/12/2025;29/12/2025;diciembre;10137633;20;1;5/12/2025;5/12/2025;EFO;4500114774;20;MM05;1;GROSES;5/12/2025;5/12/2025;29/12/2025;29/12/2025;EFO;BASUALDO NECCHI MARCOS GABRIEL;5;0;0;5;5000160023;28/1/2026;MM05;2;1;28/1/2026;GQUIROGA;;8000084281;5;1;GQUIROGA;28/1/2026;28/1/2026;;;;;4900407186;5;GQUIROGA;28/1/2026;28/1/2026;;;;;;;;;;;;;;;30;;28/1/2026;00005;OTRO;0;0;-31;-1;0;0;;;;;;;;;;;;;;;;;;GESTION SAN JUAN;;;;;;
00005 TALLER;1000079105;30;ZPAN;PEDIDO TALLER - CONS;;0;;;;HCABELLO;1015947;KIT BORNE DE BATERIA POS Y NEG;2;Materiales genericos;CUMPLIDO;MM01;1;5/12/2025;29/12/2025;diciembre;10137633;30;1;5/12/2025;5/12/2025;EFO;4500114774;30;MM05;1;GROSES;5/12/2025;5/12/2025;29/12/2025;29/12/2025;EFO;BASUALDO NECCHI MARCOS GABRIEL;2;0;0;2;5000160023;28/1/2026;MM05;3;1;28/1/2026;GQUIROGA;;8000084281;2;1;GQUIROGA;28/1/2026;28/1/2026;;;;;4900407186;2;GQUIROGA;28/1/2026;28/1/2026;;;;;;;;;;;;;;;30;;28/1/2026;00005;OTRO;0;0;-31;-1;0;0;;;;;;;;;;;;;;;;;;GESTION SAN JUAN;;;;;;
00005 TALLER;1000079105;40;ZPAN;PEDIDO TALLER - CONS;;0;;;;HCABELLO;1015947;OJAL 10 MM**MET1.06.13470;20;Materiales genericos;CUMPLIDO;MM01;1;5/12/2025;29/12/2025;diciembre;10137633;40;1;5/12/2025;5/12/2025;EFO;4500114773;40;MM05;1;GROSES;5/12/2025;5/12/2025;29/12/2025;29/12/2025;EFO;MELQUI PABLO;20;0;0;20;5000160025;28/1/2026;MM05;1;1;28/1/2026;GQUIROGA;;8000084283;20;1;GQUIROGA;28/1/2026;28/1/2026;;;;;4900407203;20;GQUIROGA;28/1/2026;28/1/2026;;;;;;;;;;;;;;;30;;28/1/2026;00005;OTRO;0;0;-31;-1;0;0;;;;;;;;;;;;;;;;;;GESTION SAN JUAN;;;;;;
00005 TALLER;1000079127;10;ZPAN;PEDIDO TALLER - SECT;;0;;;;HCABELLO;1015947;REALI. COLOC. CALCO EN HERR. 2,00MX1,50M;2;Materiales genericos;CUMPLIDO;MM01;1;5/12/2025;29/12/2025;diciembre;10137661;10;1;5/12/2025;10/12/2025;EFO;4500115168;150;MM05;1;GROSES;11/12/2025;11/12/2025;29/12/2025;29/12/2025;EFO;HERRERA ANDRES MAURICIO;2;0;0;2;5000159709;24/1/2026;MM05;1;1;24/1/2026;GQUIROGA;;8000084096;2;1;GQUIROGA;24/1/2026;24/1/2026;;;;;4900406143;2;GQUIROGA;24/1/2026;24/1/2026;;;;;;;;;;;;;;;26;;24/1/2026;00005;OTRO;0;0;-27;-1;0;0;;;;;;;;;;;;;;;;;;GESTION SAN JUAN;;;;;;
00005 TALLER;1000079127;20;ZPAN;PEDIDO TALLER - SECT;;0;;;;HCABELLO;1015947;REALI. COLOC. CALCO EN HERR. 1,20MX1,50M;2;Materiales genericos;CUMPLIDO;MM01;1;5/12/2025;29/12/2025;diciembre;10137661;20;1;5/12/2025;10/12/2025;EFO;4500115168;160;MM05;1;GROSES;11/12/2025;11/12/2025;29/12/2025;29/12/2025;EFO;HERRERA ANDRES MAURICIO;2;0;0;2;5000159709;24/1/2026;MM05;2;1;24/1/2026;GQUIROGA;;8000084096;2;1;GQUIROGA;24/1/2026;24/1/2026;;;;;4900406143;2;GQUIROGA;24/1/2026;24/1/2026;;;;;;;;;;;;;;;26;;24/1/2026;00005;OTRO;0;0;-27;-1;0;0;;;;;;;;;;;;;;;;;;GESTION SAN JUAN;;;;;;
00005 TALLER;1000079127;30;ZPAN;PEDIDO TALLER - SECT;;0;;;;HCABELLO;1015947;REALI. COLOC. CALCO CARTEL 1,22MX0,70M;1;Materiales genericos;CUMPLIDO;MM01;1;5/12/2025;29/12/2025;diciembre;10137661;30;1;5/12/2025;10/12/2025;EFO;4500115168;170;MM05;1;GROSES;11/12/2025;11/12/2025;29/12/2025;29/12/2025;EFO;HERRERA ANDRES MAURICIO;1;0;0;1;5000159709;24/1/2026;MM05;3;1;24/1/2026;GQUIROGA;;8000084096;1;1;GQUIROGA;24/1/2026;24/1/2026;;;;;4900406143;1;GQUIROGA;24/1/2026;24/1/2026;;;;;;;;;;;;;;;26;;24/1/2026;00005;OTRO;0;0;-27;-1;0;0;;;;;;;;;;;;;;;;;;GESTION SAN JUAN;;;;;;
00005 TALLER;1000079230;30;ZPAN;REPOS NO STOCK 09/1;;0;;;;SPONCE;1012866;ACOPLE RAPIDO AIRE AC 103-13;10;Materiales genericos;CUMPLIDO;MR01;1;9/12/2025;23/12/2025;diciembre;10137775;30;1;9/12/2025;9/12/2025;C27;4500115173;30;MR05;1;JESPARZA;11/12/2025;11/12/2025;19/12/2025;2/1/2026;C27;FERRETERA SAN LUIS;10;0;0;10;5000157672;8/1/2026;2001;1;2;8/1/2026;LNASUTI;;8000082137;10;2;LNASUTI;17/12/2025;17/12/2025;12696;TALLER 17/12;LNASUTI;17/12/2025;4900401518;10;CDAVID;12/1/2026;8/1/2026;;;;;;;;;;;;;;;16;;8/1/2026;00005;SEDE;0;0;-17;-11;0;-22;0;;;;;;;17;;;;11;;;;;;GESTION ROSARIO;;;;;1;
00005 TALLER;1000079230;100;ZPAN;REPOS NO STOCK 09/1;;0;;;;SPONCE;1012866;ACOPLE RAPIDO AIRE AC 101-11;20;Materiales genericos;CUMPLIDO;MR01;1;9/12/2025;23/12/2025;diciembre;10137775;100;1;9/12/2025;9/12/2025;C27;4500115173;100;MR05;1;JESPARZA;11/12/2025;11/12/2025;19/12/2025;2/1/2026;C27;FERRETERA SAN LUIS;20;0;0;20;5000157672;8/1/2026;2001;2;1;8/1/2026;LNASUTI;;8000083137;20;1;LNASUTI;8/1/2026;8/1/2026;12938;TALLER 08/01;LNASUTI;8/1/2026;4900401518;20;SPONCE;12/1/2026;8/1/2026;;;;;;;;;;;;;;;16;;8/1/2026;00005;SEDE;0;0;-17;-11;0;0;0;;;;;;;17;;;;11;;;;;;GESTION ROSARIO;;;;;1;
00005 TALLER;1000079230;120;ZPAN;REPOS NO STOCK 09/1;;0;;;;SPONCE;1012866;ACOPLE RAPIDO AIRE AC 101-13;20;Materiales genericos;CUMPLIDO;MR01;1;9/12/2025;23/12/2025;diciembre;10137775;120;1;9/12/2025;9/12/2025;C27;4500115173;120;MR05;1;JESPARZA;11/12/2025;11/12/2025;19/12/2025;2/1/2026;C27;FERRETERA SAN LUIS;20;0;0;20;5000157672;8/1/2026;2001;3;1;8/1/2026;LNASUTI;;8000083137;20;1;LNASUTI;8/1/2026;8/1/2026;12938;TALLER 08/01;LNASUTI;8/1/2026;4900401518;20;SPONCE;12/1/2026;8/1/2026;;;;;;;;;;;;;;;16;;8/1/2026;00005;SEDE;0;0;-17;-11;0;0;0;;;;;;;17;;;;11;;;;;;GESTION ROSARIO;;;;;1;
00005 TALLER;1000079230;130;ZPAN;REPOS NO STOCK 09/1;;0;;;;SPONCE;1012866;ACOPLE RAPIDO AIRE AC 101-21;20;Materiales genericos;CUMPLIDO;MR01;1;9/12/2025;23/12/2025;diciembre;10137775;130;1;9/12/2025;9/12/2025;C27;4500115173;130;MR05;1;JESPARZA;11/12/2025;11/12/2025;19/12/2025;2/1/2026;C27;FERRETERA SAN LUIS;20;0;0;20;5000157672;8/1/2026;2001;4;1;8/1/2026;LNASUTI;;8000083137;20;1;LNASUTI;8/1/2026;8/1/2026;12938;TALLER 08/01;LNASUTI;8/1/2026;4900401518;20;SPONCE;12/1/2026;8/1/2026;;;;;;;;;;;;;;;16;;8/1/2026;00005;SEDE;0;0;-17;-11;0;0;0;;;;;;;17;;;;11;;;;;;GESTION ROSARIO;;;;;1;
00005 TALLER;1000079230;150;ZPAN;REPOS NO STOCK 09/1;;0;;;;SPONCE;1012866;ACOPLE RAPIDO AIRE AC 101-23;20;Materiales genericos;CUMPLIDO;MR01;1;9/12/2025;23/12/2025;diciembre;10137775;150;1;9/12/2025;9/12/2025;C27;4500115173;150;MR05;1;JESPARZA;11/12/2025;11/12/2025;19/12/2025;2/1/2026;C27;FERRETERA SAN LUIS;20;0;0;20;5000157672;8/1/2026;2001;5;1;8/1/2026;LNASUTI;;8000083137;20;1;LNASUTI;8/1/2026;8/1/2026;12938;TALLER 08/01;LNASUTI;8/1/2026;4900401518;20;SPONCE;12/1/2026;8/1/2026;;;;;;;;;;;;;;;16;;8/1/2026;00005;SEDE;0;0;-17;-11;0;0;0;;;;;;;17;;;;11;;;;;;GESTION ROSARIO;;;;;1;
00005 TALLER;1000079238;10;ZPAN;33034 - OT 20012616;;0;;;;HCABELLO;1024203;RETEN PLATO MOTOR VIBRACION;1;Materiales Stock;CUMPLIDO;MM01;1;9/12/2025;30/12/2025;diciembre;10137787;10;1;9/12/2025;10/12/2025;C43;4500115035;10;MM05;1;EFUNES;10/12/2025;10/12/2025;30/12/2025;2/2/2026;C43;IGARRETA MAQUINAS S.A.;1;0;0;1;5000162146;13/2/2026;MM05;1;1;13/2/2026;AITURRIETA;;8000085355;1;1;AITURRIETA;13/2/2026;13/2/2026;;;;;4900413062;1;GQUIROGA;13/2/2026;13/2/2026;;;;;;;;;;;;;;;45;;13/2/2026;00005;EQUIPOS;0;0;-46;-35;0;0;;;;;;;;;;;;;46;;;;35;GESTION SAN JUAN;;;;;;1
00005 TALLER;1000079238;20;ZPAN;33034 - OT 20012616;;0;;;;HCABELLO;1023715;O´RING PLATO MOTOR VIBRACION;1;Materiales Stock;CUMPLIDO;MM01;1;9/12/2025;30/12/2025;diciembre;10137787;20;1;9/12/2025;10/12/2025;C43;4500115035;20;MM05;1;EFUNES;10/12/2025;10/12/2025;30/12/2025;2/2/2026;C43;IGARRETA MAQUINAS S.A.;1;0;0;1;5000162146;13/2/2026;MM05;2;1;13/2/2026;AITURRIETA;;8000085355;1;1;AITURRIETA;13/2/2026;13/2/2026;;;;;4900413062;1;GQUIROGA;13/2/2026;13/2/2026;;;;;;;;;;;;;;;45;;13/2/2026;00005;EQUIPOS;0;0;-46;-35;0;0;;;;;;;;;;;;;46;;;;35;GESTION SAN JUAN;;;;;;1
00005 TALLER;1000079238;30;ZPAN;33034 - OT 20012616;;0;;;;HCABELLO;1023710;O´RING CARCASA MOTOR TRASLACION;1;Materiales Stock;CUMPLIDO;MM01;1;9/12/2025;30/12/2025;diciembre;10137787;30;1;9/12/2025;10/12/2025;C43;4500115035;30;MM05;1;EFUNES;10/12/2025;10/12/2025;30/12/2025;2/2/2026;C43;IGARRETA MAQUINAS S.A.;1;0;0;1;5000162146;13/2/2026;MM05;3;1;13/2/2026;AITURRIETA;;8000085355;1;1;AITURRIETA;13/2/2026;13/2/2026;;;;;4900413062;1;GQUIROGA;13/2/2026;13/2/2026;;;;;;;;;;;;;;;45;;13/2/2026;00005;EQUIPOS;0;0;-46;-35;0;0;;;;;;;;;;;;;46;;;;35;GESTION SAN JUAN;;;;;;1
00005 TALLER;1000079238;40;ZPAN;33034 - OT 20012616;;0;;;;HCABELLO;1024429;SELLO RADIAL EJE CARCAZA MOTOR TRASLACIO;2;Materiales Stock;CUMPLIDO;MM01;1;9/12/2025;30/12/2025;diciembre;10137787;40;1;9/12/2025;10/12/2025;C43;4500115035;40;MM05;1;EFUNES;10/12/2025;10/12/2025;30/12/2025;2/2/2026;C43;IGARRETA MAQUINAS S.A.;2;0;0;2;5000162146;13/2/2026;MM05;4;1;13/2/2026;AITURRIETA;;8000085355;2;1;AITURRIETA;13/2/2026;13/2/2026;;;;;4900413062;2;GQUIROGA;13/2/2026;13/2/2026;;;;;;;;;;;;;;;45;;13/2/2026;00005;EQUIPOS;0;0;-46;-35;0;0;;;;;;;;;;;;;46;;;;35;GESTION SAN JUAN;;;;;;1
00005 TALLER;1000079248;10;ZPAN;44004 - OT 20011639;;0;;;;HCABELLO;1048611;PLATO;1;Materiales Stock;CUMPLIDO;MM01;1;10/12/2025;31/12/2025;diciembre;10137799;10;1;10/12/2025;13/12/2025;C03;4500115414;10;MM05;1;RPEREZ;15/12/2025;15/12/2025;18/1/2025;18/1/2026;C03;FINNING ARGENTINA S.A.;1;0;0;1;5000158877;19/1/2026;MM05;1;1;16/1/2026;ERUARTE;;8000083897;1;1;ERUARTE;21/1/2026;21/1/2026;13122;entrega taller;ERUARTE;21/1/2026;4900404998;1;ERUARTE;22/1/2026;21/1/2026;;;;;;;;;;;;;;;21;;21/1/2026;00005;EQUIPOS;0;0;-17;-19;3;2;0;;;;;;;;;;;;17;;;;19;GESTION SAN JUAN;;2;;1;;1
00005 TALLER;1000079308;20;ZPAN;44004 - OT 20011639;;0;;;;HCABELLO;1015947;ADAPTADOR RECTO M 9/16 ORING XH 1/4 NPT;1;Materiales genericos;CUMPLIDO;MM01;1;10/12/2025;31/12/2025;diciembre;10137910;20;1;10/12/2025;12/12/2025;EFO;4500115358;20;MM05;1;GROSES;15/12/2025;15/12/2025;31/12/2025;31/12/2025;EFO;OLIVARES ANTONIO ALBERTO;1;0;0;1;5000159697;24/1/2026;MM05;2;1;24/1/2026;GQUIROGA;;8000084091;1;1;GQUIROGA;24/1/2026;24/1/2026;;;;;4900406095;1;GQUIROGA;24/1/2026;24/1/2026;;;;;;;;;;;;;;;24;;24/1/2026;00005;OTRO;0;0;-25;-1;0;0;;;;;;;;;;;;;;;;;;GESTION SAN JUAN;;;;;;
00005 TALLER;1000079308;30;ZPAN;44004 - OT 20011639;;0;;;;HCABELLO;1015947;ADAPTADOR 90° M1/4 NPT X H1/4 NPT;1;Materiales genericos;CUMPLIDO;MM01;1;10/12/2025;31/12/2025;diciembre;10137910;30;1;10/12/2025;12/12/2025;EFO;4500115358;30;MM05;1;GROSES;15/12/2025;15/12/2025;31/12/2025;31/12/2025;EFO;OLIVARES ANTONIO ALBERTO;1;0;0;1;5000159697;24/1/2026;MM05;3;1;24/1/2026;GQUIROGA;;8000084091;1;1;GQUIROGA;24/1/2026;24/1/2026;;;;;4900406095;1;GQUIROGA;24/1/2026;24/1/2026;;;;;;;;;;;;;;;24;;24/1/2026;00005;OTRO;0;0;-25;-1;0;0;;;;;;;;;;;;;;;;;;GESTION SAN JUAN;;;;;;
00005 TALLER;1000079308;40;ZPAN;44004 - OT 20011639;;0;;;;HCABELLO;1015947;ADAPTADOR PUNTO DE LECTURA 1/4 NPT;1;Materiales genericos;CUMPLIDO;MM01;1;10/12/2025;31/12/2025;diciembre;10137910;40;1;10/12/2025;12/12/2025;EFO;4500115358;40;MM05;1;GROSES;15/12/2025;15/12/2025;31/12/2025;31/12/2025;EFO;OLIVARES ANTONIO ALBERTO;1;0;0;1;5000159697;24/1/2026;MM05;4;1;24/1/2026;GQUIROGA;;8000084091;1;1;GQUIROGA;24/1/2026;24/1/2026;;;;;4900406095;1;GQUIROGA;24/1/2026;24/1/2026;;;;;;;;;;;;;;;24;;24/1/2026;00005;OTRO;0;0;-25;-1;0;0;;;;;;;;;;;;;;;;;;GESTION SAN JUAN;;;;;;
00005 TALLER;1000079355;140;ZPAN;REPOS NO STOCK 11/1;;0;;;;SPONCE;1015947;LAINA 50 x 90 mm / esp. 1,5mm ACERO INOX;30;Materiales genericos;CUMPLIDO;MR01;1;11/12/2025;25/12/2025;diciembre;10137957;140;1;11/12/2025;12/12/2025;C03;4500116295;10;MR05;1;EREGALADO;29/12/2025;29/12/2025;6/1/2026;16/3/2026;C38;GIARDINA MIRIAN Y GIARDINA HUGO S H;30;0;0;30;5000159792;26/1/2026;MR05;1;1;26/1/2026;FPRUDENTE;;;0;0;;;;;;;;;0;;;;;;;;;;;;;;;;;;32;;26/1/2026;00005;EQUIPOS;;;-33;-82;0;;;;;;;;;;;;;;33;;;;82;GESTION ROSARIO;;;;;;1
00005 TALLER;1000079355;210;ZPAN;REPOS NO STOCK 11/1;;0;;;;SPONCE;1012896;CADENA ZINCADA N°35 X KG;50;Materiales genericos;CUMPLIDO;MR01;1;11/12/2025;25/12/2025;diciembre;10137957;210;1;11/12/2025;12/12/2025;C27;4500115506;130;MR05;1;JESPARZA;16/12/2025;16/12/2025;23/12/2025;23/12/2025;C27;IMPERIAL MOTOR S.A.;50;0;0;50;5000157457;6/1/2026;2001;1;1;6/1/2026;LNASUTI;;8000083001;50;1;LNASUTI;6/1/2026;7/1/2026;12926;TALLER 07/01;LNASUTI;7/1/2026;4900400586;50;SPONCE;8/1/2026;7/1/2026;;;;;;;;;;;;;;;13;;6/1/2026;00005;SEDE;0;0;-13;1;0;0;0;;;;;;;13;;;;;;;;;;GESTION ROSARIO;;;;;1;
00007 COMERCIAL OF LICITACION;1000064922;10;ZPAI;ANOTADORES A6 - FERI;4000005358;0;;;;NMONTENEGRO;1035711;ANOTADOR A6 HOJAS RAYADAS C/ LOGO;1000;Materiales usuales;CUMPLIDO;MR01;1;10/4/2025;20/5/2025;mayo;10119135;10;1;10/4/2025;10/4/2025;C17;4500096963;10;2001;1;GJULIANI;11/4/2025;11/4/2025;25/4/2025;20/5/2025;C17;HANNA SRL;1000;0;0;1000;5000133266;22/5/2025;2001;1;1;22/5/2025;FDEICAS;;;0;0;;;;;;;;;0;;;;;;;;;;;;;;;;;;2;;22/5/2025;00007;SEDE;;;-3;-1;0;;;;;;;;;3;;;;1;;;;;;GESTION ROSARIO;;;;;1;
00007 COMERCIAL OF LICITACION;1000076317;10;ZPAN;OBSEQUIO CLIENTES;;0;;;;NMONTENEGRO;1047555;KIT CORPORATIVO MILICIC;50;Materiales genericos;CUMPLIDO;MR01;1;22/10/2025;11/11/2025;noviembre;10134036;10;1;22/10/2025;22/10/2025;C17;4500111435;10;2001;1;GJULIANI;22/10/2025;22/10/2025;7/11/2025;21/11/2025;C17;HANNA SRL;50;0;0;50;5000154085;2/12/2025;2001;1;1;2/12/2025;LNASUTI;;;0;0;;;;;;;;;0;;;;;;;;;;;;;;;;;;21;;2/12/2025;00007;SEDE;;;-22;-11;0;;;;;;;;;22;;;;11;;;;;;GESTION ROSARIO;;;;;1;
00008 ABASTECIMIENTO;1000067369;10;ZPAN;FLETE PROVEEDOR A SE;;0;;;;EJUAREZ;1012825;TRASLADO DE PROVEEDOR A SEDE ROSARIO;1;Materiales genericos;CUMPLIDO;MR01;1;22/5/2025;11/6/2025;junio;10122149;10;1;22/5/2025;22/5/2025;C19;4500099900;10;2001;1;VBARRA;23/5/2025;23/5/2025;29/5/2025;6/6/2025;C19;SOTIC S.A.;1;0;0;1;5000136647;25/6/2025;2001;1;1;25/6/2025;FGORGONA;;;0;0;;;;;;;;;0;;;;;;;;;;;;;;;;;;14;;25/6/2025;00008;SEDE;;;-15;4;0;;;;;;;;;15;;;;;;;;;;GESTION ROSARIO;;;;;1;
00008 ABASTECIMIENTO;1000067713;10;ZPAN;REPOSICION MAT LIMPI;;0;;;;PAPPELLA;1012508;AGROPOL 100 MIC 4X50 MTS;6;Materiales usuales;CUMPLIDO;MR01;1;28/5/2025;11/6/2025;junio;10122625;10;1;28/5/2025;28/5/2025;C27;4500100424;10;2001;1;AESCUDERO;30/5/2025;30/5/2025;10/6/2025;10/6/2025;C27;IMPERIAL MOTOR S.A.;6;0;0;6;5000136385;24/6/2025;2001;1;1;24/6/2025;FGORGONA;;;0;0;;;;;;;;;0;;;;;;;;;;;;;;;;;;13;;24/6/2025;00008;SEDE;;;-14;0;0;;;;;;;;;14;;;;;;;;;;GESTION ROSARIO;;;;;1;
00008 ABASTECIMIENTO;1000068631;40;ZPAN;ROPA COMPRAS;;0;;;;ASIGNORELLI;1040960;PANTALON  HOMBRE T42;2;Materiales usuales;CUMPLIDO;MR01;1;13/6/2025;11/7/2025;julio;10123942;40;1;13/6/2025;17/6/2025;C28;4500101878;190;2001;2;GDIAZ;19/6/2025;19/6/2025;;11/7/2025;C28;NUEVA REGINA S.R.L.;2;0;6;2;5000139664;24/7/2025;;0;4;24/7/2025;LNASUTI;;;0;0;;;;;;;;;0;;;;;;;;;;;;;;;;;;13;;24/7/2025;00008;SEDE;;;-14;-1;0;;;;;;;;;14;;;;1;;;;;;GESTION ROSARIO;;;;;1;
00008 ABASTECIMIENTO;1000068631;50;ZPAN;ROPA COMPRAS;;0;;;;ASIGNORELLI;1040961;PANTALON HOMBRE T44;5;Materiales usuales;CUMPLIDO;MR01;1;13/6/2025;11/7/2025;julio;10123942;50;1;13/6/2025;17/6/2025;C28;4500101878;200;2001;2;GDIAZ;19/6/2025;19/6/2025;11/7/2025;22/7/2025;C28;NUEVA REGINA S.R.L.;5;0;-4;5;5000139661;24/7/2025;2001;2;5;24/7/2025;LNASUTI;;;0;0;;;;;;;;;0;;;;;;;;;;;;;;;;;;13;;24/7/2025;00008;SEDE;;;-14;-12;0;;;;;;;;;14;;;;12;;;;;;GESTION ROSARIO;;;;;1;
00008 ABASTECIMIENTO;1000068631;60;ZPAN;ROPA COMPRAS;;0;;;;ASIGNORELLI;1040963;PANTALON HOMBRE T48;1;Materiales usuales;CUMPLIDO;MR01;1;13/6/2025;11/7/2025;julio;10123942;60;1;13/6/2025;17/6/2025;C28;4500101878;60;2001;1;GDIAZ;19/6/2025;19/6/2025;;11/7/2025;C28;NUEVA REGINA S.R.L.;1;0;3;1;5000139664;24/7/2025;;0;3;24/7/2025;LNASUTI;;;0;0;;;;;;;;;0;;;;;;;;;;;;;;;;;;13;;24/7/2025;00008;SEDE;;;-14;-1;0;;;;;;;;;14;;;;1;;;;;;GESTION ROSARIO;;;;;1;
00008 ABASTECIMIENTO;1000068631;110;ZPAN;ROPA COMPRAS;;0;;;;ASIGNORELLI;1016379;CHOMBA ALG DAMA TALLE L;2;Materiales usuales;CUMPLIDO;MR01;1;13/6/2025;11/7/2025;julio;10123942;110;1;13/6/2025;17/6/2025;C28;4500101878;110;2001;1;GDIAZ;19/6/2025;19/6/2025;11/7/2025;22/7/2025;C28;NUEVA REGINA S.R.L.;2;0;98;2;5000139661;24/7/2025;;0;3;24/7/2025;LNASUTI;;;0;0;;;;;;;;;0;;;;;;;;;;;;;;;;;;13;;24/7/2025;00008;SEDE;;;-14;-12;0;;;;;;;;;14;;;;12;;;;;;GESTION ROSARIO;;;;;1;
00008 ABASTECIMIENTO;1000068631;120;ZPAN;ROPA COMPRAS;;0;;;;ASIGNORELLI;1011605;CAMISA HOMBRE T 42;2;Materiales usuales;CUMPLIDO;MR01;1;13/6/2025;11/7/2025;julio;10123942;120;1;13/6/2025;17/6/2025;C28;4500101878;120;2001;1;GDIAZ;19/6/2025;19/6/2025;11/7/2025;22/7/2025;C28;NUEVA REGINA S.R.L.;2;0;0;2;5000140011;28/7/2025;2001;1;1;24/7/2025;FGORGONA;;8000073580;2;1;FGORGONA;28/7/2025;28/7/2025;;;;;;0;;;;;;;;;;;;;;;;;;13;;28/7/2025;00008;SEDE;0;0;-14;-12;4;0;;;;;;;;14;;;;12;;;;;;GESTION ROSARIO;3;;;1;1;
00008 ABASTECIMIENTO;1000070848;30;ZPAN;mat embalaje;;0;;;;ERUARTE;1012896;Film Strech Amarillo S/mango 50cmx300mt;6;Materiales genericos;CUMPLIDO;MM01;1;24/7/2025;13/8/2025;agosto;10126841;30;1;24/7/2025;24/7/2025;C13;4500104865;10;2001;1;MALVAREZ;30/7/2025;30/7/2025;11/8/2025;18/8/2025;C13;POSCA EMPAQUES S.R.L.;6;0;0;6;5000142224;15/8/2025;2001;1;1;14/8/2025;AITURRIETA;;8000074714;6;1;AITURRIETA;15/8/2025;15/8/2025;;;;;;0;;;;;;;;;;;;;;;;;;1;;15/8/2025;00008;SEDE;0;0;-2;-6;1;0;;;;;;;;2;;;;6;;;;;;GESTION SAN JUAN;;;;;1;
00008 ABASTECIMIENTO;1000070848;40;ZPAN;mat embalaje;;0;;;;ERUARTE;1012896;ESQUINERO 1M CARTON PRENSADO P EMBALAJE;100;Materiales genericos;CUMPLIDO;MM01;1;24/7/2025;13/8/2025;agosto;10126841;40;1;24/7/2025;24/7/2025;C13;4500104865;20;2001;1;MALVAREZ;30/7/2025;30/7/2025;11/8/2025;18/8/2025;C13;POSCA EMPAQUES S.R.L.;100;0;0;100;5000142224;15/8/2025;2001;2;1;14/8/2025;AITURRIETA;;8000074714;100;1;AITURRIETA;15/8/2025;15/8/2025;;;;;;0;;;;;;;;;;;;;;;;;;1;;15/8/2025;00008;SEDE;0;0;-2;-6;1;0;;;;;;;;2;;;;6;;;;;;GESTION SAN JUAN;;;;;1;
00008 ABASTECIMIENTO;1000071929;50;ZPAN;pantalones;;0;;;;ASIGNORELLI;1011583;CHOMBA MICROPIQUE GRIS TL C LOGO DAMA;2;Materiales usuales;CUMPLIDO;MR01;1;12/8/2025;2/9/2025;septiembre;10128274;50;1;22/8/2025;22/8/2025;C28;4500107526;20;2001;1;GDIAZ;2/9/2025;2/9/2025;12/9/2025;12/9/2025;C28;PROAR IMAGEN PROMOCIONAL SRL;2;0;0;2;5000145013;8/9/2025;2001;1;1;8/9/2025;FGORGONA;;;0;0;;;;;;;;;0;;;;;;;;;;;;;;;;;;6;;8/9/2025;00008;SEDE;;;-7;-11;0;;;;;;;;;7;;;;11;;;;;;GESTION ROSARIO;;;;;1;
00008 ABASTECIMIENTO;1000071929;60;ZPAN;pantalones;;0;;;;ASIGNORELLI;1011691;PANTALON MUJER T.46 S/ADJUNTO;1;Materiales usuales;CUMPLIDO;MR01;1;12/8/2025;2/9/2025;septiembre;10128274;60;1;22/8/2025;22/8/2025;C28;4500107526;30;2001;1;GDIAZ;2/9/2025;2/9/2025;12/9/2025;12/9/2025;C28;PROAR IMAGEN PROMOCIONAL SRL;1;0;0;1;5000145013;8/9/2025;2001;2;1;8/9/2025;FGORGONA;;;0;0;;;;;;;;;0;;;;;;;;;;;;;;;;;;6;;8/9/2025;00008;SEDE;;;-7;-11;0;;;;;;;;;7;;;;11;;;;;;GESTION ROSARIO;;;;;1;
00008 ABASTECIMIENTO;1000071929;70;ZPAN;pantalones;;0;;;;ASIGNORELLI;1011562;CHOMBA MICROPIQUE GRIS TALLE L C LOGO;2;Materiales usuales;CUMPLIDO;MR01;1;12/8/2025;27/9/2025;septiembre;10128274;70;1;16/9/2025;16/9/2025;C28;4500108892;10;2001;1;GJULIANI;18/9/2025;18/9/2025;3/10/2025;3/10/2025;C28;NUEVA REGINA S.R.L.;2;0;0;2;5000148040;6/10/2025;2001;1;1;6/10/2025;CCARRIL;;;0;0;;;;;;;;;0;;;;;;;;;;;;;;;;;;9;;6/10/2025;00008;SEDE;;;-10;-7;0;;;;;;;;;10;;;;7;;;;;;GESTION ROSARIO;;;;;1;
00008 ABASTECIMIENTO;1000072235;10;ZPAN;REPOSICION INDUMENTA;;0;;;;PAPPELLA;1012690;POLAR NEGRO CUELLOALTOCIERRE C LOGO T M;2;Materiales genericos;CUMPLIDO;MR01;1;15/8/2025;5/9/2025;septiembre;10128610;10;1;15/8/2025;18/8/2025;C28;4500106535;10;2001;1;GDIAZ;20/8/2025;20/8/2025;4/9/2025;4/9/2025;C28;TKW S.A.;2;0;0;2;5000146297;19/9/2025;2001;1;1;19/9/2025;LBARTON;;;0;0;;;;;;;;;0;;;;;;;;;;;;;;;;;;14;;19/9/2025;00008;SEDE;;;-15;0;0;;;;;;;;;15;;;;;;;;;;GESTION ROSARIO;;;;;1;
00008 ABASTECIMIENTO;1000075537;10;ZPAN;ROPA LUCIANO FERREYR;;0;;;;ASIGNORELLI;1011564;CHOMBA MICROPIQUE GRIS TALLE XL C LOGO;2;Materiales usuales;CUMPLIDO;MR01;1;9/10/2025;30/10/2025;octubre;10133019;10;1;9/10/2025;9/10/2025;C28;4500110734;10;2001;1;GJULIANI;15/10/2025;15/10/2025;29/10/2025;29/10/2025;C28;PROAR IMAGEN PROMOCIONAL SRL;2;0;0;2;5000151321;5/11/2025;2001;1;1;5/11/2025;LNASUTI;;;0;0;;;;;;;;;0;;;;;;;;;;;;;;;;;;6;;5/11/2025;00008;SEDE;;;-7;0;0;;;;;;;;;7;;;;;;;;;;GESTION ROSARIO;;;;;1;
00008 ABASTECIMIENTO;1000077429;20;ZPAN;mat para reordenamie;;0;;;;ERUARTE;1012619;FENOLICO A MEDIDA 18MM*1*2,3-1 CARA LAMI;22;Materiales genericos;CUMPLIDO;MM01;1;10/11/2025;28/11/2025;noviembre;10135544;20;1;10/11/2025;10/11/2025;C22;4500118481;10;2001;3;GJULIANI;26/1/2026;26/1/2026;6/2/2026;6/2/2026;C22;B&M MATERIALES S.A.S.;22;0;0;22;5000160262;29/1/2026;2001;1;1;29/1/2026;AITURRIETA;;8000084428;22;1;AITURRIETA;29/1/2026;29/1/2026;;;;;;0;;;;;;;;;;;;;;;;;;62;;29/1/2026;00008;SEDE;0;0;-63;-71;0;0;;;;;;;;63;;;;71;;;;;;GESTION SAN JUAN;;;;;1;
00008 ABASTECIMIENTO;1000078637;10;ZPAN;reord de desgaste se;;0;;;;ERUARTE;1011439;CAJON PALET MADERA 1X1X0.45M CON TAPA;15;Materiales usuales;CUMPLIDO;MM01;1;28/11/2025;19/12/2025;diciembre;10137053;10;1;28/11/2025;28/11/2025;C22;4500114521;10;2001;1;GJULIANI;3/12/2025;3/12/2025;12/12/2025;22/12/2025;C22;TREU ADRIANO VIRGINIO;15;0;0;15;5000156968;30/12/2025;2001;1;1;30/12/2025;ERUARTE;;8000082926;15;1;ERUARTE;5/1/2026;5/1/2026;12878;sede;ERUARTE;5/1/2026;4900399136;15;ERUARTE;5/1/2026;5/1/2026;;;;;;;;;;;;;;;17;;30/12/2025;00008;SEDE;0;0;-12;-4;0;6;0;;;;;;;12;;;;4;;;;;;GESTION SAN JUAN;;;;;1;
00008 ABASTECIMIENTO;1000078973;20;ZPAN;mat embalaje;;0;;;;ERUARTE;1012896;ESQUINERO 1M CARTON PRENSADO P EMBALAJE;100;Materiales genericos;CUMPLIDO;MM01;1;4/12/2025;26/12/2025;diciembre;10137463;20;1;4/12/2025;4/12/2025;C13;4500116029;10;2001;1;MALVAREZ;22/12/2025;22/12/2025;30/12/2025;30/12/2025;C13;MARATA GERMAN DANIEL;100;0;0;100;5000157110;2/1/2026;2001;1;1;30/12/2025;AITURRIETA;;;0;0;;;;;;;;;0;;;;;;;;;;;;;;;;;;4;;2/1/2026;00008;SEDE;;;-5;-5;3;;;;;;;;;5;;;;5;;;;;;GESTION SAN JUAN;;2;;1;1;
00008 ABASTECIMIENTO;1000078973;30;ZPAN;mat embalaje;;0;;;;ERUARTE;1012896;Film Strech Amarillo S/mango 50cmx300mt;6;Materiales genericos;CUMPLIDO;MM01;1;4/12/2025;26/12/2025;diciembre;10137463;30;1;4/12/2025;4/12/2025;C13;4500116029;20;2001;1;MALVAREZ;22/12/2025;22/12/2025;30/12/2025;30/12/2025;C13;MARATA GERMAN DANIEL;6;0;0;6;5000157110;2/1/2026;2001;2;1;30/12/2025;AITURRIETA;;;0;0;;;;;;;;;0;;;;;;;;;;;;;;;;;;4;;2/1/2026;00008;SEDE;;;-5;-5;3;;;;;;;;;5;;;;5;;;;;;GESTION SAN JUAN;;2;;1;1;
00042 ADMINISTRACIÓN;1000068136;10;ZPAN;pedido sello alicia;;0;;;;VCERRUTI;1011306;SELLO AUTOMATICO PERSONALIZADO;1;Materiales usuales;CUMPLIDO;MR01;1;5/6/2025;10/6/2025;junio;10123182;10;1;5/6/2025;5/6/2025;C17;4500101460;10;MR42;1;MALVAREZ;13/6/2025;13/6/2025;18/6/2025;18/6/2025;C17;EL ARTE DEL SELLO SRL;1;0;0;1;5000136465;24/6/2025;MR42;1;1;24/6/2025;FGORGONA;;;0;0;;;;;;;;;0;;;;;;;;;;;;;;;;;;14;;24/6/2025;00042;SEDE;;;-15;-9;0;;;;;;;;;15;;;;9;;;;;;GESTION ROSARIO;;;;;1;
00041 COMPRAS EQUIPOS;1000069320;80;ZPAN;mercaderia;;0;;;;MCHAMORRO;1012823;te manzanilla x 25 UN.;2;Materiales genericos;CUMPLIDO;MR01;1;27/6/2025;18/7/2025;julio;10124829;80;1;27/6/2025;27/6/2025;C17;4500103386;10;2001;1;GJULIANI;11/7/2025;11/7/2025;18/7/2025;18/7/2025;C17;MICROPACK LUCIO DI SANTO SA;2;0;0;2;5000139384;21/7/2025;2001;1;1;21/7/2025;LNASUTI;;8000073206;2;1;LNASUTI;21/7/2025;21/7/2025;;;;;4900352493;2;CDAVID;13/8/2025;21/7/2025;;;;;;;;;;;;;;;3;;21/7/2025;00041;SEDE;0;0;-4;-1;0;0;;;;;;;;4;;;;1;;;;;;GESTION ROSARIO;;;;;1;
00041 COMPRAS EQUIPOS;1000069618;50;ZPAN;PEDIDO ROPA GRUPO CO;;0;;;;FBERARDO;1011576;CHOMBA MICROPIQUE AZUL TALLE L C LOGO;3;Materiales usuales;CUMPLIDO;MR01;1;2/7/2025;23/7/2025;julio;10125204;50;1;2/7/2025;4/7/2025;C28;4500103651;50;2001;1;GJULIANI;14/7/2025;14/7/2025;23/7/2025;23/7/2025;C28;NUEVA REGINA S.R.L.;3;0;47;3;5000140024;28/7/2025;;0;1;24/7/2025;FGORGONA;;;0;0;;;;;;;;;0;;;;;;;;;;;;;;;;;;5;;28/7/2025;00041;SEDE;;;-2;-1;4;;;;;;;;;2;;;;1;;;;;;GESTION ROSARIO;3;;;1;1;
00041 COMPRAS EQUIPOS;1000069618;70;ZPAN;PEDIDO ROPA GRUPO CO;;0;;;;FBERARDO;1011578;CHOMBA MICROPIQUE AZUL TALLE XL C LOGO;2;Materiales usuales;CUMPLIDO;MR01;1;2/7/2025;23/7/2025;julio;10125204;70;1;2/7/2025;4/7/2025;C28;4500103651;70;2001;1;GJULIANI;14/7/2025;14/7/2025;23/7/2025;23/7/2025;C28;NUEVA REGINA S.R.L.;2;0;10;2;5000140024;28/7/2025;;0;1;24/7/2025;FGORGONA;;;0;0;;;;;;;;;0;;;;;;;;;;;;;;;;;;5;;28/7/2025;00041;SEDE;;;-2;-1;4;;;;;;;;;2;;;;1;;;;;;GESTION ROSARIO;3;;;1;1;
00041 COMPRAS EQUIPOS;1000069618;80;ZPAN;PEDIDO ROPA GRUPO CO;;0;;;;FBERARDO;1011715;CAMPERA NEGRA NEOPRENE C LOGO T L;3;Materiales usuales;CUMPLIDO;MR01;1;2/7/2025;23/7/2025;julio;10125204;80;1;2/7/2025;4/7/2025;C28;4500103651;80;2001;1;GJULIANI;14/7/2025;14/7/2025;23/7/2025;23/7/2025;C28;NUEVA REGINA S.R.L.;3;0;-2;3;5000140024;28/7/2025;2001;3;1;24/7/2025;FGORGONA;;;0;0;;;;;;;;;0;;;;;;;;;;;;;;;;;;5;;28/7/2025;00041;SEDE;;;-2;-1;4;;;;;;;;;2;;;;1;;;;;;GESTION ROSARIO;3;;;1;1;
00041 COMPRAS EQUIPOS;1000069618;90;ZPAN;PEDIDO ROPA GRUPO CO;;0;;;;FBERARDO;1011718;CAMPERA NEGRA NEOPRENE C LOGO T XL;2;Materiales usuales;CUMPLIDO;MR01;1;2/7/2025;23/7/2025;julio;10125204;90;1;2/7/2025;4/7/2025;C28;4500103651;90;2001;1;GJULIANI;14/7/2025;14/7/2025;23/7/2025;23/7/2025;C28;NUEVA REGINA S.R.L.;2;0;-1;2;5000140024;28/7/2025;2001;4;1;24/7/2025;FGORGONA;;;0;0;;;;;;;;;0;;;;;;;;;;;;;;;;;;5;;28/7/2025;00041;SEDE;;;-2;-1;4;;;;;;;;;2;;;;1;;;;;;GESTION ROSARIO;3;;;1;1;
00042 ADMINISTRACIÓN;1000072053;10;ZPAN;remitosDaniela;;0;;;;VCERRUTI;1043243;TALONARIO NOTA DEBITO B X 50 X TRIPL.;1;Materiales usuales;CUMPLIDO;MR01;1;13/8/2025;27/8/2025;agosto;10128378;10;1;13/8/2025;14/8/2025;C17;4500106045;10;MR42;1;GJULIANI;14/8/2025;14/8/2025;22/8/2025;1/9/2025;C17;MORALES PABLO DANIEL;1;0;0;1;5000143769;29/8/2025;MR42;1;1;29/8/2025;ASIGNORELLI;;;0;0;;;;;;;;;0;;;;;;;;;;;;;;;;;;2;;29/8/2025;00042;SEDE;;;-3;-6;0;;;;;;;;;3;;;;6;;;;;;GESTION ROSARIO;;;;;1;
00042 ADMINISTRACIÓN;1000072053;20;ZPAN;remitosDaniela;;0;;;;VCERRUTI;1043244;TALONARIO NOTA CREDITO B X 50 X TRIPL.;1;Materiales usuales;CUMPLIDO;MR01;1;13/8/2025;27/8/2025;agosto;10128378;20;1;13/8/2025;14/8/2025;C17;4500106045;20;MR42;1;GJULIANI;14/8/2025;14/8/2025;22/8/2025;1/9/2025;C17;MORALES PABLO DANIEL;1;0;0;1;5000143769;29/8/2025;MR42;2;1;29/8/2025;ASIGNORELLI;;;0;0;;;;;;;;;0;;;;;;;;;;;;;;;;;;2;;29/8/2025;00042;SEDE;;;-3;-6;0;;;;;;;;;3;;;;6;;;;;;GESTION ROSARIO;;;;;1;
00042 ADMINISTRACIÓN;1000072053;30;ZPAN;remitosDaniela;;0;;;;VCERRUTI;1043245;TALONARIO FACTURA E X 50 X TRIPL.;1;Materiales usuales;CUMPLIDO;MR01;1;13/8/2025;27/8/2025;agosto;10128378;30;1;13/8/2025;14/8/2025;C17;4500106045;30;MR42;1;GJULIANI;14/8/2025;14/8/2025;22/8/2025;1/9/2025;C17;MORALES PABLO DANIEL;1;0;0;1;5000143769;29/8/2025;MR42;3;1;29/8/2025;ASIGNORELLI;;;0;0;;;;;;;;;0;;;;;;;;;;;;;;;;;;2;;29/8/2025;00042;SEDE;;;-3;-6;0;;;;;;;;;3;;;;6;;;;;;GESTION ROSARIO;;;;;1;
00042 ADMINISTRACIÓN;1000072252;10;ZPAN;libreria-fichero;;0;;;;VCERRUTI;1012839;fichero carpetas colgantes A4/oficio x25;4;Materiales genericos;CUMPLIDO;MR01;1;15/8/2025;5/9/2025;septiembre;10128635;10;1;15/8/2025;3/9/2025;C17;4500108101;10;2001;2;GJULIANI;9/9/2025;9/9/2025;19/9/2025;19/9/2025;C17;GALARZA CLAUDIO DAMIAN;4;0;0;4;5000145597;12/9/2025;2001;1;1;11/9/2025;FGORGONA;;;0;0;;;;;;;;;0;;;;;;;;;;;;;;;;;;6;;12/9/2025;00042;SEDE;;;-7;-15;1;;;;;;;;;7;;;;15;;;;;;GESTION ROSARIO;;;;;1;
00041 COMPRAS EQUIPOS;1000075215;20;ZPAN;COMPRA CAFE EQ1;;0;;;;AJORGE;1010741;YERBA X KG. PLAYADITO;15;Materiales usuales;CUMPLIDO;MR01;1;3/10/2025;13/10/2025;octubre;10132546;20;1;3/10/2025;3/10/2025;C17;4500110755;10;2001;1;GJULIANI;15/10/2025;15/10/2025;22/10/2025;22/10/2025;C17;TIO TOM S.A.;15;0;0;15;5000149246;17/10/2025;2001;1;1;16/10/2025;FGORGONA;;8000078550;15;1;FGORGONA;17/10/2025;17/10/2025;11898;TALLER 17/10;LNASUTI;17/10/2025;4900374937;15;CDAVID;18/10/2025;17/10/2025;;;;;;;;;;;;;;;4;;17/10/2025;00041;SEDE;0;0;-4;-10;1;0;0;;;;;;;4;;;;10;;;;;;GESTION ROSARIO;;;;;1;
00042 ADMINISTRACIÓN;1000075946;10;ZPAN;talonarios vale;;0;;;;VCERRUTI;1012839;Talonario VALE POR;50;Materiales genericos;CUMPLIDO;MR01;1;16/10/2025;23/10/2025;octubre;10133544;10;1;16/10/2025;23/10/2025;C17;4500111607;10;2001;1;GJULIANI;24/10/2025;24/10/2025;31/10/2025;31/10/2025;C17;TIO TOM S.A.;50;0;0;50;5000150283;27/10/2025;2001;1;1;27/10/2025;LNASUTI;;;0;0;;;;;;;;;0;;;;;;;;;;;;;;;;;;4;;27/10/2025;00042;SEDE;;;-5;-9;0;;;;;;;;;5;;;;9;;;;;;GESTION ROSARIO;;;;;1;
00009 AGASA;1000076704;10;ZPAN;Tornillo hexagonal;;0;;;;AFORTUNA;1012881;"TORNILLOS HEX PUNTA MECHA GALV 14MM X 1""";500;Materiales genericos;CUMPLIDO;MR01;1;28/10/2025;30/10/2025;octubre;10134589;10;1;28/10/2025;28/10/2025;C06;4500111898;10;2001;1;VBARRA;29/10/2025;29/10/2025;30/10/2025;30/10/2025;C06;LARRAYA BULONES S.R.L.;500;0;0;500;5000150849;31/10/2025;2001;1;1;31/10/2025;LNASUTI;;;0;0;;;;;;;;;0;;;;;;;;;;;;;;;;;;1;;31/10/2025;00009;SEDE;;;-2;-1;0;;;;;;;;;2;;;;1;;;;;;GESTION ROSARIO;;;;;1;
00009 AGASA;1000077224;10;ZPAN;pintura, plachuela y;;0;;;;AFORTUNA;1012853;EMAPI EMACRIL POLIURET. BLANCO X 20 KG;6;Materiales genericos;CUMPLIDO;MR01;1;5/11/2025;10/11/2025;noviembre;10135260;10;1;5/11/2025;5/11/2025;C06;4500112587;10;2001;1;VBARRA;6/11/2025;6/11/2025;9/11/2025;11/11/2025;C06;L-A PINTURAS INDUSTRIALES SRL;6;0;0;6;5000152088;11/11/2025;2001;1;1;11/11/2025;LNASUTI;;;0;0;;;;;;;;;0;;;;;;;;;;;;;;;;;;1;;11/11/2025;00009;SEDE;;;-2;-2;0;;;;;;;;;2;;;;2;;;;;;GESTION ROSARIO;;;;;1;
00009 AGASA;1000077224;30;ZPAN;pintura, plachuela y;;0;;;;AFORTUNA;1010756;CABLE UNIPOLAR MARRON 2,5MM2;100;Materiales usuales;CUMPLIDO;MR01;1;5/11/2025;10/11/2025;noviembre;10135260;30;1;5/11/2025;5/11/2025;C06;4500112911;10;2001;1;VBARRA;11/11/2025;11/11/2025;10/11/2025;10/11/2025;C06;ARGELEC S.A.;100;0;0;100;5000152090;11/11/2025;2001;1;1;11/11/2025;LNASUTI;;;0;0;;;;;;;;;0;;;;;;;;;;;;;;;;;;1;;11/11/2025;00009;SEDE;;;-2;-1;0;;;;;;;;;2;;;;1;;;;;;GESTION ROSARIO;;;;;1;
00009 AGASA;1000077224;40;ZPAN;pintura, plachuela y;;0;;;;AFORTUNA;1010755;CABLE UNIPOLAR CELESTE 2,5MM2;100;Materiales usuales;CUMPLIDO;MR01;1;5/11/2025;10/11/2025;noviembre;10135260;40;1;5/11/2025;5/11/2025;C06;4500112911;20;2001;1;VBARRA;11/11/2025;11/11/2025;10/11/2025;10/11/2025;C06;ARGELEC S.A.;100;0;0;100;5000152090;11/11/2025;2001;2;1;11/11/2025;LNASUTI;;;0;0;;;;;;;;;0;;;;;;;;;;;;;;;;;;1;;11/11/2025;00009;SEDE;;;-2;-1;0;;;;;;;;;2;;;;1;;;;;;GESTION ROSARIO;;;;;1;
00009 AGASA;1000077224;50;ZPAN;pintura, plachuela y;;0;;;;AFORTUNA;1010759;CABLE UNIPOLAR 1X2,5MM2 VERDE AMARILLO;100;Materiales usuales;CUMPLIDO;MR01;1;5/11/2025;10/11/2025;noviembre;10135260;50;1;5/11/2025;5/11/2025;C06;4500112911;30;2001;1;VBARRA;11/11/2025;11/11/2025;10/11/2025;10/11/2025;C06;ARGELEC S.A.;100;0;0;100;5000152090;11/11/2025;2001;3;1;11/11/2025;LNASUTI;;;0;0;;;;;;;;;0;;;;;;;;;;;;;;;;;;1;;11/11/2025;00009;SEDE;;;-2;-1;0;;;;;;;;;2;;;;1;;;;;;GESTION ROSARIO;;;;;1;
00009 AGASA;1000077224;60;ZPAN;pintura, plachuela y;;0;;;;AFORTUNA;1010744;CABLE UNIPOLAR MARRON 1,5MM2;100;Materiales usuales;CUMPLIDO;MR01;1;5/11/2025;10/11/2025;noviembre;10135260;60;1;5/11/2025;5/11/2025;C06;4500112911;40;2001;1;VBARRA;11/11/2025;11/11/2025;10/11/2025;10/11/2025;C06;ARGELEC S.A.;100;0;0;100;5000152090;11/11/2025;2001;4;1;11/11/2025;LNASUTI;;;0;0;;;;;;;;;0;;;;;;;;;;;;;;;;;;1;;11/11/2025;00009;SEDE;;;-2;-1;0;;;;;;;;;2;;;;1;;;;;;GESTION ROSARIO;;;;;1;
00009 AGASA;1000077224;70;ZPAN;pintura, plachuela y;;0;;;;AFORTUNA;1012807;artefactos de tubo led doble, de 40Watts;16;Materiales genericos;CUMPLIDO;MR01;1;5/11/2025;10/11/2025;noviembre;10135260;70;1;5/11/2025;5/11/2025;C06;4500112911;50;2001;1;VBARRA;11/11/2025;11/11/2025;10/11/2025;10/11/2025;C06;ARGELEC S.A.;16;0;0;16;5000152090;11/11/2025;2001;5;1;11/11/2025;LNASUTI;;;0;0;;;;;;;;;0;;;;;;;;;;;;;;;;;;1;;11/11/2025;00009;SEDE;;;-2;-1;0;;;;;;;;;2;;;;1;;;;;;GESTION ROSARIO;;;;;1;
00009 AGASA;1000077224;80;ZPAN;pintura, plachuela y;;0;;;;AFORTUNA;1012808;TUBO LED 1.2MTS 16W LUZ FRIA ECOFIT;32;Materiales genericos;CUMPLIDO;MR01;1;5/11/2025;10/11/2025;noviembre;10135260;80;1;7/11/2025;7/11/2025;C06;4500112911;60;2001;1;VBARRA;11/11/2025;11/11/2025;10/11/2025;10/11/2025;C06;ARGELEC S.A.;32;0;0;32;5000152090;11/11/2025;2001;6;1;11/11/2025;LNASUTI;;;0;0;;;;;;;;;0;;;;;;;;;;;;;;;;;;1;;11/11/2025;00009;SEDE;;;-2;-1;0;;;;;;;;;2;;;;1;;;;;;GESTION ROSARIO;;;;;1;
00041 COMPRAS EQUIPOS;1000077658;30;ZPAN;INDUMENTARIA, CALZAD;;0;;;;FBERARDO;1040961;PANTALON CARGO AZUL PAMPERO T44;1;Materiales usuales;CUMPLIDO;MR01;1;12/11/2025;2/12/2025;diciembre;10135837;30;1;12/11/2025;14/11/2025;C28;4500113573;30;MR05;1;GDIAZ;19/11/2025;19/11/2025;2/12/2025;2/12/2025;C28;TKW S.A.;1;0;0;1;5000158001;12/1/2026;2001;1;1;12/1/2026;LNASUTI;;8000083264;1;1;LNASUTI;12/1/2026;12/1/2026;12965;TALLER 12/01;LNASUTI;12/1/2026;4900402084;1;RSCHUCHTEL;13/1/2026;12/1/2026;;;;;;;;;;;;;;;41;;12/1/2026;00041;SEDE;0;0;-42;-1;0;0;0;;;;;;;42;;;;1;;;;;;GESTION ROSARIO;;;;;1;
00041 COMPRAS EQUIPOS;1000077658;50;ZPAN;INDUMENTARIA, CALZAD;;0;;;;FBERARDO;1040960;PANTALON CARGO AZUL PAMPERO T42;1;Materiales usuales;CUMPLIDO;MR01;1;12/11/2025;2/12/2025;diciembre;10135837;50;1;12/11/2025;14/11/2025;C28;4500113573;50;MR05;1;GDIAZ;19/11/2025;19/11/2025;2/12/2025;2/12/2025;C28;TKW S.A.;1;0;0;1;5000158001;12/1/2026;2001;2;1;12/1/2026;LNASUTI;;8000083264;1;1;LNASUTI;12/1/2026;12/1/2026;12965;TALLER 12/01;LNASUTI;12/1/2026;4900402084;1;RSCHUCHTEL;13/1/2026;12/1/2026;;;;;;;;;;;;;;;41;;12/1/2026;00041;SEDE;0;0;-42;-1;0;0;0;;;;;;;42;;;;1;;;;;;GESTION ROSARIO;;;;;1;
00041 COMPRAS EQUIPOS;1000077658;60;ZPAN;INDUMENTARIA, CALZAD;;0;;;;FBERARDO;1011555;CHOMBA ALGODON AZUL TALLE L C LOGO;1;Materiales usuales;CUMPLIDO;MR01;1;12/11/2025;2/12/2025;diciembre;10135837;60;1;12/11/2025;14/11/2025;C28;4500113573;60;MR05;1;GDIAZ;19/11/2025;19/11/2025;2/12/2025;2/12/2025;C28;TKW S.A.;1;0;0;1;5000158001;12/1/2026;2001;3;1;12/1/2026;LNASUTI;;8000083264;1;1;LNASUTI;12/1/2026;12/1/2026;12965;TALLER 12/01;LNASUTI;12/1/2026;4900402084;1;RSCHUCHTEL;13/1/2026;12/1/2026;;;;;;;;;;;;;;;41;;12/1/2026;00041;SEDE;0;0;-42;-1;0;0;0;;;;;;;42;;;;1;;;;;;GESTION ROSARIO;;;;;1;
00041 COMPRAS EQUIPOS;1000077658;80;ZPAN;INDUMENTARIA, CALZAD;;0;;;;FBERARDO;1011563;CHOMBA MICROPIQUE GRIS TALLE M C LOGO;1;Materiales usuales;CUMPLIDO;MR01;1;12/11/2025;2/12/2025;diciembre;10135837;80;1;12/11/2025;14/11/2025;C28;4500113573;80;MR05;1;GDIAZ;19/11/2025;19/11/2025;2/12/2025;2/12/2025;C28;TKW S.A.;1;0;0;1;5000158001;12/1/2026;2001;4;1;12/1/2026;LNASUTI;;8000083264;1;1;LNASUTI;12/1/2026;12/1/2026;12965;TALLER 12/01;LNASUTI;12/1/2026;4900402084;1;RSCHUCHTEL;13/1/2026;12/1/2026;;;;;;;;;;;;;;;41;;12/1/2026;00041;SEDE;0;0;-42;-1;0;0;0;;;;;;;42;;;;1;;;;;;GESTION ROSARIO;;;;;1;
00041 COMPRAS EQUIPOS;1000077658;100;ZPAN;INDUMENTARIA, CALZAD;;0;;;;FBERARDO;1011656;PANTALON CARGO CAQUI T 56;1;Materiales usuales;CUMPLIDO;MR01;1;12/11/2025;2/12/2025;diciembre;10135837;100;1;12/11/2025;14/11/2025;C28;4500113573;100;MR05;1;GDIAZ;19/11/2025;19/11/2025;2/12/2025;2/12/2025;C28;TKW S.A.;1;0;0;1;5000158001;12/1/2026;2001;5;1;12/1/2026;LNASUTI;;8000083264;1;1;LNASUTI;12/1/2026;12/1/2026;12965;TALLER 12/01;LNASUTI;12/1/2026;4900402084;1;RSCHUCHTEL;13/1/2026;12/1/2026;;;;;;;;;;;;;;;41;;12/1/2026;00041;SEDE;0;0;-42;-1;0;0;0;;;;;;;42;;;;1;;;;;;GESTION ROSARIO;;;;;1;
00041 COMPRAS EQUIPOS;1000077658;110;ZPAN;INDUMENTARIA, CALZAD;;0;;;;FBERARDO;1011667;PANTALON GABARDINA AZUL OSCUR CHINO T.56;1;Materiales usuales;CUMPLIDO;MR01;1;12/11/2025;2/12/2025;diciembre;10135837;110;1;12/11/2025;14/11/2025;C28;4500113573;110;MR05;1;GDIAZ;19/11/2025;19/11/2025;2/12/2025;2/12/2025;C28;TKW S.A.;1;0;0;1;5000158001;12/1/2026;2001;6;1;12/1/2026;LNASUTI;;8000083264;1;1;LNASUTI;12/1/2026;12/1/2026;12965;TALLER 12/01;LNASUTI;12/1/2026;4900402084;1;RSCHUCHTEL;13/1/2026;12/1/2026;;;;;;;;;;;;;;;41;;12/1/2026;00041;SEDE;0;0;-42;-1;0;0;0;;;;;;;42;;;;1;;;;;;GESTION ROSARIO;;;;;1;
00041 COMPRAS EQUIPOS;1000077658;120;ZPAN;INDUMENTARIA, CALZAD;;0;;;;FBERARDO;1011667;PANTALON GABARDINA GRIS CHINO T.56;1;Materiales usuales;CUMPLIDO;MR01;1;12/11/2025;2/12/2025;diciembre;10135837;120;1;12/11/2025;14/11/2025;C28;4500113573;120;MR05;1;GDIAZ;19/11/2025;19/11/2025;2/12/2025;2/12/2025;C28;TKW S.A.;1;0;0;1;5000158001;12/1/2026;2001;7;1;12/1/2026;LNASUTI;;8000083264;1;1;LNASUTI;12/1/2026;12/1/2026;12965;TALLER 12/01;LNASUTI;12/1/2026;4900402084;1;RSCHUCHTEL;13/1/2026;12/1/2026;;;;;;;;;;;;;;;41;;12/1/2026;00041;SEDE;0;0;-42;-1;0;0;0;;;;;;;42;;;;1;;;;;;GESTION ROSARIO;;;;;1;
00042 ADMINISTRACIÓN;1000078344;10;ZPAN;Sello Marián;;0;;;;VCERRUTI;1011306;SELLO AUTOMATICO PERSONALIZADO;1;Materiales usuales;CUMPLIDO;MR01;1;25/11/2025;9/12/2025;diciembre;10136659;10;1;25/11/2025;11/12/2025;C17;4500115313;10;2001;1;GJULIANI;12/12/2025;12/12/2025;26/12/2025;26/12/2025;C17;EL ARTE DEL SELLO SRL;1;0;0;1;5000155954;17/12/2025;2001;1;1;17/12/2025;LNASUTI;;;0;0;;;;;;;;;0;;;;;;;;;;;;;;;;;;8;;17/12/2025;00042;SEDE;;;-9;-18;0;;;;;;;;;9;;;;18;;;;;;GESTION ROSARIO;;;;;1;
00042 ADMINISTRACIÓN;1000078355;10;ZPAN;librerianov25;;0;;;;VCERRUTI;1012839;NEPACO caja x 50unidades;10;Materiales genericos;CUMPLIDO;MR01;1;25/11/2025;16/12/2025;diciembre;10136668;10;1;25/11/2025;11/12/2025;C17;4500115569;10;2001;1;GJULIANI;17/12/2025;17/12/2025;19/12/2025;19/12/2025;C17;DISTRIBUIDORA DIQUE S.R.L.;10;0;0;10;5000156270;19/12/2025;2001;1;1;18/12/2025;LNASUTI;;;0;0;;;;;;;;;0;;;;;;;;;;;;;;;;;;2;;19/12/2025;00042;SEDE;;;-3;-4;1;;;;;;;;;3;;;;4;;;;;;GESTION ROSARIO;;;;;1;
00041 COMPRAS EQUIPOS;1000078449;20;ZPAN;COMPRA DIC EQU;;0;;;;AJORGE;1010741;YERBA X KG.;12;Materiales usuales;CUMPLIDO;MR01;1;26/11/2025;5/12/2025;diciembre;10136824;20;1;26/11/2025;27/11/2025;C17;4500114533;20;2001;1;GJULIANI;3/12/2025;3/12/2025;12/12/2025;12/12/2025;C17;DAVID ROSENTAL E HIJOS SACI;12;0;0;12;5000155571;15/12/2025;2001;1;1;15/12/2025;LNASUTI;;8000081915;12;1;LNASUTI;15/12/2025;16/12/2025;12680;TALLER 16/12;LNASUTI;16/12/2025;4900402143;12;RSCHUCHTEL;14/1/2026;16/12/2025;;;;;;;;;;;;;;;11;;15/12/2025;00041;SEDE;0;0;-11;-8;0;0;0;;;;;;;11;;;;8;;;;;;GESTION ROSARIO;;;;;1;
00041 COMPRAS EQUIPOS;1000078449;100;ZPAN;COMPRA DIC EQU;;0;;;;AJORGE;1043004;VINAGRE DE ALCOHOL 500 ML.;12;Materiales usuales;CUMPLIDO;MR01;1;26/11/2025;5/12/2025;diciembre;10136824;100;1;26/11/2025;27/11/2025;C17;4500114533;30;2001;1;GJULIANI;3/12/2025;3/12/2025;12/12/2025;12/12/2025;C17;DAVID ROSENTAL E HIJOS SACI;12;0;0;12;5000155571;15/12/2025;2001;2;1;15/12/2025;LNASUTI;;8000081915;12;1;LNASUTI;15/12/2025;16/12/2025;12680;TALLER 16/12;LNASUTI;16/12/2025;4900402143;12;RSCHUCHTEL;14/1/2026;16/12/2025;;;;;;;;;;;;;;;11;;15/12/2025;00041;SEDE;0;0;-11;-8;0;0;0;;;;;;;11;;;;8;;;;;;GESTION ROSARIO;;;;;1;
00041 COMPRAS EQUIPOS;1000078449;110;ZPAN;COMPRA DIC EQU;;0;;;;AJORGE;1043017;SAL FINA X500G;10;Materiales usuales;CUMPLIDO;MR01;1;26/11/2025;5/12/2025;diciembre;10136824;110;1;26/11/2025;27/11/2025;C17;4500114533;40;2001;1;GJULIANI;3/12/2025;3/12/2025;12/12/2025;12/12/2025;C17;DAVID ROSENTAL E HIJOS SACI;10;0;0;10;5000155571;15/12/2025;2001;3;1;15/12/2025;LNASUTI;;8000081915;10;1;LNASUTI;15/12/2025;16/12/2025;12680;TALLER 16/12;LNASUTI;16/12/2025;4900402143;10;RSCHUCHTEL;14/1/2026;16/12/2025;;;;;;;;;;;;;;;11;;15/12/2025;00041;SEDE;0;0;-11;-8;0;0;0;;;;;;;11;;;;8;;;;;;GESTION ROSARIO;;;;;1;
00041 COMPRAS EQUIPOS;1000078449;120;ZPAN;COMPRA DIC EQU;;0;;;;AJORGE;1043017;SAL FINA X500G;20;Materiales usuales;CUMPLIDO;MR01;1;26/11/2025;5/12/2025;diciembre;10136824;120;1;16/12/2025;16/12/2025;C17;4500114533;50;2001;1;GJULIANI;3/12/2025;3/12/2025;20/12/2025;20/12/2025;C17;DAVID ROSENTAL E HIJOS SACI;20;0;0;20;5000155806;17/12/2025;2001;1;1;15/12/2025;LNASUTI;;8000082093;20;1;LNASUTI;17/12/2025;17/12/2025;12696;TALLER 17/12;LNASUTI;17/12/2025;4900402145;20;RSCHUCHTEL;14/1/2026;17/12/2025;;;;;;;;;;;;;;;12;;17/12/2025;00041;SEDE;0;0;-11;-16;2;0;0;;;;;;;11;;;;16;;;;;;GESTION ROSARIO;1;;;1;1;
00013 Servicios Generales;1000066027;20;ZPAN;INSUMOS SSGG - EMANU;;0;;;;LMANSILLA;1012896;RESORTE DE TUBO DOBLA CAÑO PVC 20MM;1;Materiales genericos;CUMPLIDO;MR01;1;2/5/2025;9/5/2025;mayo;10120469;20;1;2/5/2025;2/5/2025;C27;4500098549;20;MR13;1;AESCUDERO;7/5/2025;7/5/2025;14/5/2025;21/5/2025;C27;ROMERO FERNANDO NAHUEL;1;0;0;1;5000133825;28/5/2025;2001;1;1;28/5/2025;FDEICAS;;;0;0;;;;;;;;;0;;;;;;;;;;;;;;;;;;19;;28/5/2025;00013;SEDE;;;-20;-13;0;;;;;;;;;20;;;;13;;;;;;GESTION ROSARIO;;;;;1;
00010 LOGISTICA;1000067973;10;ZPAN;PEDIDO ROPA INVIERNO;;0;;;;LMANSILLA;1011658;PANTALON GABARDINA NEGRO CHINO T.38;2;Materiales usuales;CUMPLIDO;MR01;1;2/6/2025;13/6/2025;junio;10122919;10;1;2/6/2025;2/6/2025;C28;4500101897;10;MR13;1;GDIAZ;19/6/2025;19/6/2025;4/7/2025;4/7/2025;C28;TKW S.A.;2;0;0;2;5000138235;10/7/2025;2001;1;3;10/7/2025;PKOSIARSKI;;;0;0;;;;;;;;;0;;;;;;;;;;;;;;;;;;27;;10/7/2025;00010;SEDE;;;-28;-22;0;;;;;;;;;28;;;;22;;;;;;GESTION ROSARIO;;;;;1;
00010 LOGISTICA;1000067973;20;ZPAN;PEDIDO ROPA INVIERNO;;0;;;;LMANSILLA;1011659;PANTALON GABARDINA GRIS CHINO T.40;2;Materiales usuales;CUMPLIDO;MR01;1;2/6/2025;13/6/2025;junio;10122919;20;1;2/6/2025;2/6/2025;C28;4500101897;20;MR13;1;GDIAZ;19/6/2025;19/6/2025;4/7/2025;4/7/2025;C28;TKW S.A.;2;0;0;2;5000138235;10/7/2025;2001;2;3;10/7/2025;PKOSIARSKI;;;0;0;;;;;;;;;0;;;;;;;;;;;;;;;;;;27;;10/7/2025;00010;SEDE;;;-28;-22;0;;;;;;;;;28;;;;22;;;;;;GESTION ROSARIO;;;;;1;
00010 LOGISTICA;1000067973;30;ZPAN;PEDIDO ROPA INVIERNO;;0;;;;LMANSILLA;1011663;PANTALON GABARDINA AZUL CHINO T.48;2;Materiales usuales;CUMPLIDO;MR01;1;2/6/2025;13/6/2025;junio;10122919;30;1;2/6/2025;2/6/2025;C28;4500101897;30;MR13;1;GDIAZ;19/6/2025;19/6/2025;4/7/2025;4/7/2025;C28;TKW S.A.;2;0;0;2;5000138235;10/7/2025;2001;3;3;10/7/2025;PKOSIARSKI;;;0;0;;;;;;;;;0;;;;;;;;;;;;;;;;;;27;;10/7/2025;00010;SEDE;;;-28;-22;0;;;;;;;;;28;;;;22;;;;;;GESTION ROSARIO;;;;;1;
00010 LOGISTICA;1000067973;40;ZPAN;PEDIDO ROPA INVIERNO;;0;;;;LMANSILLA;1011664;PANTALON GABARDINA V. MILITAR CHINO T.50;2;Materiales usuales;CUMPLIDO;MR01;1;2/6/2025;13/6/2025;junio;10122919;40;1;2/6/2025;2/6/2025;C28;4500101897;40;MR13;1;GDIAZ;19/6/2025;19/6/2025;4/7/2025;4/7/2025;C28;TKW S.A.;2;0;0;2;5000138235;10/7/2025;2001;4;3;10/7/2025;PKOSIARSKI;;;0;0;;;;;;;;;0;;;;;;;;;;;;;;;;;;27;;10/7/2025;00010;SEDE;;;-28;-22;0;;;;;;;;;28;;;;22;;;;;;GESTION ROSARIO;;;;;1;
00010 LOGISTICA;1000067973;50;ZPAN;PEDIDO ROPA INVIERNO;;0;;;;LMANSILLA;1040964;PANTALON CARGO CAQUI PAMPERO T50;2;Materiales usuales;CUMPLIDO;MR01;1;2/6/2025;13/6/2025;junio;10122919;50;1;2/6/2025;2/6/2025;C28;4500101897;50;MR13;1;GDIAZ;19/6/2025;19/6/2025;4/7/2025;4/7/2025;C28;TKW S.A.;2;0;0;2;5000138235;10/7/2025;2001;5;3;10/7/2025;PKOSIARSKI;;;0;0;;;;;;;;;0;;;;;;;;;;;;;;;;;;27;;10/7/2025;00010;SEDE;;;-28;-22;0;;;;;;;;;28;;;;22;;;;;;GESTION ROSARIO;;;;;1;
00010 LOGISTICA;1000067973;60;ZPAN;PEDIDO ROPA INVIERNO;;0;;;;LMANSILLA;1011662;PANTALON GABARDINA GRIS CHINO T.46;2;Materiales usuales;CUMPLIDO;MR01;1;2/6/2025;13/6/2025;junio;10122919;60;1;2/6/2025;2/6/2025;C28;4500101897;60;MR13;1;GDIAZ;19/6/2025;19/6/2025;4/7/2025;4/7/2025;C28;TKW S.A.;2;0;0;2;5000138235;10/7/2025;2001;6;3;10/7/2025;PKOSIARSKI;;;0;0;;;;;;;;;0;;;;;;;;;;;;;;;;;;27;;10/7/2025;00010;SEDE;;;-28;-22;0;;;;;;;;;28;;;;22;;;;;;GESTION ROSARIO;;;;;1;
00010 LOGISTICA;1000067973;70;ZPAN;PEDIDO ROPA INVIERNO;;0;;;;LMANSILLA;1011557;CHOMBA MICROPIQUE AZUL TALLE XL C LOGO;2;Materiales usuales;CUMPLIDO;MR01;1;2/6/2025;13/6/2025;junio;10122919;70;1;2/6/2025;3/6/2025;C28;4500101897;70;MR13;1;GDIAZ;19/6/2025;19/6/2025;4/7/2025;4/7/2025;C28;TKW S.A.;2;0;0;2;5000138235;10/7/2025;2001;7;3;10/7/2025;PKOSIARSKI;;;0;0;;;;;;;;;0;;;;;;;;;;;;;;;;;;27;;10/7/2025;00010;SEDE;;;-28;-22;0;;;;;;;;;28;;;;22;;;;;;GESTION ROSARIO;;;;;1;
00010 LOGISTICA;1000067973;80;ZPAN;PEDIDO ROPA INVIERNO;;0;;;;LMANSILLA;1011580;CHOMBA MICROPIQUE AZUL TALLE XXXL C LOGO;2;Materiales usuales;CUMPLIDO;MR01;1;2/6/2025;13/6/2025;junio;10122919;80;1;2/6/2025;3/6/2025;C28;4500101897;80;MR13;1;GDIAZ;19/6/2025;19/6/2025;4/7/2025;4/7/2025;C28;TKW S.A.;2;0;0;2;5000138235;10/7/2025;2001;8;3;10/7/2025;PKOSIARSKI;;;0;0;;;;;;;;;0;;;;;;;;;;;;;;;;;;27;;10/7/2025;00010;SEDE;;;-28;-22;0;;;;;;;;;28;;;;22;;;;;;GESTION ROSARIO;;;;;1;
00010 LOGISTICA;1000067973;90;ZPAN;PEDIDO ROPA INVIERNO;;0;;;;LMANSILLA;1011603;CAMISA TELA AIRE LIBRE GRIS TS C LOGO;4;Materiales usuales;CUMPLIDO;MR01;1;2/6/2025;13/6/2025;junio;10122919;90;1;2/6/2025;3/6/2025;C28;4500101893;90;MR13;1;GDIAZ;19/6/2025;19/6/2025;4/7/2025;4/7/2025;C28;NUEVA REGINA S.R.L.;4;0;0;4;5000137770;5/7/2025;MR13;1;1;5/7/2025;ALANDAVIDEA;;8000072427;4;1;ALANDAVIDEA;5/7/2025;5/7/2025;;;;;;0;;;;;;;;;;;;;;;;;;22;;5/7/2025;00010;SEDE;0;0;-23;-22;0;0;;;;;;;;23;;;;22;;;;;;GESTION ROSARIO;;;;;1;
00010 LOGISTICA;1000067973;100;ZPAN;PEDIDO ROPA INVIERNO;;0;;;;LMANSILLA;1011605;CAMISA TELA AIRE LIBRE GRIS TL C LOGO;2;Materiales usuales;CUMPLIDO;MR01;1;2/6/2025;13/6/2025;junio;10122919;100;1;2/6/2025;3/6/2025;C28;4500101893;100;MR13;1;GDIAZ;19/6/2025;19/6/2025;4/7/2025;4/7/2025;C28;NUEVA REGINA S.R.L.;2;0;0;2;5000137770;5/7/2025;MR13;2;1;5/7/2025;ALANDAVIDEA;;8000072427;2;1;ALANDAVIDEA;5/7/2025;5/7/2025;;;;;;0;;;;;;;;;;;;;;;;;;22;;5/7/2025;00010;SEDE;0;0;-23;-22;0;0;;;;;;;;23;;;;22;;;;;;GESTION ROSARIO;;;;;1;
00010 LOGISTICA;1000067973;110;ZPAN;PEDIDO ROPA INVIERNO;;0;;;;LMANSILLA;1011607;CAMISA TELA AIRE LIBRE GRIS TXL C LOGO;2;Materiales usuales;CUMPLIDO;MR01;1;2/6/2025;13/6/2025;junio;10122919;110;1;2/6/2025;3/6/2025;C28;4500101893;110;MR13;1;GDIAZ;19/6/2025;19/6/2025;4/7/2025;4/7/2025;C28;NUEVA REGINA S.R.L.;2;0;0;2;5000137770;5/7/2025;MR13;3;1;5/7/2025;ALANDAVIDEA;;8000072427;2;1;ALANDAVIDEA;5/7/2025;5/7/2025;;;;;;0;;;;;;;;;;;;;;;;;;22;;5/7/2025;00010;SEDE;0;0;-23;-22;0;0;;;;;;;;23;;;;22;;;;;;GESTION ROSARIO;;;;;1;
00010 LOGISTICA;1000068377;10;ZPAN;FAJAS PARA LOGISTICA;;0;;;;LMANSILLA;1017355;CINCHAS CON CRIQUE 700KG - 25MM ANCHO;2;Materiales usuales;CUMPLIDO;MR01;1;9/6/2025;13/6/2025;junio;10123572;10;1;9/6/2025;9/6/2025;C28;4500101512;10;MR13;1;GDIAZ;13/6/2025;13/6/2025;19/6/2025;19/6/2025;C28;SEGURIDAD S.R.L.;2;0;0;2;5000135929;18/6/2025;MR13;1;1;18/6/2025;FGORGONA;;;0;0;;;;;;;;;0;;;;;;;;;;;;;;;;;;5;;18/6/2025;00010;SEDE;;;-6;-7;0;;;;;;;;;6;;;;7;;;;;;GESTION ROSARIO;;;;;1;
00013 Servicios Generales;1000067266;10;ZPAN;INSUMOS SSGG;;0;;;;LMANSILLA;1028608;Carretel PortaTanza Cabezal Desmalezador;2;Materiales usuales;CUMPLIDO;MR01;1;21/5/2025;9/7/2025;julio;10121991;10;1;21/5/2025;3/7/2025;C27;4500102998;10;MR13;1;JESPARZA;4/7/2025;4/7/2025;9/7/2025;9/7/2025;C27;FERRETERA SAN LUIS;2;0;-1;2;5000138156;10/7/2025;2001;1;1;10/7/2025;LNASUTI;;;0;0;;;;;;;;;0;;;;;;;;;;;;;;;;;;1;;10/7/2025;00013;SEDE;;;-2;-1;0;;;;;;;;;2;;;;1;;;;;;GESTION ROSARIO;;;;;1;
00010 LOGISTICA;1000068505;10;ZPAN;compra indumentaria;;0;;;;LAREVALO;1011711;BUZO ALGODON AZUL OSCURO C/LOGO TXL;1;Materiales usuales;CUMPLIDO;MM01;1;11/6/2025;2/7/2025;julio;10123749;10;1;11/6/2025;17/6/2025;C28;4500101887;10;2001;1;GJULIANI;19/6/2025;19/6/2025;27/6/2025;4/7/2025;C28;LACIAR LEANDRO ADOLFO;1;0;0;1;5000137644;4/7/2025;2001;1;1;3/7/2025;AITURRIETA;;8000072408;1;1;AITURRIETA;4/7/2025;4/7/2025;;;;;4900367486;1;MSALGUERO;26/9/2025;4/7/2025;;;;;;;;;;;;;;;2;;4/7/2025;00010;SEDE;0;0;-2;-3;1;0;;;;;;;;2;;;;3;;;;;;GESTION SAN JUAN;;;;;1;
00010 LOGISTICA;1000068505;20;ZPAN;compra indumentaria;;0;;;;LAREVALO;1011712;BUZO ALGODON AZUL OSCURO C/LOGO TXXL;2;Materiales usuales;CUMPLIDO;MM01;1;11/6/2025;2/7/2025;julio;10123749;20;1;11/6/2025;17/6/2025;C28;4500101887;20;2001;1;GJULIANI;19/6/2025;19/6/2025;27/6/2025;4/7/2025;C28;LACIAR LEANDRO ADOLFO;2;0;0;2;5000137644;4/7/2025;2001;2;1;3/7/2025;AITURRIETA;;8000072408;2;1;AITURRIETA;4/7/2025;4/7/2025;;;;;4900367486;2;MSALGUERO;26/9/2025;4/7/2025;;;;;;;;;;;;;;;2;;4/7/2025;00010;SEDE;0;0;-2;-3;1;0;;;;;;;;2;;;;3;;;;;;GESTION SAN JUAN;;;;;1;
00010 LOGISTICA;1000068505;30;ZPAN;compra indumentaria;;0;;;;LAREVALO;1011713;BUZO ALGODON AZULOSCURO C/LOGO T XXXL;1;Materiales usuales;CUMPLIDO;MM01;1;11/6/2025;2/7/2025;julio;10123749;30;1;11/6/2025;17/6/2025;C28;4500101887;30;2001;1;GJULIANI;19/6/2025;19/6/2025;27/6/2025;4/7/2025;C28;LACIAR LEANDRO ADOLFO;1;0;0;1;5000137644;4/7/2025;2001;3;1;3/7/2025;AITURRIETA;;8000072408;1;1;AITURRIETA;4/7/2025;4/7/2025;;;;;4900367486;1;MSALGUERO;26/9/2025;4/7/2025;;;;;;;;;;;;;;;2;;4/7/2025;00010;SEDE;0;0;-2;-3;1;0;;;;;;;;2;;;;3;;;;;;GESTION SAN JUAN;;;;;1;
00020 RENTAL;1000072239;10;ZPAN;ARMARIO TALLER RENTA;;0;;;;WACOSTA;1012825;Armario Metalico Reforzado 180X90X45;4;Materiales genericos;CUMPLIDO;MR01;1;15/8/2025;29/8/2025;agosto;10128613;10;1;15/8/2025;15/8/2025;C19;4500106757;10;2001;1;VBARRA;22/8/2025;25/8/2025;28/8/2025;28/8/2025;C19;VOLPE HNOS. S.R.L.;4;0;0;4;5000144089;2/9/2025;2001;1;1;2/9/2025;FGORGONA;;8000075667;4;1;FGORGONA;2/9/2025;2/9/2025;;;;;4900363028;4;WACOSTA;15/9/2025;2/9/2025;;;;;;;;;;;;;;;4;;2/9/2025;00020;SEDE;0;0;-5;0;0;0;;;;;;;;5;;;;;;;;;;GESTION ROSARIO;;;;;1;
00020 RENTAL;1000072214;30;ZPAN;ROPA RENTAL TALLER;;0;;;;WACOSTA;1011619;CAMISA TELA AIRE LIBRE AZUL TL C LOGO;2;Materiales usuales;CUMPLIDO;MR01;1;15/8/2025;10/9/2025;septiembre;10128586;30;1;15/8/2025;15/8/2025;C28;4500108891;10;2001;2;GJULIANI;18/9/2025;18/9/2025;3/10/2025;3/10/2025;C28;NUEVA REGINA S.R.L.;2;0;0;2;5000147108;27/9/2025;2001;1;1;27/9/2025;FGORGONA;;8000077370;2;1;FGORGONA;27/9/2025;27/9/2025;11638;TALLER 2709;FGORGONA;27/9/2025;4900373716;2;WACOSTA;15/10/2025;27/9/2025;;;;;;;;;;;;;;;17;;27/9/2025;00020;SEDE;0;0;-18;-24;0;0;0;;;;;;;18;;;;24;;;;;;GESTION ROSARIO;;;;;1;
00020 RENTAL;1000072320;10;ZPAN;HERRAMIENTAS RENTAL;;0;;;;WACOSTA;1012888;Multimetro con osciloscopio portatil;1;Materiales genericos;CUMPLIDO;MR01;1;18/8/2025;1/9/2025;septiembre;10128722;10;1;18/8/2025;19/8/2025;C27;4500109494;10;2001;2;JESPARZA;26/9/2025;26/9/2025;3/10/2025;14/10/2025;C27;BALDOR S.R.L.;1;0;0;1;5000151043;3/11/2025;2001;1;1;3/11/2025;LNASUTI;;8000079569;1;1;LNASUTI;3/11/2025;3/11/2025;12138;TALLER 03/11;LNASUTI;3/11/2025;4900381334;1;WACOSTA;5/11/2025;3/11/2025;;;;;;;;;;;;;;;63;;3/11/2025;00020;SEDE;0;0;-64;-44;0;0;0;;;;;;;64;;;;44;;;;;;GESTION ROSARIO;;;;;1;
00020 RENTAL;1000073050;10;ZPAN;BULONERIA;;0;;;;WACOSTA;1015947;"Tornillo 1/2 x 1-1/2""";15;Materiales genericos;CUMPLIDO;MR01;1;29/8/2025;12/9/2025;septiembre;10129743;10;1;29/8/2025;29/8/2025;C03;4500107424;10;MR20;1;FBERARDO;1/9/2025;1/9/2025;12/9/2025;12/9/2025;C03;BULONERA FENIX S.R.L;15;0;0;15;5000149768;22/10/2025;MR20;1;1;22/10/2025;CDAVID;;;0;0;;;;;;;;;0;;;;;;;;;;;;;;;;;;40;;22/10/2025;00020;OTRO;;;-41;-1;0;;;;;;;;;;;;;;;;;;;GESTION ROSARIO;;;;;;
00020 RENTAL;1000073050;20;ZPAN;BULONERIA;;0;;;;WACOSTA;1015947;Tuerca de 1/2;15;Materiales genericos;CUMPLIDO;MR01;1;29/8/2025;12/9/2025;septiembre;10129743;20;1;29/8/2025;29/8/2025;C03;4500107424;20;MR20;1;FBERARDO;1/9/2025;1/9/2025;12/9/2025;12/9/2025;C03;BULONERA FENIX S.R.L;15;0;0;15;5000149768;22/10/2025;MR20;2;1;22/10/2025;CDAVID;;;0;0;;;;;;;;;0;;;;;;;;;;;;;;;;;;40;;22/10/2025;00020;OTRO;;;-41;-1;0;;;;;;;;;;;;;;;;;;;GESTION ROSARIO;;;;;;
00020 RENTAL;1000073734;10;ZPAN;ROPA RENTAL COMERCIA;;0;;;;WACOSTA;1011556;CHOMBA ALGODON AZUL TALLE M C LOGO;1;Materiales usuales;CUMPLIDO;MR01;1;10/9/2025;30/9/2025;septiembre;10130720;10;1;10/9/2025;12/9/2025;C28;4500108563;10;2001;1;GJULIANI;15/9/2025;15/9/2025;3/10/2025;9/10/2025;C28;NUEVA REGINA S.R.L.;1;0;0;1;5000149219;17/10/2025;2001;1;3;15/10/2025;FGORGONA;;8000078535;1;1;FGORGONA;17/10/2025;17/10/2025;11898;TALLER 17/10;LNASUTI;17/10/2025;4900376636;1;WACOSTA;23/10/2025;17/10/2025;;;;;;;;;;;;;;;17;;17/10/2025;00020;SEDE;0;0;-16;-10;2;0;0;;;;;;;16;;;;10;;;;;;GESTION ROSARIO;1;;;1;1;
00020 RENTAL;1000073734;20;ZPAN;ROPA RENTAL COMERCIA;;0;;;;WACOSTA;1011549;CHOMBA ALGODON NEGRA TALLE M C LOGO;1;Materiales usuales;CUMPLIDO;MR01;1;10/9/2025;30/9/2025;septiembre;10130720;20;1;10/9/2025;12/9/2025;C28;4500108563;20;2001;1;GJULIANI;15/9/2025;15/9/2025;3/10/2025;9/10/2025;C28;NUEVA REGINA S.R.L.;1;0;0;1;5000149219;17/10/2025;2001;2;1;15/10/2025;FGORGONA;;8000078535;1;1;FGORGONA;17/10/2025;17/10/2025;11898;TALLER 17/10;LNASUTI;17/10/2025;4900376636;1;WACOSTA;23/10/2025;17/10/2025;;;;;;;;;;;;;;;17;;17/10/2025;00020;SEDE;0;0;-16;-10;2;0;0;;;;;;;16;;;;10;;;;;;GESTION ROSARIO;1;;;1;1;
00020 RENTAL;1000073734;30;ZPAN;ROPA RENTAL COMERCIA;;0;;;;WACOSTA;1011557;CHOMBA ALGODON AZUL TALLE XL C LOGO;2;Materiales usuales;CUMPLIDO;MR01;1;10/9/2025;30/9/2025;septiembre;10130720;30;1;10/9/2025;12/9/2025;C28;4500108563;30;2001;1;GJULIANI;15/9/2025;15/9/2025;3/10/2025;9/10/2025;C28;NUEVA REGINA S.R.L.;2;0;0;2;5000149219;17/10/2025;2001;3;3;15/10/2025;FGORGONA;;8000078535;2;1;FGORGONA;17/10/2025;17/10/2025;11898;TALLER 17/10;LNASUTI;17/10/2025;4900376636;2;WACOSTA;23/10/2025;17/10/2025;;;;;;;;;;;;;;;17;;17/10/2025;00020;SEDE;0;0;-16;-10;2;0;0;;;;;;;16;;;;10;;;;;;GESTION ROSARIO;1;;;1;1;
00020 RENTAL;1000073734;40;ZPAN;ROPA RENTAL COMERCIA;;0;;;;WACOSTA;1011550;CHOMBA ALGODON NEGRA TALLE XL C LOGO;2;Materiales usuales;CUMPLIDO;MR01;1;10/9/2025;30/9/2025;septiembre;10130720;40;1;10/9/2025;12/9/2025;C28;4500108563;40;2001;1;GJULIANI;15/9/2025;15/9/2025;3/10/2025;9/10/2025;C28;NUEVA REGINA S.R.L.;2;0;0;2;5000149219;17/10/2025;2001;4;1;15/10/2025;FGORGONA;;8000078535;2;1;FGORGONA;17/10/2025;17/10/2025;11898;TALLER 17/10;LNASUTI;17/10/2025;4900376636;2;WACOSTA;23/10/2025;17/10/2025;;;;;;;;;;;;;;;17;;17/10/2025;00020;SEDE;0;0;-16;-10;2;0;0;;;;;;;16;;;;10;;;;;;GESTION ROSARIO;1;;;1;1;
00020 RENTAL;1000073993;10;ZPAN;FORMALIZAR CENTRO HI;;0;;;;WACOSTA;1012888;Manometro 0-400bar Fc.12-21637;1;Materiales genericos;CUMPLIDO;MR01;0;15/9/2025;29/9/2025;septiembre;10130999;10;1;15/9/2025;15/9/2025;C20;4500108989;10;2001;1;VBARRA;19/9/2025;19/9/2025;28/9/2025;20/11/2025;C20;CENTRO HIDRAULICO S.A.;1;0;0;1;5000156738;26/12/2025;2001;1;1;26/12/2025;SPONCE;;;0;0;;;;;;;;;0;;;;;;;;;;;;;;;;;;88;;26/12/2025;00020;SEDE;;;-88;-52;0;;;;;;;;;88;;;;52;;;;;;GESTION ROSARIO;;;;;1;
00020 RENTAL;1000076331;10;ZPAN;RUEDA GIRATORIA;;0;;;;WACOSTA;1012888;Rueda Giratoria De 125mm Chapa Y Goma;8;Materiales genericos;CUMPLIDO;MR01;1;22/10/2025;5/11/2025;noviembre;10134062;10;1;22/10/2025;22/10/2025;C27;4500111522;20;MR20;1;JESPARZA;23/10/2025;23/10/2025;5/11/2025;5/11/2025;C27;MIGUELEZZI NATALIA SUSANA;8;0;0;8;5000152210;12/11/2025;2001;1;1;12/11/2025;LNASUTI;;8000080198;8;1;LNASUTI;12/11/2025;13/11/2025;12300;TALLER 13/11;LNASUTI;13/11/2025;4900384632;8;CDAVID;14/11/2025;13/11/2025;;;;;;;;;;;;;;;8;;12/11/2025;00020;SEDE;0;0;-8;-1;0;0;0;;;;;;;8;;;;1;;;;;;GESTION ROSARIO;;;;;1;
00020 RENTAL;1000077030;10;ZPAN;Herramientas Rental;;0;;;;WACOSTA;1012888;Caja de herramientas  metal con 5 cajone;1;Materiales genericos;CUMPLIDO;MR01;1;3/11/2025;17/11/2025;noviembre;10135013;10;1;3/11/2025;6/11/2025;C27;4500113661;110;MR20;1;JESPARZA;20/11/2025;20/11/2025;24/11/2025;15/12/2025;C27;GASES ROSARIO S.R.L.;1;0;0;1;5000155441;12/12/2025;2001;2;1;11/12/2025;LNASUTI;;8000081835;1;1;LNASUTI;12/12/2025;12/12/2025;12641;TALLER 12/12;LNASUTI;12/12/2025;4900394990;1;GSPINELLI;16/12/2025;12/12/2025;;;;;;;;;;;;;;;25;;12/12/2025;00020;SEDE;0;0;-25;-29;1;0;0;;;;;;;25;;;;29;;;;;;GESTION ROSARIO;;;;;1;
00020 RENTAL;1000077096;10;ZPAN;Herramientas Rental;;0;;;;WACOSTA;1012888;CARRO PARA HERRAMIENTAS WURTH VER LINK;1;Materiales genericos;CUMPLIDO;MR01;1;4/11/2025;18/11/2025;noviembre;10135084;10;1;4/11/2025;6/11/2025;C27;4500113380;10;MR20;1;JESPARZA;18/11/2025;18/11/2025;25/11/2025;25/11/2025;C27;WURTH ARGENTINA S.A.;1;0;0;1;5000153349;25/11/2025;2001;1;1;25/11/2025;LNASUTI;;8000080796;1;1;LNASUTI;25/11/2025;27/11/2025;12438;TALLER 27/11;LNASUTI;27/11/2025;4900388797;1;GSPINELLI;28/11/2025;27/11/2025;;;;;;;;;;;;;;;9;;25/11/2025;00020;SEDE;0;0;-8;-8;0;0;0;;;;;;;8;;;;8;;;;;;GESTION ROSARIO;;;;;1;
00020 RENTAL;1000077096;20;ZPAN;Herramientas Rental;;0;;;;WACOSTA;1012888;SET CRIQUE BAHCO BOCALLAVE 3/4 VER LINK;1;Materiales genericos;CUMPLIDO;MR01;1;4/11/2025;18/11/2025;noviembre;10135084;20;1;4/11/2025;6/11/2025;C27;4500112904;20;MR20;1;JESPARZA;11/11/2025;12/11/2025;17/11/2025;21/11/2025;C27;FERRETERA SAN LUIS;1;0;0;1;5000153166;21/11/2025;2001;1;1;21/11/2025;LNASUTI;;8000080693;1;1;LNASUTI;21/11/2025;21/11/2025;12395;TALLER 21/11;LNASUTI;21/11/2025;4900387860;1;SDELSOGLIO;25/11/2025;21/11/2025;;;;;;;;;;;;;;;3;;21/11/2025;00020;SEDE;0;0;-4;-4;0;0;0;;;;;;;4;;;;4;;;;;;GESTION ROSARIO;;;;;1;
00020 RENTAL;1000077096;30;ZPAN;Herramientas Rental;;0;;;;WACOSTA;1012888;SET CRIQUE BAHCO BOCALLAVE 1/2 VER LINK;1;Materiales genericos;CUMPLIDO;MR01;1;4/11/2025;18/11/2025;noviembre;10135084;30;1;4/11/2025;6/11/2025;C27;4500112904;30;MR20;1;JESPARZA;11/11/2025;12/11/2025;17/11/2025;9/1/2026;C27;FERRETERA SAN LUIS;1;0;0;1;5000157198;3/1/2026;2001;1;1;2/1/2026;LNASUTI;;8000082875;1;1;LNASUTI;3/1/2026;3/1/2026;12872;TALLER 03/01;LNASUTI;3/1/2026;4900399700;1;GSPINELLI;6/1/2026;3/1/2026;;;;;;;;;;;;;;;46;;3/1/2026;00020;SEDE;0;0;-46;-53;1;0;0;;;;;;;46;;;;53;;;;;;GESTION ROSARIO;;;;;1;
00020 RENTAL;1000077096;40;ZPAN;Herramientas Rental;;0;;;;WACOSTA;1012888;Multímetro FLUKE DIGITAL MOD.107 VER LIN;1;Materiales genericos;CUMPLIDO;MR01;1;4/11/2025;18/11/2025;noviembre;10135084;40;1;4/11/2025;6/11/2025;C27;4500113354;20;MR20;1;JESPARZA;17/11/2025;17/11/2025;24/11/2025;24/11/2025;C27;INGENIERIA BOGGIO S.A;1;0;0;1;5000153176;21/11/2025;2001;1;1;21/11/2025;LNASUTI;;8000080698;1;1;LNASUTI;21/11/2025;21/11/2025;12395;TALLER 21/11;LNASUTI;21/11/2025;4900387851;1;SDELSOGLIO;25/11/2025;21/11/2025;;;;;;;;;;;;;;;3;;21/11/2025;00020;SEDE;0;0;-4;-7;0;0;0;;;;;;;4;;;;7;;;;;;GESTION ROSARIO;;;;;1;
00020 RENTAL;1000077096;50;ZPAN;Herramientas Rental;;0;;;;WACOSTA;1012888;"JGO DE LLAVE ""T"" WMBLEY 6 A 19MM VER LIN";1;Materiales genericos;CUMPLIDO;MR01;1;4/11/2025;18/11/2025;noviembre;10135084;50;1;4/11/2025;6/11/2025;C27;4500113362;20;MR20;1;JESPARZA;17/11/2025;17/11/2025;25/11/2025;24/11/2025;C27;PASTORI MAXIMILIANO ANDRES;1;0;0;1;5000154111;2/12/2025;2001;1;1;2/12/2025;LNASUTI;;8000081204;1;1;LNASUTI;2/12/2025;3/12/2025;12504;TALLER 03/12;LNASUTI;3/12/2025;4900390885;1;GSPINELLI;3/12/2025;3/12/2025;;;;;;;;;;;;;;;15;;2/12/2025;00020;SEDE;0;0;-15;-7;0;0;0;;;;;;;15;;;;7;;;;;;GESTION ROSARIO;;;;;1;
00020 RENTAL;1000077096;60;ZPAN;Herramientas Rental;;0;;;;WACOSTA;1012888;LLAVE CONBINADA 1/4 BAHCO;1;Materiales genericos;CUMPLIDO;MR01;1;4/11/2025;18/11/2025;noviembre;10135084;60;1;4/11/2025;6/11/2025;C27;4500112904;60;MR20;1;JESPARZA;11/11/2025;12/11/2025;17/11/2025;21/11/2025;C27;FERRETERA SAN LUIS;1;0;0;1;5000153166;21/11/2025;2001;2;1;21/11/2025;LNASUTI;;8000080693;1;1;LNASUTI;21/11/2025;21/11/2025;12395;TALLER 21/11;LNASUTI;21/11/2025;4900387860;1;SDELSOGLIO;25/11/2025;21/11/2025;;;;;;;;;;;;;;;3;;21/11/2025;00020;SEDE;0;0;-4;-4;0;0;0;;;;;;;4;;;;4;;;;;;GESTION ROSARIO;;;;;1;
00020 RENTAL;1000077096;70;ZPAN;Herramientas Rental;;0;;;;WACOSTA;1012888;LLAVE CONBINADA 1/2 BAHCO;1;Materiales genericos;CUMPLIDO;MR01;1;4/11/2025;18/11/2025;noviembre;10135084;70;1;4/11/2025;6/11/2025;C27;4500112904;70;MR20;1;JESPARZA;11/11/2025;12/11/2025;17/11/2025;21/11/2025;C27;FERRETERA SAN LUIS;1;0;0;1;5000153166;21/11/2025;2001;3;1;21/11/2025;LNASUTI;;8000080693;1;1;LNASUTI;21/11/2025;21/11/2025;12395;TALLER 21/11;LNASUTI;21/11/2025;4900387860;1;SDELSOGLIO;25/11/2025;21/11/2025;;;;;;;;;;;;;;;3;;21/11/2025;00020;SEDE;0;0;-4;-4;0;0;0;;;;;;;4;;;;4;;;;;;GESTION ROSARIO;;;;;1;
00020 RENTAL;1000077096;80;ZPAN;Herramientas Rental;;0;;;;WACOSTA;1012888;LLAVE CONBINADA 5/16BAHCO;1;Materiales genericos;CUMPLIDO;MR01;1;4/11/2025;18/11/2025;noviembre;10135084;80;1;4/11/2025;6/11/2025;C27;4500112904;80;MR20;1;JESPARZA;11/11/2025;12/11/2025;17/11/2025;21/11/2025;C27;FERRETERA SAN LUIS;1;0;0;1;5000153166;21/11/2025;2001;4;1;21/11/2025;LNASUTI;;8000080693;1;1;LNASUTI;21/11/2025;21/11/2025;12395;TALLER 21/11;LNASUTI;21/11/2025;4900387860;1;SDELSOGLIO;25/11/2025;21/11/2025;;;;;;;;;;;;;;;3;;21/11/2025;00020;SEDE;0;0;-4;-4;0;0;0;;;;;;;4;;;;4;;;;;;GESTION ROSARIO;;;;;1;
00020 RENTAL;1000077096;90;ZPAN;Herramientas Rental;;0;;;;WACOSTA;1012888;LLAVE CONBINADA 5/8 BAHCO;1;Materiales genericos;CUMPLIDO;MR01;1;4/11/2025;18/11/2025;noviembre;10135084;90;1;4/11/2025;6/11/2025;C27;4500112904;90;MR20;1;JESPARZA;11/11/2025;12/11/2025;17/11/2025;21/11/2025;C27;FERRETERA SAN LUIS;1;0;0;1;5000153166;21/11/2025;2001;5;1;21/11/2025;LNASUTI;;8000080693;1;1;LNASUTI;21/11/2025;21/11/2025;12395;TALLER 21/11;LNASUTI;21/11/2025;4900387860;1;SDELSOGLIO;25/11/2025;21/11/2025;;;;;;;;;;;;;;;3;;21/11/2025;00020;SEDE;0;0;-4;-4;0;0;0;;;;;;;4;;;;4;;;;;;GESTION ROSARIO;;;;;1;
00020 RENTAL;1000077096;100;ZPAN;Herramientas Rental;;0;;;;WACOSTA;1012888;LLAVE CONBINADA 11/16 BAHCO;1;Materiales genericos;CUMPLIDO;MR01;1;4/11/2025;18/11/2025;noviembre;10135084;100;1;4/11/2025;6/11/2025;C27;4500112904;100;MR20;1;JESPARZA;11/11/2025;12/11/2025;17/11/2025;21/11/2025;C27;FERRETERA SAN LUIS;1;0;0;1;5000153166;21/11/2025;2001;6;1;21/11/2025;LNASUTI;;8000080693;1;1;LNASUTI;21/11/2025;21/11/2025;12395;TALLER 21/11;LNASUTI;21/11/2025;4900387860;1;SDELSOGLIO;25/11/2025;21/11/2025;;;;;;;;;;;;;;;3;;21/11/2025;00020;SEDE;0;0;-4;-4;0;0;0;;;;;;;4;;;;4;;;;;;GESTION ROSARIO;;;;;1;
00020 RENTAL;1000077096;110;ZPAN;Herramientas Rental;;0;;;;WACOSTA;1012888;LLAVE CONBINADA 7/8 BAHCO;1;Materiales genericos;CUMPLIDO;MR01;1;4/11/2025;18/11/2025;noviembre;10135084;110;1;4/11/2025;6/11/2025;C27;4500112904;110;MR20;1;JESPARZA;11/11/2025;12/11/2025;17/11/2025;21/11/2025;C27;FERRETERA SAN LUIS;1;0;0;1;5000153166;21/11/2025;2001;7;1;21/11/2025;LNASUTI;;8000080693;1;1;LNASUTI;21/11/2025;21/11/2025;12395;TALLER 21/11;LNASUTI;21/11/2025;4900387860;1;SDELSOGLIO;25/11/2025;21/11/2025;;;;;;;;;;;;;;;3;;21/11/2025;00020;SEDE;0;0;-4;-4;0;0;0;;;;;;;4;;;;4;;;;;;GESTION ROSARIO;;;;;1;
00020 RENTAL;1000077096;120;ZPAN;Herramientas Rental;;0;;;;WACOSTA;1012888;LLAVE CONBINADA 15/16 BAHCO;1;Materiales genericos;CUMPLIDO;MR01;1;4/11/2025;18/11/2025;noviembre;10135084;120;1;4/11/2025;6/11/2025;C27;4500112904;120;MR20;1;JESPARZA;11/11/2025;12/11/2025;17/11/2025;21/11/2025;C27;FERRETERA SAN LUIS;1;0;0;1;5000153166;21/11/2025;2001;8;1;21/11/2025;LNASUTI;;8000080693;1;1;LNASUTI;21/11/2025;21/11/2025;12395;TALLER 21/11;LNASUTI;21/11/2025;4900387860;1;SDELSOGLIO;25/11/2025;21/11/2025;;;;;;;;;;;;;;;3;;21/11/2025;00020;SEDE;0;0;-4;-4;0;0;0;;;;;;;4;;;;4;;;;;;GESTION ROSARIO;;;;;1;
00020 RENTAL;1000077096;130;ZPAN;Herramientas Rental;;0;;;;WACOSTA;1012888;LLAVE CONBINADA 3/8 BAHCO;1;Materiales genericos;CUMPLIDO;MR01;1;4/11/2025;18/11/2025;noviembre;10135084;130;1;4/11/2025;6/11/2025;C27;4500112904;130;MR20;1;JESPARZA;11/11/2025;12/11/2025;17/11/2025;21/11/2025;C27;FERRETERA SAN LUIS;1;0;0;1;5000153166;21/11/2025;2001;9;1;21/11/2025;LNASUTI;;8000080693;1;1;LNASUTI;21/11/2025;21/11/2025;12395;TALLER 21/11;LNASUTI;21/11/2025;4900387860;1;SDELSOGLIO;25/11/2025;21/11/2025;;;;;;;;;;;;;;;3;;21/11/2025;00020;SEDE;0;0;-4;-4;0;0;0;;;;;;;4;;;;4;;;;;;GESTION ROSARIO;;;;;1;
00020 RENTAL;1000077096;140;ZPAN;Herramientas Rental;;0;;;;WACOSTA;1012888;LLAVE CONBINADA 7/16 BAHCO;1;Materiales genericos;CUMPLIDO;MR01;1;4/11/2025;18/11/2025;noviembre;10135084;140;1;4/11/2025;6/11/2025;C27;4500112904;140;MR20;1;JESPARZA;11/11/2025;12/11/2025;17/11/2025;21/11/2025;C27;FERRETERA SAN LUIS;1;0;0;1;5000153166;21/11/2025;2001;10;1;21/11/2025;LNASUTI;;8000080693;1;1;LNASUTI;21/11/2025;21/11/2025;12395;TALLER 21/11;LNASUTI;21/11/2025;4900387860;1;SDELSOGLIO;25/11/2025;21/11/2025;;;;;;;;;;;;;;;3;;21/11/2025;00020;SEDE;0;0;-4;-4;0;0;0;;;;;;;4;;;;4;;;;;;GESTION ROSARIO;;;;;1;
00020 RENTAL;1000077096;150;ZPAN;Herramientas Rental;;0;;;;WACOSTA;1012888;LLAVE CONBINADA 9/16 BAHCO;1;Materiales genericos;CUMPLIDO;MR01;1;4/11/2025;18/11/2025;noviembre;10135084;150;1;4/11/2025;6/11/2025;C27;4500112904;150;MR20;1;JESPARZA;11/11/2025;12/11/2025;17/11/2025;21/11/2025;C27;FERRETERA SAN LUIS;1;0;0;1;5000153166;21/11/2025;2001;11;1;21/11/2025;LNASUTI;;8000080693;1;1;LNASUTI;21/11/2025;21/11/2025;12395;TALLER 21/11;LNASUTI;21/11/2025;4900387860;1;SDELSOGLIO;25/11/2025;21/11/2025;;;;;;;;;;;;;;;3;;21/11/2025;00020;SEDE;0;0;-4;-4;0;0;0;;;;;;;4;;;;4;;;;;;GESTION ROSARIO;;;;;1;
00020 RENTAL;1000077096;160;ZPAN;Herramientas Rental;;0;;;;WACOSTA;1012888;LLAVE CONBINADA 3/4 BAHCO;1;Materiales genericos;CUMPLIDO;MR01;1;4/11/2025;18/11/2025;noviembre;10135084;160;1;4/11/2025;6/11/2025;C27;4500112904;160;MR20;1;JESPARZA;11/11/2025;12/11/2025;17/11/2025;21/11/2025;C27;FERRETERA SAN LUIS;1;0;0;1;5000153166;21/11/2025;2001;12;1;21/11/2025;LNASUTI;;8000080693;1;1;LNASUTI;21/11/2025;21/11/2025;12395;TALLER 21/11;LNASUTI;21/11/2025;4900387860;1;SDELSOGLIO;25/11/2025;21/11/2025;;;;;;;;;;;;;;;3;;21/11/2025;00020;SEDE;0;0;-4;-4;0;0;0;;;;;;;4;;;;4;;;;;;GESTION ROSARIO;;;;;1;
00020 RENTAL;1000077096;170;ZPAN;Herramientas Rental;;0;;;;WACOSTA;1012888;LLAVE CONBINADA 13/16 BAHCO;1;Materiales genericos;CUMPLIDO;MR01;1;4/11/2025;18/11/2025;noviembre;10135084;170;1;4/11/2025;6/11/2025;C27;4500112904;170;MR20;1;JESPARZA;11/11/2025;12/11/2025;17/11/2025;21/11/2025;C27;FERRETERA SAN LUIS;1;0;0;1;5000153166;21/11/2025;2001;13;1;21/11/2025;LNASUTI;;8000080693;1;1;LNASUTI;21/11/2025;21/11/2025;12395;TALLER 21/11;LNASUTI;21/11/2025;4900387860;1;SDELSOGLIO;25/11/2025;21/11/2025;;;;;;;;;;;;;;;3;;21/11/2025;00020;SEDE;0;0;-4;-4;0;0;0;;;;;;;4;;;;4;;;;;;GESTION ROSARIO;;;;;1;
00020 RENTAL;1000077096;180;ZPAN;Herramientas Rental;;0;;;;WACOSTA;1012888;"LLAVE CONBINADA 1"" BAHCO";1;Materiales genericos;CUMPLIDO;MR01;1;4/11/2025;18/11/2025;noviembre;10135084;180;1;4/11/2025;6/11/2025;C27;4500112904;180;MR20;1;JESPARZA;11/11/2025;12/11/2025;17/11/2025;21/11/2025;C27;FERRETERA SAN LUIS;1;0;0;1;5000153166;21/11/2025;2001;14;1;21/11/2025;LNASUTI;;8000080693;1;1;LNASUTI;21/11/2025;21/11/2025;12395;TALLER 21/11;LNASUTI;21/11/2025;4900387860;1;SDELSOGLIO;25/11/2025;21/11/2025;;;;;;;;;;;;;;;3;;21/11/2025;00020;SEDE;0;0;-4;-4;0;0;0;;;;;;;4;;;;4;;;;;;GESTION ROSARIO;;;;;1;
00020 RENTAL;1000077096;190;ZPAN;Herramientas Rental;;0;;;;WACOSTA;1012888;LLAVE CONBINADA N°6 MM BAHCO;1;Materiales genericos;CUMPLIDO;MR01;1;4/11/2025;18/11/2025;noviembre;10135084;190;1;4/11/2025;6/11/2025;C27;4500112904;190;MR20;1;JESPARZA;11/11/2025;12/11/2025;17/11/2025;21/11/2025;C27;FERRETERA SAN LUIS;1;0;0;1;5000153166;21/11/2025;2001;15;1;21/11/2025;LNASUTI;;8000080693;1;1;LNASUTI;21/11/2025;21/11/2025;12395;TALLER 21/11;LNASUTI;21/11/2025;4900387860;1;SDELSOGLIO;25/11/2025;21/11/2025;;;;;;;;;;;;;;;3;;21/11/2025;00020;SEDE;0;0;-4;-4;0;0;0;;;;;;;4;;;;4;;;;;;GESTION ROSARIO;;;;;1;
00020 RENTAL;1000077096;200;ZPAN;Herramientas Rental;;0;;;;WACOSTA;1012888;LLAVE CONBINADA N°7 MM BAHCO;1;Materiales genericos;CUMPLIDO;MR01;1;4/11/2025;18/11/2025;noviembre;10135084;200;1;4/11/2025;6/11/2025;C27;4500112904;200;MR20;1;JESPARZA;11/11/2025;12/11/2025;17/11/2025;21/11/2025;C27;FERRETERA SAN LUIS;1;0;0;1;5000153166;21/11/2025;2001;16;1;21/11/2025;LNASUTI;;8000080693;1;1;LNASUTI;21/11/2025;21/11/2025;12395;TALLER 21/11;LNASUTI;21/11/2025;4900387860;1;SDELSOGLIO;25/11/2025;21/11/2025;;;;;;;;;;;;;;;3;;21/11/2025;00020;SEDE;0;0;-4;-4;0;0;0;;;;;;;4;;;;4;;;;;;GESTION ROSARIO;;;;;1;
00020 RENTAL;1000077096;210;ZPAN;Herramientas Rental;;0;;;;WACOSTA;1012888;LLAVE CONBINADA N°8 MM BAHCO;1;Materiales genericos;CUMPLIDO;MR01;1;4/11/2025;18/11/2025;noviembre;10135084;210;1;4/11/2025;6/11/2025;C27;4500112904;210;MR20;1;JESPARZA;11/11/2025;12/11/2025;17/11/2025;21/11/2025;C27;FERRETERA SAN LUIS;1;0;0;1;5000153166;21/11/2025;2001;17;1;21/11/2025;LNASUTI;;8000080693;1;1;LNASUTI;21/11/2025;21/11/2025;12395;TALLER 21/11;LNASUTI;21/11/2025;4900387860;1;SDELSOGLIO;25/11/2025;21/11/2025;;;;;;;;;;;;;;;3;;21/11/2025;00020;SEDE;0;0;-4;-4;0;0;0;;;;;;;4;;;;4;;;;;;GESTION ROSARIO;;;;;1;
00020 RENTAL;1000077096;220;ZPAN;Herramientas Rental;;0;;;;WACOSTA;1012888;LLAVE CONBINADA N°9 MM BAHCO;1;Materiales genericos;CUMPLIDO;MR01;1;4/11/2025;18/11/2025;noviembre;10135084;220;1;4/11/2025;6/11/2025;C27;4500112904;220;MR20;1;JESPARZA;11/11/2025;12/11/2025;17/11/2025;21/11/2025;C27;FERRETERA SAN LUIS;1;0;0;1;5000153166;21/11/2025;2001;18;1;21/11/2025;LNASUTI;;8000080693;1;1;LNASUTI;21/11/2025;21/11/2025;12395;TALLER 21/11;LNASUTI;21/11/2025;4900387860;1;SDELSOGLIO;25/11/2025;21/11/2025;;;;;;;;;;;;;;;3;;21/11/2025;00020;SEDE;0;0;-4;-4;0;0;0;;;;;;;4;;;;4;;;;;;GESTION ROSARIO;;;;;1;
00020 RENTAL;1000077096;230;ZPAN;Herramientas Rental;;0;;;;WACOSTA;1012888;LLAVE CONBINADA N°10 MM BAHCO;1;Materiales genericos;CUMPLIDO;MR01;1;4/11/2025;18/11/2025;noviembre;10135084;230;1;4/11/2025;6/11/2025;C27;4500112904;230;MR20;1;JESPARZA;11/11/2025;12/11/2025;17/11/2025;21/11/2025;C27;FERRETERA SAN LUIS;1;0;0;1;5000153166;21/11/2025;2001;19;1;21/11/2025;LNASUTI;;8000080693;1;1;LNASUTI;21/11/2025;21/11/2025;12395;TALLER 21/11;LNASUTI;21/11/2025;4900387860;1;SDELSOGLIO;25/11/2025;21/11/2025;;;;;;;;;;;;;;;3;;21/11/2025;00020;SEDE;0;0;-4;-4;0;0;0;;;;;;;4;;;;4;;;;;;GESTION ROSARIO;;;;;1;
00020 RENTAL;1000077096;240;ZPAN;Herramientas Rental;;0;;;;WACOSTA;1012888;LLAVE CONBINADA N°11 MM BAHCO;1;Materiales genericos;CUMPLIDO;MR01;1;4/11/2025;18/11/2025;noviembre;10135084;240;1;4/11/2025;6/11/2025;C27;4500112904;240;MR20;1;JESPARZA;11/11/2025;12/11/2025;17/11/2025;21/11/2025;C27;FERRETERA SAN LUIS;1;0;0;1;5000153166;21/11/2025;2001;20;1;21/11/2025;LNASUTI;;8000080693;1;1;LNASUTI;21/11/2025;21/11/2025;12395;TALLER 21/11;LNASUTI;21/11/2025;4900387860;1;SDELSOGLIO;25/11/2025;21/11/2025;;;;;;;;;;;;;;;3;;21/11/2025;00020;SEDE;0;0;-4;-4;0;0;0;;;;;;;4;;;;4;;;;;;GESTION ROSARIO;;;;;1;
00020 RENTAL;1000077096;250;ZPAN;Herramientas Rental;;0;;;;WACOSTA;1012888;LLAVE CONBINADA N°12 MM BAHCO;1;Materiales genericos;CUMPLIDO;MR01;1;4/11/2025;18/11/2025;noviembre;10135084;250;1;4/11/2025;6/11/2025;C27;4500112904;250;MR20;1;JESPARZA;11/11/2025;12/11/2025;17/11/2025;21/11/2025;C27;FERRETERA SAN LUIS;1;0;0;1;5000153166;21/11/2025;2001;21;1;21/11/2025;LNASUTI;;8000080693;1;1;LNASUTI;21/11/2025;21/11/2025;12395;TALLER 21/11;LNASUTI;21/11/2025;4900387860;1;SDELSOGLIO;25/11/2025;21/11/2025;;;;;;;;;;;;;;;3;;21/11/2025;00020;SEDE;0;0;-4;-4;0;0;0;;;;;;;4;;;;4;;;;;;GESTION ROSARIO;;;;;1;
00020 RENTAL;1000077096;260;ZPAN;Herramientas Rental;;0;;;;WACOSTA;1012888;LLAVE CONBINADA N°13 MM BAHCO;1;Materiales genericos;CUMPLIDO;MR01;1;4/11/2025;18/11/2025;noviembre;10135084;260;1;4/11/2025;6/11/2025;C27;4500112904;260;MR20;1;JESPARZA;11/11/2025;12/11/2025;17/11/2025;21/11/2025;C27;FERRETERA SAN LUIS;1;0;0;1;5000153166;21/11/2025;2001;22;1;21/11/2025;LNASUTI;;8000080693;1;1;LNASUTI;21/11/2025;21/11/2025;12395;TALLER 21/11;LNASUTI;21/11/2025;4900387860;1;SDELSOGLIO;25/11/2025;21/11/2025;;;;;;;;;;;;;;;3;;21/11/2025;00020;SEDE;0;0;-4;-4;0;0;0;;;;;;;4;;;;4;;;;;;GESTION ROSARIO;;;;;1;
00020 RENTAL;1000077096;270;ZPAN;Herramientas Rental;;0;;;;WACOSTA;1012888;LLAVE CONBINADA N°14 MM BAHCO;1;Materiales genericos;CUMPLIDO;MR01;1;4/11/2025;18/11/2025;noviembre;10135084;270;1;4/11/2025;6/11/2025;C27;4500112904;270;MR20;1;JESPARZA;11/11/2025;12/11/2025;17/11/2025;21/11/2025;C27;FERRETERA SAN LUIS;1;0;0;1;5000153166;21/11/2025;2001;23;1;21/11/2025;LNASUTI;;8000080693;1;1;LNASUTI;21/11/2025;21/11/2025;12395;TALLER 21/11;LNASUTI;21/11/2025;4900387860;1;SDELSOGLIO;25/11/2025;21/11/2025;;;;;;;;;;;;;;;3;;21/11/2025;00020;SEDE;0;0;-4;-4;0;0;0;;;;;;;4;;;;4;;;;;;GESTION ROSARIO;;;;;1;
00020 RENTAL;1000077096;280;ZPAN;Herramientas Rental;;0;;;;WACOSTA;1012888;LLAVE CONBINADA N°15 MM BAHCO;1;Materiales genericos;CUMPLIDO;MR01;1;4/11/2025;18/11/2025;noviembre;10135084;280;1;4/11/2025;6/11/2025;C27;4500112904;280;MR20;1;JESPARZA;11/11/2025;12/11/2025;17/11/2025;21/11/2025;C27;FERRETERA SAN LUIS;1;0;0;1;5000153166;21/11/2025;2001;24;1;21/11/2025;LNASUTI;;8000080693;1;1;LNASUTI;21/11/2025;21/11/2025;12395;TALLER 21/11;LNASUTI;21/11/2025;4900387860;1;SDELSOGLIO;25/11/2025;21/11/2025;;;;;;;;;;;;;;;3;;21/11/2025;00020;SEDE;0;0;-4;-4;0;0;0;;;;;;;4;;;;4;;;;;;GESTION ROSARIO;;;;;1;
00020 RENTAL;1000077096;290;ZPAN;Herramientas Rental;;0;;;;WACOSTA;1012888;LLAVE CONBINADA N°16 MM BAHCO;1;Materiales genericos;CUMPLIDO;MR01;1;4/11/2025;18/11/2025;noviembre;10135084;290;1;4/11/2025;6/11/2025;C27;4500112904;290;MR20;1;JESPARZA;11/11/2025;12/11/2025;17/11/2025;21/11/2025;C27;FERRETERA SAN LUIS;1;0;0;1;5000153166;21/11/2025;2001;25;1;21/11/2025;LNASUTI;;8000080693;1;1;LNASUTI;21/11/2025;21/11/2025;12395;TALLER 21/11;LNASUTI;21/11/2025;4900387860;1;SDELSOGLIO;25/11/2025;21/11/2025;;;;;;;;;;;;;;;3;;21/11/2025;00020;SEDE;0;0;-4;-4;0;0;0;;;;;;;4;;;;4;;;;;;GESTION ROSARIO;;;;;1;
00020 RENTAL;1000077096;300;ZPAN;Herramientas Rental;;0;;;;WACOSTA;1012888;LLAVE CONBINADA N°17 MM BAHCO;1;Materiales genericos;CUMPLIDO;MR01;1;4/11/2025;18/11/2025;noviembre;10135084;300;1;4/11/2025;6/11/2025;C27;4500112904;300;MR20;1;JESPARZA;11/11/2025;12/11/2025;17/11/2025;21/11/2025;C27;FERRETERA SAN LUIS;1;0;0;1;5000153166;21/11/2025;2001;26;1;21/11/2025;LNASUTI;;8000080693;1;1;LNASUTI;21/11/2025;21/11/2025;12395;TALLER 21/11;LNASUTI;21/11/2025;4900387860;1;SDELSOGLIO;25/11/2025;21/11/2025;;;;;;;;;;;;;;;3;;21/11/2025;00020;SEDE;0;0;-4;-4;0;0;0;;;;;;;4;;;;4;;;;;;GESTION ROSARIO;;;;;1;
00020 RENTAL;1000077096;310;ZPAN;Herramientas Rental;;0;;;;WACOSTA;1012888;LLAVE CONBINADA N°18 MM BAHCO;1;Materiales genericos;CUMPLIDO;MR01;1;4/11/2025;18/11/2025;noviembre;10135084;310;1;4/11/2025;6/11/2025;C27;4500112904;310;MR20;1;JESPARZA;11/11/2025;12/11/2025;17/11/2025;21/11/2025;C27;FERRETERA SAN LUIS;1;0;0;1;5000153166;21/11/2025;2001;27;1;21/11/2025;LNASUTI;;8000080693;1;1;LNASUTI;21/11/2025;21/11/2025;12395;TALLER 21/11;LNASUTI;21/11/2025;4900387860;1;SDELSOGLIO;25/11/2025;21/11/2025;;;;;;;;;;;;;;;3;;21/11/2025;00020;SEDE;0;0;-4;-4;0;0;0;;;;;;;4;;;;4;;;;;;GESTION ROSARIO;;;;;1;
00020 RENTAL;1000077096;320;ZPAN;Herramientas Rental;;0;;;;WACOSTA;1012888;LLAVE CONBINADA N°19 MM BAHCO;1;Materiales genericos;CUMPLIDO;MR01;1;4/11/2025;18/11/2025;noviembre;10135084;320;1;4/11/2025;6/11/2025;C27;4500112904;320;MR20;1;JESPARZA;11/11/2025;12/11/2025;17/11/2025;21/11/2025;C27;FERRETERA SAN LUIS;1;0;0;1;5000153166;21/11/2025;2001;28;1;21/11/2025;LNASUTI;;8000080693;1;1;LNASUTI;21/11/2025;21/11/2025;12395;TALLER 21/11;LNASUTI;21/11/2025;4900387860;1;SDELSOGLIO;25/11/2025;21/11/2025;;;;;;;;;;;;;;;3;;21/11/2025;00020;SEDE;0;0;-4;-4;0;0;0;;;;;;;4;;;;4;;;;;;GESTION ROSARIO;;;;;1;
00020 RENTAL;1000077096;330;ZPAN;Herramientas Rental;;0;;;;WACOSTA;1012888;LLAVE CONBINADA N°20 MM BAHCO;1;Materiales genericos;CUMPLIDO;MR01;1;4/11/2025;18/11/2025;noviembre;10135084;330;1;4/11/2025;6/11/2025;C27;4500112904;330;MR20;1;JESPARZA;11/11/2025;12/11/2025;17/11/2025;21/11/2025;C27;FERRETERA SAN LUIS;1;0;0;1;5000153166;21/11/2025;2001;29;1;21/11/2025;LNASUTI;;8000080693;1;1;LNASUTI;21/11/2025;21/11/2025;12395;TALLER 21/11;LNASUTI;21/11/2025;4900387860;1;SDELSOGLIO;25/11/2025;21/11/2025;;;;;;;;;;;;;;;3;;21/11/2025;00020;SEDE;0;0;-4;-4;0;0;0;;;;;;;4;;;;4;;;;;;GESTION ROSARIO;;;;;1;
00020 RENTAL;1000077096;340;ZPAN;Herramientas Rental;;0;;;;WACOSTA;1012888;LLAVE CONBINADA N°21 MM BAHCO;1;Materiales genericos;CUMPLIDO;MR01;1;4/11/2025;18/11/2025;noviembre;10135084;340;1;4/11/2025;6/11/2025;C27;4500112904;340;MR20;1;JESPARZA;11/11/2025;12/11/2025;17/11/2025;21/11/2025;C27;FERRETERA SAN LUIS;1;0;0;1;5000153166;21/11/2025;2001;30;1;21/11/2025;LNASUTI;;8000080693;1;1;LNASUTI;21/11/2025;21/11/2025;12395;TALLER 21/11;LNASUTI;21/11/2025;4900387860;1;SDELSOGLIO;25/11/2025;21/11/2025;;;;;;;;;;;;;;;3;;21/11/2025;00020;SEDE;0;0;-4;-4;0;0;0;;;;;;;4;;;;4;;;;;;GESTION ROSARIO;;;;;1;
00020 RENTAL;1000077096;350;ZPAN;Herramientas Rental;;0;;;;WACOSTA;1012888;LLAVE CONBINADA N°22 MM BAHCO;1;Materiales genericos;CUMPLIDO;MR01;1;4/11/2025;18/11/2025;noviembre;10135084;350;1;4/11/2025;6/11/2025;C27;4500112904;350;MR20;1;JESPARZA;11/11/2025;12/11/2025;17/11/2025;21/11/2025;C27;FERRETERA SAN LUIS;1;0;0;1;5000153166;21/11/2025;2001;31;1;21/11/2025;LNASUTI;;8000080693;1;1;LNASUTI;21/11/2025;21/11/2025;12395;TALLER 21/11;LNASUTI;21/11/2025;4900387860;1;SDELSOGLIO;25/11/2025;21/11/2025;;;;;;;;;;;;;;;3;;21/11/2025;00020;SEDE;0;0;-4;-4;0;0;0;;;;;;;4;;;;4;;;;;;GESTION ROSARIO;;;;;1;
00020 RENTAL;1000077096;360;ZPAN;Herramientas Rental;;0;;;;WACOSTA;1012888;LLAVE CONBINADA N°23 MM BAHCO;1;Materiales genericos;CUMPLIDO;MR01;1;4/11/2025;18/11/2025;noviembre;10135084;360;1;4/11/2025;6/11/2025;C27;4500112904;360;MR20;1;JESPARZA;11/11/2025;12/11/2025;17/11/2025;21/11/2025;C27;FERRETERA SAN LUIS;1;0;0;1;5000153166;21/11/2025;2001;32;1;21/11/2025;LNASUTI;;8000080693;1;1;LNASUTI;21/11/2025;21/11/2025;12395;TALLER 21/11;LNASUTI;21/11/2025;4900387860;1;SDELSOGLIO;25/11/2025;21/11/2025;;;;;;;;;;;;;;;3;;21/11/2025;00020;SEDE;0;0;-4;-4;0;0;0;;;;;;;4;;;;4;;;;;;GESTION ROSARIO;;;;;1;
00020 RENTAL;1000077096;370;ZPAN;Herramientas Rental;;0;;;;WACOSTA;1012888;LLAVE CONBINADA N°24 MM BAHCO;1;Materiales genericos;CUMPLIDO;MR01;1;4/11/2025;18/11/2025;noviembre;10135084;370;1;4/11/2025;6/11/2025;C27;4500112904;370;MR20;1;JESPARZA;11/11/2025;12/11/2025;17/11/2025;21/11/2025;C27;FERRETERA SAN LUIS;1;0;0;1;5000153166;21/11/2025;2001;33;1;21/11/2025;LNASUTI;;8000080693;1;1;LNASUTI;21/11/2025;21/11/2025;12395;TALLER 21/11;LNASUTI;21/11/2025;4900387860;1;SDELSOGLIO;25/11/2025;21/11/2025;;;;;;;;;;;;;;;3;;21/11/2025;00020;SEDE;0;0;-4;-4;0;0;0;;;;;;;4;;;;4;;;;;;GESTION ROSARIO;;;;;1;
00020 RENTAL;1000077096;380;ZPAN;Herramientas Rental;;0;;;;WACOSTA;1012888;LLAVE CONBINADA N°25 MM BAHCO;1;Materiales genericos;CUMPLIDO;MR01;1;4/11/2025;18/11/2025;noviembre;10135084;380;1;4/11/2025;6/11/2025;C27;4500112904;380;MR20;1;JESPARZA;11/11/2025;12/11/2025;17/11/2025;21/11/2025;C27;FERRETERA SAN LUIS;1;0;0;1;5000153166;21/11/2025;2001;34;1;21/11/2025;LNASUTI;;8000080693;1;1;LNASUTI;21/11/2025;21/11/2025;12395;TALLER 21/11;LNASUTI;21/11/2025;4900387860;1;SDELSOGLIO;25/11/2025;21/11/2025;;;;;;;;;;;;;;;3;;21/11/2025;00020;SEDE;0;0;-4;-4;0;0;0;;;;;;;4;;;;4;;;;;;GESTION ROSARIO;;;;;1;
00020 RENTAL;1000077096;390;ZPAN;Herramientas Rental;;0;;;;WACOSTA;1012888;LLAVE CONBINADA N°26 MM BAHCO;1;Materiales genericos;CUMPLIDO;MR01;1;4/11/2025;18/11/2025;noviembre;10135084;390;1;4/11/2025;6/11/2025;C27;4500112904;390;MR20;1;JESPARZA;11/11/2025;12/11/2025;17/11/2025;21/11/2025;C27;FERRETERA SAN LUIS;1;0;0;1;5000153166;21/11/2025;2001;35;1;21/11/2025;LNASUTI;;8000080693;1;1;LNASUTI;21/11/2025;21/11/2025;12395;TALLER 21/11;LNASUTI;21/11/2025;4900387860;1;SDELSOGLIO;25/11/2025;21/11/2025;;;;;;;;;;;;;;;3;;21/11/2025;00020;SEDE;0;0;-4;-4;0;0;0;;;;;;;4;;;;4;;;;;;GESTION ROSARIO;;;;;1;
00020 RENTAL;1000077096;400;ZPAN;Herramientas Rental;;0;;;;WACOSTA;1012888;LLAVE CONBINADA N°27 MM BAHCO;1;Materiales genericos;CUMPLIDO;MR01;1;4/11/2025;18/11/2025;noviembre;10135084;400;1;4/11/2025;6/11/2025;C27;4500112904;400;MR20;1;JESPARZA;11/11/2025;12/11/2025;17/11/2025;21/11/2025;C27;FERRETERA SAN LUIS;1;0;0;1;5000153166;21/11/2025;2001;36;1;21/11/2025;LNASUTI;;8000080693;1;1;LNASUTI;21/11/2025;21/11/2025;12395;TALLER 21/11;LNASUTI;21/11/2025;4900387860;1;SDELSOGLIO;25/11/2025;21/11/2025;;;;;;;;;;;;;;;3;;21/11/2025;00020;SEDE;0;0;-4;-4;0;0;0;;;;;;;4;;;;4;;;;;;GESTION ROSARIO;;;;;1;
00020 RENTAL;1000077096;410;ZPAN;Herramientas Rental;;0;;;;WACOSTA;1012888;LLAVE CONBINADA N°28 MM BAHCO;1;Materiales genericos;CUMPLIDO;MR01;1;4/11/2025;18/11/2025;noviembre;10135084;410;1;4/11/2025;6/11/2025;C27;4500112904;410;MR20;1;JESPARZA;11/11/2025;12/11/2025;17/11/2025;21/11/2025;C27;FERRETERA SAN LUIS;1;0;0;1;5000153166;21/11/2025;2001;37;1;21/11/2025;LNASUTI;;8000080693;1;1;LNASUTI;21/11/2025;21/11/2025;12395;TALLER 21/11;LNASUTI;21/11/2025;4900387860;1;SDELSOGLIO;25/11/2025;21/11/2025;;;;;;;;;;;;;;;3;;21/11/2025;00020;SEDE;0;0;-4;-4;0;0;0;;;;;;;4;;;;4;;;;;;GESTION ROSARIO;;;;;1;
00020 RENTAL;1000077096;420;ZPAN;Herramientas Rental;;0;;;;WACOSTA;1012888;LLAVE CONBINADA N°29 MM BAHCO;1;Materiales genericos;CUMPLIDO;MR01;1;4/11/2025;18/11/2025;noviembre;10135084;420;1;4/11/2025;6/11/2025;C27;4500112904;420;MR20;1;JESPARZA;11/11/2025;12/11/2025;17/11/2025;21/11/2025;C27;FERRETERA SAN LUIS;1;0;0;1;5000153166;21/11/2025;2001;38;1;21/11/2025;LNASUTI;;8000080693;1;1;LNASUTI;21/11/2025;21/11/2025;12395;TALLER 21/11;LNASUTI;21/11/2025;4900387860;1;SDELSOGLIO;25/11/2025;21/11/2025;;;;;;;;;;;;;;;3;;21/11/2025;00020;SEDE;0;0;-4;-4;0;0;0;;;;;;;4;;;;4;;;;;;GESTION ROSARIO;;;;;1;
00020 RENTAL;1000077096;430;ZPAN;Herramientas Rental;;0;;;;WACOSTA;1012888;LLAVE CONBINADA N°30 MM BAHCO;1;Materiales genericos;CUMPLIDO;MR01;1;4/11/2025;18/11/2025;noviembre;10135084;430;1;4/11/2025;6/11/2025;C27;4500112904;430;MR20;1;JESPARZA;11/11/2025;12/11/2025;17/11/2025;21/11/2025;C27;FERRETERA SAN LUIS;1;0;0;1;5000153166;21/11/2025;2001;39;1;21/11/2025;LNASUTI;;8000080693;1;1;LNASUTI;21/11/2025;21/11/2025;12395;TALLER 21/11;LNASUTI;21/11/2025;4900387860;1;SDELSOGLIO;25/11/2025;21/11/2025;;;;;;;;;;;;;;;3;;21/11/2025;00020;SEDE;0;0;-4;-4;0;0;0;;;;;;;4;;;;4;;;;;;GESTION ROSARIO;;;;;1;
00020 RENTAL;1000077096;450;ZPAN;Herramientas Rental;;0;;;;WACOSTA;1012888;LLAVE CONBINADA N°32 MM BAHCO;1;Materiales genericos;CUMPLIDO;MR01;1;4/11/2025;18/11/2025;noviembre;10135084;450;1;4/11/2025;6/11/2025;C27;4500112904;450;MR20;1;JESPARZA;11/11/2025;12/11/2025;17/11/2025;21/11/2025;C27;FERRETERA SAN LUIS;1;0;0;1;5000153166;21/11/2025;2001;40;1;21/11/2025;LNASUTI;;8000080693;1;1;LNASUTI;21/11/2025;21/11/2025;12395;TALLER 21/11;LNASUTI;21/11/2025;4900387860;1;SDELSOGLIO;25/11/2025;21/11/2025;;;;;;;;;;;;;;;3;;21/11/2025;00020;SEDE;0;0;-4;-4;0;0;0;;;;;;;4;;;;4;;;;;;GESTION ROSARIO;;;;;1;
00020 RENTAL;1000077096;470;ZPAN;Herramientas Rental;;0;;;;WACOSTA;1012888;LLAVE CONBINADA N°34 MM BAHCO;1;Materiales genericos;CUMPLIDO;MR01;1;4/11/2025;18/11/2025;noviembre;10135084;470;1;4/11/2025;6/11/2025;C27;4500112909;430;MR20;1;JESPARZA;11/11/2025;12/11/2025;17/11/2025;21/11/2025;C27;ARROYITO MAQUINARIAS S.R.L.;1;0;0;1;5000152916;19/11/2025;2001;26;1;19/11/2025;LNASUTI;;8000080574;1;1;LNASUTI;19/11/2025;19/11/2025;12359;TALLER 19/11;LNASUTI;19/11/2025;4900386813;1;GSPINELLI;20/11/2025;19/11/2025;;;;;;;;;;;;;;;1;;19/11/2025;00020;SEDE;0;0;-2;-4;0;0;0;;;;;;;2;;;;4;;;;;;GESTION ROSARIO;;;;;1;
00020 RENTAL;1000077096;490;ZPAN;Herramientas Rental;;0;;;;WACOSTA;1012888;LLAVE CONBINADA N°36 MM BAHCO;1;Materiales genericos;CUMPLIDO;MR01;1;4/11/2025;18/11/2025;noviembre;10135084;490;1;4/11/2025;6/11/2025;C27;4500112909;80;MR20;1;JESPARZA;11/11/2025;12/11/2025;17/11/2025;21/11/2025;C27;ARROYITO MAQUINARIAS S.R.L.;1;0;0;1;5000152916;19/11/2025;2001;1;1;19/11/2025;LNASUTI;;8000080574;1;1;LNASUTI;19/11/2025;19/11/2025;12359;TALLER 19/11;LNASUTI;19/11/2025;4900386813;1;GSPINELLI;20/11/2025;19/11/2025;;;;;;;;;;;;;;;1;;19/11/2025;00020;SEDE;0;0;-2;-4;0;0;0;;;;;;;2;;;;4;;;;;;GESTION ROSARIO;;;;;1;
00020 RENTAL;1000077096;500;ZPAN;Herramientas Rental;;0;;;;WACOSTA;1012888;LLAVE CONBINADA N°37 MM BAHCO;1;Materiales genericos;CUMPLIDO;MR01;1;4/11/2025;18/11/2025;noviembre;10135084;500;1;4/11/2025;6/11/2025;C27;4500112909;90;MR20;1;JESPARZA;11/11/2025;12/11/2025;17/11/2025;21/11/2025;C27;ARROYITO MAQUINARIAS S.R.L.;1;0;0;1;5000152916;19/11/2025;2001;2;1;19/11/2025;LNASUTI;;8000080574;1;1;LNASUTI;19/11/2025;19/11/2025;12359;TALLER 19/11;LNASUTI;19/11/2025;4900386813;1;GSPINELLI;20/11/2025;19/11/2025;;;;;;;;;;;;;;;1;;19/11/2025;00020;SEDE;0;0;-2;-4;0;0;0;;;;;;;2;;;;4;;;;;;GESTION ROSARIO;;;;;1;
00020 RENTAL;1000077096;510;ZPAN;Herramientas Rental;;0;;;;WACOSTA;1012888;LLAVE CONBINADA N°38 MM BAHCO;1;Materiales genericos;CUMPLIDO;MR01;1;4/11/2025;18/11/2025;noviembre;10135084;510;1;4/11/2025;6/11/2025;C27;4500112909;100;MR20;1;JESPARZA;11/11/2025;12/11/2025;17/11/2025;21/11/2025;C27;ARROYITO MAQUINARIAS S.R.L.;1;0;0;1;5000152916;19/11/2025;2001;3;1;19/11/2025;LNASUTI;;8000080574;1;1;LNASUTI;19/11/2025;19/11/2025;12359;TALLER 19/11;LNASUTI;19/11/2025;4900386813;1;GSPINELLI;20/11/2025;19/11/2025;;;;;;;;;;;;;;;1;;19/11/2025;00020;SEDE;0;0;-2;-4;0;0;0;;;;;;;2;;;;4;;;;;;GESTION ROSARIO;;;;;1;
00020 RENTAL;1000077096;540;ZPAN;Herramientas Rental;;0;;;;WACOSTA;1012888;LLAVE CONBINADA N°41 MM BAHCO;1;Materiales genericos;CUMPLIDO;MR01;1;4/11/2025;18/11/2025;noviembre;10135084;540;1;4/11/2025;6/11/2025;C27;4500112909;130;MR20;1;JESPARZA;11/11/2025;12/11/2025;17/11/2025;21/11/2025;C27;ARROYITO MAQUINARIAS S.R.L.;1;0;0;1;5000152916;19/11/2025;2001;4;1;19/11/2025;LNASUTI;;8000080574;1;1;LNASUTI;19/11/2025;19/11/2025;12359;TALLER 19/11;LNASUTI;19/11/2025;4900386813;1;GSPINELLI;20/11/2025;19/11/2025;;;;;;;;;;;;;;;1;;19/11/2025;00020;SEDE;0;0;-2;-4;0;0;0;;;;;;;2;;;;4;;;;;;GESTION ROSARIO;;;;;1;
00020 RENTAL;1000077096;550;ZPAN;Herramientas Rental;;0;;;;WACOSTA;1012888;LLAVE CONBINADA N°42 MM BAHCO;1;Materiales genericos;CUMPLIDO;MR01;1;4/11/2025;18/11/2025;noviembre;10135084;550;1;4/11/2025;6/11/2025;C27;4500112909;140;MR20;1;JESPARZA;11/11/2025;12/11/2025;17/11/2025;21/11/2025;C27;ARROYITO MAQUINARIAS S.R.L.;1;0;0;1;5000152916;19/11/2025;2001;5;1;19/11/2025;LNASUTI;;8000080574;1;1;LNASUTI;19/11/2025;19/11/2025;12359;TALLER 19/11;LNASUTI;19/11/2025;4900386813;1;GSPINELLI;20/11/2025;19/11/2025;;;;;;;;;;;;;;;1;;19/11/2025;00020;SEDE;0;0;-2;-4;0;0;0;;;;;;;2;;;;4;;;;;;GESTION ROSARIO;;;;;1;
00020 RENTAL;1000077096;590;ZPAN;Herramientas Rental;;0;;;;WACOSTA;1012888;"LLAVE REGULABLE 12"" 305X34MM";1;Materiales genericos;CUMPLIDO;MR01;1;4/11/2025;18/11/2025;noviembre;10135084;590;1;4/11/2025;6/11/2025;C27;4500112904;590;MR20;1;JESPARZA;11/11/2025;12/11/2025;17/11/2025;21/11/2025;C27;FERRETERA SAN LUIS;1;0;0;1;5000153166;21/11/2025;2001;41;1;21/11/2025;LNASUTI;;8000080693;1;1;LNASUTI;21/11/2025;21/11/2025;12395;TALLER 21/11;LNASUTI;21/11/2025;4900387860;1;SDELSOGLIO;25/11/2025;21/11/2025;;;;;;;;;;;;;;;3;;21/11/2025;00020;SEDE;0;0;-4;-4;0;0;0;;;;;;;4;;;;4;;;;;;GESTION ROSARIO;;;;;1;
00020 RENTAL;1000077096;600;ZPAN;Herramientas Rental;;0;;;;WACOSTA;1012888;"LLAVE REGULABLE 18""";1;Materiales genericos;CUMPLIDO;MR01;1;4/11/2025;18/11/2025;noviembre;10135084;600;1;4/11/2025;6/11/2025;C27;4500112904;600;MR20;1;JESPARZA;11/11/2025;12/11/2025;17/11/2025;21/11/2025;C27;FERRETERA SAN LUIS;1;0;0;1;5000153166;21/11/2025;2001;42;1;21/11/2025;LNASUTI;;8000080693;1;1;LNASUTI;21/11/2025;21/11/2025;12395;TALLER 21/11;LNASUTI;21/11/2025;4900387860;1;SDELSOGLIO;25/11/2025;21/11/2025;;;;;;;;;;;;;;;3;;21/11/2025;00020;SEDE;0;0;-4;-4;0;0;0;;;;;;;4;;;;4;;;;;;GESTION ROSARIO;;;;;1;
00020 RENTAL;1000077096;610;ZPAN;Herramientas Rental;;0;;;;WACOSTA;1012888;"PINZA COMUN AISLADA 8""";1;Materiales genericos;CUMPLIDO;MR01;1;4/11/2025;18/11/2025;noviembre;10135084;610;1;4/11/2025;6/11/2025;C27;4500112904;610;MR20;1;JESPARZA;11/11/2025;12/11/2025;17/11/2025;21/11/2025;C27;FERRETERA SAN LUIS;1;0;0;1;5000153166;21/11/2025;2001;43;1;21/11/2025;LNASUTI;;8000080693;1;1;LNASUTI;21/11/2025;21/11/2025;12395;TALLER 21/11;LNASUTI;21/11/2025;4900387860;1;SDELSOGLIO;25/11/2025;21/11/2025;;;;;;;;;;;;;;;3;;21/11/2025;00020;SEDE;0;0;-4;-4;0;0;0;;;;;;;4;;;;4;;;;;;GESTION ROSARIO;;;;;1;
00020 RENTAL;1000077096;620;ZPAN;Herramientas Rental;;0;;;;WACOSTA;1012888;"PINZA PICO DE LORO 10""";1;Materiales genericos;CUMPLIDO;MR01;1;4/11/2025;18/11/2025;noviembre;10135084;620;1;4/11/2025;6/11/2025;C27;4500112904;620;MR20;1;JESPARZA;11/11/2025;12/11/2025;17/11/2025;21/11/2025;C27;FERRETERA SAN LUIS;1;0;0;1;5000153166;21/11/2025;2001;44;1;21/11/2025;LNASUTI;;8000080693;1;1;LNASUTI;21/11/2025;21/11/2025;12395;TALLER 21/11;LNASUTI;21/11/2025;4900387860;1;SDELSOGLIO;25/11/2025;21/11/2025;;;;;;;;;;;;;;;3;;21/11/2025;00020;SEDE;0;0;-4;-4;0;0;0;;;;;;;4;;;;4;;;;;;GESTION ROSARIO;;;;;1;
00020 RENTAL;1000077096;630;ZPAN;Herramientas Rental;;0;;;;WACOSTA;1012888;LLAVE ALEM MM 9 PIEZAS LARGAS;1;Materiales genericos;CUMPLIDO;MR01;1;4/11/2025;18/11/2025;noviembre;10135084;630;1;4/11/2025;6/11/2025;C27;4500112909;180;MR20;1;JESPARZA;11/11/2025;12/11/2025;17/11/2025;21/11/2025;C27;ARROYITO MAQUINARIAS S.R.L.;1;0;0;1;5000152916;19/11/2025;2001;6;1;19/11/2025;LNASUTI;;8000080574;1;1;LNASUTI;19/11/2025;19/11/2025;12359;TALLER 19/11;LNASUTI;19/11/2025;4900386813;1;GSPINELLI;20/11/2025;19/11/2025;;;;;;;;;;;;;;;1;;19/11/2025;00020;SEDE;0;0;-2;-4;0;0;0;;;;;;;2;;;;4;;;;;;GESTION ROSARIO;;;;;1;
00020 RENTAL;1000077096;640;ZPAN;Herramientas Rental;;0;;;;WACOSTA;1012888;LLAVE ALEM PULGADAS 9 PIEZAS LARGAS;1;Materiales genericos;CUMPLIDO;MR01;1;4/11/2025;18/11/2025;noviembre;10135084;640;1;4/11/2025;6/11/2025;C27;4500112909;190;MR20;1;JESPARZA;11/11/2025;12/11/2025;17/11/2025;21/11/2025;C27;ARROYITO MAQUINARIAS S.R.L.;1;0;0;1;5000152916;19/11/2025;2001;7;1;19/11/2025;LNASUTI;;8000080574;1;1;LNASUTI;19/11/2025;19/11/2025;12359;TALLER 19/11;LNASUTI;19/11/2025;4900386813;1;GSPINELLI;20/11/2025;19/11/2025;;;;;;;;;;;;;;;1;;19/11/2025;00020;SEDE;0;0;-2;-4;0;0;0;;;;;;;2;;;;4;;;;;;GESTION ROSARIO;;;;;1;
00020 RENTAL;1000077096;650;ZPAN;Herramientas Rental;;0;;;;WACOSTA;1012888;LLAVE TORK JGO 9 PIEZAS;1;Materiales genericos;CUMPLIDO;MR01;1;4/11/2025;18/11/2025;noviembre;10135084;650;1;4/11/2025;6/11/2025;C27;4500112904;650;MR20;1;JESPARZA;11/11/2025;12/11/2025;17/11/2025;21/11/2025;C27;FERRETERA SAN LUIS;1;0;0;1;5000153166;21/11/2025;2001;45;1;21/11/2025;LNASUTI;;8000080693;1;1;LNASUTI;21/11/2025;21/11/2025;12395;TALLER 21/11;LNASUTI;21/11/2025;4900387860;1;SDELSOGLIO;25/11/2025;21/11/2025;;;;;;;;;;;;;;;3;;21/11/2025;00020;SEDE;0;0;-4;-4;0;0;0;;;;;;;4;;;;4;;;;;;GESTION ROSARIO;;;;;1;
00020 RENTAL;1000077096;660;ZPAN;Herramientas Rental;;0;;;;WACOSTA;1012888;SONDA DE ESPESOR  0.05 A 1.00MM;1;Materiales genericos;CUMPLIDO;MR01;1;4/11/2025;18/11/2025;noviembre;10135084;660;1;4/11/2025;6/11/2025;C27;4500112909;200;MR20;1;JESPARZA;11/11/2025;12/11/2025;17/11/2025;21/11/2025;C27;ARROYITO MAQUINARIAS S.R.L.;1;0;0;1;5000152916;19/11/2025;2001;8;1;19/11/2025;LNASUTI;;8000080574;1;1;LNASUTI;19/11/2025;19/11/2025;12359;TALLER 19/11;LNASUTI;19/11/2025;4900386813;1;GSPINELLI;20/11/2025;19/11/2025;;;;;;;;;;;;;;;1;;19/11/2025;00020;SEDE;0;0;-2;-4;0;0;0;;;;;;;2;;;;4;;;;;;GESTION ROSARIO;;;;;1;
00020 RENTAL;1000077096;670;ZPAN;Herramientas Rental;;0;;;;WACOSTA;1012888;JGO DESTORNILLADORES TOTAL 18 PIEZAS;2;Materiales genericos;CUMPLIDO;MR01;1;4/11/2025;18/11/2025;noviembre;10135084;670;1;4/11/2025;6/11/2025;C27;4500112909;210;MR20;1;JESPARZA;11/11/2025;12/11/2025;17/11/2025;21/11/2025;C27;ARROYITO MAQUINARIAS S.R.L.;2;0;0;2;5000152916;19/11/2025;2001;9;1;19/11/2025;LNASUTI;;8000080574;2;1;LNASUTI;19/11/2025;19/11/2025;12359;TALLER 19/11;LNASUTI;19/11/2025;4900386813;2;GSPINELLI;20/11/2025;19/11/2025;;;;;;;;;;;;;;;1;;19/11/2025;00020;SEDE;0;0;-2;-4;0;0;0;;;;;;;2;;;;4;;;;;;GESTION ROSARIO;;;;;1;
00020 RENTAL;1000077096;680;ZPAN;Herramientas Rental;;0;;;;WACOSTA;1012888;PINZA AUTOAJUSTABLE SOLDADOR 9;2;Materiales genericos;CUMPLIDO;MR01;1;4/11/2025;18/11/2025;noviembre;10135084;680;1;4/11/2025;6/11/2025;C27;4500113362;110;MR20;1;JESPARZA;17/11/2025;17/11/2025;25/11/2025;24/11/2025;C27;PASTORI MAXIMILIANO ANDRES;2;0;0;2;5000154111;2/12/2025;2001;2;1;2/12/2025;LNASUTI;;8000081204;2;1;LNASUTI;2/12/2025;3/12/2025;12504;TALLER 03/12;LNASUTI;3/12/2025;4900390885;2;GSPINELLI;3/12/2025;3/12/2025;;;;;;;;;;;;;;;15;;2/12/2025;00020;SEDE;0;0;-15;-7;0;0;0;;;;;;;15;;;;7;;;;;;GESTION ROSARIO;;;;;1;
00020 RENTAL;1000077096;690;ZPAN;Herramientas Rental;;0;;;;WACOSTA;1012888;"SACAFILTRO SUNCHO 50"" A 72MM CATERPILLAR";1;Materiales genericos;CUMPLIDO;MR01;1;4/11/2025;18/11/2025;noviembre;10135084;690;1;4/11/2025;6/11/2025;C27;4500112909;230;MR20;1;JESPARZA;11/11/2025;12/11/2025;17/11/2025;21/11/2025;C27;ARROYITO MAQUINARIAS S.R.L.;1;0;0;1;5000152916;19/11/2025;2001;10;1;19/11/2025;LNASUTI;;8000080574;1;1;LNASUTI;19/11/2025;19/11/2025;12359;TALLER 19/11;LNASUTI;19/11/2025;4900386813;1;GSPINELLI;20/11/2025;19/11/2025;;;;;;;;;;;;;;;1;;19/11/2025;00020;SEDE;0;0;-2;-4;0;0;0;;;;;;;2;;;;4;;;;;;GESTION ROSARIO;;;;;1;
00020 RENTAL;1000077096;700;ZPAN;Herramientas Rental;;0;;;;WACOSTA;1012888;"SACAFILTRO SUNCHO 72"" A 98MM CATERPILLAR";1;Materiales genericos;CUMPLIDO;MR01;1;4/11/2025;18/11/2025;noviembre;10135084;700;1;4/11/2025;6/11/2025;C27;4500112909;240;MR20;1;JESPARZA;11/11/2025;12/11/2025;17/11/2025;21/11/2025;C27;ARROYITO MAQUINARIAS S.R.L.;1;0;0;1;5000152916;19/11/2025;2001;11;1;19/11/2025;LNASUTI;;8000080574;1;1;LNASUTI;19/11/2025;19/11/2025;12359;TALLER 19/11;LNASUTI;19/11/2025;4900386813;1;GSPINELLI;20/11/2025;19/11/2025;;;;;;;;;;;;;;;1;;19/11/2025;00020;SEDE;0;0;-2;-4;0;0;0;;;;;;;2;;;;4;;;;;;GESTION ROSARIO;;;;;1;
00020 RENTAL;1000077096;710;ZPAN;Herramientas Rental;;0;;;;WACOSTA;1012888;PINZA DE PUNTA AISLADA;1;Materiales genericos;CUMPLIDO;MR01;1;4/11/2025;18/11/2025;noviembre;10135084;710;1;4/11/2025;6/11/2025;C27;4500112904;710;MR20;1;JESPARZA;11/11/2025;12/11/2025;17/11/2025;21/11/2025;C27;FERRETERA SAN LUIS;1;0;0;1;5000153166;21/11/2025;2001;46;1;21/11/2025;LNASUTI;;8000080693;1;1;LNASUTI;21/11/2025;21/11/2025;12395;TALLER 21/11;LNASUTI;21/11/2025;4900387860;1;SDELSOGLIO;25/11/2025;21/11/2025;;;;;;;;;;;;;;;3;;21/11/2025;00020;SEDE;0;0;-4;-4;0;0;0;;;;;;;4;;;;4;;;;;;GESTION ROSARIO;;;;;1;
00020 RENTAL;1000077096;720;ZPAN;Herramientas Rental;;0;;;;WACOSTA;1012888;"PINZA DE FUERZA PERRO 7""";1;Materiales genericos;CUMPLIDO;MR01;1;4/11/2025;18/11/2025;noviembre;10135084;720;1;4/11/2025;6/11/2025;C27;4500112904;720;MR20;1;JESPARZA;11/11/2025;12/11/2025;17/11/2025;21/11/2025;C27;FERRETERA SAN LUIS;1;0;0;1;5000153166;21/11/2025;2001;47;1;21/11/2025;LNASUTI;;8000080693;1;1;LNASUTI;21/11/2025;21/11/2025;12395;TALLER 21/11;LNASUTI;21/11/2025;4900387860;1;SDELSOGLIO;25/11/2025;21/11/2025;;;;;;;;;;;;;;;3;;21/11/2025;00020;SEDE;0;0;-4;-4;0;0;0;;;;;;;4;;;;4;;;;;;GESTION ROSARIO;;;;;1;
00020 RENTAL;1000077096;730;ZPAN;Herramientas Rental;;0;;;;WACOSTA;1012888;PINZA DE SEGUER P/ABRIR;2;Materiales genericos;CUMPLIDO;MR01;1;4/11/2025;18/11/2025;noviembre;10135084;730;1;4/11/2025;6/11/2025;C27;4500112904;730;MR20;1;JESPARZA;11/11/2025;12/11/2025;17/11/2025;21/11/2025;C27;FERRETERA SAN LUIS;2;0;0;2;5000153166;21/11/2025;2001;48;1;21/11/2025;LNASUTI;;8000080693;2;1;LNASUTI;21/11/2025;21/11/2025;12395;TALLER 21/11;LNASUTI;21/11/2025;4900387860;2;SDELSOGLIO;25/11/2025;21/11/2025;;;;;;;;;;;;;;;3;;21/11/2025;00020;SEDE;0;0;-4;-4;0;0;0;;;;;;;4;;;;4;;;;;;GESTION ROSARIO;;;;;1;
00020 RENTAL;1000077096;740;ZPAN;Herramientas Rental;;0;;;;WACOSTA;1012888;PINZA DE SEGUER P/CERRAR;2;Materiales genericos;CUMPLIDO;MR01;1;4/11/2025;18/11/2025;noviembre;10135084;740;1;4/11/2025;6/11/2025;C27;4500112904;740;MR20;1;JESPARZA;11/11/2025;12/11/2025;17/11/2025;9/1/2026;C27;FERRETERA SAN LUIS;2;0;0;2;5000157198;3/1/2026;2001;2;1;2/1/2026;LNASUTI;;8000082875;2;1;LNASUTI;3/1/2026;3/1/2026;12872;TALLER 03/01;LNASUTI;3/1/2026;4900399700;2;GSPINELLI;6/1/2026;3/1/2026;;;;;;;;;;;;;;;46;;3/1/2026;00020;SEDE;0;0;-46;-53;1;0;0;;;;;;;46;;;;53;;;;;;GESTION ROSARIO;;;;;1;
00020 RENTAL;1000077096;750;ZPAN;Herramientas Rental;;0;;;;WACOSTA;1012888;"ALICATE CORTE DIAGONAL 6"" AISLADO";1;Materiales genericos;CUMPLIDO;MR01;1;4/11/2025;18/11/2025;noviembre;10135084;750;1;4/11/2025;6/11/2025;C27;4500112909;250;MR20;1;JESPARZA;11/11/2025;12/11/2025;17/11/2025;21/11/2025;C27;ARROYITO MAQUINARIAS S.R.L.;1;0;0;1;5000152916;19/11/2025;2001;12;1;19/11/2025;LNASUTI;;8000080574;1;1;LNASUTI;19/11/2025;19/11/2025;12359;TALLER 19/11;LNASUTI;19/11/2025;4900386813;1;GSPINELLI;20/11/2025;19/11/2025;;;;;;;;;;;;;;;1;;19/11/2025;00020;SEDE;0;0;-2;-4;0;0;0;;;;;;;2;;;;4;;;;;;GESTION ROSARIO;;;;;1;
00020 RENTAL;1000077096;760;ZPAN;Herramientas Rental;;0;;;;WACOSTA;1012888;BARRETA X 1MTS PESADA;1;Materiales genericos;CUMPLIDO;MR01;1;4/11/2025;18/11/2025;noviembre;10135084;760;1;4/11/2025;6/11/2025;C27;4500112909;260;MR20;1;JESPARZA;11/11/2025;12/11/2025;17/11/2025;21/11/2025;C27;ARROYITO MAQUINARIAS S.R.L.;1;0;0;1;5000152916;19/11/2025;2001;13;1;19/11/2025;LNASUTI;;8000080574;1;1;LNASUTI;19/11/2025;19/11/2025;12359;TALLER 19/11;LNASUTI;19/11/2025;4900386813;1;GSPINELLI;20/11/2025;19/11/2025;;;;;;;;;;;;;;;1;;19/11/2025;00020;SEDE;0;0;-2;-4;0;0;0;;;;;;;2;;;;4;;;;;;GESTION ROSARIO;;;;;1;
00020 RENTAL;1000077096;770;ZPAN;Herramientas Rental;;0;;;;WACOSTA;1012888;BARRETA X 2MTS PESADA;1;Materiales genericos;CUMPLIDO;MR01;1;4/11/2025;18/11/2025;noviembre;10135084;770;1;4/11/2025;6/11/2025;C27;4500112909;270;MR20;1;JESPARZA;11/11/2025;12/11/2025;17/11/2025;21/11/2025;C27;ARROYITO MAQUINARIAS S.R.L.;1;0;0;1;5000152916;19/11/2025;2001;14;1;19/11/2025;LNASUTI;;8000080574;1;1;LNASUTI;19/11/2025;19/11/2025;12359;TALLER 19/11;LNASUTI;19/11/2025;4900386813;1;GSPINELLI;20/11/2025;19/11/2025;;;;;;;;;;;;;;;1;;19/11/2025;00020;SEDE;0;0;-2;-4;0;0;0;;;;;;;2;;;;4;;;;;;GESTION ROSARIO;;;;;1;
00020 RENTAL;1000077096;780;ZPAN;Herramientas Rental;;0;;;;WACOSTA;1012888;PORTATIL 12V LED;1;Materiales genericos;CUMPLIDO;MR01;1;4/11/2025;18/11/2025;noviembre;10135084;780;1;4/11/2025;6/11/2025;C27;4500113354;130;MR20;1;JESPARZA;17/11/2025;17/11/2025;24/11/2025;24/11/2025;C27;INGENIERIA BOGGIO S.A;1;0;0;1;5000153176;21/11/2025;2001;2;1;21/11/2025;LNASUTI;;8000080698;1;1;LNASUTI;21/11/2025;21/11/2025;12395;TALLER 21/11;LNASUTI;21/11/2025;4900387851;1;SDELSOGLIO;25/11/2025;21/11/2025;;;;;;;;;;;;;;;3;;21/11/2025;00020;SEDE;0;0;-4;-7;0;0;0;;;;;;;4;;;;7;;;;;;GESTION ROSARIO;;;;;1;
00020 RENTAL;1000077096;790;ZPAN;Herramientas Rental;;0;;;;WACOSTA;1012888;LINTERNA DE VINCHA RECARGABLE;1;Materiales genericos;CUMPLIDO;MR01;1;4/11/2025;18/11/2025;noviembre;10135084;790;1;4/11/2025;6/11/2025;C27;4500113362;120;MR20;1;JESPARZA;17/11/2025;17/11/2025;25/11/2025;24/11/2025;C27;PASTORI MAXIMILIANO ANDRES;1;0;0;1;5000154111;2/12/2025;2001;3;1;2/12/2025;LNASUTI;;8000081204;1;1;LNASUTI;2/12/2025;3/12/2025;12504;TALLER 03/12;LNASUTI;3/12/2025;4900390885;1;GSPINELLI;3/12/2025;3/12/2025;;;;;;;;;;;;;;;15;;2/12/2025;00020;SEDE;0;0;-15;-7;0;0;0;;;;;;;15;;;;7;;;;;;GESTION ROSARIO;;;;;1;
00020 RENTAL;1000077096;800;ZPAN;Herramientas Rental;;0;;;;WACOSTA;1012888;LINTERNA DE MANI A PILAS;1;Materiales genericos;CUMPLIDO;MR01;1;4/11/2025;18/11/2025;noviembre;10135084;800;1;4/11/2025;6/11/2025;C27;4500112904;800;MR20;1;JESPARZA;11/11/2025;12/11/2025;17/11/2025;9/1/2026;C27;FERRETERA SAN LUIS;1;0;0;1;5000157198;3/1/2026;2001;3;1;2/1/2026;LNASUTI;;8000082875;1;1;LNASUTI;3/1/2026;3/1/2026;12872;TALLER 03/01;LNASUTI;3/1/2026;4900399700;1;GSPINELLI;6/1/2026;3/1/2026;;;;;;;;;;;;;;;46;;3/1/2026;00020;SEDE;0;0;-46;-53;1;0;0;;;;;;;46;;;;53;;;;;;GESTION ROSARIO;;;;;1;
00020 RENTAL;1000077096;810;ZPAN;Herramientas Rental;;0;;;;WACOSTA;1012888;JUEGO PINZA PARA PUENTE;1;Materiales genericos;CUMPLIDO;MR01;1;4/11/2025;18/11/2025;noviembre;10135084;810;1;4/11/2025;6/11/2025;C27;4500112909;300;MR20;1;JESPARZA;11/11/2025;12/11/2025;17/11/2025;21/11/2025;C27;ARROYITO MAQUINARIAS S.R.L.;1;0;0;1;5000152916;19/11/2025;2001;15;1;19/11/2025;LNASUTI;;8000080574;1;1;LNASUTI;19/11/2025;19/11/2025;12359;TALLER 19/11;LNASUTI;19/11/2025;4900386813;1;GSPINELLI;20/11/2025;19/11/2025;;;;;;;;;;;;;;;1;;19/11/2025;00020;SEDE;0;0;-2;-4;0;0;0;;;;;;;2;;;;4;;;;;;GESTION ROSARIO;;;;;1;
00020 RENTAL;1000077096;820;ZPAN;Herramientas Rental;;0;;;;WACOSTA;1012888;CABLE 50MM COLOR NEGRO ENGOMADO X MT;10;Materiales genericos;CUMPLIDO;MR01;1;4/11/2025;18/11/2025;noviembre;10135084;820;1;4/11/2025;19/11/2025;C27;4500113661;90;MR20;1;JESPARZA;20/11/2025;20/11/2025;24/11/2025;15/12/2025;C27;GASES ROSARIO S.R.L.;10;0;0;10;5000155441;12/12/2025;2001;1;1;11/12/2025;LNASUTI;;8000081834;10;1;LNASUTI;12/12/2025;12/12/2025;12641;TALLER 12/12;LNASUTI;12/12/2025;4900394903;10;GSPINELLI;16/12/2025;12/12/2025;;;;;;;;;;;;;;;24;;12/12/2025;00020;SEDE;0;0;-24;-28;1;0;0;;;;;;;24;;;;28;;;;;;GESTION ROSARIO;;;;;1;
00020 RENTAL;1000077096;830;ZPAN;Herramientas Rental;;0;;;;WACOSTA;1012888;CABLE 50MM COLOR ROJO ENGOMADO X MT;10;Materiales genericos;CUMPLIDO;MR01;1;4/11/2025;18/11/2025;noviembre;10135084;830;1;4/11/2025;19/11/2025;C27;4500114848;90;MR20;2;JESPARZA;9/12/2025;9/12/2025;12/12/2025;12/12/2025;C27;INGENIERIA BOGGIO S.A;10;0;0;10;5000155968;17/12/2025;2001;1;1;15/12/2025;LNASUTI;;8000082159;10;1;LNASUTI;17/12/2025;18/12/2025;12716;TALLER 18/12;LNASUTI;18/12/2025;4900396200;10;GSPINELLI;19/12/2025;18/12/2025;;;;;;;;;;;;;;;30;;17/12/2025;00020;SEDE;0;0;-28;-25;2;0;0;;;;;;;28;;;;25;;;;;;GESTION ROSARIO;1;;;1;1;
00020 RENTAL;1000077096;840;ZPAN;Herramientas Rental;;0;;;;WACOSTA;1012888;CALIBRE METALICO 0-150MM EN CAJA PLASTIC;1;Materiales genericos;CUMPLIDO;MR01;1;4/11/2025;18/11/2025;noviembre;10135084;840;1;4/11/2025;6/11/2025;C27;4500112909;310;MR20;1;JESPARZA;11/11/2025;12/11/2025;17/11/2025;21/11/2025;C27;ARROYITO MAQUINARIAS S.R.L.;1;0;0;1;5000152916;19/11/2025;2001;16;1;19/11/2025;LNASUTI;;8000080574;1;1;LNASUTI;19/11/2025;19/11/2025;12359;TALLER 19/11;LNASUTI;19/11/2025;4900386813;1;GSPINELLI;20/11/2025;19/11/2025;;;;;;;;;;;;;;;1;;19/11/2025;00020;SEDE;0;0;-2;-4;0;0;0;;;;;;;2;;;;4;;;;;;GESTION ROSARIO;;;;;1;
00020 RENTAL;1000077096;850;ZPAN;Herramientas Rental;;0;;;;WACOSTA;1012888;MAZA DE VOLEO OCTAGONAL CABO DE FIBRA 7K;1;Materiales genericos;CUMPLIDO;MR01;1;4/11/2025;18/11/2025;noviembre;10135084;850;1;4/11/2025;6/11/2025;C27;4500112909;320;MR20;1;JESPARZA;11/11/2025;12/11/2025;17/11/2025;21/11/2025;C27;ARROYITO MAQUINARIAS S.R.L.;1;0;0;1;5000152916;19/11/2025;2001;17;1;19/11/2025;LNASUTI;;8000080574;1;1;LNASUTI;19/11/2025;19/11/2025;12359;TALLER 19/11;LNASUTI;19/11/2025;4900386813;1;GSPINELLI;20/11/2025;19/11/2025;;;;;;;;;;;;;;;1;;19/11/2025;00020;SEDE;0;0;-2;-4;0;0;0;;;;;;;2;;;;4;;;;;;GESTION ROSARIO;;;;;1;
00020 RENTAL;1000077096;860;ZPAN;Herramientas Rental;;0;;;;WACOSTA;1012888;MAZA MARRO OCTAGONAL 4LBS MANGO FIBRA;1;Materiales genericos;CUMPLIDO;MR01;1;4/11/2025;18/11/2025;noviembre;10135084;860;1;4/11/2025;6/11/2025;C27;4500112909;330;MR20;1;JESPARZA;11/11/2025;12/11/2025;17/11/2025;21/11/2025;C27;ARROYITO MAQUINARIAS S.R.L.;1;0;0;1;5000152916;19/11/2025;2001;18;1;19/11/2025;LNASUTI;;8000080574;1;1;LNASUTI;19/11/2025;19/11/2025;12359;TALLER 19/11;LNASUTI;19/11/2025;4900386813;1;GSPINELLI;20/11/2025;19/11/2025;;;;;;;;;;;;;;;1;;19/11/2025;00020;SEDE;0;0;-2;-4;0;0;0;;;;;;;2;;;;4;;;;;;GESTION ROSARIO;;;;;1;
00020 RENTAL;1000077096;870;ZPAN;Herramientas Rental;;0;;;;WACOSTA;1012888;CINCEL CORTA HIERRO PLANO PLANO 19X305;1;Materiales genericos;CUMPLIDO;MR01;1;4/11/2025;18/11/2025;noviembre;10135084;870;1;4/11/2025;6/11/2025;C27;4500112909;340;MR20;1;JESPARZA;11/11/2025;12/11/2025;17/11/2025;21/11/2025;C27;ARROYITO MAQUINARIAS S.R.L.;1;0;0;1;5000152916;19/11/2025;2001;19;1;19/11/2025;LNASUTI;;8000080574;1;1;LNASUTI;19/11/2025;19/11/2025;12359;TALLER 19/11;LNASUTI;19/11/2025;4900386813;1;GSPINELLI;20/11/2025;19/11/2025;;;;;;;;;;;;;;;1;;19/11/2025;00020;SEDE;0;0;-2;-4;0;0;0;;;;;;;2;;;;4;;;;;;GESTION ROSARIO;;;;;1;
00020 RENTAL;1000077096;880;ZPAN;Herramientas Rental;;0;;;;WACOSTA;1012888;CORTA HIERRO 305MM 19MM PUNTA JDCC2314;1;Materiales genericos;CUMPLIDO;MR01;1;4/11/2025;18/11/2025;noviembre;10135084;880;1;4/11/2025;6/11/2025;C27;4500112909;350;MR20;1;JESPARZA;11/11/2025;12/11/2025;17/11/2025;21/11/2025;C27;ARROYITO MAQUINARIAS S.R.L.;1;0;0;1;5000152916;19/11/2025;2001;20;1;19/11/2025;LNASUTI;;8000080574;1;1;LNASUTI;19/11/2025;19/11/2025;12359;TALLER 19/11;LNASUTI;19/11/2025;4900386813;1;GSPINELLI;20/11/2025;19/11/2025;;;;;;;;;;;;;;;1;;19/11/2025;00020;SEDE;0;0;-2;-4;0;0;0;;;;;;;2;;;;4;;;;;;GESTION ROSARIO;;;;;1;
00020 RENTAL;1000077096;900;ZPAN;Herramientas Rental;;0;;;;WACOSTA;1012888;JGO DE MECHAS ACERO RAPIDO 1 A 13MM X 25;1;Materiales genericos;CUMPLIDO;MR01;1;4/11/2025;18/11/2025;noviembre;10135084;900;1;4/11/2025;6/11/2025;C27;4500112909;370;MR20;1;JESPARZA;11/11/2025;12/11/2025;17/11/2025;21/11/2025;C27;ARROYITO MAQUINARIAS S.R.L.;1;0;0;1;5000152916;19/11/2025;2001;21;1;19/11/2025;LNASUTI;;8000080574;1;1;LNASUTI;19/11/2025;19/11/2025;12359;TALLER 19/11;LNASUTI;19/11/2025;4900386813;1;GSPINELLI;20/11/2025;19/11/2025;;;;;;;;;;;;;;;1;;19/11/2025;00020;SEDE;0;0;-2;-4;0;0;0;;;;;;;2;;;;4;;;;;;GESTION ROSARIO;;;;;1;
00020 RENTAL;1000077096;910;ZPAN;Herramientas Rental;;0;;;;WACOSTA;1012888;LLAVE IMPACTO 3/4 1800NM 40V MAKITA+BATE;1;Materiales genericos;CUMPLIDO;MR01;1;4/11/2025;18/11/2025;noviembre;10135084;910;1;4/11/2025;6/11/2025;C27;4500112904;910;MR20;1;JESPARZA;11/11/2025;12/11/2025;17/11/2025;21/11/2025;C27;FERRETERA SAN LUIS;1;0;0;1;5000153166;21/11/2025;2001;49;1;21/11/2025;LNASUTI;;8000080693;1;1;LNASUTI;21/11/2025;21/11/2025;12395;TALLER 21/11;LNASUTI;21/11/2025;4900387860;1;SDELSOGLIO;25/11/2025;21/11/2025;;;;;;;;;;;;;;;3;;21/11/2025;00020;SEDE;0;0;-4;-4;0;0;0;;;;;;;4;;;;4;;;;;;GESTION ROSARIO;;;;;1;
00020 RENTAL;1000077096;920;ZPAN;Herramientas Rental;;0;;;;WACOSTA;1012888;TALADRO PERCUTOR C/MANDRIL + BATERIA;1;Materiales genericos;CUMPLIDO;MR01;1;4/11/2025;18/11/2025;noviembre;10135084;920;1;4/11/2025;6/11/2025;C27;4500112909;380;MR20;1;JESPARZA;11/11/2025;12/11/2025;17/11/2025;21/11/2025;C27;ARROYITO MAQUINARIAS S.R.L.;1;0;0;1;5000152916;19/11/2025;2001;22;1;19/11/2025;LNASUTI;;8000080574;1;1;LNASUTI;19/11/2025;19/11/2025;12359;TALLER 19/11;LNASUTI;19/11/2025;4900386813;1;GSPINELLI;20/11/2025;19/11/2025;;;;;;;;;;;;;;;1;;19/11/2025;00020;SEDE;0;0;-2;-4;0;0;0;;;;;;;2;;;;4;;;;;;GESTION ROSARIO;;;;;1;
00020 RENTAL;1000077096;930;ZPAN;Herramientas Rental;;0;;;;WACOSTA;1012888;CRIQUE BOTELLA HIDRONEUMATICO 30T;1;Materiales genericos;CUMPLIDO;MR01;1;4/11/2025;18/11/2025;noviembre;10135084;930;1;4/11/2025;6/11/2025;C27;4500112904;930;MR20;1;JESPARZA;11/11/2025;12/11/2025;17/11/2025;21/11/2025;C27;FERRETERA SAN LUIS;1;0;0;1;5000155991;18/12/2025;2001;1;1;17/12/2025;LNASUTI;;8000082173;1;1;LNASUTI;18/12/2025;18/12/2025;12716;TALLER 18/12;LNASUTI;18/12/2025;4900396199;1;GSPINELLI;19/12/2025;18/12/2025;;;;;;;;;;;;;;;30;;18/12/2025;00020;SEDE;0;0;-30;-4;1;0;0;;;;;;;30;;;;4;;;;;;GESTION ROSARIO;;;;;1;
00020 RENTAL;1000077096;940;ZPAN;Herramientas Rental;;0;;;;WACOSTA;1012888;SOLDADOR LAPIZ ESTAÑO INALAMBRICO + BAT;1;Materiales genericos;CUMPLIDO;MR01;1;4/11/2025;18/11/2025;noviembre;10135084;940;1;4/11/2025;6/11/2025;C27;4500113362;130;MR20;1;JESPARZA;17/11/2025;17/11/2025;25/11/2025;24/11/2025;C27;PASTORI MAXIMILIANO ANDRES;1;0;0;1;5000154111;2/12/2025;2001;4;1;2/12/2025;LNASUTI;;8000081204;1;1;LNASUTI;2/12/2025;3/12/2025;12504;TALLER 03/12;LNASUTI;3/12/2025;4900390885;1;GSPINELLI;3/12/2025;3/12/2025;;;;;;;;;;;;;;;15;;2/12/2025;00020;SEDE;0;0;-15;-7;0;0;0;;;;;;;15;;;;7;;;;;;GESTION ROSARIO;;;;;1;
00020 RENTAL;1000077096;950;ZPAN;Herramientas Rental;;0;;;;WACOSTA;1012888;CARRETE DE ESTAÑO 60/40 1.5MM 250GR ROLL;1;Materiales genericos;CUMPLIDO;MR01;1;4/11/2025;18/11/2025;noviembre;10135084;950;1;4/11/2025;6/11/2025;C27;4500112909;400;MR20;1;JESPARZA;11/11/2025;12/11/2025;17/11/2025;21/11/2025;C27;ARROYITO MAQUINARIAS S.R.L.;1;0;0;1;5000152916;19/11/2025;2001;23;1;19/11/2025;LNASUTI;;8000080574;1;1;LNASUTI;19/11/2025;19/11/2025;12359;TALLER 19/11;LNASUTI;19/11/2025;4900386813;1;GSPINELLI;20/11/2025;19/11/2025;;;;;;;;;;;;;;;1;;19/11/2025;00020;SEDE;0;0;-2;-4;0;0;0;;;;;;;2;;;;4;;;;;;GESTION ROSARIO;;;;;1;
00020 RENTAL;1000077096;960;ZPAN;Herramientas Rental;;0;;;;WACOSTA;1012888;GRASERA INALAMBRICA A BATERIA;1;Materiales genericos;CUMPLIDO;MR01;1;4/11/2025;18/11/2025;noviembre;10135084;960;1;4/11/2025;6/11/2025;C27;4500112909;410;MR20;1;JESPARZA;11/11/2025;12/11/2025;17/11/2025;21/11/2025;C27;ARROYITO MAQUINARIAS S.R.L.;1;0;0;1;5000152916;19/11/2025;2001;24;1;19/11/2025;LNASUTI;;8000080574;1;1;LNASUTI;19/11/2025;19/11/2025;12359;TALLER 19/11;LNASUTI;19/11/2025;4900386813;1;GSPINELLI;20/11/2025;19/11/2025;;;;;;;;;;;;;;;1;;19/11/2025;00020;SEDE;0;0;-2;-4;0;0;0;;;;;;;2;;;;4;;;;;;GESTION ROSARIO;;;;;1;
00020 RENTAL;1000077096;970;ZPAN;Herramientas Rental;;0;;;;WACOSTA;1012888;ESMERILADORA CABEZA PLANA 125MM 850W + B;1;Materiales genericos;CUMPLIDO;MR01;1;4/11/2025;18/11/2025;noviembre;10135084;970;1;4/11/2025;6/11/2025;C27;4500112909;420;MR20;1;JESPARZA;11/11/2025;12/11/2025;17/11/2025;21/11/2025;C27;ARROYITO MAQUINARIAS S.R.L.;1;0;0;1;5000152916;19/11/2025;2001;25;1;19/11/2025;LNASUTI;;8000080574;1;1;LNASUTI;19/11/2025;19/11/2025;12359;TALLER 19/11;LNASUTI;19/11/2025;4900386813;1;GSPINELLI;20/11/2025;19/11/2025;;;;;;;;;;;;;;;1;;19/11/2025;00020;SEDE;0;0;-2;-4;0;0;0;;;;;;;2;;;;4;;;;;;GESTION ROSARIO;;;;;1;
00013 Servicios Generales;1000078537;100;ZPAN;PEDIDO DE ROPA VERAN;;0;;;;LMANSILLA;1011627;CAMISA TELA AIRE LIBRE CAQUI TXL C LOGO;1;Materiales usuales;CUMPLIDO;MR01;1;27/11/2025;12/12/2025;diciembre;10136949;120;1;27/11/2025;28/11/2025;C28;4500116109;10;2001;1;GJULIANI;23/12/2025;23/12/2025;9/1/2026;9/1/2026;C28;PROAR IMAGEN PROMOCIONAL SRL;1;0;0;1;5000157180;2/1/2026;2001;1;1;2/1/2026;LNASUTI;;;0;0;;;;;;;;;0;;;;;;;;;;;;;;;;;;21;;2/1/2026;00013;SEDE;;;-22;-29;0;;;;;;;;;22;;;;29;;;;;;GESTION ROSARIO;;;;;1;
00010 LOGISTICA;1000078569;60;ZPAN;PEDIDO ROPA VERANO-A;;0;;;;LMANSILLA;1011664;PANTALON GABARDINA BEIGE CHINO T.50 POLO;2;Materiales usuales;CUMPLIDO;MR01;1;28/11/2025;12/12/2025;diciembre;10136981;60;1;28/11/2025;2/12/2025;C28;4500114581;60;2001;1;GJULIANI;3/12/2025;3/12/2025;19/12/2025;19/12/2025;C28;NUEVA REGINA S.R.L.;2;0;0;2;5000156288;19/12/2025;2001;1;1;19/12/2025;JMORENO;;;0;0;;;;;;;;;0;;;;;;;;;;;;;;;;;;7;;19/12/2025;00010;SEDE;;;-8;-8;0;;;;;;;;;8;;;;8;;;;;;GESTION ROSARIO;;;;;1;
00010 LOGISTICA;1000079044;10;ZPAN;compra de ropa;;0;;;;LAREVALO;1011694;REMERA ALGODON M CORTA GRIS TS C/LOG;2;Materiales usuales;CUMPLIDO;MM01;1;4/12/2025;26/12/2025;diciembre;10137552;10;1;4/12/2025;4/12/2025;C28;4500115161;50;2001;1;GJULIANI;11/12/2025;11/12/2025;26/12/2025;26/12/2025;C28;PIZARRO FLAVIA SUSANA;2;0;0;2;5000156985;30/12/2025;2001;5;1;29/12/2025;AITURRIETA;;8000082760;2;1;AITURRIETA;30/12/2025;30/12/2025;;;;;4900399461;2;GQUIROGA;6/1/2026;30/12/2025;;;;;;;;;;;;;;;4;;30/12/2025;00010;SEDE;0;0;-4;-1;1;0;;;;;;;;4;;;;1;;;;;;GESTION SAN JUAN;;;;;1;
00010 LOGISTICA;1000079044;20;ZPAN;compra de ropa;;0;;;;LAREVALO;1011705;REMERA ALGODON M CORTA GRIS XXL C/LOGO;6;Materiales usuales;CUMPLIDO;MM01;1;4/12/2025;26/12/2025;diciembre;10137552;20;1;4/12/2025;4/12/2025;C28;4500115161;60;2001;1;GJULIANI;11/12/2025;11/12/2025;26/12/2025;26/12/2025;C28;PIZARRO FLAVIA SUSANA;6;0;0;6;5000156985;30/12/2025;2001;6;1;29/12/2025;AITURRIETA;;8000082760;6;1;AITURRIETA;30/12/2025;30/12/2025;;;;;4900399461;6;GQUIROGA;6/1/2026;30/12/2025;;;;;;;;;;;;;;;4;;30/12/2025;00010;SEDE;0;0;-4;-1;1;0;;;;;;;;4;;;;1;;;;;;GESTION SAN JUAN;;;;;1;
00010 LOGISTICA;1000079044;30;ZPAN;compra de ropa;;0;;;;LAREVALO;1011699;REMERA ALGOD M CORTA GRIS C LOGO T.XXXL;2;Materiales usuales;CUMPLIDO;MM01;1;4/12/2025;26/12/2025;diciembre;10137552;30;1;4/12/2025;4/12/2025;C28;4500115161;70;2001;1;GJULIANI;11/12/2025;11/12/2025;26/12/2025;26/12/2025;C28;PIZARRO FLAVIA SUSANA;2;0;0;2;5000156985;30/12/2025;2001;7;1;29/12/2025;AITURRIETA;;8000082760;2;1;AITURRIETA;30/12/2025;30/12/2025;;;;;4900399461;2;GQUIROGA;6/1/2026;30/12/2025;;;;;;;;;;;;;;;4;;30/12/2025;00010;SEDE;0;0;-4;-1;1;0;;;;;;;;4;;;;1;;;;;;GESTION SAN JUAN;;;;;1;
00010 LOGISTICA;1000079046;10;ZPAN;compra de ropa;;0;;;;LAREVALO;1002024;PANTALON CARGO BEIGE RIPSTOP T40;1;Materiales Stock;CUMPLIDO;MM01;1;4/12/2025;26/12/2025;diciembre;10137554;10;1;4/12/2025;4/12/2025;C28;4500115161;10;2001;1;GJULIANI;11/12/2025;11/12/2025;26/12/2025;26/12/2025;C28;PIZARRO FLAVIA SUSANA;1;0;0;1;5000156985;30/12/2025;2001;1;1;29/12/2025;AITURRIETA;;8000082759;1;1;AITURRIETA;30/12/2025;30/12/2025;;;;;4900399456;1;GQUIROGA;6/1/2026;30/12/2025;;;;;;;;;;;;;;;4;;30/12/2025;00010;SEDE;0;0;-4;-1;1;0;;;;;;;;4;;;;1;;;;;;GESTION SAN JUAN;;;;;1;
00010 LOGISTICA;1000079046;20;ZPAN;compra de ropa;;0;;;;LAREVALO;1002028;PANTALON CARGO BEIGE RIPSTOP T 48;1;Materiales Stock;CUMPLIDO;MM01;1;4/12/2025;26/12/2025;diciembre;10137554;20;1;4/12/2025;4/12/2025;C28;4500115161;20;2001;1;GJULIANI;11/12/2025;11/12/2025;26/12/2025;26/12/2025;C28;PIZARRO FLAVIA SUSANA;1;0;0;1;5000156985;30/12/2025;2001;2;1;29/12/2025;AITURRIETA;;8000082759;1;1;AITURRIETA;30/12/2025;30/12/2025;;;;;4900399456;1;GQUIROGA;6/1/2026;30/12/2025;;;;;;;;;;;;;;;4;;30/12/2025;00010;SEDE;0;0;-4;-1;1;0;;;;;;;;4;;;;1;;;;;;GESTION SAN JUAN;;;;;1;
00010 LOGISTICA;1000079046;30;ZPAN;compra de ropa;;0;;;;LAREVALO;1002029;PANTALON CARGO BEIGE RIPSTOP T 50;2;Materiales Stock;CUMPLIDO;MM01;1;4/12/2025;26/12/2025;diciembre;10137554;30;1;4/12/2025;4/12/2025;C28;4500115161;30;2001;1;GJULIANI;11/12/2025;11/12/2025;26/12/2025;26/12/2025;C28;PIZARRO FLAVIA SUSANA;2;0;0;2;5000156985;30/12/2025;2001;3;1;29/12/2025;AITURRIETA;;8000082759;2;1;AITURRIETA;30/12/2025;30/12/2025;;;;;4900399456;2;GQUIROGA;6/1/2026;30/12/2025;;;;;;;;;;;;;;;4;;30/12/2025;00010;SEDE;0;0;-4;-1;1;0;;;;;;;;4;;;;1;;;;;;GESTION SAN JUAN;;;;;1;
00010 LOGISTICA;1000079046;40;ZPAN;compra de ropa;;0;;;;LAREVALO;1002039;PANTALON CARGO BEIGE RIPSTOP T52;1;Materiales Stock;CUMPLIDO;MM01;1;4/12/2025;26/12/2025;diciembre;10137554;40;1;4/12/2025;4/12/2025;C28;4500115161;40;2001;1;GJULIANI;11/12/2025;11/12/2025;26/12/2025;26/12/2025;C28;PIZARRO FLAVIA SUSANA;1;0;0;1;5000156985;30/12/2025;2001;4;1;29/12/2025;AITURRIETA;;8000082759;1;1;AITURRIETA;30/12/2025;30/12/2025;;;;;4900399456;1;GQUIROGA;6/1/2026;30/12/2025;;;;;;;;;;;;;;;4;;30/12/2025;00010;SEDE;0;0;-4;-1;1;0;;;;;;;;4;;;;1;;;;;;GESTION SAN JUAN;;;;;1;
00018 EQUIPOS;1000079784;10;ZPAN;PLACAS IDENTIFICATOR;;0;;;;LMANSILLA;1015947;PLACA IDENT GRABADOS LASER - INT 55001;1;Materiales genericos;CUMPLIDO;MR01;1;17/12/2025;29/12/2025;diciembre;10138618;10;1;17/12/2025;17/12/2025;C03;4500116293;10;MR13;1;EREGALADO;29/12/2025;29/12/2025;6/1/2026;20/3/2026;C38;SOCOMET SAS;1;0;0;1;5000161531;9/2/2026;MR13;1;1;9/2/2026;FPRUDENTE;;;0;0;;;;;;;;;0;;;;;;;;;;;;;;;;;;42;;9/2/2026;00018;EQUIPOS;;;-43;-82;0;;;;;;;;;;;;;;43;;;;82;GESTION ROSARIO;;;;;;1
00018 EQUIPOS;1000079784;20;ZPAN;PLACAS IDENTIFICATOR;;0;;;;LMANSILLA;1015947;PLACA IDENT GRABADOS LASER - INT 55002;1;Materiales genericos;CUMPLIDO;MR01;1;17/12/2025;29/12/2025;diciembre;10138618;20;1;17/12/2025;17/12/2025;C03;4500116293;20;MR13;1;EREGALADO;29/12/2025;29/12/2025;6/1/2026;20/3/2026;C38;SOCOMET SAS;1;0;0;1;5000161529;9/2/2026;MR13;1;1;9/2/2026;FPRUDENTE;;;0;0;;;;;;;;;0;;;;;;;;;;;;;;;;;;42;;9/2/2026;00018;EQUIPOS;;;-43;-82;0;;;;;;;;;;;;;;43;;;;82;GESTION ROSARIO;;;;;;1
00018 EQUIPOS;1000079784;30;ZPAN;PLACAS IDENTIFICATOR;;0;;;;LMANSILLA;1015947;PLACA IDENT GRABADOS LASER - INT 55004;1;Materiales genericos;CUMPLIDO;MR01;1;17/12/2025;29/12/2025;diciembre;10138618;30;1;17/12/2025;17/12/2025;C03;4500116293;30;MR13;1;EREGALADO;29/12/2025;29/12/2025;6/1/2026;20/3/2026;C38;SOCOMET SAS;1;0;0;1;5000161529;9/2/2026;MR13;2;1;9/2/2026;FPRUDENTE;;;0;0;;;;;;;;;0;;;;;;;;;;;;;;;;;;42;;9/2/2026;00018;EQUIPOS;;;-43;-82;0;;;;;;;;;;;;;;43;;;;82;GESTION ROSARIO;;;;;;1
00018 EQUIPOS;1000079784;40;ZPAN;PLACAS IDENTIFICATOR;;0;;;;LMANSILLA;1015947;PLACA IDENT GRABADOS LASER - INT 39997;1;Materiales genericos;CUMPLIDO;MR01;1;17/12/2025;29/12/2025;diciembre;10138618;40;1;17/12/2025;17/12/2025;C03;4500116293;40;MR13;1;EREGALADO;29/12/2025;29/12/2025;6/1/2026;20/3/2026;C38;SOCOMET SAS;1;0;0;1;5000161529;9/2/2026;MR13;3;1;9/2/2026;FPRUDENTE;;;0;0;;;;;;;;;0;;;;;;;;;;;;;;;;;;42;;9/2/2026;00018;EQUIPOS;;;-43;-82;0;;;;;;;;;;;;;;43;;;;82;GESTION ROSARIO;;;;;;1
00018 EQUIPOS;1000079784;50;ZPAN;PLACAS IDENTIFICATOR;;0;;;;LMANSILLA;1015947;PLACA IDENT GRABADOS LASER - INT 39094;1;Materiales genericos;CUMPLIDO;MR01;1;17/12/2025;29/12/2025;diciembre;10138618;50;1;17/12/2025;17/12/2025;C03;4500116293;50;MR13;1;EREGALADO;29/12/2025;29/12/2025;6/1/2026;20/3/2026;C38;SOCOMET SAS;1;0;0;1;5000161529;9/2/2026;MR13;4;1;9/2/2026;FPRUDENTE;;;0;0;;;;;;;;;0;;;;;;;;;;;;;;;;;;42;;9/2/2026;00018;EQUIPOS;;;-43;-82;0;;;;;;;;;;;;;;43;;;;82;GESTION ROSARIO;;;;;;1
00018 EQUIPOS;1000079784;60;ZPAN;PLACAS IDENTIFICATOR;;0;;;;LMANSILLA;1015947;PLACA IDENT GRABADOS LASER - INT PERCHA;1;Materiales genericos;CUMPLIDO;MR01;1;17/12/2025;29/12/2025;diciembre;10138618;60;1;17/12/2025;17/12/2025;C03;4500116293;60;MR13;1;EREGALADO;29/12/2025;29/12/2025;6/1/2026;20/3/2026;C38;SOCOMET SAS;1;0;0;1;5000161529;9/2/2026;MR13;5;1;9/2/2026;FPRUDENTE;;;0;0;;;;;;;;;0;;;;;;;;;;;;;;;;;;42;;9/2/2026;00018;EQUIPOS;;;-43;-82;0;;;;;;;;;;;;;;43;;;;82;GESTION ROSARIO;;;;;;1
00014 SISTEMAS;1000066165;20;ZPAN;Compra de Bateria pa;;0;;;;JBIONDI;1012713;Bateria para lenovo V15 g1-IML;1;Materiales genericos;CUMPLIDO;MR01;1;5/5/2025;19/5/2025;mayo;10120639;20;1;5/5/2025;5/5/2025;C05;4500098917;10;2001;1;GJULIANI;13/5/2025;13/5/2025;27/5/2025;27/5/2025;C05;ERAUSQUIN SEBASTIAN PABLO;1;0;0;1;5000134009;30/5/2025;MR14;1;1;30/5/2025;FDEICAS;;;0;0;;;;;;;;;0;;;;;;;;;;;;;;;;;;11;;30/5/2025;00014;OTRO;;;-12;-9;0;;;;;;;;;;;;;;;;;;;GESTION ROSARIO;;;;;;
00014 SISTEMAS;1000067577;10;ZPAN;Disco Inmutable;;0;;;;FMARTIN;1012727;DISCO RIGIDO S ESPCIFICACION;1;Materiales genericos;CUMPLIDO;MR01;1;26/5/2025;13/6/2025;junio;10122406;10;1;26/5/2025;28/5/2025;C05;4500101437;10;MR14;1;MALVAREZ;12/6/2025;12/6/2025;13/6/2025;13/6/2025;C05;TECPOINT SA;1;0;0;1;5000136479;24/6/2025;MR14;1;1;24/6/2025;FMARTIN;;;0;0;;;;;;;;;0;;;;;;;;;;;;;;;;;;11;;24/6/2025;00014;OTRO;;;-12;-1;0;;;;;;;;;;;;;;;;;;;GESTION ROSARIO;;;;;;
00014 SISTEMAS;1000066377;10;ZPAN;DISCO SSD INMUITABLE;;0;;;;FMARTIN;1011754;DISCO RIGIDO SSD 250GB;1;Materiales usuales;CUMPLIDO;MR01;1;7/5/2025;30/6/2025;junio;10120862;10;1;7/5/2025;9/5/2025;C05;4500098990;10;2001;1;GJULIANI;13/5/2025;13/5/2025;21/5/2025;26/6/2025;C05;TECPOINT SA;1;0;0;1;5000137510;3/7/2025;2001;1;1;3/7/2025;FMARTIN;;;0;0;;;;;;;;;0;;;;;;;;;;;;;;;;;;3;;3/7/2025;00014;OTRO;;;-4;3;0;;;;;;;;;;;;;;;;;;;GESTION ROSARIO;;;;;;
00014 SISTEMAS;1000069241;10;ZPAN;Compra de UPS;;0;;;;JBIONDI;1012733;UPS 1000VA;4;Materiales genericos;CUMPLIDO;MR01;1;26/6/2025;10/7/2025;julio;10124713;10;1;26/6/2025;27/6/2025;C05;4500102887;10;2001;1;GJULIANI;3/7/2025;4/7/2025;;9/7/2025;C05;EXE ROSARIO SRL;4;0;-3;4;5000139239;19/7/2025;2001;1;1;19/7/2025;FDEICAS;;8000073110;4;1;FDEICAS;19/7/2025;19/7/2025;;;;;4900346500;4;ASIGNORELLI;25/7/2025;19/7/2025;;;;;;;;;;;;;;;9;;19/7/2025;00014;OTRO;0;0;-10;0;0;0;;;;;;;;;;;;;;;;;;GESTION ROSARIO;;;;;;
00014 SISTEMAS;1000069879;10;ZPAN;Compras varias;;0;;;;JBIONDI;1012727;Disco HDD SATA 8TB;2;Materiales genericos;CUMPLIDO;MR01;1;8/7/2025;22/7/2025;julio;10125586;10;1;8/7/2025;10/7/2025;C05;4500103997;10;2001;1;GJULIANI;18/7/2025;18/7/2025;25/7/2025;15/8/2025;C05;TOOLSOFT S.R.L.;2;0;0;2;5000141547;11/8/2025;2001;1;1;6/8/2025;FGORGONA;;;0;0;;;;;;;;;0;;;;;;;;;;;;;;;;;;15;;11/8/2025;00014;OTRO;;;-16;-25;5;;;;;;;;;;;;;;;;;;;GESTION ROSARIO;4;;;1;;
00014 SISTEMAS;1000069879;20;ZPAN;Compras varias;;0;;;;JBIONDI;1012718;Cargador Lenovo V15 (PF5295AC);1;Materiales genericos;CUMPLIDO;MR01;1;8/7/2025;22/7/2025;julio;10125586;20;1;8/7/2025;10/7/2025;C05;4500103993;10;2001;1;GJULIANI;18/7/2025;18/7/2025;25/7/2025;25/7/2025;C05;ERAUSQUIN SEBASTIAN PABLO;1;0;0;1;5000139775;25/7/2025;2001;1;1;25/7/2025;LNASUTI;;;0;0;;;;;;;;;0;;;;;;;;;;;;;;;;;;3;;25/7/2025;00014;OTRO;;;-4;-4;0;;;;;;;;;;;;;;;;;;;GESTION ROSARIO;;;;;;
00014 SISTEMAS;1000069879;30;ZPAN;Compras varias;;0;;;;JBIONDI;1012718;Cargador Lenovo V15 (PF529MPD);1;Materiales genericos;CUMPLIDO;MR01;1;8/7/2025;22/7/2025;julio;10125586;30;1;8/7/2025;10/7/2025;C05;4500103993;20;2001;1;GJULIANI;18/7/2025;18/7/2025;25/7/2025;25/7/2025;C05;ERAUSQUIN SEBASTIAN PABLO;1;0;1;1;5000139775;25/7/2025;;0;1;25/7/2025;LNASUTI;;;0;0;;;;;;;;;0;;;;;;;;;;;;;;;;;;3;;25/7/2025;00014;OTRO;;;-4;-4;0;;;;;;;;;;;;;;;;;;;GESTION ROSARIO;;;;;;
00014 SISTEMAS;1000069879;40;ZPAN;Compras varias;;0;;;;JBIONDI;1012718;Cargador Lenovo V15 (PF5DQF0);1;Materiales genericos;CUMPLIDO;MR01;1;8/7/2025;22/7/2025;julio;10125586;40;1;8/7/2025;10/7/2025;C05;4500103993;30;2001;1;GJULIANI;18/7/2025;18/7/2025;25/7/2025;25/7/2025;C05;ERAUSQUIN SEBASTIAN PABLO;1;0;0;1;5000139775;25/7/2025;2001;3;1;25/7/2025;LNASUTI;;;0;0;;;;;;;;;0;;;;;;;;;;;;;;;;;;3;;25/7/2025;00014;OTRO;;;-4;-4;0;;;;;;;;;;;;;;;;;;;GESTION ROSARIO;;;;;;
00014 SISTEMAS;1000069879;50;ZPAN;Compras varias;;0;;;;JBIONDI;1001848;Kit Teclado y mouse Bluetooth;3;Materiales Stock;CUMPLIDO;MR01;1;8/7/2025;22/7/2025;julio;10125586;60;2;12/8/2025;12/8/2025;C05;4500105923;10;2001;2;GJULIANI;13/8/2025;13/8/2025;20/8/2025;20/8/2025;C05;EXE ROSARIO SRL;3;0;0;3;5000142762;21/8/2025;2001;1;2;21/8/2025;FGORGONA;;8000075014;1;1;FGORGONA;21/8/2025;21/8/2025;;;;;4900357512;1;ASIGNORELLI;29/8/2025;21/8/2025;;;;;;;;;;;;;;;30;;21/8/2025;00014;OTRO;0;0;-31;-30;0;0;;;;;;;;;;;;;;;;;;GESTION ROSARIO;;;;;;
00014 SISTEMAS;1000071136;10;ZPAN;Compras bateria para;;0;;;;JBIONDI;1012713;Bateria Lenovo V330;1;Materiales genericos;CUMPLIDO;MR01;1;29/7/2025;12/8/2025;agosto;10127170;10;1;29/7/2025;30/7/2025;C05;4500105095;10;MR14;1;RMIR;1/8/2025;1/8/2025;12/9/2025;12/9/2025;C05;ERAUSQUIN SEBASTIAN PABLO;1;0;0;1;5000142581;19/8/2025;MR14;1;1;19/8/2025;FGORGONA;;;0;0;;;;;;;;;0;;;;;;;;;;;;;;;;;;7;;19/8/2025;00014;OTRO;;;-8;-32;0;;;;;;;;;;;;;;;;;;;GESTION ROSARIO;;;;;;
00014 SISTEMAS;1000071221;10;ZPAN;RELOJES PARA OBRA;;0;;;;FMARTIN;1030093;RELOJ ANVIZ VF30-PRO con WiFi y POE;8;Materiales usuales;CUMPLIDO;MR01;1;30/7/2025;20/8/2025;agosto;10127286;10;1;30/7/2025;30/7/2025;C05;4500105176;10;MR14;1;RMIR;4/8/2025;4/8/2025;20/8/2025;20/8/2025;C05;ERAUSQUIN SEBASTIAN PABLO;8;0;0;8;5000143391;27/8/2025;2001;1;1;27/8/2025;LNASUTI;;;0;0;;;;;;;;;0;;;;;;;;;;;;;;;;;;7;;27/8/2025;00014;OTRO;;;-8;-1;0;;;;;;;;;;;;;;;;;;;GESTION ROSARIO;;;;;;
00014 SISTEMAS;1000071555;10;ZPAN;Compras varias;;0;;;;JBIONDI;1021974;Conversor USB a discos sata y NVME M.2;5;Materiales Stock;CUMPLIDO;MR01;1;5/8/2025;19/8/2025;agosto;10127724;10;1;5/8/2025;6/8/2025;C05;4500105743;10;MR14;1;RMIR;11/8/2025;11/8/2025;19/8/2025;19/8/2025;C05;PEREZ PELLEGRINI MATIAS INNOVER;5;0;0;5;5000142877;21/8/2025;MR14;1;1;21/8/2025;FGORGONA;;;0;0;;;;;;;;;0;;;;;;;;;;;;;;;;;;2;;21/8/2025;00014;OTRO;;;-3;-1;0;;;;;;;;;;;;;;;;;;;GESTION ROSARIO;;;;;;
00014 SISTEMAS;1000074573;10;ZPAN;Compras de bateria d;;0;;;;JBIONDI;1012713;Bateria Lenovo V15 G3;1;Materiales genericos;CUMPLIDO;MR01;1;23/9/2025;7/10/2025;octubre;10131699;10;1;23/9/2025;25/9/2025;C05;4500109731;10;MR14;1;RMIR;30/9/2025;30/9/2025;7/10/2025;14/10/2025;C05;EXE ROSARIO SRL;1;0;0;1;5000149030;16/10/2025;2001;1;1;16/10/2025;LNASUTI;;;0;0;;;;;;;;;0;;;;;;;;;;;;;;;;;;9;;16/10/2025;00014;OTRO;;;-10;-8;0;;;;;;;;;;;;;;;;;;;GESTION ROSARIO;;;;;;
00014 SISTEMAS;1000074782;10;ZPAN;EQUIPOS PARA OBRAS;;0;;;;FMARTIN;1012733;mini ups 12 y 5 Vol para relojes ANVIZ;10;Materiales genericos;CUMPLIDO;MR01;1;26/9/2025;17/10/2025;octubre;10131983;10;1;26/9/2025;30/9/2025;C05;4500111638;10;MR14;1;RMIR;24/10/2025;24/10/2025;17/10/2025;3/11/2025;C05;ERAUSQUIN SEBASTIAN PABLO;10;0;0;10;5000151834;8/11/2025;2001;1;1;8/11/2025;LNASUTI;;;0;0;;;;;;;;;0;;;;;;;;;;;;;;;;;;22;;8/11/2025;00014;OTRO;;;-23;-18;0;;;;;;;;;;;;;;;;;;;GESTION ROSARIO;;;;;;
00014 SISTEMAS;1000074782;20;ZPAN;EQUIPOS PARA OBRAS;;0;;;;FMARTIN;1027520;CANAL DE TENSIÓN 4 TOMAS;1;Materiales usuales;CUMPLIDO;MR01;1;26/9/2025;17/10/2025;octubre;10131983;20;1;26/9/2025;30/9/2025;C05;4500110688;20;MR14;1;RMIR;14/10/2025;15/10/2025;17/10/2025;3/11/2025;C05;TECPOINT SA;1;0;0;1;5000151068;3/11/2025;MR14;1;1;3/11/2025;LNASUTI;;;0;0;;;;;;;;;0;;;;;;;;;;;;;;;;;;17;;3/11/2025;00014;OTRO;;;-18;-18;0;;;;;;;;;;;;;;;;;;;GESTION ROSARIO;;;;;;
00014 SISTEMAS;1000074782;30;ZPAN;EQUIPOS PARA OBRAS;;0;;;;FMARTIN;1027520;CANAL DE TENSIÓN 8 TOMAS;1;Materiales usuales;CUMPLIDO;MR01;1;26/9/2025;17/10/2025;octubre;10131983;30;1;26/9/2025;30/9/2025;C05;4500110688;30;MR14;1;RMIR;14/10/2025;15/10/2025;17/10/2025;3/11/2025;C05;TECPOINT SA;1;0;0;1;5000151068;3/11/2025;MR14;2;1;3/11/2025;LNASUTI;;;0;0;;;;;;;;;0;;;;;;;;;;;;;;;;;;17;;3/11/2025;00014;OTRO;;;-18;-18;0;;;;;;;;;;;;;;;;;;;GESTION ROSARIO;;;;;;
00014 SISTEMAS;1000074782;40;ZPAN;EQUIPOS PARA OBRAS;;0;;;;FMARTIN;1013334;SERVIDOR HPE RACKEABLE PARA OBRA;1;Materiales Sistemas;CUMPLIDO;MR01;1;26/9/2025;17/10/2025;octubre;10131983;40;1;26/9/2025;30/9/2025;C05;4500110688;40;MR14;1;RMIR;14/10/2025;15/10/2025;17/10/2025;3/11/2025;C05;TECPOINT SA;1;0;0;1;5000151068;3/11/2025;MR14;3;1;3/11/2025;LNASUTI;;;0;0;;;;;;;;;0;;;;;;;;;;;;;;;;;;17;;3/11/2025;00014;OTRO;;;-18;-18;0;;;;;;;;;;;;;;;;;;;GESTION ROSARIO;;;;;;
00014 SISTEMAS;1000074782;50;ZPAN;EQUIPOS PARA OBRAS;;0;;;;FMARTIN;1013343;LICENCIA WINDOWS SERVIDORES;1;Materiales Sistemas;CUMPLIDO;MR01;1;26/9/2025;17/10/2025;octubre;10131983;50;1;26/9/2025;30/9/2025;C05;4500110688;50;MR14;1;RMIR;14/10/2025;15/10/2025;17/10/2025;3/11/2025;C05;TECPOINT SA;1;0;0;1;5000151068;3/11/2025;MR14;4;1;3/11/2025;LNASUTI;;;0;0;;;;;;;;;0;;;;;;;;;;;;;;;;;;17;;3/11/2025;00014;OTRO;;;-18;-18;0;;;;;;;;;;;;;;;;;;;GESTION ROSARIO;;;;;;
00014 SISTEMAS;1000074782;60;ZPAN;EQUIPOS PARA OBRAS;;0;;;;FMARTIN;1017346;FUENTE DE ALIMENTACION ARUBA AP11 ORIGIN;5;Materiales usuales;CUMPLIDO;MR01;1;26/9/2025;17/10/2025;octubre;10131983;60;1;26/9/2025;30/9/2025;C05;4500110688;60;MR14;1;RMIR;14/10/2025;15/10/2025;17/10/2025;3/11/2025;C05;TECPOINT SA;5;0;0;5;5000151068;3/11/2025;MR14;5;1;3/11/2025;LNASUTI;;;0;0;;;;;;;;;0;;;;;;;;;;;;;;;;;;17;;3/11/2025;00014;OTRO;;;-18;-18;0;;;;;;;;;;;;;;;;;;;GESTION ROSARIO;;;;;;
00014 SISTEMAS;1000074782;70;ZPAN;EQUIPOS PARA OBRAS;;0;;;;FMARTIN;1013318;CAMARA VIVOTEK IB 9388-HT;2;Materiales Sistemas;CUMPLIDO;MR01;1;26/9/2025;17/10/2025;octubre;10131983;70;1;26/9/2025;30/9/2025;C05;4500110907;20;MR14;1;RMIR;16/10/2025;16/10/2025;22/10/2025;22/10/2025;C05;EXE ROSARIO SRL;2;0;0;2;5000149743;22/10/2025;MR14;1;3;22/10/2025;LNASUTI;;;0;0;;;;;;;;;0;;;;;;;;;;;;;;;;;;5;;22/10/2025;00014;OTRO;;;-6;-6;0;;;;;;;;;;;;;;;;;;;GESTION ROSARIO;;;;;;
00014 SISTEMAS;1000074782;80;ZPAN;EQUIPOS PARA OBRAS;;0;;;;FMARTIN;1033214;ANTENA SATELITAL STARLINK STANDARD V4;1;Materiales usuales;CUMPLIDO;MR01;1;26/9/2025;17/10/2025;octubre;10131983;80;1;26/9/2025;30/9/2025;C05;4500110548;80;MR14;1;RMIR;13/10/2025;13/10/2025;27/10/2025;27/10/2025;C05;VIDABLE CASTRO FERNANDO SEBASTIAN;1;0;0;1;5000149884;22/10/2025;MR14;1;1;21/10/2025;AITURRIETA;;;1;1;AITURRIETA;22/10/2025;;;;;;;0;;;;;;;;;;;;;;;;;;4;;21/10/2025;00014;OTRO;0;0;-5;-11;1;0;;;;;;;;;;;;;;;;;;GESTION ROSARIO;;;;;;
00014 SISTEMAS;1000074782;90;ZPAN;EQUIPOS PARA OBRAS;;0;;;;FMARTIN;20000060;SOPORTE ANTENA STARLINK V4;1;Materiales Sistemas;CUMPLIDO;MR01;1;26/9/2025;17/10/2025;octubre;10131983;90;1;26/9/2025;30/9/2025;C05;4500110548;90;MR14;1;RMIR;13/10/2025;13/10/2025;27/10/2025;27/10/2025;C05;VIDABLE CASTRO FERNANDO SEBASTIAN;1;0;0;1;5000149884;22/10/2025;MR14;2;1;21/10/2025;AITURRIETA;;;1;1;AITURRIETA;22/10/2025;;;;;;;0;;;;;;;;;;;;;;;;;;4;;21/10/2025;00014;OTRO;0;0;-5;-11;1;0;;;;;;;;;;;;;;;;;;GESTION ROSARIO;;;;;;
00014 SISTEMAS;1000076886;10;ZPAN;Camara interior vivo;;0;;;;SARRIOLA;1013318;CAMARA IP vivotek interior 4mpx domo;1;Materiales Sistemas;CUMPLIDO;MR01;1;31/10/2025;20/11/2025;noviembre;10134833;10;1;31/10/2025;27/11/2025;C05;4500114341;10;MR14;1;RMIR;1/12/2025;1/12/2025;20/11/2025;20/11/2025;C05;DATA CENTER SOLUTIONS S. R. L.;1;0;0;1;5000154938;9/12/2025;2001;1;1;9/12/2025;LNASUTI;;;0;0;;;;;;;;;0;;;;;;;;;;;;;;;;;;19;;9/12/2025;00014;OTRO;;;-20;-1;0;;;;;;;;;;;;;;;;;;;GESTION ROSARIO;;;;;;
00014 SISTEMAS;1000077435;10;ZPAN;Compras varias;;0;;;;JBIONDI;1021974;Hub Tp-link Uh7020c;10;Materiales Stock;CUMPLIDO;MR01;1;10/11/2025;24/11/2025;noviembre;10135559;10;1;10/11/2025;11/11/2025;C05;4500113070;40;MR14;1;RMIR;12/11/2025;17/11/2025;24/11/2025;27/11/2025;C05;DATA CENTER SOLUTIONS S. R. L.;10;0;0;10;5000153949;30/11/2025;2001;1;1;30/11/2025;LNASUTI;;;0;0;;;;;;;;;0;;;;;;;;;;;;;;;;;;6;;30/11/2025;00014;OTRO;;;-7;-4;0;;;;;;;;;;;;;;;;;;;GESTION ROSARIO;;;;;;
00014 SISTEMAS;1000077435;20;ZPAN;Compras varias;;0;;;;JBIONDI;1021974;Hub TP-Link UH400;10;Materiales Stock;CUMPLIDO;MR01;1;10/11/2025;24/11/2025;noviembre;10135559;20;1;10/11/2025;11/11/2025;C05;4500113070;50;MR14;1;RMIR;12/11/2025;17/11/2025;24/11/2025;27/11/2025;C05;DATA CENTER SOLUTIONS S. R. L.;10;0;0;10;5000153949;30/11/2025;2001;2;1;30/11/2025;LNASUTI;;;0;0;;;;;;;;;0;;;;;;;;;;;;;;;;;;6;;30/11/2025;00014;OTRO;;;-7;-4;0;;;;;;;;;;;;;;;;;;;GESTION ROSARIO;;;;;;
00014 SISTEMAS;1000077435;60;ZPAN;Compras varias;;0;;;;JBIONDI;1048200;ADAPTADOR P/AURIC. USB-C A JACK 3,5MM;10;Materiales usuales;CUMPLIDO;MR01;1;10/11/2025;24/11/2025;noviembre;10135559;60;1;21/11/2025;27/11/2025;C05;4500114725;40;MR14;2;RMIR;5/12/2025;5/12/2025;24/11/2025;20/1/2026;C03;DATA CENTER SOLUTIONS S. R. L.;10;0;0;10;5000156638;26/12/2025;2001;1;1;22/12/2025;LNASUTI;;;0;0;;;;;;;;;0;;;;;;;;;;;;;;;;;;28;;26/12/2025;00014;OTRO;;;-29;-58;4;;;;;;;;;;;;;;;;;;;GESTION ROSARIO;3;;;1;;
00014 SISTEMAS;1000077435;70;ZPAN;Compras varias;;0;;;;JBIONDI;1048201;ADAPTADOR HEMBRA USB-C A MACHO USB-A;10;Materiales usuales;CUMPLIDO;MR01;1;10/11/2025;24/11/2025;noviembre;10135559;70;1;21/11/2025;27/11/2025;C05;4500114725;50;MR14;2;RMIR;5/12/2025;5/12/2025;24/11/2025;20/1/2026;C03;DATA CENTER SOLUTIONS S. R. L.;10;0;0;10;5000156638;26/12/2025;2001;2;1;22/12/2025;LNASUTI;;;0;0;;;;;;;;;0;;;;;;;;;;;;;;;;;;28;;26/12/2025;00014;OTRO;;;-29;-58;4;;;;;;;;;;;;;;;;;;;GESTION ROSARIO;3;;;1;;
00014 SISTEMAS;1000077435;80;ZPAN;Compras varias;;0;;;;JBIONDI;1048202;ADAPTADOR USB-A A RJ45;10;Materiales usuales;CUMPLIDO;MR01;1;10/11/2025;24/11/2025;noviembre;10135559;80;1;21/11/2025;27/11/2025;C05;4500114725;60;MR14;2;RMIR;5/12/2025;5/12/2025;24/11/2025;20/1/2026;C03;DATA CENTER SOLUTIONS S. R. L.;10;0;0;10;5000156638;26/12/2025;2001;3;1;22/12/2025;LNASUTI;;;0;0;;;;;;;;;0;;;;;;;;;;;;;;;;;;28;;26/12/2025;00014;OTRO;;;-29;-58;4;;;;;;;;;;;;;;;;;;;GESTION ROSARIO;3;;;1;;
00014 SISTEMAS;1000078379;10;ZPAN;Switch para predio m;;0;;;;FMARTIN;1013335;Switch Aruba 1830 24 puertos 12 POE;1;Materiales Sistemas;CUMPLIDO;MM01;1;25/11/2025;16/12/2025;diciembre;10136724;10;1;25/11/2025;26/11/2025;C05;4500115418;10;2001;1;MALVAREZ;15/12/2025;15/12/2025;19/12/2025;5/1/2026;C05;TECPOINT SA;1;0;0;1;5000157553;7/1/2026;2001;1;1;5/1/2026;AITURRIETA;;8000083102;1;1;AITURRIETA;7/1/2026;7/1/2026;;;;;;0;;;;;;;;;;;;;;;;;;20;;7/1/2026;00014;OTRO;0;0;-21;-21;2;0;;;;;;;;;;;;;;;;;;GESTION SAN JUAN;;1;;1;;
00014 SISTEMAS;1000078977;30;ZPAN;Compra de memorias;;0;;;;JBIONDI;1021967;Memoria DDR4 8GB para notebook;1;Materiales Stock;CUMPLIDO;MR01;1;4/12/2025;18/12/2025;diciembre;10137466;30;1;4/12/2025;4/12/2025;C05;4500115008;10;MR14;1;RMIR;10/12/2025;10/12/2025;18/12/2025;18/12/2025;C05;DATA CENTER SOLUTIONS S. R. L.;1;0;0;1;5000156956;30/12/2025;2001;1;1;30/12/2025;LNASUTI;;;0;0;;;;;;;;;0;;;;;;;;;;;;;;;;;;12;;30/12/2025;00014;OTRO;;;-13;-1;0;;;;;;;;;;;;;;;;;;;GESTION ROSARIO;;;;;;
00014 SISTEMAS;1000078977;40;ZPAN;Compra de memorias;;0;;;;JBIONDI;1028590;Memoria DDR4 16GB para notebook;5;Materiales usuales;CUMPLIDO;MR01;1;4/12/2025;18/12/2025;diciembre;10137466;40;1;4/12/2025;4/12/2025;C05;4500115008;20;MR14;1;RMIR;10/12/2025;10/12/2025;18/12/2025;18/12/2025;C05;DATA CENTER SOLUTIONS S. R. L.;5;0;0;5;5000156956;30/12/2025;2001;2;1;30/12/2025;LNASUTI;;;0;0;;;;;;;;;0;;;;;;;;;;;;;;;;;;12;;30/12/2025;00014;OTRO;;;-13;-1;0;;;;;;;;;;;;;;;;;;;GESTION ROSARIO;;;;;;
00014 SISTEMAS;1000079022;10;ZPAN;antenas Starlink 377;;0;;;;FMARTIN;1033214;ANTENA SATELITAL STARLINK STANDARD;2;Materiales usuales;CUMPLIDO;MR01;1;4/12/2025;26/12/2025;diciembre;10137524;10;1;4/12/2025;4/12/2025;C05;4500114992;10;377;1;RMIR;10/12/2025;10/12/2025;26/12/2025;26/12/2025;C05;JAWIT S.A.;2;0;0;2;5000162614;2/2/2026;377;1;1;2/2/2026;RTELLO;;;0;0;;;;;;;;;0;;;;;;;;;;;;;;;;;;38;;2/2/2026;00014;OTRO;;;-39;-1;0;;;;;;;;;;;;;;;;;;;GESTION ROSARIO;;;;;;
00014 SISTEMAS;1000079022;20;ZPAN;antenas Starlink 377;;0;;;;FMARTIN;20000060;SOPORTE ANTENA STARLINK;1;Materiales Sistemas;CUMPLIDO;MR01;1;4/12/2025;26/12/2025;diciembre;10137524;20;1;4/12/2025;4/12/2025;C05;4500114992;20;377;1;RMIR;10/12/2025;10/12/2025;26/12/2025;26/12/2025;C05;JAWIT S.A.;1;0;0;1;5000162614;2/2/2026;377;2;1;2/2/2026;RTELLO;;;0;0;;;;;;;;;0;;;;;;;;;;;;;;;;;;38;;2/2/2026;00014;OTRO;;;-39;-1;0;;;;;;;;;;;;;;;;;;;GESTION ROSARIO;;;;;;
00014 SISTEMAS;1000079631;10;ZPAN;Lic. Win11 PRO;;0;;;;ASGIMENEZ;1013342;LICENCIA WINDOWS OEM;1;Materiales Sistemas;CUMPLIDO;MR01;1;15/12/2025;19/12/2025;diciembre;10138341;10;1;15/12/2025;16/12/2025;C05;4500115584;10;MR14;1;RMIR;17/12/2025;17/12/2025;19/12/2025;19/12/2025;C05;EMIXER SA;1;0;0;1;5000156610;23/12/2025;2001;1;1;23/12/2025;JMORENO;;;0;0;;;;;;;;;0;;;;;;;;;;;;;;;;;;4;;23/12/2025;00014;OTRO;;;-5;-1;0;;;;;;;;;;;;;;;;;;;GESTION ROSARIO;;;;;;
00015 RRHH;1000069318;10;ZPAN;ART. LIBRERIA;;1;;;;JMARCHINI;1012839;PAPEL BLANCO P/ ROTAFOLIO 65 X 95 X 20HJ;1;Materiales genericos;CUMPLIDO;MR01;1;27/6/2025;7/7/2025;julio;10124826;10;1;27/6/2025;27/6/2025;C17;4500103170;10;2001;1;GJULIANI;8/7/2025;8/7/2025;15/7/2025;15/7/2025;C17;GAITAN MARCELO;1;0;0;1;5000138783;16/7/2025;2001;1;1;16/7/2025;LNASUTI;;;0;0;;;;;;;;;0;;;;;;;;;;;;;;;;;;9;;16/7/2025;00015;SEDE;;;-10;-9;0;;;;;;;;;10;;;;9;;;;;;GESTION ROSARIO;;;;;1;
00015 RRHH;1000072244;10;ZPAN;SELLOS;;0;;;;JMARCHINI;1011306;SELLO AUTOMATICO PERSONALIZADO;2;Materiales usuales;CUMPLIDO;MR01;1;15/8/2025;25/8/2025;agosto;10128622;10;1;15/8/2025;15/8/2025;C17;4500106491;20;2001;2;GDIAZ;20/8/2025;20/8/2025;25/8/2025;25/8/2025;C17;EL ARTE DEL SELLO SRL;2;0;0;2;5000143427;27/8/2025;2001;2;2;26/8/2025;FGORGONA;;;0;0;;;;;;;;;0;;;;;;;;;;;;;;;;;;1;;27/8/2025;00015;SEDE;;;-2;-1;1;;;;;;;;;2;;;;1;;;;;;GESTION ROSARIO;;;;;1;
00015 RRHH;1000072382;10;ZPAN;UniformeAlina;;0;;;;VCERRUTI;1035252;CAMISA BLANCA LISA MUJER talle 44 m/larg;1;Materiales usuales;CUMPLIDO;MR01;1;19/8/2025;8/9/2025;septiembre;10128776;10;1;19/8/2025;19/8/2025;C28;4500107395;10;2001;1;GDIAZ;29/8/2025;29/8/2025;;7/9/2025;C28;ARSUFFI EMILIA ORFILIA;1;0;0;1;5000145200;10/9/2025;2001;1;1;10/9/2025;FGORGONA;;;0;0;;;;;;;;;0;;;;;;;;;;;;;;;;;;2;;10/9/2025;00015;SEDE;;;-3;0;0;;;;;;;;;3;;;;;;;;;;GESTION ROSARIO;;;;;1;
00015 RRHH;1000072382;20;ZPAN;UniformeAlina;;0;;;;VCERRUTI;1035252;CAMISA BLANCA LISA MUJER talle 44 m/cort;1;Materiales usuales;CUMPLIDO;MR01;1;19/8/2025;8/9/2025;septiembre;10128776;20;1;19/8/2025;19/8/2025;C28;4500110179;10;2001;2;GJULIANI;7/10/2025;7/10/2025;21/10/2025;21/10/2025;C28;NUEVA REGINA S.R.L.;1;0;0;1;5000148526;9/10/2025;2001;1;1;9/10/2025;LNASUTI;;;0;0;;;;;;;;;0;;;;;;;;;;;;;;;;;;31;;9/10/2025;00015;SEDE;;;-32;-44;0;;;;;;;;;32;;;;44;;;;;;GESTION ROSARIO;;;;;1;
00015 RRHH;1000072382;30;ZPAN;UniformeAlina;;0;;;;VCERRUTI;1035253;PANTALON VESTIR AZUL MUJER TALLE40;2;Materiales usuales;CUMPLIDO;MR01;1;19/8/2025;8/9/2025;septiembre;10128776;30;1;19/8/2025;19/8/2025;C28;4500107395;30;2001;1;GDIAZ;29/8/2025;29/8/2025;;7/9/2025;C28;ARSUFFI EMILIA ORFILIA;2;0;0;2;5000145200;10/9/2025;2001;2;1;10/9/2025;FGORGONA;;;0;0;;;;;;;;;0;;;;;;;;;;;;;;;;;;2;;10/9/2025;00015;SEDE;;;-3;0;0;;;;;;;;;3;;;;;;;;;;GESTION ROSARIO;;;;;1;
00015 RRHH;1000072382;40;ZPAN;UniformeAlina;;0;;;;VCERRUTI;1036541;BLAZER C/ BOTONES ENTALLADO AZUL T40;1;Materiales usuales;CUMPLIDO;MR01;1;19/8/2025;8/9/2025;septiembre;10128776;40;1;19/8/2025;19/8/2025;C28;4500107395;40;2001;1;GDIAZ;29/8/2025;29/8/2025;;7/9/2025;C28;ARSUFFI EMILIA ORFILIA;1;0;0;1;5000145200;10/9/2025;2001;3;1;10/9/2025;FGORGONA;;;0;0;;;;;;;;;0;;;;;;;;;;;;;;;;;;2;;10/9/2025;00015;SEDE;;;-3;0;0;;;;;;;;;3;;;;;;;;;;GESTION ROSARIO;;;;;1;
00015 RRHH;1000072382;50;ZPAN;UniformeAlina;;0;;;;VCERRUTI;1035254;CARDIGAN AZUL MUJER TALLE 40;1;Materiales usuales;CUMPLIDO;MR01;1;19/8/2025;8/9/2025;septiembre;10128776;50;1;19/8/2025;19/8/2025;C28;4500110179;20;2001;2;GJULIANI;7/10/2025;7/10/2025;21/10/2025;21/10/2025;C28;NUEVA REGINA S.R.L.;1;0;0;1;5000148526;9/10/2025;2001;2;1;9/10/2025;LNASUTI;;;0;0;;;;;;;;;0;;;;;;;;;;;;;;;;;;31;;9/10/2025;00015;SEDE;;;-32;-44;0;;;;;;;;;32;;;;44;;;;;;GESTION ROSARIO;;;;;1;
00015 RRHH;1000073423;10;ZPAN;INSUMOS MEDICOS;;0;;;;JMARCHINI;1028619;AGUA OXIGENADA 10 VOL. 100 CM3;20;Materiales usuales;CUMPLIDO;MR01;1;4/9/2025;15/9/2025;septiembre;10130302;10;1;4/9/2025;5/9/2025;C17;4500108103;10;2001;1;GJULIANI;9/9/2025;9/9/2025;15/9/2025;15/9/2025;C17;CESCHIN GABRIELA ROSANA;20;0;0;20;5000146284;19/9/2025;2001;1;1;19/9/2025;FGORGONA;;;0;0;;;;;;;;;0;;;;;;;;;;;;;;;;;;4;;19/9/2025;00015;SEDE;;;-5;-1;0;;;;;;;;;5;;;;1;;;;;;GESTION ROSARIO;;;;;1;
00015 RRHH;1000073423;20;ZPAN;INSUMOS MEDICOS;;0;;;;JMARCHINI;1018800;CURITAS X CAJA x 8 UNIDADES;15;Materiales usuales;CUMPLIDO;MR01;1;4/9/2025;15/9/2025;septiembre;10130302;20;1;4/9/2025;5/9/2025;C17;4500108103;20;2001;1;GJULIANI;9/9/2025;9/9/2025;15/9/2025;15/9/2025;C17;CESCHIN GABRIELA ROSANA;15;0;0;15;5000146284;19/9/2025;2001;2;1;19/9/2025;FGORGONA;;;0;0;;;;;;;;;0;;;;;;;;;;;;;;;;;;4;;19/9/2025;00015;SEDE;;;-5;-1;0;;;;;;;;;5;;;;1;;;;;;GESTION ROSARIO;;;;;1;
00015 RRHH;1000073423;30;ZPAN;INSUMOS MEDICOS;;0;;;;JMARCHINI;1012745;IBUPIRAC FLEX 600 X COMPROMIDOS (20 UNID;1;Materiales genericos;CUMPLIDO;MR01;1;4/9/2025;15/9/2025;septiembre;10130302;30;1;4/9/2025;5/9/2025;C28;4500108103;30;2001;1;GJULIANI;9/9/2025;9/9/2025;15/9/2025;15/9/2025;C17;CESCHIN GABRIELA ROSANA;1;0;0;1;5000146284;19/9/2025;2001;3;1;19/9/2025;FGORGONA;;;0;0;;;;;;;;;0;;;;;;;;;;;;;;;;;;4;;19/9/2025;00015;SEDE;;;-5;-1;0;;;;;;;;;5;;;;1;;;;;;GESTION ROSARIO;;;;;1;
00015 RRHH;1000073423;40;ZPAN;INSUMOS MEDICOS;;0;;;;JMARCHINI;1012745;METOCLOPRAMIDA-RELIVERAN SUBLINGUAL X 20;1;Materiales genericos;CUMPLIDO;MR01;1;4/9/2025;15/9/2025;septiembre;10130302;40;1;4/9/2025;5/9/2025;C28;4500108103;40;2001;1;GJULIANI;9/9/2025;9/9/2025;15/9/2025;15/9/2025;C17;CESCHIN GABRIELA ROSANA;1;0;0;1;5000146284;19/9/2025;2001;4;1;19/9/2025;FGORGONA;;;0;0;;;;;;;;;0;;;;;;;;;;;;;;;;;;4;;19/9/2025;00015;SEDE;;;-5;-1;0;;;;;;;;;5;;;;1;;;;;;GESTION ROSARIO;;;;;1;
00015 RRHH;1000073423;50;ZPAN;INSUMOS MEDICOS;;0;;;;JMARCHINI;1012745;SERTAL COMPUESTO X 10 COMPROMIDOS;2;Materiales genericos;CUMPLIDO;MR01;1;4/9/2025;15/9/2025;septiembre;10130302;50;1;4/9/2025;5/9/2025;C28;4500108103;50;2001;1;GJULIANI;9/9/2025;9/9/2025;15/9/2025;15/9/2025;C17;CESCHIN GABRIELA ROSANA;2;0;0;2;5000146284;19/9/2025;2001;5;1;19/9/2025;FGORGONA;;;0;0;;;;;;;;;0;;;;;;;;;;;;;;;;;;4;;19/9/2025;00015;SEDE;;;-5;-1;0;;;;;;;;;5;;;;1;;;;;;GESTION ROSARIO;;;;;1;
00015 RRHH;1000073423;60;ZPAN;INSUMOS MEDICOS;;0;;;;JMARCHINI;1028623;SOLUCIÓN FISIOLOGICA X100 ML (BOTELLA);15;Materiales usuales;CUMPLIDO;MR01;1;4/9/2025;15/9/2025;septiembre;10130302;60;1;4/9/2025;5/9/2025;C17;4500108103;60;2001;1;GJULIANI;9/9/2025;9/9/2025;15/9/2025;15/9/2025;C17;CESCHIN GABRIELA ROSANA;15;0;0;15;5000146284;19/9/2025;2001;6;1;19/9/2025;FGORGONA;;;0;0;;;;;;;;;0;;;;;;;;;;;;;;;;;;4;;19/9/2025;00015;SEDE;;;-5;-1;0;;;;;;;;;5;;;;1;;;;;;GESTION ROSARIO;;;;;1;
00015 RRHH;1000073423;70;ZPAN;INSUMOS MEDICOS;;0;;;;JMARCHINI;1018805;PARACETAMOL TAFIROL 1G COMPRIMIDOSX50;1;Materiales usuales;CUMPLIDO;MR01;1;4/9/2025;15/9/2025;septiembre;10130302;70;1;4/9/2025;5/9/2025;C17;4500108103;70;2001;1;GJULIANI;9/9/2025;9/9/2025;15/9/2025;15/9/2025;C17;CESCHIN GABRIELA ROSANA;1;0;0;1;5000146284;19/9/2025;2001;7;1;19/9/2025;FGORGONA;;;0;0;;;;;;;;;0;;;;;;;;;;;;;;;;;;4;;19/9/2025;00015;SEDE;;;-5;-1;0;;;;;;;;;5;;;;1;;;;;;GESTION ROSARIO;;;;;1;
00015 RRHH;1000073423;80;ZPAN;INSUMOS MEDICOS;;0;;;;JMARCHINI;1012745;DESCARTADOR DE AGUJAS y CORTOPUNZANTES;1;Materiales genericos;CUMPLIDO;MR01;1;4/9/2025;15/9/2025;septiembre;10130302;80;1;4/9/2025;5/9/2025;C28;4500108103;80;2001;1;GJULIANI;9/9/2025;9/9/2025;15/9/2025;15/9/2025;C17;CESCHIN GABRIELA ROSANA;1;0;0;1;5000146284;19/9/2025;2001;8;1;19/9/2025;FGORGONA;;;0;0;;;;;;;;;0;;;;;;;;;;;;;;;;;;4;;19/9/2025;00015;SEDE;;;-5;-1;0;;;;;;;;;5;;;;1;;;;;;GESTION ROSARIO;;;;;1;
00015 RRHH;1000077707;10;ZPAN;FICHADORES;;20;;;;JMARCHINI;1011766;LLAVE PIN XUN;100;Materiales usuales;CUMPLIDO;MR01;1;13/11/2025;19/11/2025;noviembre;10135906;10;1;13/11/2025;14/11/2025;C05;4500113485;10;2001;1;RMIR;19/11/2025;19/11/2025;28/11/2025;28/11/2025;C05;EXE ROSARIO SRL;100;0;0;100;5000153119;20/11/2025;2001;1;1;20/11/2025;LNASUTI;;;0;0;;;;;;;;;0;;;;;;;;;;;;;;;;;;1;;20/11/2025;00015;OTRO;;;-2;-10;0;;;;;;;;;;;;;;;;;;;GESTION ROSARIO;;;;;;
00016 SEGURIDAD E HIGIENE;1000065147;60;ZPAN;CARTELES DE AI 40X45;;0;;;;ASOTO;1012746;CARTEL AI 40x45 ATENCION CARGAS SUSPENDI;10;Materiales genericos;CUMPLIDO;MR01;1;14/4/2025;6/5/2025;mayo;10119379;60;1;14/4/2025;15/4/2025;C28;4500097453;60;2001;1;GJULIANI;21/4/2025;21/4/2025;6/5/2025;6/5/2025;C28;SEGURIDAD S.R.L.;10;0;0;10;5000132452;14/5/2025;2001;1;2;14/5/2025;FGORGONA;;;0;0;;;;;;;;;0;;;;;;;;;;;;;;;;;;8;;14/5/2025;00016;SEDE;;;-9;-1;0;;;;;;;;;9;;;;1;;;;;;GESTION ROSARIO;;;;;1;
00016 SEGURIDAD E HIGIENE;1000067675;10;ZPAN;CARTELES CHAPA 50 X;;0;;;;ASOTO;1012748;CARTEL CHAPA 50 X 75 PUNTO DE ENCUENTRO;4;Materiales genericos;CUMPLIDO;MR01;1;28/5/2025;17/6/2025;junio;10122596;10;1;28/5/2025;28/5/2025;C28;4500101381;10;2001;1;MALVAREZ;12/6/2025;12/6/2025;17/6/2025;17/6/2025;C28;VIALSA DE PIACENZA CARLOS EDUARDO;4;0;0;4;5000136692;26/6/2025;2001;1;1;25/6/2025;FGORGONA;;;0;0;;;;;;;;;0;;;;;;;;;;;;;;;;;;8;;26/6/2025;00016;SEDE;;;-9;-1;1;;;;;;;;;9;;;;1;;;;;;GESTION ROSARIO;;;;;1;
00016 SEGURIDAD E HIGIENE;1000073039;20;ZPAN;CESTOS RESIDUOS;;0;;;;VHEREÑU;1043641;CONTENEDOR P/ PILAS 2.5 LTS.;3;Materiales usuales;CUMPLIDO;MR01;1;29/8/2025;18/9/2025;septiembre;10129734;20;1;29/8/2025;1/9/2025;C17;4500107680;10;2001;1;GJULIANI;3/9/2025;3/9/2025;10/9/2025;7/10/2025;C17;LIMPITO SRL;3;0;0;3;5000148082;7/10/2025;2001;1;1;6/10/2025;CCARRIL;;;0;0;;;;;;;;;0;;;;;;;;;;;;;;;;;;18;;7/10/2025;00016;SEDE;;;-19;-20;1;;;;;;;;;19;;;;20;;;;;;GESTION ROSARIO;;;;;1;
00016 SEGURIDAD E HIGIENE;1000073039;30;ZPAN;CESTOS RESIDUOS;;0;;;;VHEREÑU;1009591;CESTO PLASTICO NEGRO OFICINA;15;Materiales usuales;CUMPLIDO;MR01;1;29/8/2025;18/9/2025;septiembre;10129734;30;1;29/8/2025;1/9/2025;C17;4500107680;20;2001;1;GJULIANI;3/9/2025;3/9/2025;10/9/2025;7/10/2025;C17;LIMPITO SRL;15;0;0;15;5000148082;7/10/2025;2001;2;1;6/10/2025;CCARRIL;;;0;0;;;;;;;;;0;;;;;;;;;;;;;;;;;;18;;7/10/2025;00016;SEDE;;;-19;-20;1;;;;;;;;;19;;;;20;;;;;;GESTION ROSARIO;;;;;1;
00016 CALIDAD;1000077037;10;ZPAN;Herramientas densíme;;0;;;;JGONZALEZ;1012829;INSTRUMENTO CALIDAD S ESPECIFICACION;4;Materiales genericos;CUMPLIDO;MR01;1;3/11/2025;21/11/2025;noviembre;10135019;10;1;3/11/2025;10/11/2025;C20;4500113876;10;2001;1;VBARRA;25/11/2025;25/11/2025;21/12/2025;21/12/2025;C20;J.M.F. VIAL & PARTS SAS;4;0;0;4;5000154885;9/12/2025;2001;1;1;5/12/2025;AITURRIETA;;;4;1;ERUARTE;9/12/2025;;;;;;;0;;;;;;;;;;;;;;;;;;14;;9/12/2025;00016;SEDE;0;0;-15;-31;4;0;;;;;;;;15;;;;31;;;;;;GESTION ROSARIO;3;;;1;1;
00016 SEGURIDAD E HIGIENE;1000078160;10;ZPAN;CHOMBAS FEDERICO;;0;;;;VHEREÑU;1011570;CHOMBA MICROPIQUE NEGRA TALLE M C LOGO;1;Materiales usuales;CUMPLIDO;MR01;1;20/11/2025;11/12/2025;diciembre;10136457;10;1;20/11/2025;26/11/2025;C28;4500114009;10;2001;1;GDIAZ;27/11/2025;27/11/2025;18/12/2025;22/12/2025;C28;TKW S.A.;1;0;0;1;5000157999;12/1/2026;2001;1;1;12/1/2026;LNASUTI;;;0;0;;;;;;;;;0;;;;;;;;;;;;;;;;;;32;;12/1/2026;00016;SEDE;;;-33;-12;0;;;;;;;;;33;;;;12;;;;;;GESTION ROSARIO;;;;;1;
00016 SEGURIDAD E HIGIENE;1000078160;20;ZPAN;CHOMBAS FEDERICO;;0;;;;VHEREÑU;1011563;CHOMBA MICROPIQUE GRIS TALLE M C LOGO;1;Materiales usuales;CUMPLIDO;MR01;1;20/11/2025;11/12/2025;diciembre;10136457;20;1;20/11/2025;26/11/2025;C28;4500114009;20;2001;1;GDIAZ;27/11/2025;27/11/2025;18/12/2025;22/12/2025;C28;TKW S.A.;1;0;0;1;5000157999;12/1/2026;2001;2;1;12/1/2026;LNASUTI;;;0;0;;;;;;;;;0;;;;;;;;;;;;;;;;;;32;;12/1/2026;00016;SEDE;;;-33;-12;0;;;;;;;;;33;;;;12;;;;;;GESTION ROSARIO;;;;;1;
00016 SEGURIDAD E HIGIENE;1000079111;10;ZPAN;INSUMO IMPRESION TAR;;0;;;;CCESINI;1012839;Cinta De Impresión - Color Bagdy 200;5;Materiales genericos;CUMPLIDO;MR01;1;5/12/2025;29/12/2025;diciembre;10137642;10;1;5/12/2025;9/12/2025;C05;4500115295;10;2001;1;RMIR;12/12/2025;12/12/2025;29/12/2025;29/12/2025;C05;EXE ROSARIO SRL;5;0;0;5;5000158086;12/1/2026;2001;1;1;12/1/2026;LNASUTI;;;0;0;;;;;;;;;0;;;;;;;;;;;;;;;;;;14;;12/1/2026;00016;OTRO;;;-15;-1;0;;;;;;;;;;;;;;;;;;;GESTION ROSARIO;;;;;;
00016 SEGURIDAD E HIGIENE;1000079111;20;ZPAN;INSUMO IMPRESION TAR;;0;;;;CCESINI;1012839;Paquetes por 100 Tarjetas de PVC en blan;5;Materiales genericos;CUMPLIDO;MR01;1;5/12/2025;29/12/2025;diciembre;10137642;20;1;5/12/2025;9/12/2025;C05;4500115295;20;2001;1;RMIR;12/12/2025;12/12/2025;29/12/2025;29/12/2025;C05;EXE ROSARIO SRL;5;0;0;5;5000158086;12/1/2026;2001;2;1;12/1/2026;LNASUTI;;;0;0;;;;;;;;;0;;;;;;;;;;;;;;;;;;14;;12/1/2026;00016;OTRO;;;-15;-1;0;;;;;;;;;;;;;;;;;;;GESTION ROSARIO;;;;;;
00298 Añelo;1000077523;10;ZPAN;BATERIA 9V + SELLO;;0;;;;LCARRIL;1017003;BATERIA 9V;3;Materiales Stock S/Devol;CUMPLIDO;MR01;2;11/11/2025;16/11/2025;noviembre;10135699;10;1;11/11/2025;11/11/2025;C01;4500112971;10;298;1;LCARRIL;12/11/2025;12/11/2025;16/11/2025;16/11/2025;C01;FIVE SOLUTIONS S. A. S.;3;0;;3;5000152919;19/11/2025;298;1;1;19/11/2025;FFUENTES;;;0;0;;;;;;;;;0;;;;;;;;;;;;;;;;;;3;;19/11/2025;00298;LOCAL;;;-5;-2;0;;;;5;;;;2;;;;;;;;;;;GESTION ROSARIO;;;;;;
00298 Añelo;1000078589;10;ZPAN;PM FALTANTE CAMPAMEN;;0;;;;LCARRIL;1010932;FOCO LED 20W E27 FRIA;10;Materiales usuales;CUMPLIDO;MR01;10;28/11/2025;9/12/2025;diciembre;10137015;10;1;28/11/2025;28/11/2025;C11;4500115496;10;2001;1;GDIAZ;16/12/2025;16/12/2025;23/12/2025;23/12/2025;C11;CICCIOELEC SA;10;0;;10;5000156652;26/12/2025;2001;1;1;22/12/2025;LNASUTI;;8000082564;10;1;LNASUTI;26/12/2025;30/12/2025;12814;1 LB 298;LBARTON;27/12/2025;4900400064;10;LGALASI;7/1/2026;6/1/2026;;;;;;;;;;;;;;;28;;26/12/2025;00298;SEDE;0;0;-23;-24;4;0;3;;;;;;;23;;;;24;;;;;;GESTION ROSARIO;3;;;1;1;
00298 Añelo;1000078589;20;ZPAN;PM FALTANTE CAMPAMEN;;0;;;;LCARRIL;1010943;REFLECTOR P EXTERIOR LED 200W LUZ FRIA;5;Materiales usuales;CUMPLIDO;MR01;10;28/11/2025;9/12/2025;diciembre;10137015;20;1;28/11/2025;28/11/2025;C11;4500115496;20;2001;1;GDIAZ;16/12/2025;16/12/2025;23/12/2025;23/12/2025;C11;CICCIOELEC SA;5;0;;5;5000156652;26/12/2025;2001;2;1;22/12/2025;LNASUTI;;8000082564;5;1;LNASUTI;26/12/2025;30/12/2025;12814;1 LB 298;LBARTON;27/12/2025;4900400064;5;LGALASI;7/1/2026;6/1/2026;;;;;;;;;;;;;;;28;;26/12/2025;00298;SEDE;0;0;-23;-24;4;0;3;;;;;;;23;;;;24;;;;;;GESTION ROSARIO;3;;;1;1;
00298 Añelo;1000078589;30;ZPAN;PM FALTANTE CAMPAMEN;;0;;;;LCARRIL;1011231;TERMOTANQUE ELECTRICO 120LT;1;Materiales usuales;CUMPLIDO;MR01;2;28/11/2025;9/12/2025;diciembre;10137015;30;1;28/11/2025;28/11/2025;C19;4500114827;30;298;1;VBARRA;5/12/2025;5/12/2025;9/12/2025;15/12/2025;C19;BULONERA RUBINO SRL;1;0;;1;5000155308;12/12/2025;298;1;1;11/12/2025;FGORGONA;;8000081790;1;1;FGORGONA;12/12/2025;12/12/2025;;;;;4900393499;1;FGORGONA;12/12/2025;12/12/2025;;;;;;;;;;;;;;;3;;12/12/2025;00298;SEDE;0;0;-4;-8;1;0;;;;;;;;4;;;;8;;;;;;GESTION ROSARIO;;;;;1;
00298 Añelo;1000078589;40;ZPAN;PM FALTANTE CAMPAMEN;;0;;;;LCARRIL;1012841;PASTILLA ENZIMA BACTERIA P/ POZO CIEGO;10;Materiales genericos;CUMPLIDO;MR01;2;28/11/2025;9/12/2025;diciembre;10137015;40;1;28/11/2025;28/11/2025;C17;4500114791;10;298;1;GJULIANI;5/12/2025;5/12/2025;12/12/2025;12/12/2025;C17;FIVE SOLUTIONS S. A. S.;10;0;;10;5000155306;12/12/2025;298;1;1;11/12/2025;FGORGONA;;8000081789;10;1;FGORGONA;12/12/2025;12/12/2025;;;;;4900393483;10;FGORGONA;12/12/2025;12/12/2025;;;;;;;;;;;;;;;3;;12/12/2025;00298;SEDE;0;0;-4;-5;1;0;;;;;;;;4;;;;5;;;;;;GESTION ROSARIO;;;;;1;
00298 Añelo;1000079464;20;ZPAN;PM TALLER;;0;;;;LCARRIL;1012896;CERRADURA;2;Materiales genericos;CUMPLIDO;MR01;2;12/12/2025;5/1/2026;enero;10138132;20;1;12/12/2025;12/12/2025;C01;4500115315;10;298;1;LCARRIL;12/12/2025;12/12/2025;19/12/2025;19/12/2025;C01;FIVE SOLUTIONS S. A. S.;2;0;;2;5000157833;9/1/2026;298;1;1;6/1/2026;LGALASI;;8000083229;2;1;LGALASI;9/1/2026;9/1/2026;;;;;4900400749;2;LGALASI;9/1/2026;9/1/2026;;;;;;;;;;;;;;;4;;9/1/2026;00298;LOCAL;0;0;-3;15;3;0;;;3;;;;;;;;;;;;;;;GESTION ROSARIO;2;;;1;;
00298 Añelo;1000079464;30;ZPAN;PM TALLER;;0;;;;LCARRIL;1012896;MANIJA PICAPORTE DOBLE;2;Materiales genericos;CUMPLIDO;MR01;2;12/12/2025;5/1/2026;enero;10138132;30;1;12/12/2025;12/12/2025;C01;4500115315;20;298;1;LCARRIL;12/12/2025;12/12/2025;19/2/2025;19/2/2025;C01;FIVE SOLUTIONS S. A. S.;2;0;;2;5000157833;9/1/2026;298;2;1;6/1/2026;LGALASI;;8000083229;2;1;LGALASI;9/1/2026;9/1/2026;;;;;4900400749;2;LGALASI;9/1/2026;9/1/2026;;;;;;;;;;;;;;;4;;9/1/2026;00298;LOCAL;0;0;-3;318;3;0;;;3;;;;;;;;;;;;;;;GESTION ROSARIO;2;;;1;;
"00001 GENERAL SEDE&#160;";1000080077;90;ZPAN;PM 101 711 LIBRERIA;;0;;;;DYANEZ;1012839;BANDAS ELAT. CAUCHO 180MM.X BOLSA 500GR.;2;Materiales genericos;CUMPLIDO;MM01;1;23/12/2025;6/1/2026;enero;10138956;90;1;23/12/2025;23/12/2025;C17;4500117181;10;2001;1;MALVAREZ;12/1/2026;12/1/2026;19/1/2026;26/1/2026;C17;AGUDO DOHMEN MARIA ROMINA;2;0;0;2;5000160165;28/1/2026;2001;1;1;27/1/2026;AITURRIETA;;8000084357;2;1;AITURRIETA;28/1/2026;28/1/2026;;;;;4900407774;2;GQUIROGA;29/1/2026;28/1/2026;;;;;;;;;;;;;;;22;;28/1/2026;00001;SEDE;0;0;-22;-21;1;0;;;;;;;;22;;;;21;;;;;;GESTION SAN JUAN;;;;;1;
"00001 GENERAL SEDE&#160;";1000080085;10;ZPAN;PM 101 713 ITMS LIMP;;0;;;;DYANEZ;1046819;DETERGENTE COCINA X500ML;10;Materiales usuales;CUMPLIDO;MM01;1;23/12/2025;6/1/2026;enero;10138964;10;1;23/12/2025;23/12/2025;C17;4500116691;10;2001;1;MALVAREZ;6/1/2026;6/1/2026;9/1/2026;9/1/2026;C17;ESCAÑUELA JORGE PABLO;10;0;0;10;5000158400;14/1/2026;2001;1;1;14/1/2026;FGONZALEZ;;;0;0;;;;;;;;;0;;;;;;;;;;;;;;;;;;8;;14/1/2026;00001;SEDE;;;-9;-4;0;;;;;;;;;9;;;;4;;;;;;GESTION SAN JUAN;;;;;1;
"00001 GENERAL SEDE&#160;";1000080085;20;ZPAN;PM 101 713 ITMS LIMP;;0;;;;DYANEZ;1009638;VIRULANA ACERO P COCINA;8;Materiales usuales;CUMPLIDO;MM01;1;23/12/2025;6/1/2026;enero;10138964;20;1;23/12/2025;23/12/2025;C17;4500116682;10;2001;1;MALVAREZ;5/1/2026;5/1/2026;9/1/2026;9/1/2026;C17;VALLEJOS GASTON EMILIANO;8;0;0;8;5000157784;8/1/2026;2001;1;1;8/1/2026;AITURRIETA;;8000083202;8;1;AITURRIETA;8/1/2026;8/1/2026;;;;;;0;;;;;;;;;;;;;;;;;;2;;8/1/2026;00001;SEDE;0;0;-3;-4;0;0;;;;;;;;3;;;;4;;;;;;GESTION SAN JUAN;;;;;1;
"00001 GENERAL SEDE&#160;";1000080085;30;ZPAN;PM 101 713 ITMS LIMP;;0;;;;DYANEZ;1009669;BOLSA RESIDUOS PLASTICA 45X60 NEGRA X10;40;Materiales usuales;CUMPLIDO;MM01;1;23/12/2025;6/1/2026;enero;10138964;30;1;23/12/2025;23/12/2025;C17;4500116682;20;2001;1;MALVAREZ;5/1/2026;5/1/2026;9/1/2026;9/1/2026;C17;VALLEJOS GASTON EMILIANO;40;0;0;40;5000157784;8/1/2026;2001;2;1;8/1/2026;AITURRIETA;;8000083202;40;1;AITURRIETA;8/1/2026;8/1/2026;;;;;;0;;;;;;;;;;;;;;;;;;2;;8/1/2026;00001;SEDE;0;0;-3;-4;0;0;;;;;;;;3;;;;4;;;;;;GESTION SAN JUAN;;;;;1;
"00001 GENERAL SEDE&#160;";1000080085;40;ZPAN;PM 101 713 ITMS LIMP;;0;;;;DYANEZ;1046819;DETERGENTE COCINA X500ML;5;Materiales usuales;CUMPLIDO;MM01;1;23/12/2025;6/1/2026;enero;10138964;40;1;23/12/2025;23/12/2025;C17;4500116691;20;2001;1;MALVAREZ;6/1/2026;6/1/2026;9/1/2026;9/1/2026;C17;ESCAÑUELA JORGE PABLO;5;0;0;5;5000158400;14/1/2026;2001;2;1;14/1/2026;FGONZALEZ;;;0;0;;;;;;;;;0;;;;;;;;;;;;;;;;;;8;;14/1/2026;00001;SEDE;;;-9;-4;0;;;;;;;;;9;;;;4;;;;;;GESTION SAN JUAN;;;;;1;
"00001 GENERAL SEDE&#160;";1000080085;50;ZPAN;PM 101 713 ITMS LIMP;;0;;;;DYANEZ;1009646;SECADOR DE PISO 30CM;6;Materiales usuales;CUMPLIDO;MM01;1;23/12/2025;6/1/2026;enero;10138964;50;1;23/12/2025;23/12/2025;C17;4500116682;30;2001;1;MALVAREZ;5/1/2026;5/1/2026;9/1/2026;9/1/2026;C17;VALLEJOS GASTON EMILIANO;6;0;0;6;5000157784;8/1/2026;2001;3;1;8/1/2026;AITURRIETA;;8000083202;6;1;AITURRIETA;8/1/2026;8/1/2026;;;;;;0;;;;;;;;;;;;;;;;;;2;;8/1/2026;00001;SEDE;0;0;-3;-4;0;0;;;;;;;;3;;;;4;;;;;;GESTION SAN JUAN;;;;;1;
"00001 GENERAL SEDE&#160;";1000080085;60;ZPAN;PM 101 713 ITMS LIMP;;0;;;;DYANEZ;1009663;INSECTICIDA MATA MOSCAS Y MOSQ AZUL;12;Materiales usuales;CUMPLIDO;MM01;1;23/12/2025;6/1/2026;enero;10138964;60;1;23/12/2025;23/12/2025;C17;4500116691;30;2001;1;MALVAREZ;6/1/2026;6/1/2026;9/1/2026;9/1/2026;C17;ESCAÑUELA JORGE PABLO;12;0;0;12;5000158400;14/1/2026;2001;3;1;14/1/2026;FGONZALEZ;;;0;0;;;;;;;;;0;;;;;;;;;;;;;;;;;;8;;14/1/2026;00001;SEDE;;;-9;-4;0;;;;;;;;;9;;;;4;;;;;;GESTION SAN JUAN;;;;;1;
"00001 GENERAL SEDE&#160;";1000080372;40;ZPAN;COMPRE ENERO;;0;;;;AJORGE;1010740;YERBA MATE EN SAQUITOS X CAJA 50 UN.;30;Materiales usuales;CUMPLIDO;MR01;1;5/1/2026;15/1/2026;enero;10139520;40;1;5/1/2026;5/1/2026;C17;4500118235;10;2001;2;GJULIANI;22/1/2026;22/1/2026;30/1/2026;30/1/2026;C17;DAVID ROSENTAL E HIJOS SACI;30;0;0;30;5000159551;23/1/2026;2001;1;1;23/1/2026;LNASUTI;;;0;0;;;;;;;;;0;;;;;;;;;;;;;;;;;;8;;23/1/2026;00001;SEDE;;;-9;-16;0;;;;;;;;;9;;;;16;;;;;;GESTION ROSARIO;;;;;1;
"00001 GENERAL SEDE&#160;";1000080995;10;ZPAN;COMPRA ENE;;0;;;;AJORGE;1012823;LECHE EN POLVO DESCREMADA 400GRMS;60;Materiales genericos;CUMPLIDO;MR01;1;14/1/2026;21/1/2026;enero;10140319;20;1;22/1/2026;23/1/2026;C17;4500118469;10;2001;1;GJULIANI;26/1/2026;26/1/2026;3/2/2026;3/2/2026;C17;PETRAL S.R.L.;60;0;0;60;5000160240;29/1/2026;2001;1;1;29/1/2026;LNASUTI;;;0;0;;;;;;;;;0;;;;;;;;;;;;;;;;;;8;;29/1/2026;00001;SEDE;;;-9;-14;0;;;;;;;;;9;;;;14;;;;;;GESTION ROSARIO;;;;;1;
"00001 GENERAL SEDE&#160;";1000081567;10;ZPAN;PM 101 723 ESCRITORI;;0;;;;DYANEZ;1011176;SILLON NEGRO OPERATIVO C APOYAB Y RUEDAS;2;Materiales usuales;CUMPLIDO;MM01;1;22/1/2026;5/2/2026;febrero;10141165;10;1;22/1/2026;23/1/2026;C19;4500120276;10;2001;1;VBARRA;18/2/2026;18/2/2026;28/2/2026;28/2/2026;C19;Z & B SRL;2;0;0;2;5000164351;6/3/2026;2001;1;1;5/3/2026;AITURRIETA;;8000086593;2;1;AITURRIETA;6/3/2026;6/3/2026;;;;;;0;;;;;;;;;;;;;;;;;;28;;6/3/2026;00001;SEDE;0;0;-29;-24;1;0;;;;;;;;29;;;;24;;;;;;GESTION SAN JUAN;;;;;1;
"00001 GENERAL SEDE&#160;";1000081854;10;ZPAN;REFLECTOR;;0;;;;RSCHUCHTEL;1010938;REFLECTOR LED P/EXTERIOR LUZ FRIA 30W;3;Materiales usuales;CUMPLIDO;MR01;1;27/1/2026;2/2/2026;febrero;10141550;10;1;27/1/2026;27/1/2026;C11;4500119311;10;2001;1;PRODRIGUEZ;4/2/2026;4/2/2026;4/2/2026;4/2/2026;C11;ELECTRINET SRL;3;0;0;3;5000161048;5/2/2026;2001;1;1;5/2/2026;LNASUTI;;;0;0;;;;;;;;;0;;;;;;;;;;;;;;;;;;3;;5/2/2026;00001;SEDE;;;-4;-3;0;;;;;;;;;4;;;;3;;;;;;GESTION ROSARIO;;;;;1;
"00001 GENERAL SEDE&#160;";1000083141;10;ZPAN;PM 101 732 SILLON SI;;0;;;;DYANEZ;1011176;SILLON NEGRO OPERATIVO C APOYAB Y RUEDAS;2;Materiales usuales;CUMPLIDO;MM01;1;18/2/2026;4/3/2026;marzo;10143137;10;1;18/2/2026;18/2/2026;C19;4500121615;10;MM08;1;VBARRA;4/3/2026;4/3/2026;14/3/2026;14/3/2026;C19;VOLPE HNOS. S.R.L.;2;0;0;2;5000164279;6/3/2026;MM08;1;1;6/3/2026;LBARTON;;8000086553;2;1;LBARTON;6/3/2026;11/3/2026;13783;2 BULTO 271 CC;CCARRIL;9/3/2026;4900429883;2;GQUIROGA;1/4/2026;11/3/2026;;;;;;;;;;;;;;;7;;11/3/2026;00001;SEDE;0;0;-3;-11;0;0;2;;;;;;;3;;;;11;;;;;;GESTION ROSARIO;;;;;1;
"00001 GENERAL SEDE&#160;";1000083242;10;ZPAN;COMPRA ACETO01;;0;;;;AJORGE;1050421;ACETO BALSAMICO 250CC;12;Materiales usuales;CUMPLIDO;MR01;1;19/2/2026;3/3/2026;marzo;10143256;10;1;19/2/2026;19/2/2026;C17;4500120828;10;2001;1;GJULIANI;25/2/2026;25/2/2026;3/3/2026;3/3/2026;C17;MICROPACK LUCIO DI SANTO SA;12;0;0;12;5000165391;13/3/2026;2001;1;1;13/3/2026;LNASUTI;;;0;0;;;;;;;;;0;;;;;;;;;;;;;;;;;;10;;13/3/2026;00001;SEDE;;;-11;-1;0;;;;;;;;;11;;;;1;;;;;;GESTION ROSARIO;;;;;1;
"00001 GENERAL SEDE&#160;";1000083516;30;ZPAN;PM 101 735 ALIMENTOS;;0;;;;DYANEZ;1010737;TE TILO EN SAQUITOS X CAJA 25 UN.;10;Materiales usuales;CUMPLIDO;MM01;1;24/2/2026;10/3/2026;marzo;10143648;30;1;24/2/2026;24/2/2026;C17;4500121494;40;2001;1;MALVAREZ;4/3/2026;4/3/2026;9/3/2026;9/3/2026;C17;VALLEJOS GASTON EMILIANO;10;0;0;10;5000164905;11/3/2026;2001;1;2;11/3/2026;AITURRIETA;;8000086880;10;2;AITURRIETA;6/3/2026;11/3/2026;;;;;;0;;;;;;;;;;;;;;;;;;1;;11/3/2026;00001;SEDE;0;0;-2;0;0;-5;;;;;;;;2;;;;;;;;;;GESTION SAN JUAN;;;;;1;
"00001 GENERAL SEDE&#160;";1000083516;40;ZPAN;PM 101 735 ALIMENTOS;;0;;;;DYANEZ;1010735;TE MANZANILLA EN SAQUITOS X CAJA 25 UN.;6;Materiales usuales;CUMPLIDO;MM01;1;24/2/2026;10/3/2026;marzo;10143648;40;1;24/2/2026;24/2/2026;C17;4500121494;50;2001;1;MALVAREZ;4/3/2026;4/3/2026;9/3/2026;9/3/2026;C17;VALLEJOS GASTON EMILIANO;6;0;0;6;5000164905;11/3/2026;2001;2;2;11/3/2026;AITURRIETA;;8000086880;6;2;AITURRIETA;6/3/2026;11/3/2026;;;;;;0;;;;;;;;;;;;;;;;;;1;;11/3/2026;00001;SEDE;0;0;-2;0;0;-5;;;;;;;;2;;;;;;;;;;GESTION SAN JUAN;;;;;1;
"00001 GENERAL SEDE&#160;";1000084275;10;ZPAN;COMPRA MARZO;;0;;;;AJORGE;1010724;AZUCAR X KG.;30;Materiales usuales;CUMPLIDO;MR01;1;6/3/2026;20/3/2026;marzo;10144729;10;1;6/3/2026;6/3/2026;C17;4500122364;10;2001;1;GJULIANI;12/3/2026;12/3/2026;;20/3/2026;C17;PETRAL S.R.L.;30;0;0;30;5000166680;25/3/2026;2001;1;1;25/3/2026;LNASUTI;;;0;0;;;;;;;;;0;;;;;;;;;;;;;;;;;;5;;25/3/2026;00001;SEDE;;;-6;-1;0;;;;;;;;;6;;;;1;;;;;;GESTION ROSARIO;;;;;1;
"00001 GENERAL SEDE&#160;";1000084275;30;ZPAN;COMPRA MARZO;;0;;;;AJORGE;1048653;LECHE EN POLVO DESCREMADA X 200 GR.;30;Materiales usuales;CUMPLIDO;MR01;1;6/3/2026;20/3/2026;marzo;10144729;30;1;6/3/2026;6/3/2026;C17;4500122364;20;2001;1;GJULIANI;12/3/2026;12/3/2026;;20/3/2026;C17;PETRAL S.R.L.;30;0;0;30;5000166680;25/3/2026;2001;2;1;25/3/2026;LNASUTI;;;0;0;;;;;;;;;0;;;;;;;;;;;;;;;;;;5;;25/3/2026;00001;SEDE;;;-6;-1;0;;;;;;;;;6;;;;1;;;;;;GESTION ROSARIO;;;;;1;
"00001 GENERAL SEDE&#160;";1000084275;40;ZPAN;COMPRA MARZO;;0;;;;AJORGE;1010740;YERBA MATE EN SAQUITOS X CAJA 50 UN.;20;Materiales usuales;CUMPLIDO;MR01;1;6/3/2026;20/3/2026;marzo;10144729;40;1;6/3/2026;6/3/2026;C17;4500122364;30;2001;1;GJULIANI;12/3/2026;12/3/2026;20/3/2026;9/4/2026;C17;PETRAL S.R.L.;20;0;0;20;5000167575;1/4/2026;2001;1;1;1/4/2026;LNASUTI;;;0;0;;;;;;;;;0;;;;;;;;;;;;;;;;;;12;;1/4/2026;00001;SEDE;;;-13;-21;0;;;;;;;;;13;;;;21;;;;;;GESTION ROSARIO;;;;;1;
"00001 GENERAL SEDE&#160;";1000084275;50;ZPAN;COMPRA MARZO;;0;;;;AJORGE;1048661;TE BOLDO EN SAQUITO X 25 UN.;24;Materiales usuales;CUMPLIDO;MR01;1;6/3/2026;20/3/2026;marzo;10144729;50;1;6/3/2026;6/3/2026;C17;4500122364;40;2001;1;GJULIANI;12/3/2026;12/3/2026;;20/3/2026;C17;PETRAL S.R.L.;24;0;0;24;5000166680;25/3/2026;2001;3;1;25/3/2026;LNASUTI;;;0;0;;;;;;;;;0;;;;;;;;;;;;;;;;;;5;;25/3/2026;00001;SEDE;;;-6;-1;0;;;;;;;;;6;;;;1;;;;;;GESTION ROSARIO;;;;;1;
"00001 GENERAL SEDE&#160;";1000084275;60;ZPAN;COMPRA MARZO;;0;;;;AJORGE;1010735;TE MANZANILLA EN SAQUITOS X CAJA 25 UN.;11;Materiales usuales;CUMPLIDO;MR01;1;6/3/2026;20/3/2026;marzo;10144729;60;1;6/3/2026;6/3/2026;C17;4500122364;50;2001;1;GJULIANI;12/3/2026;12/3/2026;20/3/2026;9/4/2026;C17;PETRAL S.R.L.;11;0;0;11;5000166680;25/3/2026;2001;4;1;25/3/2026;LNASUTI;;;0;0;;;;;;;;;0;;;;;;;;;;;;;;;;;;5;;25/3/2026;00001;SEDE;;;-6;-21;0;;;;;;;;;6;;;;21;;;;;;GESTION ROSARIO;;;;;1;
"00001 GENERAL SEDE&#160;";1000084275;70;ZPAN;COMPRA MARZO;;0;;;;AJORGE;1048657;YERBA PLAYADITO  X KG.;50;Materiales usuales;CUMPLIDO;MR01;1;6/3/2026;20/3/2026;marzo;10144729;70;1;6/3/2026;6/3/2026;C17;4500122364;60;2001;1;GJULIANI;12/3/2026;12/3/2026;;20/3/2026;C17;PETRAL S.R.L.;50;0;0;50;5000167575;1/4/2026;2001;2;2;1/4/2026;LNASUTI;;;0;0;;;;;;;;;0;;;;;;;;;;;;;;;;;;12;;1/4/2026;00001;SEDE;;;-13;-1;0;;;;;;;;;13;;;;1;;;;;;GESTION ROSARIO;;;;;1;
"00001 GENERAL SEDE&#160;";1000085536;10;ZPAN;PM 101 754 ITMS LIMP;;0;;;;DYANEZ;1012841;SECADOR LIMPIAVIDRIO INOX PROF. 25 CM UN;1;Materiales genericos;CUMPLIDO;MM01;1;26/3/2026;9/4/2026;abril;10146387;10;1;26/3/2026;27/3/2026;C17;4500124240;10;2001;1;MALVAREZ;6/4/2026;6/4/2026;9/4/2026;9/4/2026;C17;PRANAMAR S.R.L.;1;0;0;1;5000168796;13/4/2026;2001;1;1;10/4/2026;AITURRIETA;;8000088750;1;1;AITURRIETA;13/4/2026;13/4/2026;;;;;;0;;;;;;;;;;;;;;;;;;1;;13/4/2026;00001;SEDE;0;0;-2;-1;3;0;;;;;;;;2;;;;1;;;;;;GESTION SAN JUAN;;2;;1;1;
"00001 GENERAL SEDE&#160;";1000085536;20;ZPAN;PM 101 754 ITMS LIMP;;0;;;;DYANEZ;1009669;BOLSA RESIDUOS PLASTICA 45X60 NEGRA X10;40;Materiales usuales;CUMPLIDO;MM01;1;26/3/2026;9/4/2026;abril;10146387;20;1;26/3/2026;27/3/2026;C17;4500124224;10;2001;1;MALVAREZ;6/4/2026;6/4/2026;13/4/2026;13/4/2026;C17;ABSORB PAD S.R.L.;40;0;0;40;5000169131;15/4/2026;2001;1;1;13/4/2026;AITURRIETA;;8000088875;40;1;AITURRIETA;15/4/2026;15/4/2026;;;;;;0;;;;;;;;;;;;;;;;;;4;;15/4/2026;00001;SEDE;0;0;-5;-5;2;0;;;;;;;;5;;;;5;;;;;;GESTION SAN JUAN;;1;;1;1;
"00001 GENERAL SEDE&#160;";1000085536;40;ZPAN;PM 101 754 ITMS LIMP;;0;;;;DYANEZ;1009636;LIMPIADOR SUPERFICIES CREMA 900CC;8;Materiales usuales;CUMPLIDO;MM01;1;26/3/2026;9/4/2026;abril;10146387;40;1;26/3/2026;27/3/2026;C17;4500124240;20;2001;1;MALVAREZ;6/4/2026;6/4/2026;9/4/2026;9/4/2026;C17;PRANAMAR S.R.L.;8;0;0;8;5000168796;13/4/2026;2001;2;1;10/4/2026;AITURRIETA;;8000088750;8;1;AITURRIETA;13/4/2026;13/4/2026;;;;;;0;;;;;;;;;;;;;;;;;;1;;13/4/2026;00001;SEDE;0;0;-2;-1;3;0;;;;;;;;2;;;;1;;;;;;GESTION SAN JUAN;;2;;1;1;
"00001 GENERAL SEDE&#160;";1000085536;60;ZPAN;PM 101 754 ITMS LIMP;;0;;;;DYANEZ;1009664;AEROSOL DESINFECTANTE ANTIBACT 360ML;20;Materiales usuales;CUMPLIDO;MM01;1;26/3/2026;9/4/2026;abril;10146387;60;1;26/3/2026;27/3/2026;C17;4500124240;30;2001;1;MALVAREZ;6/4/2026;6/4/2026;9/4/2026;9/4/2026;C17;PRANAMAR S.R.L.;20;0;0;20;5000168796;13/4/2026;2001;3;1;10/4/2026;AITURRIETA;;8000088750;20;1;AITURRIETA;13/4/2026;13/4/2026;;;;;;0;;;;;;;;;;;;;;;;;;1;;13/4/2026;00001;SEDE;0;0;-2;-1;3;0;;;;;;;;2;;;;1;;;;;;GESTION SAN JUAN;;2;;1;1;
"00001 GENERAL SEDE&#160;";1000085536;70;ZPAN;PM 101 754 ITMS LIMP;;0;;;;DYANEZ;1012841;BRILLAPISOS X 5 LTS;5;Materiales genericos;CUMPLIDO;MM01;1;26/3/2026;9/4/2026;abril;10146387;70;1;26/3/2026;27/3/2026;C17;4500125689;10;2001;2;MALVAREZ;21/4/2026;21/4/2026;23/4/2026;23/4/2026;C17;VALLEJOS GASTON EMILIANO;5;0;0;5;5000170492;24/4/2026;2001;1;1;23/4/2026;AITURRIETA;;8000089446;5;1;AITURRIETA;24/4/2026;24/4/2026;;;;;;0;;;;;;;;;;;;;;;;;;14;;24/4/2026;00001;SEDE;0;0;-15;-15;1;0;;;;;;;;15;;;;15;;;;;;GESTION SAN JUAN;;;;;1;
"00001 GENERAL SEDE&#160;";1000085536;80;ZPAN;PM 101 754 ITMS LIMP;;0;;;;DYANEZ;1009651;FRANELA;18;Materiales usuales;CUMPLIDO;MM01;1;26/3/2026;9/4/2026;abril;10146387;80;1;26/3/2026;27/3/2026;C17;4500124240;50;2001;1;MALVAREZ;6/4/2026;6/4/2026;9/4/2026;9/4/2026;C17;PRANAMAR S.R.L.;18;0;0;18;5000168796;13/4/2026;2001;4;1;10/4/2026;AITURRIETA;;8000088750;18;1;AITURRIETA;13/4/2026;13/4/2026;;;;;;0;;;;;;;;;;;;;;;;;;1;;13/4/2026;00001;SEDE;0;0;-2;-1;3;0;;;;;;;;2;;;;1;;;;;;GESTION SAN JUAN;;2;;1;1;
"00001 GENERAL SEDE&#160;";1000085536;90;ZPAN;PM 101 754 ITMS LIMP;;0;;;;DYANEZ;1009650;TRAPO REJILLA;18;Materiales usuales;CUMPLIDO;MM01;1;26/3/2026;9/4/2026;abril;10146387;90;1;26/3/2026;27/3/2026;C17;4500124240;60;2001;1;MALVAREZ;6/4/2026;6/4/2026;9/4/2026;9/4/2026;C17;PRANAMAR S.R.L.;18;0;0;18;5000168796;13/4/2026;2001;5;1;10/4/2026;AITURRIETA;;8000088750;18;1;AITURRIETA;13/4/2026;13/4/2026;;;;;;0;;;;;;;;;;;;;;;;;;1;;13/4/2026;00001;SEDE;0;0;-2;-1;3;0;;;;;;;;2;;;;1;;;;;;GESTION SAN JUAN;;2;;1;1;
"00001 GENERAL SEDE&#160;";1000085536;100;ZPAN;PM 101 754 ITMS LIMP;;0;;;;DYANEZ;1046822;REPUESTO AROMAT. AMBIENTE P/PULV. X280CC;20;Materiales usuales;CUMPLIDO;MM01;1;26/3/2026;9/4/2026;abril;10146387;100;1;26/3/2026;27/3/2026;C17;4500124240;70;2001;1;MALVAREZ;6/4/2026;6/4/2026;9/4/2026;9/4/2026;C17;PRANAMAR S.R.L.;20;0;0;20;5000168796;13/4/2026;2001;6;1;10/4/2026;AITURRIETA;;8000088750;20;1;AITURRIETA;13/4/2026;13/4/2026;;;;;;0;;;;;;;;;;;;;;;;;;1;;13/4/2026;00001;SEDE;0;0;-2;-1;3;0;;;;;;;;2;;;;1;;;;;;GESTION SAN JUAN;;2;;1;1;
"00001 GENERAL SEDE&#160;";1000085536;130;ZPAN;PM 101 754 ITMS LIMP;;0;;;;DYANEZ;1009627;LAVANDINA X5LT;9;Materiales usuales;CUMPLIDO;MM01;1;26/3/2026;9/4/2026;abril;10146387;130;1;26/3/2026;27/3/2026;C17;4500124756;10;2001;1;MALVAREZ;10/4/2026;10/4/2026;13/4/2026;13/4/2026;C17;VALLEJOS GASTON EMILIANO;9;0;0;9;5000169133;15/4/2026;2001;1;1;13/4/2026;AITURRIETA;;8000088875;9;1;AITURRIETA;15/4/2026;15/4/2026;;;;;;0;;;;;;;;;;;;;;;;;;4;;15/4/2026;00001;SEDE;0;0;-5;-5;2;0;;;;;;;;5;;;;5;;;;;;GESTION SAN JUAN;;1;;1;1;
"00001 GENERAL SEDE&#160;";1000085536;140;ZPAN;PM 101 754 ITMS LIMP;;0;;;;DYANEZ;1009657;TRAPO DE PISO REFORZADO;10;Materiales usuales;CUMPLIDO;MM01;1;26/3/2026;9/4/2026;abril;10146387;140;1;26/3/2026;27/3/2026;C17;4500124240;80;2001;1;MALVAREZ;6/4/2026;6/4/2026;9/4/2026;9/4/2026;C17;PRANAMAR S.R.L.;10;0;0;10;5000168796;13/4/2026;2001;7;1;10/4/2026;AITURRIETA;;8000088750;10;1;AITURRIETA;13/4/2026;13/4/2026;;;;;;0;;;;;;;;;;;;;;;;;;1;;13/4/2026;00001;SEDE;0;0;-2;-1;3;0;;;;;;;;2;;;;1;;;;;;GESTION SAN JUAN;;2;;1;1;
"00001 GENERAL SEDE&#160;";1000085570;10;ZPAN;PEDIDO S/ MAIL ADJ.;;0;;;;ASIGNORELLI;1012825;PUERTA 1 HOHA 1000X2140;3;Materiales genericos;CUMPLIDO;MR01;1;27/3/2026;20/4/2026;abril;10146421;10;1;27/3/2026;27/3/2026;C19;4500123979;10;2001;1;VBARRA;1/4/2026;6/4/2026;20/4/2026;20/4/2026;C19;GRIMALDI G.H. S.R.L.;3;0;0;3;5000170138;22/4/2026;2001;1;1;22/4/2026;ASIGNORELLI;;;0;0;;;;;;;;;0;;;;;;;;;;;;;;;;;;2;;22/4/2026;00001;SEDE;;;-3;-1;0;;;;;;;;;3;;;;1;;;;;;GESTION ROSARIO;;;;;1;
"00001 GENERAL SEDE&#160;";1000085570;20;ZPAN;PEDIDO S/ MAIL ADJ.;;0;;;;ASIGNORELLI;1012825;PUERTA 1 HOHA 600X2140;2;Materiales genericos;CUMPLIDO;MR01;1;27/3/2026;20/4/2026;abril;10146421;20;1;27/3/2026;27/3/2026;C19;4500123979;20;2001;1;VBARRA;1/4/2026;6/4/2026;20/4/2026;20/4/2026;C19;GRIMALDI G.H. S.R.L.;2;0;0;2;5000170138;22/4/2026;2001;2;1;22/4/2026;ASIGNORELLI;;;0;0;;;;;;;;;0;;;;;;;;;;;;;;;;;;2;;22/4/2026;00001;SEDE;;;-3;-1;0;;;;;;;;;3;;;;1;;;;;;GESTION ROSARIO;;;;;1;
"00001 GENERAL SEDE&#160;";1000085570;30;ZPAN;PEDIDO S/ MAIL ADJ.;;0;;;;ASIGNORELLI;1012825;PAÑO FIJO 1992X992;1;Materiales genericos;CUMPLIDO;MR01;1;27/3/2026;20/4/2026;abril;10146421;30;1;27/3/2026;27/3/2026;C19;4500123979;30;2001;1;VBARRA;1/4/2026;6/4/2026;20/4/2026;20/4/2026;C19;GRIMALDI G.H. S.R.L.;1;0;0;1;5000170138;22/4/2026;2001;3;1;22/4/2026;ASIGNORELLI;;;0;0;;;;;;;;;0;;;;;;;;;;;;;;;;;;2;;22/4/2026;00001;SEDE;;;-3;-1;0;;;;;;;;;3;;;;1;;;;;;GESTION ROSARIO;;;;;1;
"00001 GENERAL SEDE&#160;";1000085570;40;ZPAN;PEDIDO S/ MAIL ADJ.;;0;;;;ASIGNORELLI;1012825;VENTANA BANDEROLA 790X490;6;Materiales genericos;CUMPLIDO;MR01;1;27/3/2026;20/4/2026;abril;10146421;40;1;27/3/2026;27/3/2026;C19;4500123979;40;2001;1;VBARRA;1/4/2026;6/4/2026;20/4/2026;20/4/2026;C19;GRIMALDI G.H. S.R.L.;6;0;0;6;5000170138;22/4/2026;2001;4;1;22/4/2026;ASIGNORELLI;;;0;0;;;;;;;;;0;;;;;;;;;;;;;;;;;;2;;22/4/2026;00001;SEDE;;;-3;-1;0;;;;;;;;;3;;;;1;;;;;;GESTION ROSARIO;;;;;1;
"00001 GENERAL SEDE&#160;";1000086641;10;ZPAN;PM 101 760 CARTELERI;;0;;;;DYANEZ;1012746;CARTEL 4.20 MTRS X 1.80MTRS COTZ.13/4/26;1;Materiales genericos;CUMPLIDO;MM01;1;15/4/2026;29/4/2026;abril;10147739;10;1;15/4/2026;15/4/2026;C17;4500125318;10;2001;1;MALVAREZ;17/4/2026;17/4/2026;29/4/2026;29/4/2026;C17;DEMOGRAFICO - GABRIEL ACOSTA;1;0;0;1;5000172253;8/5/2026;2001;1;1;8/5/2026;DYANEZ;;;0;0;;;;;;;;;0;;;;;;;;;;;;;;;;;;9;;8/5/2026;00001;SEDE;;;-10;-1;0;;;;;;;;;10;;;;1;;;;;;GESTION SAN JUAN;;;;;1;
"00001 GENERAL SEDE&#160;";1000086641;20;ZPAN;PM 101 760 CARTELERI;;0;;;;DYANEZ;1055444;BANDERA M. MINERIA 1MT X 150MT CT.13/4;10;Materiales usuales;CUMPLIDO;MM01;1;15/4/2026;29/4/2026;abril;10147739;20;1;15/4/2026;15/4/2026;C17;4500125318;20;2001;1;MALVAREZ;17/4/2026;17/4/2026;29/4/2026;29/4/2026;C17;DEMOGRAFICO - GABRIEL ACOSTA;10;0;0;10;5000172253;8/5/2026;2001;2;1;8/5/2026;DYANEZ;;;0;0;;;;;;;;;0;;;;;;;;;;;;;;;;;;9;;8/5/2026;00001;SEDE;;;-10;-1;0;;;;;;;;;10;;;;1;;;;;;GESTION SAN JUAN;;;;;1;
"00001 GENERAL SEDE&#160;";1000086703;40;ZPAN;PM 101 761 CHALECOS;;0;;;;DYANEZ;1017304;CHALECO REFLECTIVO TALLE XXL;1;Materiales usuales;CUMPLIDO;MM01;1;16/4/2026;30/4/2026;abril;10147817;40;1;16/4/2026;16/4/2026;C28;4500125370;80;2001;1;GJULIANI;17/4/2026;17/4/2026;30/4/2026;18/5/2026;C28;JOFRE MONICA ALICIA;1;0;0;1;5000173754;20/5/2026;2001;2;1;20/5/2026;AITURRIETA;;8000090858;1;1;AITURRIETA;20/5/2026;20/5/2026;;;;;4900447588;1;GQUIROGA;22/5/2026;20/5/2026;;;;;;;;;;;;;;;20;;20/5/2026;00001;SEDE;0;0;-21;-19;0;0;;;;;;;;21;;;;19;;;;;;GESTION SAN JUAN;;;;;1;
"00001 GENERAL SEDE&#160;";1000086705;10;ZPAN;COMPRE YERBA;;0;;;;AJORGE;1048657;YERBA PLAYADITO  X KG.;100;Materiales usuales;CUMPLIDO;MR01;1;16/4/2026;24/4/2026;abril;10147824;10;1;16/4/2026;16/4/2026;C17;4500125563;10;2001;1;GJULIANI;21/4/2026;21/4/2026;30/4/2026;30/4/2026;C17;TYNA SRL;100;0;0;100;5000170973;29/4/2026;2001;1;1;29/4/2026;LNASUTI;;;0;0;;;;;;;;;0;;;;;;;;;;;;;;;;;;5;;29/4/2026;00001;SEDE;;;-6;-7;0;;;;;;;;;6;;;;7;;;;;;GESTION ROSARIO;;;;;1;
"00001 GENERAL SEDE&#160;";1000086705;20;ZPAN;COMPRE YERBA;;0;;;;AJORGE;1048659;YERBA CBSE X KG.;12;Materiales usuales;CUMPLIDO;MR01;1;16/4/2026;24/4/2026;abril;10147824;20;1;16/4/2026;16/4/2026;C17;4500125563;20;2001;1;GJULIANI;21/4/2026;21/4/2026;30/4/2026;30/4/2026;C17;TYNA SRL;12;0;0;12;5000170973;29/4/2026;2001;2;1;29/4/2026;LNASUTI;;;0;0;;;;;;;;;0;;;;;;;;;;;;;;;;;;5;;29/4/2026;00001;SEDE;;;-6;-7;0;;;;;;;;;6;;;;7;;;;;;GESTION ROSARIO;;;;;1;
"00001 GENERAL SEDE&#160;";1000086705;30;ZPAN;COMPRE YERBA;;0;;;;AJORGE;1043010;CAFE EN FRASCO DOLCA SUAVE 170 GR.;12;Materiales usuales;CUMPLIDO;MR01;1;16/4/2026;24/4/2026;abril;10147824;30;1;16/4/2026;16/4/2026;C17;4500126448;10;2001;2;GJULIANI;30/4/2026;30/4/2026;8/5/2026;8/5/2026;C17;DAVID ROSENTAL E HIJOS SACI;12;0;0;12;5000173045;14/5/2026;2001;1;1;14/5/2026;LNASUTI;;;0;0;;;;;;;;;0;;;;;;;;;;;;;;;;;;20;;14/5/2026;00001;SEDE;;;-21;-15;0;;;;;;;;;21;;;;15;;;;;;GESTION ROSARIO;;;;;1;
"00001 GENERAL SEDE&#160;";1000086705;40;ZPAN;COMPRE YERBA;;0;;;;AJORGE;1043004;VINAGRE DE ALCOHOL 500 ML.;12;Materiales usuales;CUMPLIDO;MR01;1;16/4/2026;24/4/2026;abril;10147824;40;1;16/4/2026;16/4/2026;C17;4500125563;40;2001;1;GJULIANI;21/4/2026;21/4/2026;30/4/2026;30/4/2026;C17;TYNA SRL;12;0;0;12;5000170973;29/4/2026;2001;3;1;29/4/2026;LNASUTI;;;0;0;;;;;;;;;0;;;;;;;;;;;;;;;;;;5;;29/4/2026;00001;SEDE;;;-6;-7;0;;;;;;;;;6;;;;7;;;;;;GESTION ROSARIO;;;;;1;
"00001 GENERAL SEDE&#160;";1000086707;20;ZPAN;PM 101 759 CHALECOS;;0;;;;DYANEZ;1017304;CHALECO REFLECTIVO TALLE L;2;Materiales usuales;CUMPLIDO;MM01;1;16/4/2026;30/4/2026;abril;10147828;20;1;16/4/2026;16/4/2026;C28;4500125370;20;2001;1;GJULIANI;17/4/2026;17/4/2026;30/4/2026;18/5/2026;C28;JOFRE MONICA ALICIA;2;0;0;2;5000173754;20/5/2026;2001;1;1;20/5/2026;AITURRIETA;;8000090857;2;1;AITURRIETA;20/5/2026;20/5/2026;;;;;4900447587;2;GQUIROGA;22/5/2026;20/5/2026;;;;;;;;;;;;;;;20;;20/5/2026;00001;SEDE;0;0;-21;-19;0;0;;;;;;;;21;;;;19;;;;;;GESTION SAN JUAN;;;;;1;
"00001 GENERAL SEDE&#160;";1000087099;10;ZPAN;PEDIDO S/ MAIL ADJ.;;0;;;;ASIGNORELLI;1055591;CHAPA T-101 CALIBRE 25 BLANCA X 6 MTS.;28;Materiales genericos;CUMPLIDO;MR01;1;22/4/2026;6/5/2026;mayo;10148366;40;1;22/4/2026;22/4/2026;C08;4500126650;10;2001;1;GDIAZ;4/5/2026;6/5/2026;11/5/2026;15/5/2026;C08;ORLANDI INDUST. Y COMERC. S.A;28;0;0;28;5000174063;22/5/2026;2001;1;1;22/5/2026;LNASUTI;;8000091024;28;1;LNASUTI;22/5/2026;22/5/2026;;;;;4900447498;28;JRUIZ;22/5/2026;22/5/2026;;;;;;;;;;;;;;;16;;22/5/2026;00001;SEDE;0;0;-17;-10;0;0;;;;;;;;17;;;;10;;;;;;GESTION ROSARIO;;;;;1;
"00001 GENERAL SEDE&#160;";1000087099;20;ZPAN;PEDIDO S/ MAIL ADJ.;;0;;;;ASIGNORELLI;1055591;CHAPA T-101 CALIBRE 25 BLANCA X 3 MTS.;3;Materiales genericos;CUMPLIDO;MR01;1;22/4/2026;6/5/2026;mayo;10148366;50;1;22/4/2026;22/4/2026;C08;4500126650;20;2001;1;GDIAZ;4/5/2026;6/5/2026;11/5/2026;15/5/2026;C08;ORLANDI INDUST. Y COMERC. S.A;3;0;0;3;5000174063;22/5/2026;2001;2;1;22/5/2026;LNASUTI;;8000091024;3;1;LNASUTI;22/5/2026;22/5/2026;;;;;4900447498;3;JRUIZ;22/5/2026;22/5/2026;;;;;;;;;;;;;;;16;;22/5/2026;00001;SEDE;0;0;-17;-10;0;0;;;;;;;;17;;;;10;;;;;;GESTION ROSARIO;;;;;1;
"00001 GENERAL SEDE&#160;";1000087099;30;ZPAN;PEDIDO S/ MAIL ADJ.;;0;;;;ASIGNORELLI;1055591;CHAPA T-101 CALIBRE 25 BLANCA X 4 MTS.;8;Materiales genericos;CUMPLIDO;MR01;1;22/4/2026;6/5/2026;mayo;10148366;60;1;22/4/2026;22/4/2026;C08;4500126650;30;2001;1;GDIAZ;4/5/2026;6/5/2026;11/5/2026;15/5/2026;C08;ORLANDI INDUST. Y COMERC. S.A;8;0;0;8;5000174063;22/5/2026;2001;3;1;22/5/2026;LNASUTI;;8000091024;8;1;LNASUTI;22/5/2026;22/5/2026;;;;;4900447498;8;JRUIZ;22/5/2026;22/5/2026;;;;;;;;;;;;;;;16;;22/5/2026;00001;SEDE;0;0;-17;-10;0;0;;;;;;;;17;;;;10;;;;;;GESTION ROSARIO;;;;;1;
"00001 GENERAL SEDE&#160;";1000087099;40;ZPAN;PEDIDO S/ MAIL ADJ.;;0;;;;ASIGNORELLI;1055591;CHAPA T-101 CALIBRE 25 BLANCA X 5,7 MTS.;8;Materiales genericos;CUMPLIDO;MR01;1;22/4/2026;6/5/2026;mayo;10148366;70;1;22/4/2026;22/4/2026;C08;4500126650;40;2001;1;GDIAZ;4/5/2026;6/5/2026;11/5/2026;15/5/2026;C08;ORLANDI INDUST. Y COMERC. S.A;8;0;0;8;5000174063;22/5/2026;2001;4;1;22/5/2026;LNASUTI;;8000091024;8;1;LNASUTI;22/5/2026;22/5/2026;;;;;4900447498;8;JRUIZ;22/5/2026;22/5/2026;;;;;;;;;;;;;;;16;;22/5/2026;00001;SEDE;0;0;-17;-10;0;0;;;;;;;;17;;;;10;;;;;;GESTION ROSARIO;;;;;1;
"00001 GENERAL SEDE&#160;";1000087099;50;ZPAN;PEDIDO S/ MAIL ADJ.;;0;;;;ASIGNORELLI;1055591;CHAPA T-101 CALIBRE 25 GRIS X 6 MTS.;104;Materiales genericos;CUMPLIDO;MR01;1;22/4/2026;6/5/2026;mayo;10148366;80;1;22/4/2026;22/4/2026;C08;4500126656;50;2001;1;GDIAZ;4/5/2026;6/5/2026;12/5/2026;14/5/2026;C08;CENTRO DE CHAPAS ROSARIO SA;104;0;0;104;5000173523;18/5/2026;2001;1;1;18/5/2026;LNASUTI;;;0;0;;;;;;;;;0;;;;;;;;;;;;;;;;;;12;;18/5/2026;00001;SEDE;;;-13;-9;0;;;;;;;;;13;;;;9;;;;;;GESTION ROSARIO;;;;;1;
"00001 GENERAL SEDE&#160;";1000087099;60;ZPAN;PEDIDO S/ MAIL ADJ.;;0;;;;ASIGNORELLI;1055591;CHAPA T-101 CALIBRE 25 GRIS X 7 MTS.;5;Materiales genericos;CUMPLIDO;MR01;1;22/4/2026;6/5/2026;mayo;10148366;90;1;22/4/2026;22/4/2026;C08;4500126656;60;2001;1;GDIAZ;4/5/2026;6/5/2026;12/5/2026;14/5/2026;C08;CENTRO DE CHAPAS ROSARIO SA;5;0;0;5;5000173523;18/5/2026;2001;2;1;18/5/2026;LNASUTI;;;0;0;;;;;;;;;0;;;;;;;;;;;;;;;;;;12;;18/5/2026;00001;SEDE;;;-13;-9;0;;;;;;;;;13;;;;9;;;;;;GESTION ROSARIO;;;;;1;
"00001 GENERAL SEDE&#160;";1000087099;70;ZPAN;PEDIDO S/ MAIL ADJ.;;0;;;;ASIGNORELLI;1055591;CHAPA T-101 CALIBRE 25 GRIS X 5,5 MTS.;14;Materiales genericos;CUMPLIDO;MR01;1;22/4/2026;6/5/2026;mayo;10148366;100;1;22/4/2026;22/4/2026;C08;4500126656;70;2001;1;GDIAZ;4/5/2026;6/5/2026;12/5/2026;14/5/2026;C08;CENTRO DE CHAPAS ROSARIO SA;14;0;0;14;5000173523;18/5/2026;2001;3;1;18/5/2026;LNASUTI;;;0;0;;;;;;;;;0;;;;;;;;;;;;;;;;;;12;;18/5/2026;00001;SEDE;;;-13;-9;0;;;;;;;;;13;;;;9;;;;;;GESTION ROSARIO;;;;;1;
"00001 GENERAL SEDE&#160;";1000087099;80;ZPAN;PEDIDO S/ MAIL ADJ.;;0;;;;ASIGNORELLI;1012896;TORN.CABEZ HEZAGONAL P.MEC GALV.14X2 1/2;2000;Materiales genericos;CUMPLIDO;MR01;1;22/4/2026;6/5/2026;mayo;10148366;110;1;22/4/2026;22/4/2026;C08;4500126650;80;2001;1;GDIAZ;4/5/2026;6/5/2026;11/5/2026;15/5/2026;C08;ORLANDI INDUST. Y COMERC. S.A;2000;0;0;2000;5000174017;22/5/2026;2001;1;1;21/5/2026;LNASUTI;;8000091010;2000;1;LNASUTI;22/5/2026;22/5/2026;;;;;4900447418;2000;ASIGNORELLI;22/5/2026;22/5/2026;;;;;;;;;;;;;;;16;;22/5/2026;00001;SEDE;0;0;-16;-10;1;0;;;;;;;;16;;;;10;;;;;;GESTION ROSARIO;;;;;1;
"00001 GENERAL SEDE&#160;";1000087254;10;ZPAN;COMPRA ABRIL;;0;;;;AJORGE;1029936;ACEITE GIRASOL X1,5L;12;Materiales usuales;CUMPLIDO;MR01;1;24/4/2026;5/5/2026;mayo;10148608;10;1;24/4/2026;24/4/2026;C17;4500126449;10;2001;1;GJULIANI;30/4/2026;30/4/2026;8/5/2026;8/5/2026;C17;PETRAL S.R.L.;12;0;0;12;5000171869;6/5/2026;2001;1;1;6/5/2026;LNASUTI;;;0;0;;;;;;;;;0;;;;;;;;;;;;;;;;;;1;;6/5/2026;00001;SEDE;;;-2;-4;0;;;;;;;;;2;;;;4;;;;;;GESTION ROSARIO;;;;;1;
"00001 GENERAL SEDE&#160;";1000087254;20;ZPAN;COMPRA ABRIL;;0;;;;AJORGE;1043009;CACAO EN POLVO NESQUIK 360 GR.;12;Materiales usuales;CUMPLIDO;MR01;1;24/4/2026;5/5/2026;mayo;10148608;20;1;24/4/2026;24/4/2026;C17;4500126448;20;2001;1;GJULIANI;30/4/2026;30/4/2026;8/5/2026;8/5/2026;C17;DAVID ROSENTAL E HIJOS SACI;12;0;0;12;5000173045;14/5/2026;2001;2;1;14/5/2026;LNASUTI;;;0;0;;;;;;;;;0;;;;;;;;;;;;;;;;;;9;;14/5/2026;00001;SEDE;;;-10;-4;0;;;;;;;;;10;;;;4;;;;;;GESTION ROSARIO;;;;;1;
"00001 GENERAL SEDE&#160;";1000087254;30;ZPAN;COMPRA ABRIL;;0;;;;AJORGE;1048659;YERBA CBSE X KG.;12;Materiales usuales;CUMPLIDO;MR01;1;24/4/2026;5/5/2026;mayo;10148608;30;1;24/4/2026;24/4/2026;C17;4500127900;40;2001;2;GJULIANI;15/5/2026;15/5/2026;;22/5/2026;C17;PETRAL S.R.L.;12;0;0;12;5000174839;29/5/2026;2001;3;1;29/5/2026;LNASUTI;;;0;0;;;;;;;;;0;;;;;;;;;;;;;;;;;;24;;29/5/2026;00001;SEDE;;;-25;-18;0;;;;;;;;;25;;;;18;;;;;;GESTION ROSARIO;;;;;1;
"00001 GENERAL SEDE&#160;";1000087254;40;ZPAN;COMPRA ABRIL;;0;;;;AJORGE;1010724;AZUCAR X KG.;30;Materiales usuales;CUMPLIDO;MR01;1;24/4/2026;5/5/2026;mayo;10148608;40;1;24/4/2026;24/4/2026;C17;4500126449;20;2001;1;GJULIANI;30/4/2026;30/4/2026;8/5/2026;8/5/2026;C17;PETRAL S.R.L.;30;0;0;30;5000171869;6/5/2026;2001;2;1;6/5/2026;LNASUTI;;;0;0;;;;;;;;;0;;;;;;;;;;;;;;;;;;1;;6/5/2026;00001;SEDE;;;-2;-4;0;;;;;;;;;2;;;;4;;;;;;GESTION ROSARIO;;;;;1;
"00001 GENERAL SEDE&#160;";1000087254;60;ZPAN;COMPRA ABRIL;;0;;;;AJORGE;1010733;LECHE EN POLVO DESCREMADA X 800 GR.;24;Materiales usuales;CUMPLIDO;MR01;1;24/4/2026;5/5/2026;mayo;10148608;60;1;24/4/2026;24/4/2026;C17;4500126448;40;2001;1;GJULIANI;30/4/2026;30/4/2026;8/5/2026;8/5/2026;C17;DAVID ROSENTAL E HIJOS SACI;24;0;0;24;5000173045;14/5/2026;2001;3;1;14/5/2026;LNASUTI;;;0;0;;;;;;;;;0;;;;;;;;;;;;;;;;;;9;;14/5/2026;00001;SEDE;;;-10;-4;0;;;;;;;;;10;;;;4;;;;;;GESTION ROSARIO;;;;;1;
"00001 GENERAL SEDE&#160;";1000087254;70;ZPAN;COMPRA ABRIL;;0;;;;AJORGE;1050421;ACETO BALSAMICO 250CC;12;Materiales usuales;CUMPLIDO;MR01;1;24/4/2026;5/5/2026;mayo;10148608;70;1;24/4/2026;24/4/2026;C17;4500126449;30;2001;1;GJULIANI;30/4/2026;30/4/2026;8/5/2026;8/5/2026;C17;PETRAL S.R.L.;12;0;0;12;5000171869;6/5/2026;2001;3;1;6/5/2026;LNASUTI;;;0;0;;;;;;;;;0;;;;;;;;;;;;;;;;;;1;;6/5/2026;00001;SEDE;;;-2;-4;0;;;;;;;;;2;;;;4;;;;;;GESTION ROSARIO;;;;;1;
"00001 GENERAL SEDE&#160;";1000087477;120;ZPAN;PM 101 771 ITMS LIMP;;0;;;;DYANEZ;1046840;TOALLAS PAPEL X CAJA 2500UN;12;Materiales usuales;CUMPLIDO;MM01;1;28/4/2026;12/5/2026;mayo;10148822;120;1;28/4/2026;29/4/2026;C17;4500127361;10;2001;1;MALVAREZ;11/5/2026;11/5/2026;12/5/2026;15/5/2026;C17;VALLEJOS GASTON EMILIANO;12;0;0;12;5000173601;19/5/2026;2001;1;1;18/5/2026;AITURRIETA;;8000090771;12;1;AITURRIETA;19/5/2026;19/5/2026;;;;;;0;;;;;;;;;;;;;;;;;;6;;19/5/2026;00001;SEDE;0;0;-7;-4;1;0;;;;;;;;7;;;;4;;;;;;GESTION SAN JUAN;;;;;1;
0004 SERVICIO TECNICO PROYECTO;1000079383;10;ZPAN;OT 20012635 RESERVA;;0;;;;GBRAGAGNOLO;1048673;VALVULA DE RETENCION;1;Materiales Stock;CUMPLIDO;MM01;1;11/12/2025;2/1/2026;enero;10138039;10;1;11/12/2025;12/12/2025;C03;4500116115;10;2001;1;EFUNES;23/12/2025;23/12/2025;2/1/2026;16/2/2026;C03;COVEMA S.A.C.I.F.;1;0;;1;5000159930;27/1/2026;2001;1;1;23/1/2026;AITURRIETA;;8000084219;1;1;AITURRIETA;27/1/2026;27/1/2026;;;;;4900428199;1;GORIHUELA;27/3/2026;27/1/2026;;;;;;;;;;;;;;;25;;27/1/2026;0004 ;EQUIPOS;0;0;-22;-46;4;0;;;;;;;;;;;;;22;;;;46;GESTION SAN JUAN;;3;;1;;1
0004 SERVICIO TECNICO PROYECTO;1000079383;20;ZPAN;OT 20012635 RESERVA;;0;;;;GBRAGAGNOLO;1048674;KIT DE SELLOS CIL ESTABILIZADOR;1;Materiales Stock;CUMPLIDO;MM01;1;11/12/2025;2/1/2026;enero;10138039;20;1;11/12/2025;12/12/2025;C03;4500116117;10;2001;1;EFUNES;23/12/2025;23/12/2025;20/1/2026;20/1/2026;C03;PARTEQUIP S.R.L.;1;0;;1;5000158928;19/1/2026;2001;1;1;16/1/2026;ERUARTE;;8000083786;1;1;FGONZALEZ;20/1/2026;20/1/2026;13079;1 TRANS. PROPIO 19.01.2026;EPUTELLI;19/1/2026;4900404940;1;MDAVILA;22/1/2026;22/1/2026;;;;;;;;;;;;;;;20;;19/1/2026;0004 ;EQUIPOS;0;0;-15;-19;3;1;1;;;;;;;;;;;;15;;;;19;GESTION SAN JUAN;;2;;1;;1
0004 SERVICIO TECNICO PROYECTO;1000079815;10;ZPAN;47033 - OT 20012681;;0;;;;FAGUERO;1029635;SELLO ANULAR;1;Materiales Stock;CUMPLIDO;MR01;1;18/12/2025;9/1/2026;enero;10138655;10;1;18/12/2025;2/1/2026;C03;4500116928;40;2001;1;EFUNES;8/1/2026;8/1/2026;12/1/2026;12/1/2026;C03;FERNANDEZ INSUA S.A.;1;0;;1;5000158593;15/1/2026;2001;4;1;15/1/2026;LNASUTI;;8000083504;1;1;LNASUTI;15/1/2026;16/1/2026;13034;1 365 CC;CCARRIL;15/1/2026;4900403716;1;JBASSANI;19/1/2026;16/1/2026;;;;;;;;;;;;;;;7;;15/1/2026;0004 ;EQUIPOS;0;0;-7;-4;0;0;1;;;;;;;;;;;;7;;;;4;GESTION ROSARIO;;;;;;1
0004 SERVICIO TECNICO PROYECTO;1000079815;80;ZPAN;47033 - OT 20012681;;0;;;;FAGUERO;1048831;COMPRESOR;1;Materiales Stock;CUMPLIDO;MR01;1;18/12/2025;9/1/2026;enero;10138655;50;1;18/12/2025;18/12/2025;C03;4500115950;40;2001;1;RPEREZ;22/12/2025;22/12/2025;9/1/2026;27/1/2026;C03;FINNING ARGENTINA S.A.;1;0;;1;5000158532;15/1/2026;2001;1;1;15/1/2026;LBARTON;;8000083469;1;1;LBARTON;15/1/2026;15/1/2026;13015;1 365 CC;CCARRIL;15/1/2026;4900404810;1;JBASSANI;21/1/2026;15/1/2026;;;;;;;;;;;;;;;6;;15/1/2026;0004 ;EQUIPOS;0;0;-7;-19;0;0;0;;;;;;;;;;;;7;;;;19;GESTION ROSARIO;;;;;;1
0004 SERVICIO TECNICO PROYECTO;1000080230;10;ZPAN;OT 20012612;;0;;;;GBRAGAGNOLO;1015947;BULON 10.9 MA 16X70;10;Materiales genericos;CUMPLIDO;MM01;1;30/12/2025;20/1/2026;enero;10139315;10;1;30/12/2025;30/12/2025;EFO;4500116450;10;2001;1;GROSES;2/1/2026;2/1/2026;20/1/2026;20/1/2026;EFO;MEYNIEL S.R.L.;10;0;;10;5000159287;21/1/2026;2001;1;1;21/1/2026;GQUIROGA;;;10;1;GQUIROGA;21/1/2026;;;;;;;0;;;;;;;;;;;;;;;;;;1;;21/1/2026;0004 ;OTRO;0;0;-2;-1;0;0;;;;;;;;;;;;;;;;;;GESTION SAN JUAN;;;;;;
0004 SERVICIO TECNICO PROYECTO;1000080230;20;ZPAN;OT 20012612;;0;;;;GBRAGAGNOLO;1015947;ARANDELA JUNTA COBRE 14 X 20;6;Materiales genericos;CUMPLIDO;MM01;1;30/12/2025;20/1/2026;enero;10139315;20;1;30/12/2025;30/12/2025;EFO;4500116450;20;2001;1;GROSES;2/1/2026;2/1/2026;20/1/2026;20/1/2026;EFO;MEYNIEL S.R.L.;6;0;;6;5000159287;21/1/2026;2001;2;1;21/1/2026;GQUIROGA;;;6;1;GQUIROGA;21/1/2026;;;;;;;0;;;;;;;;;;;;;;;;;;1;;21/1/2026;0004 ;OTRO;0;0;-2;-1;0;0;;;;;;;;;;;;;;;;;;GESTION SAN JUAN;;;;;;
0004 SERVICIO TECNICO PROYECTO;1000080230;30;ZPAN;OT 20012612;;0;;;;GBRAGAGNOLO;1015947;MACHO KOLN 16 X 2.00;1;Materiales genericos;CUMPLIDO;MM01;1;30/12/2025;20/1/2026;enero;10139315;30;1;30/12/2025;30/12/2025;EFO;4500116450;30;2001;1;GROSES;2/1/2026;2/1/2026;20/1/2026;20/1/2026;EFO;MEYNIEL S.R.L.;1;0;;1;5000159281;21/1/2026;2001;1;1;21/1/2026;GQUIROGA;;;1;1;GQUIROGA;21/1/2026;;;;;;;0;;;;;;;;;;;;;;;;;;1;;21/1/2026;0004 ;OTRO;0;0;-2;-1;0;0;;;;;;;;;;;;;;;;;;GESTION SAN JUAN;;;;;;
0004 SERVICIO TECNICO PROYECTO;1000080232;10;ZPAN;OT 20012750;;0;;;;GBRAGAGNOLO;1048996;LONA DE CAJA (AMAROK);1;Materiales Stock;CUMPLIDO;MM01;1;30/12/2025;20/1/2026;enero;10139317;10;1;30/12/2025;30/12/2025;EFO;4500116416;10;2001;1;EFUNES;30/12/2025;30/12/2025;20/1/2026;20/1/2026;EFO;DOBLE TRACCION SRL;1;0;;1;5000164358;6/3/2026;2001;1;1;6/3/2026;AITURRIETA;;8000086595;1;1;AITURRIETA;6/3/2026;6/3/2026;;;;;4900420002;1;GQUIROGA;6/3/2026;6/3/2026;;;;;;;;;;;;;;;45;;6/3/2026;0004 ;OTRO;0;0;-46;-1;0;0;;;;;;;;;;;;;;;;;;GESTION SAN JUAN;;;;;;
0004 SERVICIO TECNICO PROYECTO;1000080320;10;ZPAN;OT 20012777 RES 7760;;0;;;;GBRAGAGNOLO;1024232;RODAMIENTO CARCASA MOTOR TRASLACION;2;Materiales Stock;CUMPLIDO;MR01;1;2/1/2026;22/1/2026;enero;10139465;10;1;2/1/2026;5/1/2026;C03;4500116650;70;2001;1;WVENTURINI;5/1/2026;6/1/2026;25/2/2026;25/2/2026;C03;IGARRETA MAQUINAS S.A.;2;0;;2;5000160937;4/2/2026;2001;6;1;4/2/2026;LNASUTI;;8000084768;2;1;LNASUTI;4/2/2026;6/2/2026;13346;4BULTOS 365 AL;ALANDAVIDEA;5/2/2026;4900411800;2;JBASSANI;9/2/2026;6/2/2026;;;;;;;;;;;;;;;15;;4/2/2026;0004 ;EQUIPOS;0;0;-14;-35;0;0;1;;;;;;;;;;;;14;;;;35;GESTION ROSARIO;;;;;;1
0004 SERVICIO TECNICO PROYECTO;1000080320;30;ZPAN;OT 20012777 RES 7760;;0;;;;GBRAGAGNOLO;1024429;SELLO RADIAL EJE CARCAZA MOTOR TRASLACIO;2;Materiales Stock;CUMPLIDO;MR01;1;2/1/2026;22/1/2026;enero;10139465;30;1;2/1/2026;5/1/2026;C03;4500116650;90;2001;1;WVENTURINI;5/1/2026;6/1/2026;25/2/2026;25/2/2026;C03;IGARRETA MAQUINAS S.A.;2;0;;2;5000160937;4/2/2026;2001;7;1;4/2/2026;LNASUTI;;8000084768;2;1;LNASUTI;4/2/2026;6/2/2026;13346;4BULTOS 365 AL;ALANDAVIDEA;5/2/2026;4900411800;2;JBASSANI;9/2/2026;6/2/2026;;;;;;;;;;;;;;;15;;4/2/2026;0004 ;EQUIPOS;0;0;-14;-35;0;0;1;;;;;;;;;;;;14;;;;35;GESTION ROSARIO;;;;;;1
0004 SERVICIO TECNICO PROYECTO;1000080964;10;ZPAN;58759 - OT 20012865;;0;;;;FAGUERO;1049450;MANCHON ACOPLAMIENTO ROC F9-11;1;Materiales Stock;CUMPLIDO;MM01;1;13/1/2026;2/2/2026;febrero;10140255;10;1;13/1/2026;13/1/2026;C03;4500117828;10;MM08;1;WVENTURINI;19/1/2026;19/1/2026;2/2/2026;30/5/2026;C03;MILLENNIUM MACHINERY P&S, CORP;1;0;;1;5000169219;15/4/2026;MM08;1;1;14/4/2026;LNASUTI;;8000088904;1;1;LNASUTI;15/4/2026;17/4/2026;14329;1 341 CC;CCARRIL;15/4/2026;4900436884;1;ALAGOS;21/4/2026;21/4/2026;;;;;;;;;;;;;;;78;;19/4/2026;0004 ;EQUIPOS;0;0;-72;-118;1;0;2;;;;;;;;;;;;72;;;;118;GESTION ROSARIO;;;;;;1
0004 SERVICIO TECNICO PROYECTO;1000080964;20;ZPAN;58759 - OT 20012865;;0;;;;FAGUERO;1049451;MANCHON ACOPLAMIENTO ROC F9-11;1;Materiales Stock;CUMPLIDO;MM01;1;13/1/2026;2/2/2026;febrero;10140255;20;1;13/1/2026;13/1/2026;C03;4500117828;20;MM08;1;WVENTURINI;19/1/2026;19/1/2026;2/2/2026;30/5/2026;C03;MILLENNIUM MACHINERY P&S, CORP;1;0;;1;5000169219;15/4/2026;MM08;2;1;14/4/2026;LNASUTI;;8000088904;1;1;LNASUTI;15/4/2026;17/4/2026;14329;1 341 CC;CCARRIL;15/4/2026;4900436884;1;ALAGOS;21/4/2026;21/4/2026;;;;;;;;;;;;;;;78;;19/4/2026;0004 ;EQUIPOS;0;0;-72;-118;1;0;2;;;;;;;;;;;;72;;;;118;GESTION ROSARIO;;;;;;1
0004 SERVICIO TECNICO PROYECTO;1000081359;10;ZPAN;INT 44029 OT 2001269;;0;;;;GGUEVARA;1046592;REGULADOR DE VOLTAJE ALTERNADOR;2;Materiales Stock;CUMPLIDO;MM01;1;20/1/2026;9/2/2026;febrero;10140796;10;1;20/1/2026;20/1/2026;C03;4500117933;10;2001;1;RPEREZ;20/1/2026;20/1/2026;9/2/2026;2/6/2026;C03;DIESEL LANGE S.R.L;2;0;;2;5000174817;29/5/2026;2001;1;2;27/5/2026;AITURRIETA;;8000091387;2;2;AITURRIETA;28/1/2026;29/5/2026;13284;1 TRANS PROPIO 30.01.2026;ERODRIGUEZ;30/1/2026;4900450323;2;FVEDIA;1/6/2026;29/5/2026;;;;;;;;;;;;;;;109;;29/5/2026;0004 ;EQUIPOS;0;0;-108;-114;2;-121;119;;;;;;;;;;;;108;;;;114;GESTION SAN JUAN;;1;;1;;1
0004 SERVICIO TECNICO PROYECTO;1000081580;10;ZPAN;OT 20012979 RESERVA;;0;;;;GBRAGAGNOLO;1026241;ARO LLANTA (10X24);1;Materiales Stock;CUMPLIDO;MR01;1;23/1/2026;12/2/2026;febrero;10141175;10;1;23/1/2026;23/1/2026;C03;4500118899;10;2001;1;RPEREZ;30/1/2026;30/1/2026;12/2/2026;30/4/2026;C03;JORGE O STAMPARIN E HIJOS SRL;1;0;;1;5000166687;25/3/2026;2001;1;1;25/3/2026;LNASUTI;;8000087829;1;1;LNASUTI;25/3/2026;1/4/2026;14064;1 377 CC;CCARRIL;25/3/2026;4900432008;1;LEBLANCO;8/4/2026;7/4/2026;;;;;;;;;;;;;;;54;;25/3/2026;0004 ;EQUIPOS;0;0;-42;-78;0;0;7;;;;;;;;;;;;42;;;;78;GESTION ROSARIO;;;;;;1
0004 SERVICIO TECNICO PROYECTO;1000082051;10;ZPAN;INT 67034 OT 2001305;;0;;;;GGUEVARA;1049858;MODULO DE CONTROL;1;Materiales Stock;CUMPLIDO;MM01;1;30/1/2026;19/2/2026;febrero;10141776;10;1;30/1/2026;30/1/2026;C03;4500119402;10;MM08;1;EFUNES;5/2/2026;5/2/2026;19/2/2026;4/3/2026;C03;HEINZ LOOS S R L;1;0;;1;5000164948;11/3/2026;MM08;1;1;11/3/2026;LNASUTI;;8000086906;1;1;LNASUTI;11/3/2026;11/3/2026;13822;1 BULTO 376 CC;CCARRIL;11/3/2026;4900438742;1;GORIHUELA;27/4/2026;11/3/2026;;;;;;;;;;;;;;;20;;16/3/2026;0004 ;EQUIPOS;0;0;-21;-14;0;0;0;;;;;;;;;;;;21;;;;14;GESTION ROSARIO;;;;;;1
0004 SERVICIO TECNICO PROYECTO;1000082378;10;ZPAN;INT 44024 OT 2001309;;0;;;;GGUEVARA;1049955;RETEN;2;Materiales Stock;CUMPLIDO;MR01;1;4/2/2026;24/2/2026;febrero;10142257;10;1;4/2/2026;4/2/2026;C03;4500120255;10;223;1;RPEREZ;18/2/2026;20/2/2026;10/3/2026;10/3/2026;C03;AGRONORTE S.R.L.;2;0;;2;5000164143;5/3/2026;2001;1;1;2/3/2026;LBARTON;;8000086474;2;1;LBARTON;5/3/2026;6/3/2026;13746;RETIRA J REDON;PAPPELLA;6/3/2026;4900439515;2;PBASILIO;29/4/2026;6/3/2026;;;;;;;;;;;;;;;10;;5/3/2026;0004 ;EQUIPOS;0;0;-7;-15;3;0;0;;;;;;;;;;;;7;;;;15;GESTION ROSARIO;2;;;1;;1
0004 SERVICIO TECNICO PROYECTO;1000082378;20;ZPAN;INT 44024 OT 2001309;;0;;;;GGUEVARA;1049956;ANILLO TORICO;2;Materiales Stock;CUMPLIDO;MR01;1;4/2/2026;24/2/2026;febrero;10142257;20;1;4/2/2026;4/2/2026;C03;4500120255;20;2001;1;RPEREZ;18/2/2026;20/2/2026;10/3/2026;10/3/2026;C03;AGRONORTE S.R.L.;2;0;;2;5000163198;26/2/2026;2001;1;1;26/2/2026;JDICEVICUIS;;8000085942;2;1;JDICEVICUIS;26/2/2026;2/3/2026;13629;1 223 CC;CCARRIL;26/2/2026;4900418676;2;PBASILIO;4/3/2026;3/3/2026;;;;;;;;;;;;;;;7;;26/2/2026;0004 ;EQUIPOS;0;0;-3;-15;0;0;4;;;;;;;;;;;;3;;;;15;GESTION ROSARIO;;;;;;1
0004 SERVICIO TECNICO PROYECTO;1000082378;30;ZPAN;INT 44024 OT 2001309;;0;;;;GGUEVARA;1049957;ANILLO TORICO;4;Materiales Stock;CUMPLIDO;MR01;1;4/2/2026;24/2/2026;febrero;10142257;30;1;4/2/2026;4/2/2026;C03;4500120255;30;2001;1;RPEREZ;18/2/2026;20/2/2026;10/3/2026;10/3/2026;C03;AGRONORTE S.R.L.;4;0;;4;5000163198;26/2/2026;2001;2;1;26/2/2026;JDICEVICUIS;;8000085942;4;1;JDICEVICUIS;26/2/2026;2/3/2026;13629;1 223 CC;CCARRIL;26/2/2026;4900418676;4;PBASILIO;4/3/2026;3/3/2026;;;;;;;;;;;;;;;7;;26/2/2026;0004 ;EQUIPOS;0;0;-3;-15;0;0;4;;;;;;;;;;;;3;;;;15;GESTION ROSARIO;;;;;;1
0004 SERVICIO TECNICO PROYECTO;1000082455;10;ZPAN;ALISTAMIENTO // CAMP;;0;;;;GGUEVARA;1015947;LINTERNA LED 10W 400LM CROSSMATER;1;Materiales genericos;CUMPLIDO;MM01;1;5/2/2026;25/2/2026;febrero;10142344;10;1;5/2/2026;5/2/2026;EFO;4500119415;10;2001;1;EFUNES;5/2/2026;5/2/2026;25/2/2026;25/2/2026;EFO;RODRIGUEZ MARTINEZ EMILIO JOAQUIN;1;0;;1;5000169297;16/4/2026;2001;1;1;16/4/2026;GROSES;;;0;0;;;;;;;;;0;;;;;;;;;;;;;;;;;;50;;16/4/2026;0004 ;OTRO;;;-51;-1;0;;;;;;;;;;;;;;;;;;;GESTION SAN JUAN;;;;;;
0004 SERVICIO TECNICO PROYECTO;1000082697;10;ZPAN;47020 - OT 20013130;;0;;;;FAGUERO;1036050;CONJUNTO INTERRUPTOR;1;Materiales Stock;CUMPLIDO;MM01;1;9/2/2026;27/2/2026;febrero;10142617;20;1;10/2/2026;10/2/2026;C43;4500119744;10;2001;1;EFUNES;10/2/2026;10/2/2026;20/2/2026;20/2/2026;C43;FINNING ARGENTINA S.A.;1;0;;1;5000164305;6/3/2026;2001;1;1;6/3/2026;AITURRIETA;;8000086568;1;1;AITURRIETA;6/3/2026;6/3/2026;13752;1 trans propio 06.03.2026;ERODRIGUEZ;6/3/2026;4900420570;1;JARAOZ;8/3/2026;7/3/2025;;;;;;;;;;;;;;;;;6/3/2026;0004 ;EQUIPOS;0;0;-8;6;0;0;0;;;;;;;;;;;;8;;;;;GESTION SAN JUAN;;;;;;1
0004 SERVICIO TECNICO PROYECTO;1000082698;10;ZPAN;47029 - OT 20013132;;0;;;;FAGUERO;1036050;CONJUNTO INTERRUPTOR;1;Materiales Stock;CUMPLIDO;MM01;1;9/2/2026;27/2/2026;febrero;10142618;20;1;10/2/2026;10/2/2026;C43;4500119744;20;2001;1;EFUNES;10/2/2026;10/2/2026;20/2/2026;20/2/2026;C43;FINNING ARGENTINA S.A.;1;0;;1;5000164305;6/3/2026;2001;2;1;6/3/2026;AITURRIETA;;8000086571;1;1;AITURRIETA;6/3/2026;6/3/2026;13752;1 trans propio 06.03.2026;ERODRIGUEZ;6/3/2026;4900420567;1;JARAOZ;8/3/2026;7/3/2025;;;;;;;;;;;;;;;;;6/3/2026;0004 ;EQUIPOS;0;0;-8;6;0;0;0;;;;;;;;;;;;8;;;;;GESTION SAN JUAN;;;;;;1
0004 SERVICIO TECNICO PROYECTO;1000083134;10;ZPAN;INT 33007 OT 2001317;;0;;;;GGUEVARA;1023200;INYECTOR;4;Materiales Stock;CUMPLIDO;MR01;1;18/2/2026;10/3/2026;marzo;10143134;10;1;18/2/2026;18/2/2026;C03;4500120573;10;;1;WVENTURINI;23/2/2026;23/2/2026;10/3/2026;8/5/2026;C03;DECA MOTORES SRL;4;0;;4;5000171399;4/5/2026;2001;1;1;29/4/2026;LNASUTI;;8000089829;4;1;LNASUTI;4/5/2026;6/5/2026;14564;3 365 CC;CCARRIL;5/5/2026;4900443184;4;JBASSANI;11/5/2026;6/5/2026;;;;;;;;;;;;;;;57;;4/5/2026;0004 ;EQUIPOS;0;0;-51;-60;5;0;1;;;;;;;;;;;;51;;;;60;GESTION ROSARIO;4;;;1;;1
0004 SERVICIO TECNICO PROYECTO;1000083134;20;ZPAN;INT 33007 OT 2001317;;0;;;;GGUEVARA;1025530;BOMBA DE PRESION;2;Materiales Stock;CUMPLIDO;MR01;1;18/2/2026;10/3/2026;marzo;10143134;20;1;18/2/2026;18/2/2026;C03;4500120573;20;;1;WVENTURINI;23/2/2026;23/2/2026;10/3/2026;8/5/2026;C03;DECA MOTORES SRL;2;0;;2;5000171399;4/5/2026;2001;2;2;29/4/2026;LNASUTI;;8000089829;2;2;LNASUTI;6/3/2026;6/5/2026;13778;1 bulto 365 JD;JDICEVICUIS;9/3/2026;4900443184;2;SROMERO;11/5/2026;6/5/2026;;;;;;;;;;;;;;;57;;4/5/2026;0004 ;EQUIPOS;0;0;-51;-60;5;-59;58;;;;;;;;;;;;51;;;;60;GESTION ROSARIO;4;;;1;;1
0004 SERVICIO TECNICO PROYECTO;1000083134;30;ZPAN;INT 33007 OT 2001317;;0;;;;GGUEVARA;1030047;BOMBIN DE COMBUSTIBLE;1;Materiales Stock;CUMPLIDO;MR01;1;18/2/2026;10/3/2026;marzo;10143134;30;1;18/2/2026;18/2/2026;C03;4500120573;30;;1;WVENTURINI;23/2/2026;23/2/2026;10/3/2026;8/5/2026;C03;DECA MOTORES SRL;1;0;;1;5000171399;4/5/2026;2001;3;1;29/4/2026;LNASUTI;;8000089829;1;1;LNASUTI;4/5/2026;6/5/2026;14564;3 365 CC;CCARRIL;5/5/2026;4900443184;1;JBASSANI;11/5/2026;6/5/2026;;;;;;;;;;;;;;;57;;4/5/2026;0004 ;EQUIPOS;0;0;-51;-60;5;0;1;;;;;;;;;;;;51;;;;60;GESTION ROSARIO;4;;;1;;1
0004 SERVICIO TECNICO PROYECTO;1000083152;50;ZPAN;ROPA MATIAS GUZMAN -;;0;;;;MADAMOSI;1011550;CHOMBA ALGODON NEGRA TALLE XL C LOGO;2;Materiales usuales;CUMPLIDO;MR01;1;18/2/2026;10/3/2026;marzo;10143142;50;1;18/2/2026;19/2/2026;C28;4500120332;20;2001;1;GJULIANI;19/2/2026;19/2/2026;6/3/2026;13/3/2026;C28;NUEVA REGINA S.R.L.;2;0;;2;5000165904;18/3/2026;2001;1;1;18/3/2026;LNASUTI;;8000087384;2;1;LNASUTI;18/3/2026;21/3/2026;14021;TALLER 21/03;LNASUTI;21/3/2026;;0;;;;;;;;;;;;;;;;;;8;;18/3/2026;0004 ;SEDE;0;0;-9;-4;0;0;0;;;;;;;9;;;;4;;;;;;GESTION ROSARIO;;;;;1;
0004 SERVICIO TECNICO PROYECTO;1000083155;10;ZPAN;75015 - OT 20013180;;0;;;;FAGUERO;1050359;TABLERO ELECTRONICO;1;Materiales Stock;CUMPLIDO;MR01;1;18/2/2026;10/3/2026;marzo;10143145;10;1;18/2/2026;18/2/2026;C03;4500120830;20;MR05;1;FBERARDO;25/2/2026;25/2/2026;25/3/2026;20/4/2026;C03;SANY INTERNACIONAL;1;0;;1;5000168586;10/4/2026;MR05;2;1;10/4/2026;AITURRIETA;;8000088645;1;1;AITURRIETA;10/4/2026;10/4/2026;14270;1B TRANS PROPIO 10.04.2026;ERODRIGUEZ;10/4/2026;;0;;;;;;;;;;;;;;;;;;31;;10/4/2026;0004 ;OTRO;0;0;-32;-42;0;0;0;;;;;;;;;;;;;;;;;GESTION ROSARIO;;;;;;
0004 SERVICIO TECNICO PROYECTO;1000083156;10;ZPAN;75016 - OT 20013181;;0;;;;FAGUERO;1050359;TABLERO ELECTRONICO;1;Materiales Stock;CUMPLIDO;MR01;1;18/2/2026;10/3/2026;marzo;10143147;10;1;18/2/2026;18/2/2026;C03;4500120830;10;MR05;1;FBERARDO;25/2/2026;25/2/2026;25/3/2026;20/4/2026;C03;SANY INTERNACIONAL;1;0;;1;5000168586;10/4/2026;MR05;1;1;10/4/2026;AITURRIETA;;8000088644;1;1;AITURRIETA;10/4/2026;10/4/2026;14270;1B TRANS PROPIO 10.04.2026;ERODRIGUEZ;10/4/2026;;0;;;;;;;;;;;;;;;;;;31;;10/4/2026;0004 ;OTRO;0;0;-32;-42;0;0;0;;;;;;;;;;;;;;;;;GESTION ROSARIO;;;;;;
0004 SERVICIO TECNICO PROYECTO;1000083192;10;ZPAN;78753 - OT 20013185;;0;;;;FAGUERO;1050380;RETEN;1;Materiales Stock;CUMPLIDO;MR01;1;18/2/2026;10/3/2026;marzo;10143186;10;1;18/2/2026;18/2/2026;EFO;4500120687;10;377;1;EFUNES;24/2/2026;24/2/2026;10/3/2026;10/3/2026;EFO;SALDAÑA CARLOS ALBERTO;1;0;;1;5000165359;13/3/2026;377;1;1;13/3/2026;GROSES;;;0;0;;;;;;;;;0;;;;;;;;;;;;;;;;;;3;;13/3/2026;0004 ;OTRO;;;-4;-1;0;;;;;;;;;;;;;;;;;;;GESTION ROSARIO;;;;;;
0004 SERVICIO TECNICO PROYECTO;1000083437;10;ZPAN;OT 20013214;;0;;;;GBRAGAGNOLO;1050632;MOTOR HIDRAULICO;1;Materiales Stock;CUMPLIDO;MM01;1;23/2/2026;13/3/2026;marzo;10143574;10;1;23/2/2026;23/2/2026;C03;4500121338;10;2001;1;FPRUDENTE;2/3/2026;2/3/2026;13/3/2026;27/3/2026;C03;HIDRAULICA DC S.R.L.;1;0;;1;5000170238;22/4/2026;35;1;3;22/4/2026;GQUEVEDO;;;0;0;;;;;;;;;0;;;;;;;;;;;;;;;;;;40;;22/4/2026;0004 ;OTRO;;;-41;-15;0;;;;;;;;;;;;;;;;;;;GESTION SAN JUAN;;;;;;
0004 SERVICIO TECNICO PROYECTO;1000083563;10;ZPAN;OT 20013229 (MR05 RO;;0;;;;GBRAGAGNOLO;1047848;TRANSMISOR DE PRESION;1;Materiales Stock;CUMPLIDO;MR01;1;24/2/2026;16/3/2026;marzo;10143780;10;1;24/2/2026;24/2/2026;C03;4500121229;10;2001;1;WVENTURINI;2/3/2026;3/3/2026;30/4/2026;30/4/2026;C03;IGARRETA MAQUINAS S.A.;1;0;;1;5000171689;5/5/2026;2001;1;1;4/5/2026;LNASUTI;;8000089954;1;1;LNASUTI;5/5/2026;5/5/2026;14581;TALLER 05/05;LNASUTI;5/5/2026;4900441795;1;CDAVID;6/5/2026;5/5/2026;;;;;;;;;;;;;;;50;;5/5/2026;0004 ;EQUIPOS;0;0;-50;-46;1;0;0;;;;;;;;;;;;50;;;;46;GESTION ROSARIO;;;;;;1
0004 SERVICIO TECNICO PROYECTO;1000083563;20;ZPAN;OT 20013229 (MR05 RO;;0;;;;GBRAGAGNOLO;1030057;VAL. LIMITADORA DE PRESION COMMON RAIL;1;Materiales Stock;CUMPLIDO;MR01;1;24/2/2026;16/3/2026;marzo;10143780;30;1;24/2/2026;27/2/2026;C03;4500121229;30;2001;1;WVENTURINI;2/3/2026;3/3/2026;30/4/2026;30/4/2026;C03;IGARRETA MAQUINAS S.A.;1;0;;1;5000171689;5/5/2026;2001;3;1;4/5/2026;LNASUTI;;8000089954;1;1;LNASUTI;5/5/2026;5/5/2026;14581;TALLER 05/05;LNASUTI;5/5/2026;4900441795;1;CDAVID;6/5/2026;5/5/2026;;;;;;;;;;;;;;;50;;5/5/2026;0004 ;EQUIPOS;0;0;-50;-46;1;0;0;;;;;;;;;;;;50;;;;46;GESTION ROSARIO;;;;;;1
0004 SERVICIO TECNICO PROYECTO;1000083563;30;ZPAN;OT 20013229 (MR05 RO;;0;;;;GBRAGAGNOLO;1050705;RAMAL DE MOTOR;1;Materiales Stock;CUMPLIDO;MR01;1;24/2/2026;16/3/2026;marzo;10143780;20;1;24/2/2026;24/2/2026;C03;4500121229;20;2001;1;WVENTURINI;2/3/2026;3/3/2026;30/4/2026;30/4/2026;C03;IGARRETA MAQUINAS S.A.;1;0;;1;5000171689;5/5/2026;2001;2;1;4/5/2026;LNASUTI;;8000089954;1;1;LNASUTI;5/5/2026;5/5/2026;14581;TALLER 05/05;LNASUTI;5/5/2026;4900441795;1;CDAVID;6/5/2026;5/5/2026;;;;;;;;;;;;;;;50;;5/5/2026;0004 ;EQUIPOS;0;0;-50;-46;1;0;0;;;;;;;;;;;;50;;;;46;GESTION ROSARIO;;;;;;1
0004 SERVICIO TECNICO PROYECTO;1000083580;10;ZPAN;OT 20013232 (RIO TIN;;0;;;;GBRAGAGNOLO;1050711;ABRAZADERA DE MANGUERA 159MM;1;Materiales Stock;CUMPLIDO;MR01;1;25/2/2026;17/3/2026;marzo;10143811;10;1;25/2/2026;27/2/2026;C03;4500121368;10;2001;1;RPEREZ;3/3/2026;3/3/2026;10/3/2026;10/3/2026;C03;FINNING ARGENTINA S.A.;1;0;;1;5000166068;19/3/2026;2001;1;1;19/3/2026;ALANDAVIDEA;;8000087461;1;1;ALANDAVIDEA;19/3/2026;25/3/2026;14017;4 pallets y 3 bultos 365 JD;JDICEVICUIS;20/3/2026;4900428319;1;JBASSANI;27/3/2026;25/3/2026;;;;;;;;;;;;;;;8;;19/3/2026;0004 ;EQUIPOS;0;0;-3;6;0;0;5;;;;;;;;;;;;3;;;;;GESTION ROSARIO;;;;;;1
0004 SERVICIO TECNICO PROYECTO;1000083580;20;ZPAN;OT 20013232 (RIO TIN;;0;;;;GBRAGAGNOLO;1050712;MANGUERA MOLDEADA;1;Materiales Stock;CUMPLIDO;MR01;1;25/2/2026;17/3/2026;marzo;10143811;20;1;25/2/2026;27/2/2026;C03;4500121368;20;2001;1;RPEREZ;3/3/2026;3/3/2026;5/4/2026;5/4/2026;C03;FINNING ARGENTINA S.A.;1;0;;1;5000168151;8/4/2026;2001;1;1;7/4/2026;LNASUTI;;8000088473;1;1;LNASUTI;8/4/2026;9/4/2026;14224;2 bultos 365 jd;JDICEVICUIS;8/4/2026;4900433606;1;JBASSANI;13/4/2026;9/4/2026;;;;;;;;;;;;;;;23;;8/4/2026;0004 ;EQUIPOS;0;0;-22;-20;1;0;1;;;;;;;;;;;;22;;;;20;GESTION ROSARIO;;;;;;1
0004 SERVICIO TECNICO PROYECTO;1000083580;30;ZPAN;OT 20013232 (RIO TIN;;0;;;;GBRAGAGNOLO;1050713;ABRAZADERA;1;Materiales Stock;CUMPLIDO;MR01;1;25/2/2026;17/3/2026;marzo;10143811;30;1;25/2/2026;27/2/2026;C03;4500121368;30;2001;1;RPEREZ;3/3/2026;3/3/2026;5/4/2026;5/4/2026;C03;FINNING ARGENTINA S.A.;1;0;;1;5000167295;31/3/2026;2001;1;1;27/3/2026;LBARTON;;8000088113;1;1;LBARTON;31/3/2026;31/3/2026;14133;1 BULTO 365 CC;CCARRIL;31/3/2026;4900431030;1;JBASSANI;6/4/2026;31/3/2026;;;;;;;;;;;;;;;14;;31/3/2026;0004 ;EQUIPOS;0;0;-11;-20;4;0;0;;;;;;;;;;;;11;;;;20;GESTION ROSARIO;3;;;1;;1
0004 SERVICIO TECNICO PROYECTO;1000083580;40;ZPAN;OT 20013232 (RIO TIN;;0;;;;GBRAGAGNOLO;1050714;CAMARA PURIFICACION DE AIRE;1;Materiales Stock;CUMPLIDO;MR01;1;25/2/2026;17/3/2026;marzo;10143811;40;1;25/2/2026;27/2/2026;C03;4500121368;40;2001;1;RPEREZ;3/3/2026;3/3/2026;5/4/2026;5/4/2026;C03;FINNING ARGENTINA S.A.;1;0;;1;5000168130;8/4/2026;2001;1;1;7/4/2026;LNASUTI;;8000088468;1;1;LNASUTI;8/4/2026;9/4/2026;14224;2 bultos 365 jd;JDICEVICUIS;8/4/2026;4900433604;1;JBASSANI;13/4/2026;9/4/2026;;;;;;;;;;;;;;;23;;8/4/2026;0004 ;EQUIPOS;0;0;-22;-20;1;0;1;;;;;;;;;;;;22;;;;20;GESTION ROSARIO;;;;;;1
0004 SERVICIO TECNICO PROYECTO;1000083627;10;ZPAN;INT 87015 OT 2001323;;0;;;;GGUEVARA;1050744;MODULO ELECTONICO DE TURBO;1;Materiales Stock;CUMPLIDO;MR01;1;25/2/2026;17/3/2026;marzo;10143922;10;1;25/2/2026;25/2/2026;C03;4500120930;10;2001;1;FBERARDO;25/2/2026;25/2/2026;17/3/2026;20/3/2026;C03;GINZA S.A.;1;0;;1;5000166186;19/3/2026;377;1;1;19/3/2026;LGALASI;;;0;0;;;;;;;;;0;;;;;;;;;;;;;;;;;;2;;19/3/2026;0004 ;OTRO;;;-3;-4;0;;;;;;;;;;;;;;;;;;;GESTION ROSARIO;;;;;;
0004 SERVICIO TECNICO PROYECTO;1000083864;30;ZPAN;OT 20013262 (DEJAR E;;0;;;;GBRAGAGNOLO;1053837;MANGUERA;2;Materiales Stock;CUMPLIDO;MM01;1;28/2/2026;20/3/2026;marzo;10144170;20;1;28/2/2026;28/2/2026;C03;4500121524;10;MM08;1;WVENTURINI;4/3/2026;4/3/2026;30/3/2026;30/3/2026;C03;IGARRETA MAQUINAS S.A.;2;0;;2;5000169331;16/4/2026;MM08;1;1;14/4/2026;LBARTON;;8000088928;2;1;LBARTON;16/4/2026;17/4/2026;14334;4 pallets 271 jd;JDICEVICUIS;16/4/2026;4900438641;2;GQUIROGA;27/4/2026;17/4/2026;;;;;;;;;;;;;;;28;;19/4/2026;0004 ;EQUIPOS;0;0;-26;-11;2;0;1;;;;;;;;;;;;26;;;;11;GESTION ROSARIO;1;;;1;;1
0004 SERVICIO TECNICO PROYECTO;1000084203;20;ZPAN;OT 20013305 RESERVA;;0;;;;GBRAGAGNOLO;1042535;FILLER CAP;1;Materiales Stock;CUMPLIDO;MR01;1;5/3/2026;26/3/2026;marzo;10144662;20;1;5/3/2026;5/3/2026;C03;4500121803;10;2001;1;WVENTURINI;6/3/2026;6/3/2026;;30/4/2026;C03;ESCANDINAVIA DEL PLATA SA;1;0;;1;5000166945;27/3/2026;2001;1;1;27/3/2026;LNASUTI;;8000087913;1;1;LNASUTI;27/3/2026;1/4/2026;14101;1 BULTO 377 CC;CCARRIL;27/3/2026;4900432002;1;LEBLANCO;8/4/2026;7/4/2026;;;;;;;;;;;;;;;12;;27/3/2026;0004 ;EQUIPOS;0;0;-2;-36;0;0;5;;;;;;;;;;;;2;;;;36;GESTION ROSARIO;;;;;;1
0004 SERVICIO TECNICO PROYECTO;1000084364;20;ZPAN;OT 20013340;;0;;;;GBRAGAGNOLO;1054181;SENSOR NIVEL;1;Materiales Stock;CUMPLIDO;MM01;1;9/3/2026;30/3/2026;marzo;10144868;20;1;9/3/2026;9/3/2026;C03;4500122267;20;2001;1;WVENTURINI;11/3/2026;11/3/2026;30/3/2026;30/3/2026;C03;ESCANDINAVIA DEL PLATA SA;1;0;;1;5000170430;24/4/2026;2001;1;1;20/4/2026;AITURRIETA;;8000089435;1;1;AITURRIETA;24/4/2026;24/4/2026;;;;;4900438717;1;GQUIROGA;27/4/2026;24/4/2026;;;;;;;;;;;;;;;25;;24/4/2026;0004 ;EQUIPOS;0;0;-22;-1;4;0;;;;;;;;;;;;;22;;;;1;GESTION SAN JUAN;;3;;1;;1
0004 SERVICIO TECNICO PROYECTO;1000084367;10;ZPAN;OT 20013341 RESERVA;;0;;;;GBRAGAGNOLO;1054176;MANGUERA DE ENTRADA;4;Materiales Stock;CUMPLIDO;MR01;1;9/3/2026;30/3/2026;marzo;10144872;10;1;9/3/2026;9/3/2026;C03;4500122903;10;2001;1;RPEREZ;18/3/2026;18/3/2026;30/3/2026;30/3/2026;C03;FINNING ARGENTINA S.A.;4;0;;4;5000168158;8/4/2026;2001;1;1;7/4/2026;LNASUTI;;8000088476;4;1;LNASUTI;8/4/2026;9/4/2026;14225;1 bulto 377 jd;JDICEVICUIS;8/4/2026;4900433613;4;LGALASI;13/4/2026;13/4/2026;;;;;;;;;;;;;;;14;;8/4/2026;0004 ;EQUIPOS;0;0;-9;-1;1;0;1;;;;;;;;;;;;9;;;;1;GESTION ROSARIO;;;;;;1
0004 SERVICIO TECNICO PROYECTO;1000084367;20;ZPAN;OT 20013341 RESERVA;;0;;;;GBRAGAGNOLO;1054177;ABRAZADERA;16;Materiales Stock;CUMPLIDO;MR01;1;9/3/2026;30/3/2026;marzo;10144872;20;1;9/3/2026;9/3/2026;C03;4500122903;20;2001;1;RPEREZ;18/3/2026;18/3/2026;30/3/2026;30/3/2026;C03;FINNING ARGENTINA S.A.;16;0;;16;5000167334;31/3/2026;2001;1;1;31/3/2026;LBARTON;;8000088128;16;1;LBARTON;31/3/2026;1/4/2026;14136;1 BULTO 377 CC;CCARRIL;31/3/2026;4900431979;16;LEBLANCO;8/4/2026;7/4/2026;;;;;;;;;;;;;;;8;;31/3/2026;0004 ;EQUIPOS;0;0;-2;-1;0;0;1;;;;;;;;;;;;2;;;;1;GESTION ROSARIO;;;;;;1
0004 SERVICIO TECNICO PROYECTO;1000084394;20;ZPAN;OT 20013342 RESERVA;;0;;;;GBRAGAGNOLO;1014403;RACOR ADAPTADOR - MOTONIVELADORA JD 670G;1;Materiales usuales equipo;CUMPLIDO;MR01;1;9/3/2026;30/3/2026;marzo;10144890;20;1;9/3/2026;9/3/2026;C03;4500122259;20;2001;1;RPEREZ;11/3/2026;11/3/2026;22/3/2026;8/4/2026;C03;AGRONORTE S.R.L.;1;0;;1;5000168595;10/4/2026;2001;1;1;7/4/2026;LBARTON;;8000088647;1;1;LBARTON;10/4/2026;14/4/2026;14278;1 365 CC;CCARRIL;11/4/2026;4900435285;1;JBASSANI;17/4/2026;14/4/2026;;;;;;;;;;;;;;;15;;10/4/2026;0004 ;EQUIPOS;0;0;-9;-10;3;0;3;;;;;;;;;;;;9;;;;10;GESTION ROSARIO;2;;;1;;1
0004 SERVICIO TECNICO PROYECTO;1000084406;10;ZPAN;OT 20013343 RESERVA;;0;;;;GBRAGAGNOLO;1054217;JUNTA CARTER;1;Materiales Stock;CUMPLIDO;MR01;1;9/3/2026;30/3/2026;marzo;10144909;10;1;9/3/2026;9/3/2026;C03;4500122346;10;2001;1;EFUNES;12/3/2026;12/3/2026;30/3/2026;27/4/2026;C03;HUGO SANCHEZ S.A.;1;0;;1;5000170282;23/4/2026;2001;1;1;21/4/2026;LNASUTI;;8000089362;1;1;LNASUTI;23/4/2026;24/4/2026;14459;1 bulto 372 JD;JDICEVICUIS;24/4/2026;4900439373;1;AZAPANA;28/4/2026;24/4/2026;;;;;;;;;;;;;;;25;;23/4/2026;0004 ;EQUIPOS;0;0;-23;-29;2;0;0;;;;;;;;;;;;23;;;;29;GESTION ROSARIO;1;;;1;;1
0004 SERVICIO TECNICO PROYECTO;1000084406;20;ZPAN;OT 20013343 RESERVA;;0;;;;GBRAGAGNOLO;1054218;JUNTA CHUPADOR;1;Materiales Stock;CUMPLIDO;MR01;1;9/3/2026;30/3/2026;marzo;10144909;20;1;9/3/2026;9/3/2026;C03;4500122346;20;2001;1;EFUNES;12/3/2026;12/3/2026;30/3/2026;27/4/2026;C03;HUGO SANCHEZ S.A.;1;0;;1;5000170282;23/4/2026;2001;2;1;21/4/2026;LNASUTI;;8000089362;1;1;LNASUTI;23/4/2026;24/4/2026;14459;1 bulto 372 JD;JDICEVICUIS;24/4/2026;4900439373;1;AZAPANA;28/4/2026;24/4/2026;;;;;;;;;;;;;;;25;;23/4/2026;0004 ;EQUIPOS;0;0;-23;-29;2;0;0;;;;;;;;;;;;23;;;;29;GESTION ROSARIO;1;;;1;;1
0004 SERVICIO TECNICO PROYECTO;1000084406;40;ZPAN;OT 20013343 RESERVA;;0;;;;GBRAGAGNOLO;1054220;RETEN DE BANCADA DELANTERO;1;Materiales Stock;CUMPLIDO;MR01;1;9/3/2026;30/3/2026;marzo;10144909;40;1;9/3/2026;9/3/2026;C03;4500122346;40;2001;1;EFUNES;12/3/2026;12/3/2026;30/3/2026;27/4/2026;C03;HUGO SANCHEZ S.A.;1;0;;1;5000170282;23/4/2026;2001;3;1;21/4/2026;LNASUTI;;8000089362;1;1;LNASUTI;23/4/2026;24/4/2026;14459;1 bulto 372 JD;JDICEVICUIS;24/4/2026;4900439373;1;AZAPANA;28/4/2026;24/4/2026;;;;;;;;;;;;;;;25;;23/4/2026;0004 ;EQUIPOS;0;0;-23;-29;2;0;0;;;;;;;;;;;;23;;;;29;GESTION ROSARIO;1;;;1;;1
0004 SERVICIO TECNICO PROYECTO;1000084406;50;ZPAN;OT 20013343 RESERVA;;0;;;;GBRAGAGNOLO;1054221;RETEN DE BANCADA TRASERO;1;Materiales Stock;CUMPLIDO;MR01;1;9/3/2026;30/3/2026;marzo;10144909;50;1;9/3/2026;9/3/2026;C03;4500122346;50;2001;1;EFUNES;12/3/2026;12/3/2026;30/3/2026;27/4/2026;C03;HUGO SANCHEZ S.A.;1;0;;1;5000170282;23/4/2026;2001;4;1;21/4/2026;LNASUTI;;8000089362;1;1;LNASUTI;23/4/2026;24/4/2026;14459;1 bulto 372 JD;JDICEVICUIS;24/4/2026;4900439373;1;AZAPANA;28/4/2026;24/4/2026;;;;;;;;;;;;;;;25;;23/4/2026;0004 ;EQUIPOS;0;0;-23;-29;2;0;0;;;;;;;;;;;;23;;;;29;GESTION ROSARIO;1;;;1;;1
0004 SERVICIO TECNICO PROYECTO;1000084532;10;ZPAN;OT 20013356 RESERVA;;0;;;;GBRAGAGNOLO;1023189;INYECTOR;6;Materiales Stock;CUMPLIDO;MM01;1;10/3/2026;31/3/2026;marzo;10145070;10;1;10/3/2026;11/3/2026;C03;4500122910;10;MM08;1;RPEREZ;18/3/2026;20/3/2026;5/4/2026;14/4/2026;C03;FINNING ARGENTINA S.A.;6;0;;6;5000168135;8/4/2026;MM08;1;2;7/4/2026;LNASUTI;;8000088470;6;2;LBARTON;27/3/2026;9/4/2026;14109;1 341 CC;CCARRIL;28/3/2026;4900436892;6;ALAGOS;21/4/2026;21/4/2026;;;;;;;;;;;;;;;21;;12/4/2026;0004 ;EQUIPOS;0;0;-8;-15;1;-12;12;;;;;;;;;;;;8;;;;15;GESTION ROSARIO;;;;;;1
0004 SERVICIO TECNICO PROYECTO;1000084537;10;ZPAN;67037 - OT 20013358;;0;;;;FAGUERO;1046771;KIT DE SELLOS FRONTAL;1;Materiales Stock;CUMPLIDO;MR01;1;10/3/2026;31/3/2026;marzo;10145080;10;1;10/3/2026;11/3/2026;EFO;4500122444;20;377;1;GROSES;13/3/2026;13/3/2026;31/3/2026;29/4/2026;EFO;SALDAÑA CARLOS ALBERTO;1;0;;1;5000169032;14/4/2026;377;2;1;14/4/2026;LGALASI;;;0;0;;;;;;;;;0;;;;;;;;;;;;;;;;;;14;;14/4/2026;0004 ;OTRO;;;-15;-30;0;;;;;;;;;;;;;;;;;;;GESTION ROSARIO;;;;;;
0004 SERVICIO TECNICO PROYECTO;1000084540;10;ZPAN;67035 - OT 20013359;;0;;;;FAGUERO;1046771;KIT DE SELLOS FRONTAL;1;Materiales Stock;CUMPLIDO;MR01;1;10/3/2026;31/3/2026;marzo;10145083;10;1;10/3/2026;11/3/2026;EFO;4500122444;10;377;1;GROSES;13/3/2026;13/3/2026;31/3/2026;29/4/2026;EFO;SALDAÑA CARLOS ALBERTO;1;0;;1;5000169032;14/4/2026;377;1;1;14/4/2026;LGALASI;;;0;0;;;;;;;;;0;;;;;;;;;;;;;;;;;;14;;14/4/2026;0004 ;OTRO;;;-15;-30;0;;;;;;;;;;;;;;;;;;;GESTION ROSARIO;;;;;;
0004 SERVICIO TECNICO PROYECTO;1000084853;20;ZPAN;81206 - OT 20013412;;0;;;;FAGUERO;1054494;TUERCA M26X1.5;2;Materiales Stock;CUMPLIDO;MM01;1;14/3/2026;8/4/2026;abril;10145450;20;1;14/3/2026;16/3/2026;C03;4500123139;10;MM08;1;MFREIJOMIL;23/3/2026;23/3/2026;8/4/2026;20/4/2026;C03;AURELIA SACIYF;2;0;;2;5000169064;14/4/2026;MM08;1;1;14/4/2026;LBARTON;;8000088826;2;1;LBARTON;14/4/2026;14/4/2026;14306;BULTO 376 DEL SUR Y 1/2 AGUA;PAPPELLA;14/4/2026;4900435489;2;GQUIROGA;17/4/2026;14/4/2026;;;;;;;;;;;;;;;6;;19/4/2026;0004 ;OTRO;0;0;-7;-13;0;0;0;;;;;;;;;;;;;;;;;GESTION ROSARIO;;;;;;
0004 SERVICIO TECNICO PROYECTO;1000084873;10;ZPAN;OT 20013417;;0;;;;GBRAGAGNOLO;1050103;POLEA DE CIGUEÑAL;1;Materiales Stock;CUMPLIDO;MR01;1;16/3/2026;8/4/2026;abril;10145475;10;1;16/3/2026;16/3/2026;C43;4500122564;10;2001;1;EFUNES;16/3/2026;16/3/2026;8/4/2026;14/4/2026;C43;HUGO SANCHEZ S.A.;1;0;;1;5000170272;23/4/2026;2001;1;1;21/4/2026;LNASUTI;;8000089364;1;1;LNASUTI;23/4/2026;24/4/2026;14439;1 372 CC;CCARRIL;23/4/2026;4900442411;1;DBARBOZA;8/5/2026;24/4/2026;;;;;;;;;;;;;;;16;;23/4/2026;0004 ;EQUIPOS;0;0;-14;-7;2;0;1;;;;;;;;;;;;14;;;;7;GESTION ROSARIO;1;;;1;;1
0004 SERVICIO TECNICO PROYECTO;1000085098;10;ZPAN;OT 20013440;;0;;;;GBRAGAGNOLO;1054323;NUCLEO DEL RADIADOR;3;Materiales Stock;CUMPLIDO;MM01;1;18/3/2026;10/4/2026;abril;10145758;10;1;18/3/2026;18/3/2026;C03;4500122920;60;MM05;1;RPEREZ;18/3/2026;20/3/2026;22/4/2026;22/4/2026;C03;FINNING ARGENTINA S.A.;3;0;;3;5000169410;16/4/2026;2001;3;1;16/4/2026;AITURRIETA;;8000088980;3;1;AITURRIETA;16/4/2026;16/4/2026;;;;;4900435487;3;GQUIROGA;17/4/2026;16/4/2026;;;;;;;;;;;;;;;6;;16/4/2026;0004 ;EQUIPOS;0;0;-7;-13;0;0;;;;;;;;;;;;;7;;;;13;GESTION SAN JUAN;;;;;;1
0004 SERVICIO TECNICO PROYECTO;1000085121;10;ZPAN;OT 20013449 RESERVA;;0;;;;GBRAGAGNOLO;1054659;SOPORTE;1;Materiales Stock;CUMPLIDO;MR01;1;19/3/2026;13/4/2026;abril;10145781;50;1;19/3/2026;20/3/2026;EFO;4500123286;50;377;1;GROSES;25/3/2026;25/3/2026;13/4/2026;11/5/2026;EFO;FINNING ARGENTINA S.A.;1;0;;1;5000172016;7/5/2026;377;5;1;6/5/2026;LGALASI;;;0;0;;;;;;;;;0;;;;;;;;;;;;;;;;;;23;;6/5/2026;0004 ;OTRO;;;-24;-29;1;;;;;;;;;;;;;;;;;;;GESTION ROSARIO;;;;;;
0004 SERVICIO TECNICO PROYECTO;1000085121;20;ZPAN;OT 20013449 RESERVA;;0;;;;GBRAGAGNOLO;1054660;CONJUNTO DE EJE;1;Materiales Stock;CUMPLIDO;MR01;1;19/3/2026;13/4/2026;abril;10145781;40;1;19/3/2026;20/3/2026;EFO;4500123286;40;377;1;GROSES;25/3/2026;25/3/2026;13/4/2026;11/5/2026;EFO;FINNING ARGENTINA S.A.;1;0;;1;5000172016;7/5/2026;377;4;1;6/5/2026;LGALASI;;;0;0;;;;;;;;;0;;;;;;;;;;;;;;;;;;23;;6/5/2026;0004 ;OTRO;;;-24;-29;1;;;;;;;;;;;;;;;;;;;GESTION ROSARIO;;;;;;
0004 SERVICIO TECNICO PROYECTO;1000085121;30;ZPAN;OT 20013449 RESERVA;;0;;;;GBRAGAGNOLO;1054661;CONJUNTO VALVULA AGUA;1;Materiales Stock;CUMPLIDO;MR01;1;19/3/2026;13/4/2026;abril;10145781;30;1;19/3/2026;20/3/2026;EFO;4500123286;30;377;1;GROSES;25/3/2026;25/3/2026;13/4/2026;11/5/2026;EFO;FINNING ARGENTINA S.A.;1;0;;1;5000172016;7/5/2026;377;3;1;6/5/2026;LGALASI;;;0;0;;;;;;;;;0;;;;;;;;;;;;;;;;;;23;;6/5/2026;0004 ;OTRO;;;-24;-29;1;;;;;;;;;;;;;;;;;;;GESTION ROSARIO;;;;;;
0004 SERVICIO TECNICO PROYECTO;1000085121;40;ZPAN;OT 20013449 RESERVA;;0;;;;GBRAGAGNOLO;1054662;TORNILLO;4;Materiales Stock;CUMPLIDO;MR01;1;19/3/2026;13/4/2026;abril;10145781;20;1;19/3/2026;20/3/2026;EFO;4500123286;20;377;1;GROSES;25/3/2026;25/3/2026;13/4/2026;11/5/2026;EFO;FINNING ARGENTINA S.A.;4;0;;4;5000172016;7/5/2026;377;2;1;6/5/2026;LGALASI;;;0;0;;;;;;;;;0;;;;;;;;;;;;;;;;;;23;;6/5/2026;0004 ;OTRO;;;-24;-29;1;;;;;;;;;;;;;;;;;;;GESTION ROSARIO;;;;;;
0004 SERVICIO TECNICO PROYECTO;1000085121;50;ZPAN;OT 20013449 RESERVA;;0;;;;GBRAGAGNOLO;1047127;BROCHE;1;Materiales Stock;CUMPLIDO;MR01;1;19/3/2026;13/4/2026;abril;10145781;10;1;19/3/2026;20/3/2026;EFO;4500123286;10;377;1;GROSES;25/3/2026;25/3/2026;13/4/2026;11/5/2026;EFO;FINNING ARGENTINA S.A.;1;0;;1;5000172016;7/5/2026;377;1;1;6/5/2026;LGALASI;;;0;0;;;;;;;;;0;;;;;;;;;;;;;;;;;;23;;6/5/2026;0004 ;OTRO;;;-24;-29;1;;;;;;;;;;;;;;;;;;;GESTION ROSARIO;;;;;;
0004 SERVICIO TECNICO PROYECTO;1000085332;10;ZPAN;OT 20013476 RESERVA;;0;;;;GBRAGAGNOLO;1054746;DISCO FRENO;6;Materiales Stock;CUMPLIDO;MR01;1;23/3/2026;15/4/2026;abril;10146099;10;1;23/3/2026;25/3/2026;C03;4500123302;10;MR05;1;WVENTURINI;25/3/2026;26/3/2026;15/5/2026;15/5/2026;C03;ESCANDINAVIA DEL PLATA SA;6;0;;6;5000169991;21/4/2026;2001;1;1;20/4/2026;LNASUTI;;8000089182;6;1;LNASUTI;21/4/2026;21/4/2026;14401;TALLER 21/04;LNASUTI;21/4/2026;4900436931;6;CDAVID;22/4/2026;21/4/2026;;;;;;;;;;;;;;;6;;21/4/2026;0004 ;EQUIPOS;0;0;-6;-31;1;0;0;;;;;;;;;;;;6;;;;31;GESTION ROSARIO;;;;;;1
0004 SERVICIO TECNICO PROYECTO;1000085332;20;ZPAN;OT 20013476 RESERVA;;0;;;;GBRAGAGNOLO;1054747;DISCO FRICCION;6;Materiales Stock;CUMPLIDO;MR01;1;23/3/2026;15/4/2026;abril;10146099;20;1;23/3/2026;25/3/2026;C03;4500123302;20;MR05;1;WVENTURINI;25/3/2026;26/3/2026;15/4/2026;15/4/2026;C03;ESCANDINAVIA DEL PLATA SA;6;0;;6;5000169991;21/4/2026;2001;2;1;20/4/2026;LNASUTI;;8000089182;6;1;LNASUTI;21/4/2026;21/4/2026;14401;TALLER 21/04;LNASUTI;21/4/2026;4900436931;6;CDAVID;22/4/2026;21/4/2026;;;;;;;;;;;;;;;6;;21/4/2026;0004 ;EQUIPOS;0;0;-6;-1;1;0;0;;;;;;;;;;;;6;;;;1;GESTION ROSARIO;;;;;;1
0004 SERVICIO TECNICO PROYECTO;1000085332;30;ZPAN;OT 20013476 RESERVA;;0;;;;GBRAGAGNOLO;1054748;RESORTE FRENO;15;Materiales Stock;CUMPLIDO;MR01;1;23/3/2026;15/4/2026;abril;10146099;30;1;23/3/2026;25/3/2026;C03;4500123302;30;MR05;1;WVENTURINI;25/3/2026;26/3/2026;15/5/2026;15/5/2026;C03;ESCANDINAVIA DEL PLATA SA;15;0;;15;5000169991;21/4/2026;2001;3;1;20/4/2026;LNASUTI;;8000089182;15;1;LNASUTI;21/4/2026;21/4/2026;14401;TALLER 21/04;LNASUTI;21/4/2026;4900436931;15;CDAVID;22/4/2026;21/4/2026;;;;;;;;;;;;;;;6;;21/4/2026;0004 ;EQUIPOS;0;0;-6;-31;1;0;0;;;;;;;;;;;;6;;;;31;GESTION ROSARIO;;;;;;1
0004 SERVICIO TECNICO PROYECTO;1000085388;10;ZPAN;OT 20013481 RESERVA;;0;;;;GBRAGAGNOLO;1035310;KIT REPARACION DE ASIENTO;1;Materiales Stock;CUMPLIDO;MM01;1;25/3/2026;16/4/2026;abril;10146156;10;1;25/3/2026;25/3/2026;C03;4500123863;10;2001;1;WVENTURINI;31/3/2026;31/3/2026;30/4/2026;30/4/2026;C03;IGARRETA MAQUINAS S.A.;1;0;;1;5000170429;24/4/2026;2001;1;1;20/4/2026;AITURRIETA;;8000089436;1;1;AITURRIETA;24/4/2026;24/4/2026;;;;;4900438758;1;GQUIROGA;27/4/2026;24/4/2026;;;;;;;;;;;;;;;8;;24/4/2026;0004 ;EQUIPOS;0;0;-5;-15;4;0;;;;;;;;;;;;;5;;;;15;GESTION SAN JUAN;;3;;1;;1
0004 SERVICIO TECNICO PROYECTO;1000085442;10;ZPAN;ot 20013498 reserva;;0;;;;GBRAGAGNOLO;1054804;PERNO;5;Materiales Stock;CUMPLIDO;MM01;1;25/3/2026;16/4/2026;abril;10146258;10;1;25/3/2026;25/3/2026;C03;4500124462;40;2001;1;RPEREZ;8/4/2026;9/4/2026;16/4/2026;5/5/2026;C03;FINNING ARGENTINA S.A.;5;0;;5;5000170436;24/4/2026;2001;2;1;21/4/2026;AITURRIETA;;8000089433;5;1;AITURRIETA;24/4/2026;24/4/2026;;;;;4900439290;5;GQUIROGA;28/4/2026;24/4/2026;;;;;;;;;;;;;;;8;;24/4/2026;0004 ;EQUIPOS;0;0;-6;-20;3;0;;;;;;;;;;;;;6;;;;20;GESTION SAN JUAN;;2;;1;;1
0004 SERVICIO TECNICO PROYECTO;1000085450;10;ZPAN;INT 67042 OT 2001350;;0;;;;GGUEVARA;1050023;RETEN DE BANCADA;1;Materiales Stock;CUMPLIDO;MR01;1;25/3/2026;16/4/2026;abril;10146263;10;1;25/3/2026;25/3/2026;C43;4500123481;10;372;1;EFUNES;26/3/2026;26/3/2026;12/4/2026;12/5/2026;C43;SULLAIR ARGENTINA S.A;1;0;;1;5000173468;18/5/2026;4403;1;1;18/5/2026;AZAPANA;;;0;0;;;;;;;;;0;;;;;;;;;;;;;;;;;;32;;18/5/2026;0004 ;EQUIPOS;;;-33;-27;0;;;;;;;;;;;;;;33;;;;27;GESTION ROSARIO;;;;;;1
0004 SERVICIO TECNICO PROYECTO;1000085686;10;ZPAN;87088 - OT 20013539;;0;;;;FAGUERO;1029534;MANGUERA DE MARIPOSA;2;Materiales Stock;CUMPLIDO;MR01;1;28/3/2026;21/4/2026;abril;10146524;10;1;28/3/2026;30/3/2026;EFO;4500124012;10;377;1;GROSES;1/4/2026;1/4/2026;21/4/2026;21/4/2026;EFO;GRUPO RP AICHI S.A.S.;2;0;;2;5000172278;8/5/2026;377;1;1;8/5/2026;GROSES;;;0;0;;;;;;;;;0;;;;;;;;;;;;;;;;;;17;;8/5/2026;0004 ;OTRO;;;-18;-1;0;;;;;;;;;;;;;;;;;;;GESTION ROSARIO;;;;;;
0004 SERVICIO TECNICO PROYECTO;1000085686;20;ZPAN;87088 - OT 20013539;;0;;;;FAGUERO;1029533;MANGUERA INTERCOOLER;2;Materiales Stock;CUMPLIDO;MR01;1;28/3/2026;21/4/2026;abril;10146524;20;1;28/3/2026;30/3/2026;EFO;4500124012;20;377;1;GROSES;1/4/2026;1/4/2026;21/4/2026;21/4/2026;EFO;GRUPO RP AICHI S.A.S.;2;0;;2;5000172278;8/5/2026;377;2;1;8/5/2026;GROSES;;;0;0;;;;;;;;;0;;;;;;;;;;;;;;;;;;17;;8/5/2026;0004 ;OTRO;;;-18;-1;0;;;;;;;;;;;;;;;;;;;GESTION ROSARIO;;;;;;
0004 SERVICIO TECNICO PROYECTO;1000085767;10;ZPAN;OT 20013552 RESERVA;;0;;;;GBRAGAGNOLO;1041878;SILENCIADOR DE ESCAPE;1;Materiales Stock;CUMPLIDO;MM01;1;30/3/2026;21/4/2026;abril;10146625;50;1;30/3/2026;30/3/2026;C03;4500124372;50;2001;1;RPEREZ;7/4/2026;7/4/2026;21/4/2026;28/4/2026;C03;DIESEL LANGE S.R.L;1;0;;1;5000170450;24/4/2026;2001;3;1;23/4/2026;AITURRIETA;;8000089467;1;1;AITURRIETA;24/4/2026;24/4/2026;;;;;4900439296;1;GQUIROGA;28/4/2026;24/4/2026;;;;;;;;;;;;;;;3;;24/4/2026;0004 ;EQUIPOS;0;0;-3;-8;1;0;;;;;;;;;;;;;3;;;;8;GESTION SAN JUAN;;;;;;1
0004 SERVICIO TECNICO PROYECTO;1000085767;20;ZPAN;OT 20013552 RESERVA;;0;;;;GBRAGAGNOLO;1054994;ARANDELA DE AGUJERO REDONDO;4;Materiales Stock;CUMPLIDO;MM01;1;30/3/2026;21/4/2026;abril;10146625;10;1;30/3/2026;30/3/2026;C03;4500124372;10;2001;1;RPEREZ;7/4/2026;7/4/2026;21/4/2026;28/4/2026;C03;DIESEL LANGE S.R.L;4;0;;4;5000170450;24/4/2026;2001;1;1;23/4/2026;AITURRIETA;;8000089425;4;1;AITURRIETA;24/4/2026;24/4/2026;;;;;4900439293;4;GQUIROGA;28/4/2026;24/4/2026;;;;;;;;;;;;;;;3;;24/4/2026;0004 ;EQUIPOS;0;0;-3;-8;1;0;;;;;;;;;;;;;3;;;;8;GESTION SAN JUAN;;;;;;1
0004 SERVICIO TECNICO PROYECTO;1000085767;30;ZPAN;OT 20013552 RESERVA;;0;;;;GBRAGAGNOLO;1054995;EXTENSION DEL SILENCIADOR;1;Materiales Stock;CUMPLIDO;MM01;1;30/3/2026;21/4/2026;abril;10146625;20;1;30/3/2026;30/3/2026;C03;4500124372;20;2001;1;RPEREZ;7/4/2026;7/4/2026;;30/4/2026;C03;DIESEL LANGE S.R.L;1;0;;1;5000171940;6/5/2026;2001;1;1;5/5/2026;AITURRIETA;;8000090167;1;1;AITURRIETA;8/5/2026;8/5/2026;;;;;4900443552;1;MMORALES;12/5/2026;8/5/2026;;;;;;;;;;;;;;;17;;6/5/2026;0004 ;EQUIPOS;0;0;-15;-10;1;2;;;;;;;;;;;;;15;;;;10;GESTION SAN JUAN;;;;;;1
0004 SERVICIO TECNICO PROYECTO;1000085767;50;ZPAN;OT 20013552 RESERVA;;0;;;;GBRAGAGNOLO;1054997;TORNILLO HEXAGONAL CON BRIDA M10X30;4;Materiales Stock;CUMPLIDO;MM01;1;30/3/2026;21/4/2026;abril;10146625;40;1;30/3/2026;30/3/2026;C03;4500124372;40;2001;1;RPEREZ;7/4/2026;7/4/2026;21/4/2026;28/4/2026;C03;DIESEL LANGE S.R.L;4;0;;4;5000170450;24/4/2026;2001;2;1;23/4/2026;AITURRIETA;;8000089425;4;1;AITURRIETA;24/4/2026;24/4/2026;;;;;4900439293;4;GQUIROGA;28/4/2026;24/4/2026;;;;;;;;;;;;;;;3;;24/4/2026;0004 ;EQUIPOS;0;0;-3;-8;1;0;;;;;;;;;;;;;3;;;;8;GESTION SAN JUAN;;;;;;1
0004 SERVICIO TECNICO PROYECTO;1000085890;40;ZPAN;OT 20013567 RESERVA;;0;;;;GBRAGAGNOLO;1049275;ROTULA;2;Materiales Stock;CUMPLIDO;MR01;1;1/4/2026;23/4/2026;abril;10146805;40;1;1/4/2026;1/4/2026;C03;4500124716;40;2001;1;EFUNES;10/4/2026;10/4/2026;23/4/2026;8/5/2026;C03;ELEVA MUNDO S.R.L.;2;0;;2;5000170897;28/4/2026;2001;1;1;27/4/2026;LNASUTI;;8000089606;2;1;LNASUTI;28/4/2026;28/4/2026;14505;3 BULTO 365 CC;CCARRIL;28/4/2026;4900441117;2;JBASSANI;5/5/2026;28/4/2026;;;;;;;;;;;;;;;5;;28/4/2026;0004 ;EQUIPOS;0;0;-5;-16;1;0;0;;;;;;;;;;;;5;;;;16;GESTION ROSARIO;;;;;;1
0004 SERVICIO TECNICO PROYECTO;1000086183;30;ZPAN;ROPA PERSONAL;;0;;;;GGUEVARA;1011718;CAMPERA NEGRA NEOPRENE C LOGO T XL;1;Materiales usuales;CUMPLIDO;MM01;1;8/4/2026;28/4/2026;abril;10147127;30;1;8/4/2026;8/4/2026;C28;4500124906;30;2001;1;GJULIANI;14/4/2026;14/4/2026;28/4/2026;28/4/2026;C28;PIZARRO FLAVIA SUSANA;1;0;;1;5000174621;28/5/2026;2001;2;3;28/5/2026;AITURRIETA;;8000091296;1;1;AITURRIETA;28/5/2026;28/5/2026;;;;;4900449247;1;GQUIROGA;28/5/2026;28/5/2026;;;;;;;;;;;;;;;30;;28/5/2026;0004 ;SEDE;0;0;-31;-1;0;0;;;;;;;;31;;;;1;;;;;;GESTION SAN JUAN;;;;;1;
0004 SERVICIO TECNICO PROYECTO;1000086183;40;ZPAN;ROPA PERSONAL;;0;;;;GGUEVARA;1049598;CAMPERA NEGRA NEOPRENE MUJER C/ LOGO T M;1;Materiales usuales;CUMPLIDO;MM01;1;8/4/2026;28/4/2026;abril;10147127;40;1;8/4/2026;8/4/2026;C28;4500124906;40;2001;1;GJULIANI;14/4/2026;14/4/2026;28/4/2026;28/4/2026;C28;PIZARRO FLAVIA SUSANA;1;0;;1;5000174621;28/5/2026;2001;3;3;28/5/2026;AITURRIETA;;8000091296;1;1;AITURRIETA;28/5/2026;28/5/2026;;;;;4900449247;1;GQUIROGA;28/5/2026;28/5/2026;;;;;;;;;;;;;;;30;;28/5/2026;0004 ;SEDE;0;0;-31;-1;0;0;;;;;;;;31;;;;1;;;;;;GESTION SAN JUAN;;;;;1;
0004 SERVICIO TECNICO PROYECTO;1000087048;10;ZPAN;OT 20013658 RESERVA;;0;;;;GBRAGAGNOLO;1026891;BOMBA DE AGUA;1;Materiales Stock;CUMPLIDO;MM01;1;22/4/2026;13/5/2026;mayo;10148293;10;1;22/4/2026;22/4/2026;EFO;4500125771;10;MM05;1;EFUNES;22/4/2026;22/4/2026;13/5/2026;2/6/2026;C43;SAKURA MOTORS S. A.;1;0;;1;5000174458;27/5/2026;MM05;1;1;27/5/2026;AITURRIETA;;8000091289;1;1;AITURRIETA;28/5/2026;28/5/2026;;;;;4900449214;1;GQUIROGA;28/5/2026;28/5/2026;;;;;;;;;;;;;;;15;;28/5/2026;0004 ;EQUIPOS;0;0;-15;-21;0;1;;;;;;;;;;;;;15;;;;21;GESTION SAN JUAN;;;;;;1
0004 SERVICIO TECNICO PROYECTO;1000087227;810;ZPAN;OT: 20013718 - INT:;;0;;;;MADAMOSI;1055734;CONJUNTO DE CAJA;1;Materiales Stock;CUMPLIDO;MM01;1;24/4/2026;15/5/2026;mayo;10148569;810;1;29/4/2026;29/4/2026;C03;4500126559;10;26;1;RPEREZ;30/4/2026;30/4/2026;30/5/2026;20/6/2026;C03;FINNING ARGENTINA S.A.;1;0;;1;5000173639;19/5/2026;26;1;3;19/5/2026;PBENITEZ;;;0;0;;;;;;;;;0;;;;;;;;;;;;;;;;;;4;;19/5/2026;0004 ;EQUIPOS;;;-5;-37;0;;;;;;;;;;;;;;5;;;;37;GESTION SAN JUAN;;;;;;1
0004 SERVICIO TECNICO PROYECTO;1000087227;860;ZPAN;OT: 20013718 - INT:;;0;;;;MADAMOSI;1035924;SELLO ANULAR;1;Materiales Stock;CUMPLIDO;MM01;1;24/4/2026;15/5/2026;mayo;10148569;860;1;29/4/2026;29/4/2026;C03;4500126559;60;26;1;RPEREZ;30/4/2026;30/4/2026;30/5/2026;20/6/2026;C03;FINNING ARGENTINA S.A.;1;0;;1;5000173972;21/5/2026;26;1;3;21/5/2026;PBENITEZ;;;0;0;;;;;;;;;0;;;;;;;;;;;;;;;;;;6;;21/5/2026;0004 ;EQUIPOS;;;-7;-37;0;;;;;;;;;;;;;;7;;;;37;GESTION SAN JUAN;;;;;;1
0004 SERVICIO TECNICO PROYECTO;1000087227;870;ZPAN;OT: 20013718 - INT:;;0;;;;MADAMOSI;1035923;SELLO ANULAR;1;Materiales Stock;CUMPLIDO;MM01;1;24/4/2026;15/5/2026;mayo;10148569;870;1;29/4/2026;29/4/2026;C03;4500126559;70;26;1;RPEREZ;30/4/2026;30/4/2026;30/5/2026;20/6/2026;C03;FINNING ARGENTINA S.A.;1;0;;1;5000173972;21/5/2026;26;2;3;21/5/2026;PBENITEZ;;;0;0;;;;;;;;;0;;;;;;;;;;;;;;;;;;6;;21/5/2026;0004 ;EQUIPOS;;;-7;-37;0;;;;;;;;;;;;;;7;;;;37;GESTION SAN JUAN;;;;;;1
0004 SERVICIO TECNICO PROYECTO;1000087227;880;ZPAN;OT: 20013718 - INT:;;0;;;;MADAMOSI;1055735;TAPON DE DRENAJE;1;Materiales Stock;CUMPLIDO;MM01;1;24/4/2026;15/5/2026;mayo;10148569;880;1;29/4/2026;29/4/2026;C03;4500126559;80;26;1;RPEREZ;30/4/2026;30/4/2026;30/5/2026;20/6/2026;C03;FINNING ARGENTINA S.A.;1;0;;1;5000173912;21/5/2026;26;1;3;21/5/2026;PBENITEZ;;;0;0;;;;;;;;;0;;;;;;;;;;;;;;;;;;6;;21/5/2026;0004 ;EQUIPOS;;;-7;-37;0;;;;;;;;;;;;;;7;;;;37;GESTION SAN JUAN;;;;;;1
0004 SERVICIO TECNICO PROYECTO;1000087227;910;ZPAN;OT: 20013718 - INT:;;0;;;;MADAMOSI;1035931;SELLO ANULAR;1;Materiales Stock;CUMPLIDO;MM01;1;24/4/2026;15/5/2026;mayo;10148569;910;1;29/4/2026;29/4/2026;C03;4500126559;110;26;1;RPEREZ;30/4/2026;30/4/2026;30/5/2026;20/6/2026;C03;FINNING ARGENTINA S.A.;1;0;;1;5000173972;21/5/2026;26;3;3;21/5/2026;PBENITEZ;;;0;0;;;;;;;;;0;;;;;;;;;;;;;;;;;;6;;21/5/2026;0004 ;EQUIPOS;;;-7;-37;0;;;;;;;;;;;;;;7;;;;37;GESTION SAN JUAN;;;;;;1
0004 SERVICIO TECNICO PROYECTO;1000087227;1000;ZPAN;OT: 20013718 - INT:;;0;;;;MADAMOSI;1035920;ANILLO DE RETENCION EXTERNO;2;Materiales Stock;CUMPLIDO;MM01;1;24/4/2026;15/5/2026;mayo;10148569;1000;1;29/4/2026;29/4/2026;C03;4500126559;200;26;1;RPEREZ;30/4/2026;30/4/2026;30/5/2026;20/6/2026;C03;FINNING ARGENTINA S.A.;2;0;;2;5000173909;21/5/2026;26;1;4;21/5/2026;PBENITEZ;;;0;0;;;;;;;;;0;;;;;;;;;;;;;;;;;;6;;21/5/2026;0004 ;EQUIPOS;;;-7;-37;0;;;;;;;;;;;;;;7;;;;37;GESTION SAN JUAN;;;;;;1
0004 SERVICIO TECNICO PROYECTO;1000087227;1010;ZPAN;OT: 20013718 - INT:;;0;;;;MADAMOSI;1035930;CUÑA;3;Materiales Stock;CUMPLIDO;MM01;1;24/4/2026;15/5/2026;mayo;10148569;1010;1;29/4/2026;29/4/2026;C03;4500126559;210;26;1;RPEREZ;30/4/2026;30/4/2026;30/5/2026;20/6/2026;C03;FINNING ARGENTINA S.A.;3;0;;3;5000173909;21/5/2026;26;2;3;21/5/2026;PBENITEZ;;;0;0;;;;;;;;;0;;;;;;;;;;;;;;;;;;6;;21/5/2026;0004 ;EQUIPOS;;;-7;-37;0;;;;;;;;;;;;;;7;;;;37;GESTION SAN JUAN;;;;;;1
0004 SERVICIO TECNICO PROYECTO;1000087227;1050;ZPAN;OT: 20013718 - INT:;;0;;;;MADAMOSI;1035906;RODILLO;13;Materiales Stock;CUMPLIDO;MM01;1;24/4/2026;15/5/2026;mayo;10148569;1050;1;29/4/2026;29/4/2026;C03;4500126559;250;26;1;RPEREZ;30/4/2026;30/4/2026;30/5/2026;20/6/2026;C03;FINNING ARGENTINA S.A.;13;0;;13;5000173978;21/5/2026;26;1;5;21/5/2026;PBENITEZ;;;0;0;;;;;;;;;0;;;;;;;;;;;;;;;;;;6;;21/5/2026;0004 ;EQUIPOS;;;-7;-37;0;;;;;;;;;;;;;;7;;;;37;GESTION SAN JUAN;;;;;;1
0004 SERVICIO TECNICO PROYECTO;1000087227;1160;ZPAN;OT: 20013718 - INT:;;0;;;;MADAMOSI;1035917;RODAMIENTO;1;Materiales Stock;CUMPLIDO;MM01;1;24/4/2026;15/5/2026;mayo;10148569;1160;1;29/4/2026;29/4/2026;C03;4500126559;360;26;1;RPEREZ;30/4/2026;30/4/2026;30/5/2026;20/6/2026;C03;FINNING ARGENTINA S.A.;1;0;;1;5000173972;21/5/2026;26;4;3;21/5/2026;PBENITEZ;;;0;0;;;;;;;;;0;;;;;;;;;;;;;;;;;;6;;21/5/2026;0004 ;EQUIPOS;;;-7;-37;0;;;;;;;;;;;;;;7;;;;37;GESTION SAN JUAN;;;;;;1
0004 SERVICIO TECNICO PROYECTO;1000087227;1230;ZPAN;OT: 20013718 - INT:;;0;;;;MADAMOSI;1055739;GRUPO DE VALVULA;1;Materiales Stock;CUMPLIDO;MM01;1;24/4/2026;15/5/2026;mayo;10148569;1230;1;29/4/2026;29/4/2026;C03;4500126559;430;26;1;RPEREZ;30/4/2026;30/4/2026;30/5/2026;8/8/2026;C03;FINNING ARGENTINA S.A.;1;0;;1;5000174355;26/5/2026;26;1;3;26/5/2026;PBENITEZ;;;0;0;;;;;;;;;0;;;;;;;;;;;;;;;;;;11;;26/5/2026;0004 ;EQUIPOS;;;-12;-86;0;;;;;;;;;;;;;;12;;;;86;GESTION SAN JUAN;;;;;;1
0004 SERVICIO TECNICO PROYECTO;1000087227;1280;ZPAN;OT: 20013718 - INT:;;0;;;;MADAMOSI;1035908;RODAMIENTO;1;Materiales Stock;CUMPLIDO;MM01;1;24/4/2026;15/5/2026;mayo;10148569;1280;1;29/4/2026;29/4/2026;C03;4500126559;480;26;1;RPEREZ;30/4/2026;30/4/2026;30/5/2026;29/7/2026;C03;FINNING ARGENTINA S.A.;1;0;;1;5000173972;21/5/2026;26;5;3;21/5/2026;PBENITEZ;;;0;0;;;;;;;;;0;;;;;;;;;;;;;;;;;;6;;21/5/2026;0004 ;EQUIPOS;;;-7;-76;0;;;;;;;;;;;;;;7;;;;76;GESTION SAN JUAN;;;;;;1
0004 SERVICIO TECNICO PROYECTO;1000087227;1360;ZPAN;OT: 20013718 - INT:;;0;;;;MADAMOSI;1055741;GRUPO VALVULA;1;Materiales Stock;CUMPLIDO;MM01;1;24/4/2026;15/5/2026;mayo;10148569;1360;1;29/4/2026;29/4/2026;C03;4500126559;560;26;1;RPEREZ;30/4/2026;30/4/2026;30/5/2026;29/7/2026;C03;FINNING ARGENTINA S.A.;1;0;;1;5000173972;21/5/2026;26;6;3;21/5/2026;PBENITEZ;;;0;0;;;;;;;;;0;;;;;;;;;;;;;;;;;;6;;21/5/2026;0004 ;EQUIPOS;;;-7;-76;0;;;;;;;;;;;;;;7;;;;76;GESTION SAN JUAN;;;;;;1
0004 SERVICIO TECNICO PROYECTO;1000087227;1370;ZPAN;OT: 20013718 - INT:;;0;;;;MADAMOSI;1035945;REJILLA;1;Materiales Stock;CUMPLIDO;MM01;1;24/4/2026;15/5/2026;mayo;10148569;1370;1;29/4/2026;29/4/2026;C03;4500126559;570;26;1;RPEREZ;30/4/2026;30/4/2026;30/5/2026;29/7/2026;C03;FINNING ARGENTINA S.A.;1;0;;1;5000173972;21/5/2026;26;7;3;21/5/2026;PBENITEZ;;;0;0;;;;;;;;;0;;;;;;;;;;;;;;;;;;6;;21/5/2026;0004 ;EQUIPOS;;;-7;-76;0;;;;;;;;;;;;;;7;;;;76;GESTION SAN JUAN;;;;;;1
0004 SERVICIO TECNICO PROYECTO;1000087227;1460;ZPAN;OT: 20013718 - INT:;;0;;;;MADAMOSI;1028864;SELLO ANULAR;1;Materiales Stock;CUMPLIDO;MM01;1;24/4/2026;15/5/2026;mayo;10148569;1440;1;12/5/2026;12/5/2026;C03;4500127525;40;26;1;RPEREZ;13/5/2026;14/5/2026;10/6/2026;10/6/2026;C03;FINNING ARGENTINA S.A.;1;0;;1;5000173706;20/5/2026;26;1;1;20/5/2026;PBENITEZ;;;0;0;;;;;;;;;0;;;;;;;;;;;;;;;;;;5;;20/5/2026;0004 ;EQUIPOS;;;-6;-27;0;;;;;;;;;;;;;;6;;;;27;GESTION SAN JUAN;;;;;;1
0004 SERVICIO TECNICO PROYECTO;1000087227;1480;ZPAN;OT: 20013718 - INT:;;0;;;;MADAMOSI;1028859;CORREA PARA CABLES;7;Materiales Stock;CUMPLIDO;MM01;1;24/4/2026;15/5/2026;mayo;10148569;1460;1;12/5/2026;12/5/2026;C03;4500127525;60;26;1;RPEREZ;13/5/2026;14/5/2026;10/6/2026;10/6/2026;C03;FINNING ARGENTINA S.A.;7;0;;7;5000173706;20/5/2026;26;2;1;20/5/2026;PBENITEZ;;;0;0;;;;;;;;;0;;;;;;;;;;;;;;;;;;5;;20/5/2026;0004 ;EQUIPOS;;;-6;-27;0;;;;;;;;;;;;;;6;;;;27;GESTION SAN JUAN;;;;;;1
0004 SERVICIO TECNICO PROYECTO;1000087227;1490;ZPAN;OT: 20013718 - INT:;;0;;;;MADAMOSI;1028913;PASADOR DE RESORTE;15;Materiales Stock;CUMPLIDO;MM01;1;24/4/2026;15/5/2026;mayo;10148569;1470;1;12/5/2026;12/5/2026;C03;4500127525;70;26;1;RPEREZ;13/5/2026;14/5/2026;10/6/2026;10/6/2026;C03;FINNING ARGENTINA S.A.;15;0;;15;5000173706;20/5/2026;26;3;1;20/5/2026;PBENITEZ;;;0;0;;;;;;;;;0;;;;;;;;;;;;;;;;;;5;;20/5/2026;0004 ;EQUIPOS;;;-6;-27;0;;;;;;;;;;;;;;6;;;;27;GESTION SAN JUAN;;;;;;1
0004 SERVICIO TECNICO PROYECTO;1000087227;1500;ZPAN;OT: 20013718 - INT:;;0;;;;MADAMOSI;1034090;O'RING;11;Materiales Stock;CUMPLIDO;MM01;1;24/4/2026;15/5/2026;mayo;10148569;1480;1;12/5/2026;12/5/2026;C03;4500127525;80;26;1;RPEREZ;13/5/2026;14/5/2026;10/6/2026;10/6/2026;C03;FINNING ARGENTINA S.A.;11;0;;11;5000173706;20/5/2026;26;4;1;20/5/2026;PBENITEZ;;;0;0;;;;;;;;;0;;;;;;;;;;;;;;;;;;5;;20/5/2026;0004 ;EQUIPOS;;;-6;-27;0;;;;;;;;;;;;;;6;;;;27;GESTION SAN JUAN;;;;;;1
0004 SERVICIO TECNICO PROYECTO;1000087227;1510;ZPAN;OT: 20013718 - INT:;;0;;;;MADAMOSI;1028879;RESORTE;20;Materiales Stock;CUMPLIDO;MM01;1;24/4/2026;15/5/2026;mayo;10148569;1490;1;12/5/2026;12/5/2026;C03;4500127525;90;26;1;RPEREZ;13/5/2026;14/5/2026;10/6/2026;10/6/2026;C03;FINNING ARGENTINA S.A.;20;0;;20;5000173706;20/5/2026;26;5;1;20/5/2026;PBENITEZ;;;0;0;;;;;;;;;0;;;;;;;;;;;;;;;;;;5;;20/5/2026;0004 ;EQUIPOS;;;-6;-27;0;;;;;;;;;;;;;;6;;;;27;GESTION SAN JUAN;;;;;;1
0004 SERVICIO TECNICO PROYECTO;1000087227;1530;ZPAN;OT: 20013718 - INT:;;0;;;;MADAMOSI;1035871;SELLO ANULAR;4;Materiales Stock;CUMPLIDO;MM01;1;24/4/2026;15/5/2026;mayo;10148569;1510;1;12/5/2026;12/5/2026;C03;4500127525;110;26;1;RPEREZ;13/5/2026;14/5/2026;10/6/2026;10/6/2026;C03;FINNING ARGENTINA S.A.;4;0;;4;5000173706;20/5/2026;26;6;1;20/5/2026;PBENITEZ;;;0;0;;;;;;;;;0;;;;;;;;;;;;;;;;;;5;;20/5/2026;0004 ;EQUIPOS;;;-6;-27;0;;;;;;;;;;;;;;6;;;;27;GESTION SAN JUAN;;;;;;1
0004 SERVICIO TECNICO PROYECTO;1000087599;10;ZPAN;RESERVA 84924 OT2001;;0;;;;CMARCOVICH;1023089;FORZADOR A/A;1;Materiales Stock;CUMPLIDO;MR01;1;30/4/2026;21/5/2026;mayo;10149011;10;1;30/4/2026;30/4/2026;EFO;4500127091;10;377;1;GROSES;8/5/2026;8/5/2026;21/5/2026;21/5/2026;EFO;SALDAÑA CARLOS ALBERTO;1;0;;1;5000175056;1/5/2026;377;1;1;1/6/2026;GROSES;;;0;0;;;;;;;;;0;;;;;;;;;;;;;;;;;;11;;1/6/2026;0004 ;OTRO;;;-12;-1;-31;;;;;;;;;;;;;;;;;;;GESTION ROSARIO;;;;;;
00005 TALLER;1000079522;10;ZPAN;78115 - OT 20012567;;0;;;;HCABELLO;1015947;"NIPLE GALV. 3"" X 150 MM";1;Materiales genericos;CUMPLIDO;MM01;1;12/12/2025;5/1/2026;enero;10138175;10;1;12/12/2025;13/12/2025;EFO;4500115659;10;MM05;1;GROSES;18/12/2025;18/12/2025;5/1/2026;5/1/2026;EFO;GENEBRE DE ARGENTINA S.A.;1;0;0;1;5000159693;24/1/2026;MM05;1;1;24/1/2026;GQUIROGA;;8000084081;1;1;GQUIROGA;24/1/2026;24/1/2026;;;;;4900406075;1;GQUIROGA;24/1/2026;24/1/2026;;;;;;;;;;;;;;;19;;24/1/2026;00005;OTRO;0;0;-20;-1;0;0;;;;;;;;;;;;;;;;;;GESTION SAN JUAN;;;;;;
00005 TALLER;1000079522;20;ZPAN;78115 - OT 20012567;;0;;;;HCABELLO;1015947;"NIPLE GALV. 3"" X 300 MM";1;Materiales genericos;CUMPLIDO;MM01;1;12/12/2025;5/1/2026;enero;10138175;20;1;12/12/2025;13/12/2025;EFO;4500115659;20;MM05;1;GROSES;18/12/2025;18/12/2025;5/1/2026;5/1/2026;EFO;GENEBRE DE ARGENTINA S.A.;1;0;0;1;5000159693;24/1/2026;MM05;2;1;24/1/2026;GQUIROGA;;8000084081;1;1;GQUIROGA;24/1/2026;24/1/2026;;;;;4900406075;1;GQUIROGA;24/1/2026;24/1/2026;;;;;;;;;;;;;;;19;;24/1/2026;00005;OTRO;0;0;-20;-1;0;0;;;;;;;;;;;;;;;;;;GESTION SAN JUAN;;;;;;
00005 TALLER;1000079522;30;ZPAN;78115 - OT 20012567;;0;;;;HCABELLO;1015947;"ROSCA CON TUERCA GALV. 3""";1;Materiales genericos;CUMPLIDO;MM01;1;12/12/2025;5/1/2026;enero;10138175;30;1;12/12/2025;13/12/2025;EFO;4500115659;30;MM05;1;GROSES;18/12/2025;18/12/2025;5/1/2026;5/1/2026;EFO;GENEBRE DE ARGENTINA S.A.;1;0;0;1;5000159693;24/1/2026;MM05;3;1;24/1/2026;GQUIROGA;;8000084081;1;1;GQUIROGA;24/1/2026;24/1/2026;;;;;4900406075;1;GQUIROGA;24/1/2026;24/1/2026;;;;;;;;;;;;;;;19;;24/1/2026;00005;OTRO;0;0;-20;-1;0;0;;;;;;;;;;;;;;;;;;GESTION SAN JUAN;;;;;;
00005 TALLER;1000079522;40;ZPAN;78115 - OT 20012567;;0;;;;HCABELLO;1015947;"CURVA MH A 45° GALV. 3""";1;Materiales genericos;CUMPLIDO;MM01;1;12/12/2025;5/1/2026;enero;10138175;40;1;12/12/2025;13/12/2025;EFO;4500115659;40;MM05;1;GROSES;18/12/2025;18/12/2025;5/1/2026;5/1/2026;EFO;GENEBRE DE ARGENTINA S.A.;1;0;0;1;5000159693;24/1/2026;MM05;4;1;24/1/2026;GQUIROGA;;8000084081;1;1;GQUIROGA;24/1/2026;24/1/2026;;;;;4900406075;1;GQUIROGA;24/1/2026;24/1/2026;;;;;;;;;;;;;;;19;;24/1/2026;00005;OTRO;0;0;-20;-1;0;0;;;;;;;;;;;;;;;;;;GESTION SAN JUAN;;;;;;
00005 TALLER;1000079522;50;ZPAN;78115 - OT 20012567;;0;;;;HCABELLO;1015947;"VALV. ESF. LATON P.T. 3""";1;Materiales genericos;CUMPLIDO;MM01;1;12/12/2025;5/1/2026;enero;10138175;50;1;12/12/2025;13/12/2025;EFO;4500115659;50;MM05;1;GROSES;18/12/2025;18/12/2025;5/1/2026;5/1/2026;EFO;GENEBRE DE ARGENTINA S.A.;1;0;0;1;5000159693;24/1/2026;MM05;5;1;24/1/2026;GQUIROGA;;8000084081;1;1;GQUIROGA;24/1/2026;24/1/2026;;;;;4900406075;1;GQUIROGA;24/1/2026;24/1/2026;;;;;;;;;;;;;;;19;;24/1/2026;00005;OTRO;0;0;-20;-1;0;0;;;;;;;;;;;;;;;;;;GESTION SAN JUAN;;;;;;
00005 TALLER;1000079529;10;ZPAN;53006 - 20012615;;0;;;;HCABELLO;1015947;RODAMIENTO YAR 211-200-2F SKF;1;Materiales genericos;CUMPLIDO;MM01;1;12/12/2025;5/1/2026;enero;10138182;10;1;12/12/2025;13/12/2025;EFO;4500115439;10;MM05;1;EFUNES;15/12/2025;15/12/2025;5/1/2026;5/1/2026;EFO;RODAMIENTOS CUYO SEL;1;0;0;1;5000160576;2/2/2026;MM05;1;1;2/2/2026;GQUIROGA;;8000084621;1;1;GQUIROGA;2/2/2026;2/2/2026;;;;;4900409003;1;GQUIROGA;2/2/2026;2/2/2026;;;;;;;;;;;;;;;28;;2/2/2026;00005;OTRO;0;0;-29;-1;0;0;;;;;;;;;;;;;;;;;;GESTION SAN JUAN;;;;;;
00005 TALLER;1000079529;20;ZPAN;53006 - 20012615;;0;;;;HCABELLO;1015947;SOPORTE  SY 511 MSKF;1;Materiales genericos;CUMPLIDO;MM01;1;12/12/2025;5/1/2026;enero;10138182;20;1;12/12/2025;13/12/2025;EFO;4500115439;20;MM05;1;EFUNES;15/12/2025;15/12/2025;5/1/2026;5/1/2026;EFO;RODAMIENTOS CUYO SEL;1;0;0;1;5000160576;2/2/2026;MM05;2;1;2/2/2026;GQUIROGA;;8000084621;1;1;GQUIROGA;2/2/2026;2/2/2026;;;;;4900409003;1;GQUIROGA;2/2/2026;2/2/2026;;;;;;;;;;;;;;;28;;2/2/2026;00005;OTRO;0;0;-29;-1;0;0;;;;;;;;;;;;;;;;;;GESTION SAN JUAN;;;;;;
00005 TALLER;1000079606;10;ZPAN;78115 - OT 20012567;;0;;;;HCABELLO;1015947;"ACOPLE RAPIDO TIPO F 3""";1;Materiales genericos;CUMPLIDO;MM01;1;15/12/2025;6/1/2026;enero;10138299;10;1;15/12/2025;15/12/2025;EFO;4500114979;20;MM05;1;GROSES;10/12/2025;10/12/2025;6/1/2026;6/1/2026;EFO;OLIVARES ANTONIO ALBERTO;1;0;0;1;5000158443;14/1/2026;MM05;2;1;14/1/2026;GQUIROGA;;;0;0;;;;;;;;;0;;;;;;;;;;;;;;;;;;8;;14/1/2026;00005;OTRO;;;-9;-1;0;;;;;;;;;;;;;;;;;;;GESTION SAN JUAN;;;;;;
00005 TALLER;1000079608;10;ZPAN;53006 - 20012615;;0;;;;HCABELLO;1015947;VARILLA ROSCADA;1;Materiales genericos;CUMPLIDO;MM01;1;15/12/2025;6/1/2026;enero;10138304;10;1;15/12/2025;15/12/2025;EFO;4500115887;10;MM05;1;GROSES;22/12/2025;22/12/2025;6/1/2026;6/1/2026;EFO;RODRIGUEZ MARTINEZ EMILIO JOAQUIN;1;0;0;1;5000159690;24/1/2026;MM05;1;1;24/1/2026;GQUIROGA;;8000084079;1;1;GQUIROGA;24/1/2026;24/1/2026;;;;;4900406063;1;GQUIROGA;24/1/2026;24/1/2026;;;;;;;;;;;;;;;18;;24/1/2026;00005;OTRO;0;0;-19;-1;0;0;;;;;;;;;;;;;;;;;;GESTION SAN JUAN;;;;;;
00005 TALLER;1000079608;20;ZPAN;53006 - 20012615;;0;;;;HCABELLO;1015947;TUERCAS;1;Materiales genericos;CUMPLIDO;MM01;1;15/12/2025;6/1/2026;enero;10138304;20;1;15/12/2025;15/12/2025;EFO;4500115887;20;MM05;1;GROSES;22/12/2025;22/12/2025;6/1/2026;6/1/2026;EFO;RODRIGUEZ MARTINEZ EMILIO JOAQUIN;1;0;0;1;5000159690;24/1/2026;MM05;2;1;24/1/2026;GQUIROGA;;8000084079;1;1;GQUIROGA;24/1/2026;24/1/2026;;;;;4900406063;1;GQUIROGA;24/1/2026;24/1/2026;;;;;;;;;;;;;;;18;;24/1/2026;00005;OTRO;0;0;-19;-1;0;0;;;;;;;;;;;;;;;;;;GESTION SAN JUAN;;;;;;
00005 TALLER;1000079616;10;ZPAN;PEDIDO TALLER - LIJA;;0;;;;HCABELLO;1015947;LIJA MONTADA N° 60X20;5;Materiales genericos;CUMPLIDO;MM01;1;15/12/2025;6/1/2026;enero;10138312;10;1;15/12/2025;16/12/2025;C13;4500116768;10;MM05;1;MALVAREZ;6/1/2026;6/1/2026;13/1/2026;13/1/2026;C13;HERRAMIENTAS SRL;5;0;0;5;5000161039;4/2/2026;MM05;1;2;4/2/2026;AITURRIETA;;8000084355;5;2;AITURRIETA;28/1/2026;28/1/2026;;;;;4900410533;5;GQUIROGA;5/2/2026;5/2/2026;;;;;;;;;;;;;;;30;;5/2/2026;00005;SEDE;0;0;-30;-8;0;-7;;;;;;;;30;;;;8;;;;;;GESTION SAN JUAN;;;;;1;
00005 TALLER;1000079616;20;ZPAN;PEDIDO TALLER - LIJA;;0;;;;HCABELLO;1015947;LIJA MONTADA N° 60X40;5;Materiales genericos;CUMPLIDO;MM01;1;15/12/2025;6/1/2026;enero;10138312;20;1;15/12/2025;16/12/2025;C13;4500116768;20;MM05;1;MALVAREZ;6/1/2026;6/1/2026;13/1/2026;13/1/2026;C13;HERRAMIENTAS SRL;5;0;0;5;5000160153;28/1/2026;MM05;2;1;28/1/2026;AITURRIETA;;8000084355;5;1;AITURRIETA;28/1/2026;28/1/2026;;;;;4900407808;5;GQUIROGA;29/1/2026;28/1/2026;;;;;;;;;;;;;;;22;;28/1/2026;00005;SEDE;0;0;-23;-8;0;0;;;;;;;;23;;;;8;;;;;;GESTION SAN JUAN;;;;;1;
00005 TALLER;1000079648;10;ZPAN;PEDIDO TALLER - 4481;;0;;;;HCABELLO;1015947;BULON G5 UNF 7/8 X 6;2;Materiales genericos;CUMPLIDO;MM01;1;15/12/2025;6/1/2026;enero;10138354;10;1;15/12/2025;16/12/2025;EFO;4500115891;10;MM05;1;GROSES;22/12/2025;22/12/2025;6/1/2026;6/1/2026;EFO;MEYNIEL S.R.L.;2;0;0;2;5000159501;22/1/2026;MM05;1;1;22/1/2026;GQUIROGA;;8000083989;2;1;GQUIROGA;22/1/2026;22/1/2026;;;;;4900405443;2;GQUIROGA;22/1/2026;22/1/2026;;;;;;;;;;;;;;;16;;22/1/2026;00005;OTRO;0;0;-17;-1;0;0;;;;;;;;;;;;;;;;;;GESTION SAN JUAN;;;;;;
00005 TALLER;1000079648;20;ZPAN;PEDIDO TALLER - 4481;;0;;;;HCABELLO;1015947;BULON 10.9 UNC 3/8  X 1 1/2;4;Materiales genericos;CUMPLIDO;MM01;1;15/12/2025;6/1/2026;enero;10138354;20;1;15/12/2025;16/12/2025;EFO;4500115891;20;MM05;1;GROSES;22/12/2025;22/12/2025;6/1/2026;6/1/2026;EFO;MEYNIEL S.R.L.;4;0;0;4;5000159501;22/1/2026;MM05;2;1;22/1/2026;GQUIROGA;;8000083989;4;1;GQUIROGA;22/1/2026;22/1/2026;;;;;4900405443;4;GQUIROGA;22/1/2026;22/1/2026;;;;;;;;;;;;;;;16;;22/1/2026;00005;OTRO;0;0;-17;-1;0;0;;;;;;;;;;;;;;;;;;GESTION SAN JUAN;;;;;;
00005 TALLER;1000079648;30;ZPAN;PEDIDO TALLER - 4481;;0;;;;HCABELLO;1015947;BULON 10.9 UNC 3/8  X 1 1/2;4;Materiales genericos;CUMPLIDO;MM01;1;15/12/2025;6/1/2026;enero;10138354;30;1;15/12/2025;16/12/2025;EFO;4500115891;30;MM05;1;GROSES;22/12/2025;22/12/2025;6/1/2026;6/1/2026;EFO;MEYNIEL S.R.L.;4;0;0;4;5000159501;22/1/2026;MM05;3;1;22/1/2026;GQUIROGA;;8000083989;4;1;GQUIROGA;22/1/2026;22/1/2026;;;;;4900405443;4;GQUIROGA;22/1/2026;22/1/2026;;;;;;;;;;;;;;;16;;22/1/2026;00005;OTRO;0;0;-17;-1;0;0;;;;;;;;;;;;;;;;;;GESTION SAN JUAN;;;;;;
00005 TALLER;1000079648;40;ZPAN;PEDIDO TALLER - 4481;;0;;;;HCABELLO;1015947;BULON G8.8 MA 10X45;10;Materiales genericos;CUMPLIDO;MM01;1;15/12/2025;6/1/2026;enero;10138354;40;1;15/12/2025;16/12/2025;EFO;4500115891;40;MM05;1;GROSES;22/12/2025;22/12/2025;6/1/2026;6/1/2026;EFO;MEYNIEL S.R.L.;10;0;0;10;5000159501;22/1/2026;MM05;4;1;22/1/2026;GQUIROGA;;8000083989;10;1;GQUIROGA;22/1/2026;22/1/2026;;;;;4900405443;10;GQUIROGA;22/1/2026;22/1/2026;;;;;;;;;;;;;;;16;;22/1/2026;00005;OTRO;0;0;-17;-1;0;0;;;;;;;;;;;;;;;;;;GESTION SAN JUAN;;;;;;
00005 TALLER;1000079648;50;ZPAN;PEDIDO TALLER - 4481;;0;;;;HCABELLO;1015947;"BULON 10.9 UNC 1/2 X 3""";4;Materiales genericos;CUMPLIDO;MM01;1;15/12/2025;6/1/2026;enero;10138354;50;1;15/12/2025;16/12/2025;EFO;4500115891;50;MM05;1;GROSES;22/12/2025;22/12/2025;6/1/2026;6/1/2026;EFO;MEYNIEL S.R.L.;4;0;0;4;5000159501;22/1/2026;MM05;5;1;22/1/2026;GQUIROGA;;8000083989;4;1;GQUIROGA;22/1/2026;22/1/2026;;;;;4900405443;4;GQUIROGA;22/1/2026;22/1/2026;;;;;;;;;;;;;;;16;;22/1/2026;00005;OTRO;0;0;-17;-1;0;0;;;;;;;;;;;;;;;;;;GESTION SAN JUAN;;;;;;
00005 TALLER;1000079648;60;ZPAN;PEDIDO TALLER - 4481;;0;;;;HCABELLO;1015947;"BULON 10.9 UNC 1/2 X 32""";4;Materiales genericos;CUMPLIDO;MM01;1;15/12/2025;6/1/2026;enero;10138354;60;1;15/12/2025;16/12/2025;EFO;4500115891;60;MM05;1;GROSES;22/12/2025;22/12/2025;6/1/2026;6/1/2026;EFO;MEYNIEL S.R.L.;4;0;0;4;5000159501;22/1/2026;MM05;6;1;22/1/2026;GQUIROGA;;8000083989;4;1;GQUIROGA;22/1/2026;22/1/2026;;;;;4900405443;4;GQUIROGA;22/1/2026;22/1/2026;;;;;;;;;;;;;;;16;;22/1/2026;00005;OTRO;0;0;-17;-1;0;0;;;;;;;;;;;;;;;;;;GESTION SAN JUAN;;;;;;
00005 TALLER;1000079698;10;ZPAN;80002 - 20012071;;0;;;;HCABELLO;1015947;ANAFE CON VALIJA 1 HORNALLA C/ ENCENDIDO;1;Materiales genericos;CUMPLIDO;MM01;1;16/12/2025;7/1/2026;enero;10138454;10;1;16/12/2025;16/12/2025;EFO;4500115662;10;MM05;1;GROSES;18/12/2025;18/12/2025;7/1/2026;7/1/2026;EFO;MAQBULON SAN BENITO S.A.S.;1;0;0;1;5000159691;24/1/2026;MM05;1;1;24/1/2026;GQUIROGA;;8000084080;1;1;GQUIROGA;24/1/2026;24/1/2026;;;;;4900406068;1;GQUIROGA;24/1/2026;24/1/2026;;;;;;;;;;;;;;;17;;24/1/2026;00005;OTRO;0;0;-18;-1;0;0;;;;;;;;;;;;;;;;;;GESTION SAN JUAN;;;;;;
00005 TALLER;1000079698;20;ZPAN;80002 - 20012071;;0;;;;HCABELLO;1015947;CARTUCHO GAS BUTANO P/ ANAFE;2;Materiales genericos;CUMPLIDO;MM01;1;16/12/2025;7/1/2026;enero;10138454;20;1;16/12/2025;16/12/2025;EFO;4500115662;20;MM05;1;GROSES;18/12/2025;18/12/2025;7/1/2026;7/1/2026;EFO;MAQBULON SAN BENITO S.A.S.;2;0;0;2;5000159691;24/1/2026;MM05;2;1;24/1/2026;GQUIROGA;;8000084080;2;1;GQUIROGA;24/1/2026;24/1/2026;;;;;4900406068;2;GQUIROGA;24/1/2026;24/1/2026;;;;;;;;;;;;;;;17;;24/1/2026;00005;OTRO;0;0;-18;-1;0;0;;;;;;;;;;;;;;;;;;GESTION SAN JUAN;;;;;;
00005 TALLER;1000079791;10;ZPAN;44818 - OT 20012654;;0;;;;HCABELLO;1015947;CALCOS CIRCULARES NUMERO 217M;4;Materiales genericos;CUMPLIDO;MM01;1;17/12/2025;8/1/2026;enero;10138623;10;1;17/12/2025;18/12/2025;EFO;4500116093;10;MM05;1;GROSES;23/12/2025;23/12/2025;8/1/2026;8/1/2026;EFO;HERRERA ANDRES MAURICIO;4;0;0;4;5000159461;22/1/2026;MM05;1;1;22/1/2026;GQUIROGA;;8000083981;4;1;GQUIROGA;22/1/2026;22/1/2026;;;;;4900405377;4;GQUIROGA;22/1/2026;22/1/2026;;;;;;;;;;;;;;;14;;22/1/2026;00005;OTRO;0;0;-15;-1;0;0;;;;;;;;;;;;;;;;;;GESTION SAN JUAN;;;;;;
00005 TALLER;1000079835;10;ZPAN;PEDIDO TALLER - CONS;;0;;;;HCABELLO;1012888;SONDAS CURVAS X 16 PCS BREMEN;1;Materiales genericos;CUMPLIDO;MM01;1;18/12/2025;9/1/2026;enero;10138684;10;1;18/12/2025;18/12/2025;EFO;4500116092;10;MM05;1;GROSES;23/12/2025;23/12/2025;9/1/2026;9/1/2026;EFO;MEYNIEL S.R.L.;1;0;0;1;5000159464;22/1/2026;MM05;1;1;22/1/2026;GQUIROGA;;;1;1;GQUIROGA;22/1/2026;;;;;;;0;;;;;;;;;;;;;;;;;;13;;22/1/2026;00005;OTRO;0;0;-14;-1;0;0;;;;;;;;;;;;;;;;;;GESTION SAN JUAN;;;;;;
00005 TALLER;1000079835;20;ZPAN;PEDIDO TALLER - CONS;;0;;;;HCABELLO;1012888;JUEGO DE LLAVES ALLEN BAHCO;1;Materiales genericos;CUMPLIDO;MM01;1;18/12/2025;9/1/2026;enero;10138684;50;1;18/12/2025;18/12/2025;EFO;4500116092;30;MM05;1;GROSES;23/12/2025;23/12/2025;9/1/2026;9/1/2026;EFO;MEYNIEL S.R.L.;1;0;0;1;5000159464;22/1/2026;MM05;3;1;22/1/2026;GQUIROGA;;;1;1;GQUIROGA;22/1/2026;;;;;;;0;;;;;;;;;;;;;;;;;;13;;22/1/2026;00005;OTRO;0;0;-14;-1;0;0;;;;;;;;;;;;;;;;;;GESTION SAN JUAN;;;;;;
00005 TALLER;1000079835;30;ZPAN;PEDIDO TALLER - CONS;;0;;;;HCABELLO;1012888;PIEDRA ESMERIL AL 125 X 19 X A36;1;Materiales genericos;CUMPLIDO;MM01;1;18/12/2025;9/1/2026;enero;10138684;60;1;18/12/2025;18/12/2025;EFO;4500116092;40;MM05;1;GROSES;23/12/2025;23/12/2025;9/1/2026;9/1/2026;EFO;MEYNIEL S.R.L.;1;0;0;1;5000159464;22/1/2026;MM05;4;1;22/1/2026;GQUIROGA;;;1;1;GQUIROGA;22/1/2026;;;;;;;0;;;;;;;;;;;;;;;;;;13;;22/1/2026;00005;OTRO;0;0;-14;-1;0;0;;;;;;;;;;;;;;;;;;GESTION SAN JUAN;;;;;;
00005 TALLER;1000079835;40;ZPAN;PEDIDO TALLER - CONS;;0;;;;HCABELLO;1012888;PIEDRA ESMERIL AL 125 X 19 X A60;1;Materiales genericos;CUMPLIDO;MM01;1;18/12/2025;9/1/2026;enero;10138684;40;1;18/12/2025;18/12/2025;EFO;4500116092;20;MM05;1;GROSES;23/12/2025;23/12/2025;9/1/2026;9/1/2026;EFO;MEYNIEL S.R.L.;1;0;0;1;5000159464;22/1/2026;MM05;2;1;22/1/2026;GQUIROGA;;;1;1;GQUIROGA;22/1/2026;;;;;;;0;;;;;;;;;;;;;;;;;;13;;22/1/2026;00005;OTRO;0;0;-14;-1;0;0;;;;;;;;;;;;;;;;;;GESTION SAN JUAN;;;;;;
00005 TALLER;1000079835;50;ZPAN;PEDIDO TALLER - CONS;;0;;;;HCABELLO;1015947;BULON 10.9 UNC 3/8 X 1;26;Materiales genericos;CUMPLIDO;MM01;1;18/12/2025;9/1/2026;enero;10138684;70;1;18/12/2025;18/12/2025;EFO;4500116092;50;MM05;1;GROSES;23/12/2025;23/12/2025;9/1/2026;9/1/2026;EFO;MEYNIEL S.R.L.;26;0;0;26;5000159464;22/1/2026;MM05;5;1;22/1/2026;GQUIROGA;;;26;1;GQUIROGA;22/1/2026;;;;;;;0;;;;;;;;;;;;;;;;;;13;;22/1/2026;00005;OTRO;0;0;-14;-1;0;0;;;;;;;;;;;;;;;;;;GESTION SAN JUAN;;;;;;
00005 TALLER;1000079835;60;ZPAN;PEDIDO TALLER - CONS;;0;;;;HCABELLO;1015947;ARANDELA PLANA 3/8;26;Materiales genericos;CUMPLIDO;MM01;1;18/12/2025;9/1/2026;enero;10138684;80;1;18/12/2025;18/12/2025;EFO;4500116092;60;MM05;1;GROSES;23/12/2025;23/12/2025;9/1/2026;9/1/2026;EFO;MEYNIEL S.R.L.;26;0;0;26;5000159464;22/1/2026;MM05;6;1;22/1/2026;GQUIROGA;;;26;1;GQUIROGA;22/1/2026;;;;;;;0;;;;;;;;;;;;;;;;;;13;;22/1/2026;00005;OTRO;0;0;-14;-1;0;0;;;;;;;;;;;;;;;;;;GESTION SAN JUAN;;;;;;
00005 TALLER;1000079835;70;ZPAN;PEDIDO TALLER - CONS;;0;;;;HCABELLO;1015947;TUERCA AUTOFRE. UNC 3/8 X 16;26;Materiales genericos;CUMPLIDO;MM01;1;18/12/2025;9/1/2026;enero;10138684;90;1;18/12/2025;18/12/2025;EFO;4500116092;70;MM05;1;GROSES;23/12/2025;23/12/2025;9/1/2026;9/1/2026;EFO;MEYNIEL S.R.L.;26;0;0;26;5000159464;22/1/2026;MM05;7;1;22/1/2026;GQUIROGA;;;26;1;GQUIROGA;22/1/2026;;;;;;;0;;;;;;;;;;;;;;;;;;13;;22/1/2026;00005;OTRO;0;0;-14;-1;0;0;;;;;;;;;;;;;;;;;;GESTION SAN JUAN;;;;;;
00005 TALLER;1000079840;10;ZPAN;PEDIDO TALLER - MANG;;0;;;;HCABELLO;1015947;REPARACION DE MANG AIRE 3/4 CON REEMP.;1;Materiales genericos;CUMPLIDO;MM01;1;18/12/2025;9/1/2026;enero;10138701;10;1;18/12/2025;18/12/2025;EFO;4500116238;10;MM05;1;EFUNES;26/12/2025;26/12/2025;8/1/2026;8/1/2026;EFO;LIRUSSI ARAGON FERNANDO ARIEL;1;0;0;1;5000161517;9/2/2026;MM05;1;1;9/2/2026;GQUIROGA;;8000085026;1;1;GQUIROGA;9/2/2026;9/2/2026;;;;;4900411494;1;GQUIROGA;9/2/2026;9/2/2026;;;;;;;;;;;;;;;31;;9/2/2026;00005;OTRO;0;0;-32;0;0;0;;;;;;;;;;;;;;;;;;GESTION SAN JUAN;;;;;;
00005 TALLER;1000079842;10;ZPAN;44023 - OT 20012615;;0;;;;HCABELLO;1015947;PINTURA CATERPILLAR 80- 3,6 LT;2;Materiales genericos;CUMPLIDO;MM01;1;18/12/2025;9/1/2026;enero;10138703;10;1;18/12/2025;18/12/2025;EFO;4500116084;10;MM05;1;GROSES;23/12/2025;23/12/2025;9/1/2026;9/1/2026;EFO;PINTURERIA CENTRAL SRL;2;0;0;2;5000159495;22/1/2026;MM05;1;1;22/1/2026;GQUIROGA;;8000083988;2;1;GQUIROGA;22/1/2026;22/1/2026;;;;;4900405430;2;GQUIROGA;22/1/2026;22/1/2026;;;;;;;;;;;;;;;13;;22/1/2026;00005;OTRO;0;0;-14;-1;0;0;;;;;;;;;;;;;;;;;;GESTION SAN JUAN;;;;;;
00005 TALLER;1000079852;20;ZPAN;INSUMOS MODULAR - SF;;0;;;;SFLORES;1048846;TOBERA CILINDRICA MB36 Ø19MM;10;Materiales usuales;CUMPLIDO;MR01;1;18/12/2025;1/1/2026;enero;10138711;20;1;18/12/2025;19/12/2025;C27;4500116228;20;MR05;1;JESPARZA;26/12/2025;26/12/2025;29/12/2025;29/12/2025;C27;OXITODO S.A.;10;0;0;10;5000157259;5/1/2026;2001;1;1;5/1/2026;LNASUTI;;8000082938;10;1;LNASUTI;5/1/2026;7/1/2026;12926;TALLER 07/01;LNASUTI;7/1/2026;4900400571;10;SPONCE;8/1/2026;7/1/2026;;;;;;;;;;;;;;;6;;5/1/2026;00005;SEDE;0;0;-5;2;0;0;0;;;;;;;5;;;;;;;;;;GESTION ROSARIO;;;;;1;
00005 TALLER;1000079976;10;ZPAN;REPUESTOS PLATAFORMA;;0;;;;SFLORES;1015947;R847D600 - DEFLECTOR TECHO VW CONSTELLAT;1;Materiales genericos;CUMPLIDO;MR01;1;22/12/2025;5/1/2026;enero;10138857;10;1;22/12/2025;22/12/2025;C03;4500116188;10;MR05;1;EREGALADO;26/12/2025;26/12/2025;5/1/2026;16/3/2026;C38;GRUPO AUTOPARTISTA S.A.;1;0;0;1;5000164770;10/3/2026;MR05;1;1;10/3/2026;CDAVID;;;0;0;;;;;;;;;0;;;;;;;;;;;;;;;;;;64;;10/3/2026;00005;EQUIPOS;;;-65;-71;0;;;;;;;;;;;;;;65;;;;71;GESTION ROSARIO;;;;;;1
00005 TALLER;1000080007;10;ZPAN;INSUMO HERRERIA - SF;;0;;;;SFLORES;1015947;BOMBA P/PRENSA HIDRAULICA - HERRERIA;1;Materiales genericos;CUMPLIDO;MR01;1;22/12/2025;5/1/2026;enero;10138872;10;1;22/12/2025;23/12/2025;C38;4500116654;10;MR05;1;EREGALADO;5/1/2026;6/1/2026;16/1/2026;30/4/2026;C38;COSTA ANDRES ROGELIO;1;0;0;1;5000159790;26/1/2026;MR05;1;1;26/1/2026;FPRUDENTE;;;0;0;;;;;;;;;0;;;;;;;;;;;;;;;;;;21;;26/1/2026;00005;EQUIPOS;;;-22;-116;0;;;;;;;;;;;;;;22;;;;116;GESTION ROSARIO;;;;;;1
00005 TALLER;1000080118;10;ZPAN;HERRAMIENTA HERRERIA;;0;;;;SFLORES;1048929;"PULIDORA NEUMATICA 7""";1;Materiales usuales;CUMPLIDO;MR01;1;26/12/2025;9/1/2026;enero;10139025;10;1;26/12/2025;26/12/2025;C27;4500116350;10;MR05;1;JESPARZA;30/12/2025;30/12/2025;8/1/2026;7/2/2026;C27;LOPEZ - FORCINITI S.A.;1;0;0;1;5000163334;26/2/2026;MR05;1;1;26/2/2026;JDICEVICUIS;;8000086015;1;1;JDICEVICUIS;26/2/2026;27/2/2026;13640;Taller 27-02-26;LBARTON;27/2/2026;4900417281;1;CDAVID;27/2/2026;27/2/2026;;;;;;;;;;;;;;;49;;27/2/2026;00005;SEDE;0;0;-49;-30;0;0;0;;;;;;;49;;;;30;;;;;;GESTION ROSARIO;;;;;1;
00005 TALLER;1000080130;10;ZPAN;78111 - OT 20012697;;0;;;;HCABELLO;1015947;SNL 508 - 607 SKF RODAMIENTOS;2;Materiales genericos;CUMPLIDO;MM01;1;26/12/2025;16/1/2026;enero;10139076;10;1;26/12/2025;29/12/2025;EFO;4500116285;10;MM05;1;GROSES;29/12/2025;29/12/2025;16/1/2026;16/1/2026;EFO;RODAMIENTOS CUYO SEL;2;0;0;2;5000159456;22/1/2026;MM05;1;1;22/1/2026;GQUIROGA;;8000083976;2;1;GQUIROGA;22/1/2026;22/1/2026;;;;;4900405360;2;GQUIROGA;22/1/2026;22/1/2026;;;;;;;;;;;;;;;6;;22/1/2026;00005;OTRO;0;0;-7;-1;0;0;;;;;;;;;;;;;;;;;;GESTION SAN JUAN;;;;;;
00005 TALLER;1000080130;20;ZPAN;78111 - OT 20012697;;0;;;;HCABELLO;1015947;1208 - NSK ARG. RODAMIENTOS;2;Materiales genericos;CUMPLIDO;MM01;1;26/12/2025;16/1/2026;enero;10139076;20;1;26/12/2025;29/12/2025;EFO;4500116285;20;MM05;1;GROSES;29/12/2025;29/12/2025;16/1/2026;16/1/2026;EFO;RODAMIENTOS CUYO SEL;2;0;0;2;5000159456;22/1/2026;MM05;2;1;22/1/2026;GQUIROGA;;8000083976;2;1;GQUIROGA;22/1/2026;22/1/2026;;;;;4900405360;2;GQUIROGA;22/1/2026;22/1/2026;;;;;;;;;;;;;;;6;;22/1/2026;00005;OTRO;0;0;-7;-1;0;0;;;;;;;;;;;;;;;;;;GESTION SAN JUAN;;;;;;
00005 TALLER;1000080130;30;ZPAN;78111 - OT 20012697;;0;;;;HCABELLO;1015947;H 208 SKF RODAMIENTOS;2;Materiales genericos;CUMPLIDO;MM01;1;26/12/2025;16/1/2026;enero;10139076;30;1;26/12/2025;29/12/2025;EFO;4500116285;30;MM05;1;GROSES;29/12/2025;29/12/2025;16/1/2026;16/1/2026;EFO;RODAMIENTOS CUYO SEL;2;0;0;2;5000159456;22/1/2026;MM05;3;1;22/1/2026;GQUIROGA;;8000083976;2;1;GQUIROGA;22/1/2026;22/1/2026;;;;;4900405360;2;GQUIROGA;22/1/2026;22/1/2026;;;;;;;;;;;;;;;6;;22/1/2026;00005;OTRO;0;0;-7;-1;0;0;;;;;;;;;;;;;;;;;;GESTION SAN JUAN;;;;;;
00005 TALLER;1000080130;40;ZPAN;78111 - OT 20012697;;0;;;;HCABELLO;1015947;TNS L SKF SOPORTES;2;Materiales genericos;CUMPLIDO;MM01;1;26/12/2025;16/1/2026;enero;10139076;40;1;26/12/2025;29/12/2025;EFO;4500116285;40;MM05;1;GROSES;29/12/2025;29/12/2025;16/1/2026;16/1/2026;EFO;RODAMIENTOS CUYO SEL;2;0;0;2;5000159456;22/1/2026;MM05;4;1;22/1/2026;GQUIROGA;;8000083976;2;1;GQUIROGA;22/1/2026;22/1/2026;;;;;4900405360;2;GQUIROGA;22/1/2026;22/1/2026;;;;;;;;;;;;;;;6;;22/1/2026;00005;OTRO;0;0;-7;-1;0;0;;;;;;;;;;;;;;;;;;GESTION SAN JUAN;;;;;;
00005 TALLER;1000080136;10;ZPAN;PEDIDO TALLER - CARR;;0;;;;HCABELLO;1010049;CANO ESTR CUADRADO 40X40 ESP 1,6 MM;12;Materiales usuales;CUMPLIDO;MM01;1;26/12/2025;16/1/2026;enero;10139084;10;1;26/12/2025;29/12/2025;C08;4500116577;10;MM05;1;RMIR;5/1/2026;5/1/2026;16/1/2026;16/1/2026;C08;ALUMETAL S A;12;0;0;12;5000160155;28/1/2026;MM05;1;1;24/1/2026;AITURRIETA;;8000084353;12;1;AITURRIETA;28/1/2026;28/1/2026;;;;;4900407839;12;GQUIROGA;29/1/2026;28/1/2026;;;;;;;;;;;;;;;12;;28/1/2026;00005;SEDE;0;0;-9;-1;4;0;;;;;;;;9;;;;1;;;;;;GESTION SAN JUAN;;3;;1;1;
00005 TALLER;1000080136;20;ZPAN;PEDIDO TALLER - CARR;;0;;;;HCABELLO;1009986;CANO ESTRUCTURAL REDONDO 1PG ESP 2 MM;1;Materiales usuales;CUMPLIDO;MM01;1;26/12/2025;16/1/2026;enero;10139084;20;1;26/12/2025;29/12/2025;C08;4500116577;20;MM05;1;RMIR;5/1/2026;5/1/2026;16/1/2026;16/1/2026;C08;ALUMETAL S A;1;0;0;1;5000160155;28/1/2026;MM05;2;1;24/1/2026;AITURRIETA;;8000084353;1;1;AITURRIETA;28/1/2026;28/1/2026;;;;;4900407839;1;GQUIROGA;29/1/2026;28/1/2026;;;;;;;;;;;;;;;12;;28/1/2026;00005;SEDE;0;0;-9;-1;4;0;;;;;;;;9;;;;1;;;;;;GESTION SAN JUAN;;3;;1;1;
00005 TALLER;1000080248;10;ZPAN;PEDIDO TALLER - CARB;;0;;;;HCABELLO;1015947;CARBONES BOSCH PARA AMOLA;1;Materiales genericos;CUMPLIDO;MM01;1;30/12/2025;20/1/2026;enero;10139372;10;1;30/12/2025;30/12/2025;EFO;4500116451;10;MM05;1;GROSES;2/1/2026;2/1/2026;20/1/2026;20/1/2026;EFO;RODRIGUEZ MARTINEZ EMILIO JOAQUIN;1;0;0;1;5000160264;29/1/2026;MM05;1;1;29/1/2026;GQUIROGA;;8000084426;1;1;GQUIROGA;29/1/2026;29/1/2026;;;;;4900407855;1;GQUIROGA;29/1/2026;29/1/2026;;;;;;;;;;;;;;;9;;29/1/2026;00005;OTRO;0;0;-10;-1;0;0;;;;;;;;;;;;;;;;;;GESTION SAN JUAN;;;;;;
00005 TALLER;1000080248;20;ZPAN;PEDIDO TALLER - CARB;;0;;;;HCABELLO;1015947;LLAVE ESFERICA 1/2 PULGADA;1;Materiales genericos;CUMPLIDO;MM01;1;30/12/2025;20/1/2026;enero;10139372;20;1;30/12/2025;30/12/2025;EFO;4500116451;20;MM05;1;GROSES;2/1/2026;2/1/2026;20/1/2026;20/1/2026;EFO;RODRIGUEZ MARTINEZ EMILIO JOAQUIN;1;0;0;1;5000160264;29/1/2026;MM05;2;1;29/1/2026;GQUIROGA;;8000084426;1;1;GQUIROGA;29/1/2026;29/1/2026;;;;;4900407855;1;GQUIROGA;29/1/2026;29/1/2026;;;;;;;;;;;;;;;9;;29/1/2026;00005;OTRO;0;0;-10;-1;0;0;;;;;;;;;;;;;;;;;;GESTION SAN JUAN;;;;;;
00005 TALLER;1000080248;30;ZPAN;PEDIDO TALLER - CARB;;0;;;;HCABELLO;1015947;6203 - 2RSH/C3 SKF RODAMIENTO;2;Materiales genericos;CUMPLIDO;MM01;1;30/12/2025;20/1/2026;enero;10139372;30;1;30/12/2025;30/12/2025;EFO;4500116452;10;MM05;2;GROSES;2/1/2026;2/1/2026;20/1/2026;20/1/2026;EFO;RODRIGUEZ CLAUDIO;2;0;0;2;5000159271;21/1/2026;MM05;1;1;21/1/2026;GQUIROGA;;8000083865;2;1;GQUIROGA;21/1/2026;21/1/2026;;;;;4900404680;2;GQUIROGA;21/1/2026;21/1/2026;;;;;;;;;;;;;;;1;;21/1/2026;00005;OTRO;0;0;-2;-1;0;0;;;;;;;;;;;;;;;;;;GESTION SAN JUAN;;;;;;
00005 TALLER;1000080282;60;ZPAN;REPO NO STOCK 02/01;;0;;;;SPONCE;1009666;DETERGENTE P HIDRO KC RCHER RM 110 ASF;48;Materiales usuales;CUMPLIDO;MR01;1;2/1/2026;16/1/2026;enero;10139426;60;1;2/1/2026;2/1/2026;C17;4500117527;10;2001;1;GJULIANI;15/1/2026;15/1/2026;29/1/2026;29/1/2026;C17;BASSANELLI GABRIEL ALBERTO;48;0;0;48;5000159921;27/1/2026;2001;1;1;27/1/2026;LNASUTI;;8000084215;48;1;LNASUTI;27/1/2026;28/1/2026;13222;TALLER 28/01;LNASUTI;28/1/2026;4900407416;48;CDAVID;28/1/2026;28/1/2026;;;;;;;;;;;;;;;12;;27/1/2026;00005;SEDE;0;0;-12;-14;0;0;0;;;;;;;12;;;;14;;;;;;GESTION ROSARIO;;;;;1;
00005 TALLER;1000080368;10;ZPAN;91967 - INSUMO MODUL;;0;;;;SFLORES;1046979;PUERTA DE CHAPA HOJA 0,9X2,05M - DER;1;Materiales usuales;CUMPLIDO;MR01;1;5/1/2026;19/1/2026;enero;10139515;10;1;5/1/2026;6/1/2026;C19;4500117283;20;2001;1;VBARRA;13/1/2026;13/1/2026;19/1/2026;19/1/2026;C19;TORRI S.R.L.;1;0;0;1;5000160352;30/1/2026;2001;7;1;30/1/2026;LNASUTI;;8000084482;1;1;LNASUTI;30/1/2026;30/1/2026;13271;TALLER 30/01;LNASUTI;30/1/2026;4900408414;1;CDAVID;30/1/2026;30/1/2026;;;;;;;;;;;;;;;11;;30/1/2026;00005;SEDE;0;0;-12;-1;0;0;0;;;;;;;12;;;;1;;;;;;GESTION ROSARIO;;;;;1;
00005 TALLER;1000080434;10;ZPAN;91006 - INSUMO MODUL;;0;;;;SFLORES;1046979;PUERTA DE CHAPA HOJA 0,9X2,05M - DER;1;Materiales usuales;CUMPLIDO;MR01;1;6/1/2026;20/1/2026;enero;10139606;10;1;6/1/2026;7/1/2026;C19;4500117281;10;2001;1;VBARRA;13/1/2026;13/1/2026;20/1/2026;20/1/2026;C19;TORRI S.R.L.;1;0;0;1;5000160352;30/1/2026;2001;5;1;30/1/2026;LNASUTI;;8000084478;1;1;LNASUTI;30/1/2026;30/1/2026;13271;TALLER 30/01;LNASUTI;30/1/2026;4900408419;1;CDAVID;30/1/2026;30/1/2026;;;;;;;;;;;;;;;10;;30/1/2026;00005;SEDE;0;0;-11;-1;0;0;0;;;;;;;11;;;;1;;;;;;GESTION ROSARIO;;;;;1;
00005 TALLER;1000080452;10;ZPAN;91112 - INSUMO MODUL;;0;;;;SFLORES;1049152;CAÑO ESTRUCT. CUAD. 30X30MM ESP:0.9MMX6M;20;Materiales usuales;CUMPLIDO;MR01;1;6/1/2026;20/1/2026;enero;10139637;10;1;6/1/2026;7/1/2026;C08;4500117063;10;MR05;1;RMIR;9/1/2026;9/1/2026;20/1/2026;20/1/2026;C08;ORLANDI INDUST. Y COMERC. S.A;20;0;0;20;5000165397;13/3/2026;2001;1;1;13/3/2026;ALANDAVIDEA;;8000087104;20;1;ALANDAVIDEA;13/3/2026;13/3/2026;13893;TALLER 13/03;LNASUTI;13/3/2026;4900423469;20;CDAVID;14/3/2026;13/3/2026;;;;;;;;;;;;;;;52;;13/3/2026;00005;SEDE;0;0;-53;-1;0;0;0;;;;;;;53;;;;1;;;;;;GESTION ROSARIO;;;;;1;
00005 TALLER;1000080452;40;ZPAN;91112 - INSUMO MODUL;;0;;;;SFLORES;1012564;VENTANA MODENA BLANCO AN120XAL100MM;2;Materiales usuales;CUMPLIDO;MR01;1;6/1/2026;20/1/2026;enero;10139637;40;1;6/1/2026;7/1/2026;C19;4500117280;20;MR05;1;VBARRA;13/1/2026;13/1/2026;20/1/2026;20/1/2026;C19;TORRI S.R.L.;2;0;0;2;5000160352;30/1/2026;2001;3;1;30/1/2026;LNASUTI;;8000084479;2;1;LNASUTI;30/1/2026;30/1/2026;13271;TALLER 30/01;LNASUTI;30/1/2026;4900408418;2;CDAVID;30/1/2026;30/1/2026;;;;;;;;;;;;;;;10;;30/1/2026;00005;SEDE;0;0;-11;-1;0;0;0;;;;;;;11;;;;1;;;;;;GESTION ROSARIO;;;;;1;
00005 TALLER;1000080452;100;ZPAN;91112 - INSUMO MODUL;;0;;;;SFLORES;1046979;PUERTA DE CHAPA HOJA 0,9X2,05M - DER;1;Materiales usuales;CUMPLIDO;MR01;1;6/1/2026;20/1/2026;enero;10139637;100;1;6/1/2026;7/1/2026;C19;4500117280;70;MR05;1;VBARRA;13/1/2026;13/1/2026;20/1/2026;20/1/2026;C19;TORRI S.R.L.;1;0;0;1;5000160352;30/1/2026;2001;4;1;30/1/2026;LNASUTI;;8000084479;1;1;LNASUTI;30/1/2026;30/1/2026;13271;TALLER 30/01;LNASUTI;30/1/2026;4900408418;1;CDAVID;30/1/2026;30/1/2026;;;;;;;;;;;;;;;10;;30/1/2026;00005;SEDE;0;0;-11;-1;0;0;0;;;;;;;11;;;;1;;;;;;GESTION ROSARIO;;;;;1;
00005 TALLER;1000080460;10;ZPAN;91114 - INSUMO MODUL;;0;;;;SFLORES;1012564;VENTANA MODENA BLANCO AN120XAL100MM;2;Materiales usuales;CUMPLIDO;MR01;1;6/1/2026;20/1/2026;enero;10139647;10;1;6/1/2026;7/1/2026;C19;4500117276;10;2001;1;VBARRA;13/1/2026;13/1/2026;20/1/2026;20/1/2026;C19;TORRI S.R.L.;2;0;0;2;5000160352;30/1/2026;2001;1;1;30/1/2026;LNASUTI;;8000084480;2;1;LNASUTI;30/1/2026;30/1/2026;13271;TALLER 30/01;LNASUTI;30/1/2026;4900408417;2;CDAVID;30/1/2026;30/1/2026;;;;;;;;;;;;;;;10;;30/1/2026;00005;SEDE;0;0;-11;-1;0;0;0;;;;;;;11;;;;1;;;;;;GESTION ROSARIO;;;;;1;
00005 TALLER;1000080460;40;ZPAN;91114 - INSUMO MODUL;;0;;;;SFLORES;1049152;CAÑO ESTRUCT. CUAD. 30X30MM ESP:0.9MMX6M;20;Materiales usuales;CUMPLIDO;MR01;1;6/1/2026;20/1/2026;enero;10139647;40;1;6/1/2026;7/1/2026;C08;4500117063;40;MR05;1;RMIR;9/1/2026;9/1/2026;20/1/2026;20/1/2026;C08;ORLANDI INDUST. Y COMERC. S.A;20;0;0;20;5000165397;13/3/2026;2001;2;1;13/3/2026;ALANDAVIDEA;;8000087105;20;1;ALANDAVIDEA;13/3/2026;13/3/2026;13893;TALLER 13/03;LNASUTI;13/3/2026;4900423466;20;CDAVID;14/3/2026;13/3/2026;;;;;;;;;;;;;;;52;;13/3/2026;00005;SEDE;0;0;-53;-1;0;0;0;;;;;;;53;;;;1;;;;;;GESTION ROSARIO;;;;;1;
00005 TALLER;1000080460;80;ZPAN;91114 - INSUMO MODUL;;0;;;;SFLORES;1046979;PUERTA DE CHAPA HOJA 0,9X2,05M - DER;1;Materiales usuales;CUMPLIDO;MR01;1;6/1/2026;20/1/2026;enero;10139647;80;1;6/1/2026;7/1/2026;C19;4500117276;50;2001;1;VBARRA;13/1/2026;13/1/2026;20/1/2026;20/1/2026;C19;TORRI S.R.L.;1;0;0;1;5000160352;30/1/2026;2001;2;1;30/1/2026;LNASUTI;;8000084480;1;1;LNASUTI;30/1/2026;30/1/2026;13271;TALLER 30/01;LNASUTI;30/1/2026;4900408417;1;CDAVID;30/1/2026;30/1/2026;;;;;;;;;;;;;;;10;;30/1/2026;00005;SEDE;0;0;-11;-1;0;0;0;;;;;;;11;;;;1;;;;;;GESTION ROSARIO;;;;;1;
00005 TALLER;1000080469;30;ZPAN;91030 - INSUMO MODUL;;0;;;;SFLORES;1046979;PUERTA DE CHAPA HOJA 0,9X2,05M - DER;1;Materiales usuales;CUMPLIDO;MR01;1;6/1/2026;20/1/2026;enero;10139654;30;1;6/1/2026;7/1/2026;C19;4500117283;10;2001;1;VBARRA;13/1/2026;13/1/2026;20/1/2026;20/1/2026;C19;TORRI S.R.L.;1;0;0;1;5000160352;30/1/2026;2001;6;1;30/1/2026;LNASUTI;;8000084481;1;1;LNASUTI;30/1/2026;30/1/2026;13271;TALLER 30/01;LNASUTI;30/1/2026;4900408416;1;CDAVID;30/1/2026;30/1/2026;;;;;;;;;;;;;;;10;;30/1/2026;00005;SEDE;0;0;-11;-1;0;0;0;;;;;;;11;;;;1;;;;;;GESTION ROSARIO;;;;;1;
00005 TALLER;1000080633;20;ZPAN;INSUMO PARA LAVADERO;;20;;;;SFLORES;1049334;PILETA LAVAMANOS PVC 36X26CM;24;Materiales usuales;CUMPLIDO;MR01;1;8/1/2026;19/1/2026;enero;10139904;20;1;8/1/2026;9/1/2026;C09;4500117265;10;MR05;1;GDIAZ;13/1/2026;13/1/2026;16/1/2026;22/1/2026;C09;D.O.M. DISTRIBUCIONES S.A.;24;0;0;24;5000159705;24/1/2026;MR05;1;1;24/1/2026;SPONCE;;;0;0;;;;;;;;;0;;;;;;;;;;;;;;;;;;5;;24/1/2026;00005;SEDE;;;-6;-4;0;;;;;;;;;6;;;;4;;;;;;GESTION ROSARIO;;;;;1;
00005 TALLER;1000080633;30;ZPAN;INSUMO PARA LAVADERO;;20;;;;SFLORES;1049335;SOPAPA P/PILETA LAVAMANOS 40MM;24;Materiales usuales;CUMPLIDO;MR01;1;8/1/2026;19/1/2026;enero;10139904;30;1;8/1/2026;9/1/2026;C09;4500117265;20;MR05;1;GDIAZ;13/1/2026;13/1/2026;16/1/2026;22/1/2026;C09;D.O.M. DISTRIBUCIONES S.A.;24;0;0;24;5000159705;24/1/2026;MR05;2;1;24/1/2026;SPONCE;;;0;0;;;;;;;;;0;;;;;;;;;;;;;;;;;;5;;24/1/2026;00005;SEDE;;;-6;-4;0;;;;;;;;;6;;;;4;;;;;;GESTION ROSARIO;;;;;1;
00005 TALLER;1000080633;40;ZPAN;INSUMO PARA LAVADERO;;20;;;;SFLORES;1049341;"CANILLA ESFERICA METAL 1/2""";24;Materiales usuales;CUMPLIDO;MR01;1;8/1/2026;19/1/2026;enero;10139904;40;1;8/1/2026;9/1/2026;C09;4500117265;30;MR05;1;GDIAZ;13/1/2026;13/1/2026;16/1/2026;22/1/2026;C09;D.O.M. DISTRIBUCIONES S.A.;24;0;0;24;5000159705;24/1/2026;MR05;3;1;24/1/2026;SPONCE;;;0;0;;;;;;;;;0;;;;;;;;;;;;;;;;;;5;;24/1/2026;00005;SEDE;;;-6;-4;0;;;;;;;;;6;;;;4;;;;;;GESTION ROSARIO;;;;;1;
00005 TALLER;1000080633;50;ZPAN;INSUMO PARA LAVADERO;;20;;;;SFLORES;1049343;FLEXIBLE DESCARGA PVC 40MM-EXT 20-30CM;24;Materiales usuales;CUMPLIDO;MR01;1;8/1/2026;19/1/2026;enero;10139904;50;1;8/1/2026;9/1/2026;C09;4500117265;40;MR05;1;GDIAZ;13/1/2026;13/1/2026;16/1/2026;22/1/2026;C09;D.O.M. DISTRIBUCIONES S.A.;24;0;0;24;5000159705;24/1/2026;MR05;4;1;24/1/2026;SPONCE;;;0;0;;;;;;;;;0;;;;;;;;;;;;;;;;;;5;;24/1/2026;00005;SEDE;;;-6;-4;0;;;;;;;;;6;;;;4;;;;;;GESTION ROSARIO;;;;;1;
00005 TALLER;1000080633;60;ZPAN;INSUMO PARA LAVADERO;;20;;;;SFLORES;1049345;"TEE TERMOFUSION ROSCA HEMBRA  20MMX1/2""";18;Materiales usuales;CUMPLIDO;MR01;1;8/1/2026;19/1/2026;enero;10139904;60;1;8/1/2026;9/1/2026;C09;4500117265;50;MR05;1;GDIAZ;13/1/2026;13/1/2026;16/1/2026;22/1/2026;C09;D.O.M. DISTRIBUCIONES S.A.;18;0;0;18;5000159705;24/1/2026;MR05;5;1;24/1/2026;SPONCE;;;0;0;;;;;;;;;0;;;;;;;;;;;;;;;;;;5;;24/1/2026;00005;SEDE;;;-6;-4;0;;;;;;;;;6;;;;4;;;;;;GESTION ROSARIO;;;;;1;
00005 TALLER;1000080633;70;ZPAN;INSUMO PARA LAVADERO;;20;;;;SFLORES;1049346;UNION DOBLE TERMOFUSION 20MM;10;Materiales usuales;CUMPLIDO;MR01;1;8/1/2026;19/1/2026;enero;10139904;70;1;8/1/2026;9/1/2026;C09;4500117265;60;MR05;1;GDIAZ;13/1/2026;13/1/2026;16/1/2026;22/1/2026;C09;D.O.M. DISTRIBUCIONES S.A.;10;0;0;10;5000159705;24/1/2026;MR05;6;1;24/1/2026;SPONCE;;;0;0;;;;;;;;;0;;;;;;;;;;;;;;;;;;5;;24/1/2026;00005;SEDE;;;-6;-4;0;;;;;;;;;6;;;;4;;;;;;GESTION ROSARIO;;;;;1;
00005 TALLER;1000080633;80;ZPAN;INSUMO PARA LAVADERO;;20;;;;SFLORES;1049348;LLAVE D PASO TERMOFUSION 20MM;10;Materiales usuales;CUMPLIDO;MR01;1;8/1/2026;19/1/2026;enero;10139904;80;1;8/1/2026;9/1/2026;C09;4500117265;70;MR05;1;GDIAZ;13/1/2026;13/1/2026;16/1/2026;22/1/2026;C09;D.O.M. DISTRIBUCIONES S.A.;10;0;0;10;5000159705;24/1/2026;MR05;7;1;24/1/2026;SPONCE;;;0;0;;;;;;;;;0;;;;;;;;;;;;;;;;;;5;;24/1/2026;00005;SEDE;;;-6;-4;0;;;;;;;;;6;;;;4;;;;;;GESTION ROSARIO;;;;;1;
00005 TALLER;1000080633;90;ZPAN;INSUMO PARA LAVADERO;;20;;;;SFLORES;1049349;CODO TERMOFUSION ROSCA HEMBRA 20MM;20;Materiales usuales;CUMPLIDO;MR01;1;8/1/2026;19/1/2026;enero;10139904;90;1;8/1/2026;9/1/2026;C09;4500117265;80;MR05;1;GDIAZ;13/1/2026;13/1/2026;16/1/2026;22/1/2026;C09;D.O.M. DISTRIBUCIONES S.A.;20;0;0;20;5000159705;24/1/2026;MR05;8;1;24/1/2026;SPONCE;;;0;0;;;;;;;;;0;;;;;;;;;;;;;;;;;;5;;24/1/2026;00005;SEDE;;;-6;-4;0;;;;;;;;;6;;;;4;;;;;;GESTION ROSARIO;;;;;1;
00005 TALLER;1000080633;100;ZPAN;INSUMO PARA LAVADERO;;0;;;;SFLORES;1049350;"ADAPTADOR P/TANQUE POLIPROPILENO 1/2""";8;Materiales usuales;CUMPLIDO;MR01;1;8/1/2026;19/1/2026;enero;10139904;150;1;9/1/2026;9/1/2026;C09;4500117265;130;MR05;1;GDIAZ;13/1/2026;13/1/2026;16/1/2026;22/1/2026;C09;D.O.M. DISTRIBUCIONES S.A.;8;0;0;8;5000159705;24/1/2026;MR05;13;1;24/1/2026;SPONCE;;;0;0;;;;;;;;;0;;;;;;;;;;;;;;;;;;5;;24/1/2026;00005;SEDE;;;-6;-4;0;;;;;;;;;6;;;;4;;;;;;GESTION ROSARIO;;;;;1;
00005 TALLER;1000080633;110;ZPAN;INSUMO PARA LAVADERO;;20;;;;SFLORES;1049351;PILETA DE PATIO 3 ENTRADAS 40X63MM;8;Materiales usuales;CUMPLIDO;MR01;1;8/1/2026;19/1/2026;enero;10139904;110;1;8/1/2026;9/1/2026;C09;4500117265;90;MR05;1;GDIAZ;13/1/2026;13/1/2026;16/1/2026;22/1/2026;C09;D.O.M. DISTRIBUCIONES S.A.;8;0;0;8;5000159705;24/1/2026;MR05;9;1;24/1/2026;SPONCE;;;0;0;;;;;;;;;0;;;;;;;;;;;;;;;;;;5;;24/1/2026;00005;SEDE;;;-6;-4;0;;;;;;;;;6;;;;4;;;;;;GESTION ROSARIO;;;;;1;
00005 TALLER;1000080633;120;ZPAN;INSUMO PARA LAVADERO;;20;;;;SFLORES;1010433;CODO 90GR H-H DIAM 40MM;24;Materiales usuales;CUMPLIDO;MR01;1;8/1/2026;19/1/2026;enero;10139904;120;1;8/1/2026;9/1/2026;C09;4500117265;100;MR05;1;GDIAZ;13/1/2026;13/1/2026;16/1/2026;22/1/2026;C09;D.O.M. DISTRIBUCIONES S.A.;24;0;0;24;5000159705;24/1/2026;MR05;10;1;24/1/2026;SPONCE;;;0;0;;;;;;;;;0;;;;;;;;;;;;;;;;;;5;;24/1/2026;00005;SEDE;;;-6;-4;0;;;;;;;;;6;;;;4;;;;;;GESTION ROSARIO;;;;;1;
00005 TALLER;1000080633;130;ZPAN;INSUMO PARA LAVADERO;;20;;;;SFLORES;1010404;TUBO DE DESAGUE DIAM 40;20;Materiales usuales;CUMPLIDO;MR01;1;8/1/2026;19/1/2026;enero;10139904;130;1;8/1/2026;9/1/2026;C09;4500117265;110;MR05;1;GDIAZ;13/1/2026;13/1/2026;16/1/2026;22/1/2026;C09;D.O.M. DISTRIBUCIONES S.A.;20;0;0;20;5000159705;24/1/2026;MR05;11;1;24/1/2026;SPONCE;;;0;0;;;;;;;;;0;;;;;;;;;;;;;;;;;;5;;24/1/2026;00005;SEDE;;;-6;-4;0;;;;;;;;;6;;;;4;;;;;;GESTION ROSARIO;;;;;1;
00005 TALLER;1000080633;140;ZPAN;INSUMO PARA LAVADERO;;20;;;;SFLORES;1010406;TUBO DE DESAGUE DIAM 63;4;Materiales usuales;CUMPLIDO;MR01;1;8/1/2026;19/1/2026;enero;10139904;140;1;8/1/2026;9/1/2026;C09;4500117265;120;MR05;1;GDIAZ;13/1/2026;13/1/2026;16/1/2026;22/1/2026;C09;D.O.M. DISTRIBUCIONES S.A.;4;0;0;4;5000159705;24/1/2026;MR05;12;1;24/1/2026;SPONCE;;;0;0;;;;;;;;;0;;;;;;;;;;;;;;;;;;5;;24/1/2026;00005;SEDE;;;-6;-4;0;;;;;;;;;6;;;;4;;;;;;GESTION ROSARIO;;;;;1;
00005 TALLER;1000080737;30;ZPAN;mt taller consumible;;0;;;;MLARRETA;1012896;TERMINAL PALA MACHO 5 MM;100;Materiales genericos;CUMPLIDO;MM01;1;9/1/2026;29/1/2026;enero;10139991;30;1;9/1/2026;19/1/2026;C13;4500118554;50;MM05;1;MALVAREZ;27/1/2026;27/1/2026;30/1/2026;30/1/2026;C13;MARATA GERMAN DANIEL;100;0;0;100;5000160456;30/1/2026;MM05;1;1;30/1/2026;AITURRIETA;;8000084556;100;1;AITURRIETA;30/1/2026;30/1/2026;;;;;4900409355;100;GQUIROGA;3/2/2026;30/1/2026;;;;;;;;;;;;;;;1;;30/1/2026;00005;SEDE;0;0;-2;-2;0;0;;;;;;;;2;;;;2;;;;;;GESTION SAN JUAN;;;;;1;
00005 TALLER;1000080737;40;ZPAN;mt taller consumible;;0;;;;MLARRETA;1012896;TERMINAL PALA HEMBRA 5 MM;100;Materiales genericos;CUMPLIDO;MM01;1;9/1/2026;29/1/2026;enero;10139991;40;1;9/1/2026;19/1/2026;C13;4500118554;70;MM05;1;MALVAREZ;27/1/2026;27/1/2026;30/1/2026;30/1/2026;C13;MARATA GERMAN DANIEL;100;0;0;100;5000160456;30/1/2026;MM05;2;1;30/1/2026;AITURRIETA;;8000084556;100;1;AITURRIETA;30/1/2026;30/1/2026;;;;;4900409355;100;GQUIROGA;3/2/2026;30/1/2026;;;;;;;;;;;;;;;1;;30/1/2026;00005;SEDE;0;0;-2;-2;0;0;;;;;;;;2;;;;2;;;;;;GESTION SAN JUAN;;;;;1;
00005 TALLER;1000080763;10;ZPAN;INT 80001 - OT 20012;;0;;;;HCABELLO;1015947;ACOPLE LUZ AMERICANO MACHO;2;Materiales genericos;CUMPLIDO;MM01;1;10/1/2026;30/1/2026;enero;10140048;10;1;10/1/2026;10/1/2026;EFO;4500117564;10;MM05;1;GROSES;15/1/2026;15/1/2026;30/1/2026;30/1/2026;EFO;GINER CARLOS ALBERTO;2;0;0;2;5000170182;22/4/2026;MM05;1;1;22/4/2026;GQUIROGA;;8000089287;2;1;GQUIROGA;22/4/2026;22/4/2026;;;;;4900437156;2;GQUIROGA;22/4/2026;22/4/2026;;;;;;;;;;;;;;;82;;22/4/2026;00005;OTRO;0;0;-83;-1;0;0;;;;;;;;;;;;;;;;;;GESTION SAN JUAN;;;;;;
00005 TALLER;1000080763;20;ZPAN;INT 80001 - OT 20012;;0;;;;HCABELLO;1012896;ESTOPA DE LIMPIEZA 350 GR;2;Materiales genericos;CUMPLIDO;MM01;1;10/1/2026;30/1/2026;enero;10140048;20;1;10/1/2026;10/1/2026;EFO;4500117564;20;MM05;1;GROSES;15/1/2026;15/1/2026;30/1/2026;30/1/2026;EFO;GINER CARLOS ALBERTO;2;0;0;2;5000170182;22/4/2026;MM05;2;1;22/4/2026;GQUIROGA;;8000089287;2;1;GQUIROGA;22/4/2026;22/4/2026;;;;;4900437156;2;GQUIROGA;22/4/2026;22/4/2026;;;;;;;;;;;;;;;82;;22/4/2026;00005;OTRO;0;0;-83;-1;0;0;;;;;;;;;;;;;;;;;;GESTION SAN JUAN;;;;;;
00005 TALLER;1000080894;10;ZPAN;INSUMO HERRERIA - SF;;0;;;;SFLORES;1049438;CAÑO ESTRUCT. CUAD 40X100MM ESP:2MM X 6M;10;Materiales usuales;CUMPLIDO;MR01;1;12/1/2026;26/1/2026;enero;10140171;10;1;12/1/2026;13/1/2026;C08;4500117789;10;MR05;1;RMIR;19/1/2026;19/1/2026;26/1/2026;26/1/2026;C08;ACESID SA (ANTUÑA);10;0;0;10;5000160013;28/1/2026;MR05;1;1;28/1/2026;LNASUTI;;8000084278;10;1;LNASUTI;28/1/2026;28/1/2026;13222;TALLER 28/01;LNASUTI;28/1/2026;4900407430;10;CDAVID;28/1/2026;28/1/2026;;;;;;;;;;;;;;;2;;28/1/2026;00005;SEDE;0;0;-3;-1;0;0;0;;;;;;;3;;;;1;;;;;;GESTION ROSARIO;;;;;1;
00005 TALLER;1000080894;20;ZPAN;INSUMO HERRERIA - SF;;0;;;;SFLORES;1049439;CAÑO ESTRUCT. CUAD 40X80MM ESP:2MM X 6M;10;Materiales usuales;CUMPLIDO;MR01;1;12/1/2026;26/1/2026;enero;10140171;20;1;12/1/2026;13/1/2026;C08;4500117789;20;MR05;1;RMIR;19/1/2026;19/1/2026;26/1/2026;26/1/2026;C08;ACESID SA (ANTUÑA);10;0;0;10;5000160013;28/1/2026;MR05;2;1;28/1/2026;LNASUTI;;8000084278;10;1;LNASUTI;28/1/2026;28/1/2026;13222;TALLER 28/01;LNASUTI;28/1/2026;;0;;;;;;;;;;;;;;;;;;2;;28/1/2026;00005;SEDE;0;0;-3;-1;0;0;0;;;;;;;3;;;;1;;;;;;GESTION ROSARIO;;;;;1;
00005 TALLER;1000080951;10;ZPAN;INSUMO PINTURA - SF/;;20;;;;SFLORES;1049437;PINTURA POLIURE AZUL PASTEL X 3.6LTS;3;Materiales usuales;CUMPLIDO;MR01;1;13/1/2026;20/1/2026;enero;10140234;10;1;13/1/2026;14/1/2026;C22;4500117774;10;2001;1;GJULIANI;19/1/2026;19/1/2026;23/1/2026;23/1/2026;C22;PINTURERIAS DIN COLOR S. A.;3;0;0;3;5000159394;22/1/2026;2001;1;1;22/1/2026;JDICEVICUIS;;8000083965;3;1;JDICEVICUIS;22/1/2026;22/1/2026;13141;TALLER 22/01;LNASUTI;22/1/2026;4900405702;3;CDAVID;23/1/2026;22/1/2026;;;;;;;;;;;;;;;2;;22/1/2026;00005;SEDE;0;0;-3;-4;0;0;0;;;;;;;3;;;;4;;;;;;GESTION ROSARIO;;;;;1;
00005 TALLER;1000080951;20;ZPAN;INSUMO PINTURA - SF/;;20;;;;SFLORES;1046397;CATALIZADOR X 0,9 L;6;Materiales Stock C/Devol;CUMPLIDO;MR01;1;13/1/2026;20/1/2026;enero;10140234;20;1;13/1/2026;14/1/2026;C22;4500117774;20;2001;1;GJULIANI;19/1/2026;19/1/2026;23/1/2026;23/1/2026;C22;PINTURERIAS DIN COLOR S. A.;6;0;0;6;5000159394;22/1/2026;2001;2;1;22/1/2026;JDICEVICUIS;;8000083965;6;1;JDICEVICUIS;22/1/2026;22/1/2026;13141;TALLER 22/01;LNASUTI;22/1/2026;4900405702;6;CDAVID;23/1/2026;22/1/2026;;;;;;;;;;;;;;;2;;22/1/2026;00005;SEDE;0;0;-3;-4;0;0;0;;;;;;;3;;;;4;;;;;;GESTION ROSARIO;;;;;1;
00005 TALLER;1000081969;10;ZPAN;45007/45008 - INSUMO;;20;;;;SFLORES;1049840;PINZA DE MASA BRONCE 400AM;4;Materiales usuales;CUMPLIDO;MR01;1;29/1/2026;30/1/2026;enero;10141654;10;1;29/1/2026;29/1/2026;C27;4500118828;10;MR05;1;JESPARZA;29/1/2026;29/1/2026;29/1/2026;29/1/2026;C27;ARROYITO MAQUINARIAS S.R.L.;4;0;0;4;5000160530;31/1/2026;2001;1;1;31/1/2026;LNASUTI;;8000084597;4;1;LNASUTI;2/2/2026;3/2/2026;13320;TALLER 03/02;LNASUTI;3/2/2026;4900409389;4;CDAVID;3/2/2026;3/2/2026;;;;;;;;;;;;;;;4;;31/1/2026;00005;SEDE;0;0;-2;0;0;2;0;;;;;;;2;;;;;;;;;;GESTION ROSARIO;;;;;1;
00005 TALLER;1000081969;20;ZPAN;45007/45008 - INSUMO;;20;;;;SFLORES;1049840;PINZA DE MASA BRONCE 400AM;4;Materiales usuales;CUMPLIDO;MR01;1;29/1/2026;30/1/2026;enero;10141654;20;1;29/1/2026;29/1/2026;C27;4500118828;20;MR05;1;JESPARZA;29/1/2026;29/1/2026;29/1/2026;29/1/2026;C27;ARROYITO MAQUINARIAS S.R.L.;4;0;0;4;5000160530;31/1/2026;2001;2;1;31/1/2026;LNASUTI;;8000084597;4;1;LNASUTI;2/2/2026;3/2/2026;13320;TALLER 03/02;LNASUTI;3/2/2026;4900409389;4;CDAVID;3/2/2026;3/2/2026;;;;;;;;;;;;;;;4;;31/1/2026;00005;SEDE;0;0;-2;0;0;2;0;;;;;;;2;;;;;;;;;;GESTION ROSARIO;;;;;1;
00005 TALLER;1000081098;20;ZPAN;INSUMO MODULAR - SF/;;0;;;;SFLORES;1049539;"PERFIL ANGULO ALUMINIO 1"" X 1"" X 6M";20;Materiales usuales;CUMPLIDO;MR01;1;15/1/2026;4/2/2026;febrero;10140462;20;1;15/1/2026;16/1/2026;C19;4500117851;20;MR05;1;RMIR;19/1/2026;19/1/2026;4/2/2026;4/2/2026;C19;SANNELLA ALUMINIO S.R.L.;20;0;0;20;5000162335;18/2/2026;2001;1;1;18/2/2026;LBARTON;;8000085430;20;1;LBARTON;18/2/2026;18/2/2026;13510;Taller 18-02;LBARTON;18/2/2026;4900414321;20;CDAVID;19/2/2026;18/2/2026;;;;;;;;;;;;;;;14;;18/2/2026;00005;SEDE;0;0;-15;-1;0;0;0;;;;;;;15;;;;1;;;;;;GESTION ROSARIO;;;;;1;
00005 TALLER;1000081098;30;ZPAN;INSUMO MODULAR - SF/;;0;;;;SFLORES;1049538;"PERFIL ANGULO ALUMINIO 2"" X 2"" X 6M";20;Materiales usuales;CUMPLIDO;MR01;1;15/1/2026;4/2/2026;febrero;10140462;30;1;15/1/2026;16/1/2026;C19;4500117851;30;MR05;1;RMIR;19/1/2026;19/1/2026;4/2/2026;4/2/2026;C19;SANNELLA ALUMINIO S.R.L.;20;0;0;20;5000162335;18/2/2026;2001;2;1;18/2/2026;LBARTON;;8000085430;20;1;LBARTON;18/2/2026;18/2/2026;13510;Taller 18-02;LBARTON;18/2/2026;4900414321;20;CDAVID;19/2/2026;18/2/2026;;;;;;;;;;;;;;;14;;18/2/2026;00005;SEDE;0;0;-15;-1;0;0;0;;;;;;;15;;;;1;;;;;;GESTION ROSARIO;;;;;1;
00005 TALLER;1000081136;10;ZPAN;79002 - OT 20011873;;0;;;;HCABELLO;1015947;RACORD M 1/4 P/ MANGUERA 3/4;2;Materiales genericos;CUMPLIDO;MM01;1;15/1/2026;4/2/2026;febrero;10140523;10;1;15/1/2026;15/1/2026;EFO;4500117877;10;MM05;1;GROSES;19/1/2026;19/1/2026;4/2/2026;4/2/2026;EFO;OLIVARES ANTONIO ALBERTO;2;0;0;2;5000168062;7/4/2026;MM05;1;1;7/4/2026;GQUIROGA;;8000088422;2;1;GQUIROGA;7/4/2026;7/4/2026;;;;;4900431591;2;GQUIROGA;7/4/2026;7/4/2026;;;;;;;;;;;;;;;62;;7/4/2026;00005;OTRO;0;0;-63;-1;0;0;;;;;;;;;;;;;;;;;;GESTION SAN JUAN;;;;;;
00005 TALLER;1000081136;20;ZPAN;79002 - OT 20011873;;0;;;;HCABELLO;1015947;ADAPTADOR 90° M 1/4 NTP X H 1/4 NTP;1;Materiales genericos;CUMPLIDO;MM01;1;15/1/2026;4/2/2026;febrero;10140523;20;1;15/1/2026;15/1/2026;EFO;4500117877;20;MM05;1;GROSES;19/1/2026;19/1/2026;4/2/2026;4/2/2026;EFO;OLIVARES ANTONIO ALBERTO;1;0;0;1;5000168062;7/4/2026;MM05;2;1;7/4/2026;GQUIROGA;;8000088422;1;1;GQUIROGA;7/4/2026;7/4/2026;;;;;4900431591;1;GQUIROGA;7/4/2026;7/4/2026;;;;;;;;;;;;;;;62;;7/4/2026;00005;OTRO;0;0;-63;-1;0;0;;;;;;;;;;;;;;;;;;GESTION SAN JUAN;;;;;;
00005 TALLER;1000081136;30;ZPAN;79002 - OT 20011873;;0;;;;HCABELLO;1015947;ABRAZADERA N° 402;2;Materiales genericos;CUMPLIDO;MM01;1;15/1/2026;4/2/2026;febrero;10140523;30;1;15/1/2026;15/1/2026;EFO;4500117877;30;MM05;1;GROSES;19/1/2026;19/1/2026;4/2/2026;4/2/2026;EFO;OLIVARES ANTONIO ALBERTO;2;0;0;2;5000168062;7/4/2026;MM05;3;1;7/4/2026;GQUIROGA;;8000088422;2;1;GQUIROGA;7/4/2026;7/4/2026;;;;;4900431591;2;GQUIROGA;7/4/2026;7/4/2026;;;;;;;;;;;;;;;62;;7/4/2026;00005;OTRO;0;0;-63;-1;0;0;;;;;;;;;;;;;;;;;;GESTION SAN JUAN;;;;;;
00005 TALLER;1000081136;40;ZPAN;79002 - OT 20011873;;0;;;;HCABELLO;1015947;ADAPTADOR RECTO M 1/4 NTP X H 1/4 NTP;1;Materiales genericos;CUMPLIDO;MM01;1;15/1/2026;4/2/2026;febrero;10140523;40;1;15/1/2026;15/1/2026;EFO;4500117877;40;MM05;1;GROSES;19/1/2026;19/1/2026;4/2/2026;4/2/2026;EFO;OLIVARES ANTONIO ALBERTO;1;0;0;1;5000168062;7/4/2026;MM05;4;1;7/4/2026;GQUIROGA;;8000088422;1;1;GQUIROGA;7/4/2026;7/4/2026;;;;;4900431591;1;GQUIROGA;7/4/2026;7/4/2026;;;;;;;;;;;;;;;62;;7/4/2026;00005;OTRO;0;0;-63;-1;0;0;;;;;;;;;;;;;;;;;;GESTION SAN JUAN;;;;;;
00005 TALLER;1000081334;10;ZPAN;80001 - OT 20012372;;0;;;;HCABELLO;1015947;BARRA DE 40 LED 120W 56 CM LARGO;1;Materiales genericos;CUMPLIDO;MM01;1;19/1/2026;6/2/2026;febrero;10140776;10;1;19/1/2026;21/1/2026;EFO;4500118218;10;MM05;1;GROSES;22/1/2026;22/1/2026;6/2/2026;6/2/2026;EFO;GINER CARLOS ALBERTO;1;0;0;1;5000170183;22/4/2026;MM05;1;1;22/4/2026;GQUIROGA;;8000089288;1;1;GQUIROGA;22/4/2026;22/4/2026;;;;;4900437163;1;GQUIROGA;22/4/2026;22/4/2026;;;;;;;;;;;;;;;75;;22/4/2026;00005;OTRO;0;0;-76;-1;0;0;;;;;;;;;;;;;;;;;;GESTION SAN JUAN;;;;;;
00005 TALLER;1000081374;80;ZPAN;REPOS NO STOCK 20/0;;0;;;;SPONCE;1012192;ARANDELA PLANA 3 16PG GALVANIZADO;1000;Materiales usuales;CUMPLIDO;MR01;1;20/1/2026;3/2/2026;febrero;10140812;80;1;20/1/2026;21/1/2026;C27;4500118182;10;MR05;1;JESPARZA;22/1/2026;22/1/2026;30/1/2026;6/2/2026;C27;LARRAYA BULONES S.R.L.;1000;0;0;1000;5000161403;6/2/2026;2001;1;1;6/2/2026;LBARTON;;8000084973;1000;1;LBARTON;6/2/2026;7/2/2026;13383;TALLER 07/02;LNASUTI;7/2/2026;4900411444;1000;CDAVID;9/2/2026;7/2/2026;;;;;;;;;;;;;;;4;;6/2/2026;00005;SEDE;0;0;-4;-4;0;0;0;;;;;;;4;;;;4;;;;;;GESTION ROSARIO;;;;;1;
00005 TALLER;1000081374;90;ZPAN;REPOS NO STOCK 20/0;;0;;;;SPONCE;1012191;ARANDELA PLANA 1 4PG;1000;Materiales usuales;CUMPLIDO;MR01;1;20/1/2026;3/2/2026;febrero;10140812;90;1;20/1/2026;21/1/2026;C27;4500118182;20;MR05;1;JESPARZA;22/1/2026;22/1/2026;30/1/2026;6/2/2026;C27;LARRAYA BULONES S.R.L.;1000;0;0;1000;5000161403;6/2/2026;2001;2;1;6/2/2026;LBARTON;;8000084973;1000;1;LBARTON;6/2/2026;7/2/2026;13383;TALLER 07/02;LNASUTI;7/2/2026;4900411444;1000;CDAVID;9/2/2026;7/2/2026;;;;;;;;;;;;;;;4;;6/2/2026;00005;SEDE;0;0;-4;-4;0;0;0;;;;;;;4;;;;4;;;;;;GESTION ROSARIO;;;;;1;
00005 TALLER;1000081374;100;ZPAN;REPOS NO STOCK 20/0;;0;;;;SPONCE;1012876;"ARANDELAS PLANAS GALV. 5/16""";1000;Materiales genericos;CUMPLIDO;MR01;1;20/1/2026;3/2/2026;febrero;10140812;100;1;20/1/2026;21/1/2026;C27;4500118182;30;MR05;1;JESPARZA;22/1/2026;22/1/2026;30/1/2026;6/2/2026;C27;LARRAYA BULONES S.R.L.;1000;0;0;1000;5000161403;6/2/2026;2001;3;1;6/2/2026;LBARTON;;8000084973;1000;1;LBARTON;6/2/2026;7/2/2026;13383;TALLER 07/02;LNASUTI;7/2/2026;4900411444;1000;CDAVID;9/2/2026;7/2/2026;;;;;;;;;;;;;;;4;;6/2/2026;00005;SEDE;0;0;-4;-4;0;0;0;;;;;;;4;;;;4;;;;;;GESTION ROSARIO;;;;;1;
00005 TALLER;1000081374;110;ZPAN;REPOS NO STOCK 20/0;;0;;;;SPONCE;1012194;ARANDELA PLANA 3 8PG GALVANIZADO;1000;Materiales usuales;CUMPLIDO;MR01;1;20/1/2026;3/2/2026;febrero;10140812;110;1;20/1/2026;21/1/2026;C27;4500118182;40;MR05;1;JESPARZA;22/1/2026;22/1/2026;30/1/2026;6/2/2026;C27;LARRAYA BULONES S.R.L.;1000;0;0;1000;5000161403;6/2/2026;2001;4;1;6/2/2026;LBARTON;;8000084973;1000;1;LBARTON;6/2/2026;7/2/2026;13383;TALLER 07/02;LNASUTI;7/2/2026;4900411444;1000;CDAVID;9/2/2026;7/2/2026;;;;;;;;;;;;;;;4;;6/2/2026;00005;SEDE;0;0;-4;-4;0;0;0;;;;;;;4;;;;4;;;;;;GESTION ROSARIO;;;;;1;
00005 TALLER;1000081374;120;ZPAN;REPOS NO STOCK 20/0;;0;;;;SPONCE;1012876;"ARANDELAS PLANAS GALV. 1/2""";1000;Materiales genericos;CUMPLIDO;MR01;1;20/1/2026;3/2/2026;febrero;10140812;120;1;20/1/2026;21/1/2026;C27;4500118182;50;MR05;1;JESPARZA;22/1/2026;22/1/2026;30/1/2026;6/2/2026;C27;LARRAYA BULONES S.R.L.;1000;0;0;1000;5000161403;6/2/2026;2001;5;1;6/2/2026;LBARTON;;8000084973;1000;1;LBARTON;6/2/2026;7/2/2026;13383;TALLER 07/02;LNASUTI;7/2/2026;4900411444;1000;CDAVID;9/2/2026;7/2/2026;;;;;;;;;;;;;;;4;;6/2/2026;00005;SEDE;0;0;-4;-4;0;0;0;;;;;;;4;;;;4;;;;;;GESTION ROSARIO;;;;;1;
00005 TALLER;1000081374;130;ZPAN;REPOS NO STOCK 20/0;;0;;;;SPONCE;1012187;ARANDELA GROWER 7 16PG;500;Materiales usuales;CUMPLIDO;MR01;1;20/1/2026;3/2/2026;febrero;10140812;130;1;20/1/2026;21/1/2026;C27;4500118182;60;MR05;1;JESPARZA;22/1/2026;22/1/2026;30/1/2026;6/2/2026;C27;LARRAYA BULONES S.R.L.;500;0;0;500;5000161403;6/2/2026;2001;6;1;6/2/2026;LBARTON;;8000084973;500;1;LBARTON;6/2/2026;7/2/2026;13383;TALLER 07/02;LNASUTI;7/2/2026;4900411444;500;CDAVID;9/2/2026;7/2/2026;;;;;;;;;;;;;;;4;;6/2/2026;00005;SEDE;0;0;-4;-4;0;0;0;;;;;;;4;;;;4;;;;;;GESTION ROSARIO;;;;;1;
00005 TALLER;1000081374;140;ZPAN;REPOS NO STOCK 20/0;;0;;;;SPONCE;1012185;"ARANDELA GROWER 3/8""";500;Materiales usuales;CUMPLIDO;MR01;1;20/1/2026;3/2/2026;febrero;10140812;140;1;20/1/2026;21/1/2026;C27;4500118182;70;MR05;1;JESPARZA;22/1/2026;22/1/2026;30/1/2026;6/2/2026;C27;LARRAYA BULONES S.R.L.;500;0;0;500;5000161403;6/2/2026;2001;7;1;6/2/2026;LBARTON;;8000084973;500;1;LBARTON;6/2/2026;7/2/2026;13383;TALLER 07/02;LNASUTI;7/2/2026;4900411444;500;CDAVID;9/2/2026;7/2/2026;;;;;;;;;;;;;;;4;;6/2/2026;00005;SEDE;0;0;-4;-4;0;0;0;;;;;;;4;;;;4;;;;;;GESTION ROSARIO;;;;;1;
00005 TALLER;1000081374;150;ZPAN;REPOS NO STOCK 20/0;;0;;;;SPONCE;1012186;ARANDELA GROWER 5 16PG;500;Materiales usuales;CUMPLIDO;MR01;1;20/1/2026;3/2/2026;febrero;10140812;150;1;20/1/2026;21/1/2026;C27;4500118182;80;MR05;1;JESPARZA;22/1/2026;22/1/2026;30/1/2026;6/2/2026;C27;LARRAYA BULONES S.R.L.;500;0;0;500;5000161403;6/2/2026;2001;8;1;6/2/2026;LBARTON;;8000084973;500;1;LBARTON;6/2/2026;7/2/2026;13383;TALLER 07/02;LNASUTI;7/2/2026;4900411444;500;CDAVID;9/2/2026;7/2/2026;;;;;;;;;;;;;;;4;;6/2/2026;00005;SEDE;0;0;-4;-4;0;0;0;;;;;;;4;;;;4;;;;;;GESTION ROSARIO;;;;;1;
00005 TALLER;1000081374;160;ZPAN;REPOS NO STOCK 20/0;;0;;;;SPONCE;1012201;ARANDELA PLANA BISELADA 1 4PG;1000;Materiales usuales;CUMPLIDO;MR01;1;20/1/2026;3/2/2026;febrero;10140812;160;1;20/1/2026;21/1/2026;C27;4500118182;90;MR05;1;JESPARZA;22/1/2026;22/1/2026;30/1/2026;6/2/2026;C27;LARRAYA BULONES S.R.L.;1000;0;0;1000;5000161403;6/2/2026;2001;9;1;6/2/2026;LBARTON;;8000084973;1000;1;LBARTON;6/2/2026;7/2/2026;13383;TALLER 07/02;LNASUTI;7/2/2026;4900411444;1000;CDAVID;9/2/2026;7/2/2026;;;;;;;;;;;;;;;4;;6/2/2026;00005;SEDE;0;0;-4;-4;0;0;0;;;;;;;4;;;;4;;;;;;GESTION ROSARIO;;;;;1;
00005 TALLER;1000081374;170;ZPAN;REPOS NO STOCK 20/0;;0;;;;SPONCE;1012876;"ARANDELAS BISELADAS 5/16""";1000;Materiales genericos;CUMPLIDO;MR01;1;20/1/2026;3/2/2026;febrero;10140812;170;1;20/1/2026;21/1/2026;C27;4500118182;100;MR05;1;JESPARZA;22/1/2026;22/1/2026;30/1/2026;6/2/2026;C27;LARRAYA BULONES S.R.L.;1000;0;0;1000;5000161403;6/2/2026;2001;10;1;6/2/2026;LBARTON;;8000084973;1000;1;LBARTON;6/2/2026;7/2/2026;13383;TALLER 07/02;LNASUTI;7/2/2026;4900411444;1000;CDAVID;9/2/2026;7/2/2026;;;;;;;;;;;;;;;4;;6/2/2026;00005;SEDE;0;0;-4;-4;0;0;0;;;;;;;4;;;;4;;;;;;GESTION ROSARIO;;;;;1;
00005 TALLER;1000081374;180;ZPAN;REPOS NO STOCK 20/0;;0;;;;SPONCE;1012205;ARANDELA PLANA BISELADA 5 8PG;500;Materiales usuales;CUMPLIDO;MR01;1;20/1/2026;3/2/2026;febrero;10140812;180;1;20/1/2026;21/1/2026;C27;4500118182;110;MR05;1;JESPARZA;22/1/2026;22/1/2026;30/1/2026;6/2/2026;C27;LARRAYA BULONES S.R.L.;500;0;0;500;5000161403;6/2/2026;2001;11;1;6/2/2026;LBARTON;;8000084973;500;1;LBARTON;6/2/2026;7/2/2026;13383;TALLER 07/02;LNASUTI;7/2/2026;4900411444;500;CDAVID;9/2/2026;7/2/2026;;;;;;;;;;;;;;;4;;6/2/2026;00005;SEDE;0;0;-4;-4;0;0;0;;;;;;;4;;;;4;;;;;;GESTION ROSARIO;;;;;1;
00005 TALLER;1000081374;190;ZPAN;REPOS NO STOCK 20/0;;0;;;;SPONCE;1012203;ARANDELA PLANA BISELADA 3 4PG;200;Materiales usuales;CUMPLIDO;MR01;1;20/1/2026;3/2/2026;febrero;10140812;190;1;20/1/2026;21/1/2026;C27;4500118182;120;MR05;1;JESPARZA;22/1/2026;22/1/2026;30/1/2026;6/2/2026;C27;LARRAYA BULONES S.R.L.;200;0;0;200;5000161403;6/2/2026;2001;12;1;6/2/2026;LBARTON;;8000084973;200;1;LBARTON;6/2/2026;7/2/2026;13383;TALLER 07/02;LNASUTI;7/2/2026;4900411444;200;CDAVID;9/2/2026;7/2/2026;;;;;;;;;;;;;;;4;;6/2/2026;00005;SEDE;0;0;-4;-4;0;0;0;;;;;;;4;;;;4;;;;;;GESTION ROSARIO;;;;;1;
00005 TALLER;1000081421;10;ZPAN;87115 - OT 20012925;;0;;;;HCABELLO;1033550;FARO LED 9V 36 LUXLED XUN;1;Materiales Stock S/Devol;CUMPLIDO;MM01;1;20/1/2026;9/2/2026;febrero;10140909;10;1;20/1/2026;21/1/2026;EFO;4500118281;10;MM05;1;GROSES;23/1/2026;23/1/2026;9/3/2026;9/3/2026;EFO;MELQUI PABLO;1;0;0;1;5000166275;20/3/2026;MM05;1;1;20/3/2026;GQUIROGA;;8000087570;1;1;GQUIROGA;20/3/2026;20/3/2026;;;;;4900425947;1;GQUIROGA;20/3/2026;20/3/2026;;;;;;;;;;;;;;;39;;20/3/2026;00005;OTRO;0;0;-40;-29;0;0;;;;;;;;;;;;;;;;;;GESTION SAN JUAN;;;;;;
00005 TALLER;1000081533;10;ZPAN;6863 - OT 20012971;;0;;;;HCABELLO;1015947;ACOPLE DE BRONCE MANGUERA 50 MM;1;Materiales genericos;CUMPLIDO;MM01;1;22/1/2026;11/2/2026;febrero;10141105;10;1;22/1/2026;23/1/2026;EFO;4500118610;10;MM05;1;GROSES;28/1/2026;28/1/2026;11/2/2026;11/2/2026;EFO;J.M.F. VIAL & PARTS SAS;1;0;0;1;5000166195;19/3/2026;MM05;1;1;19/3/2026;GQUIROGA;;8000087533;1;1;GQUIROGA;19/3/2026;19/3/2026;;;;;4900425638;1;GQUIROGA;19/3/2026;19/3/2026;;;;;;;;;;;;;;;36;;19/3/2026;00005;OTRO;0;0;-37;-1;0;0;;;;;;;;;;;;;;;;;;GESTION SAN JUAN;;;;;;
00005 TALLER;1000081617;10;ZPAN;INSUMO OVH - SF/LM;;0;;;;SFLORES;1046236;JUEGO TUBOS BOCALLAVES TORX HEM-MACHO;3;Materiales usuales;CUMPLIDO;MR01;1;23/1/2026;6/2/2026;febrero;10141225;10;1;23/1/2026;26/1/2026;C27;4500118548;10;MR05;1;JESPARZA;27/1/2026;27/1/2026;4/2/2026;4/2/2026;C27;ARROYITO MAQUINARIAS S.R.L.;3;0;0;3;5000161613;9/2/2026;2001;1;1;9/2/2026;LNASUTI;;8000085071;3;1;LNASUTI;9/2/2026;10/2/2026;13410;TALLER 10/02;LNASUTI;10/2/2026;4900412111;3;CDAVID;10/2/2026;10/2/2026;;;;;;;;;;;;;;;4;;9/2/2026;00005;SEDE;0;0;-4;1;0;0;0;;;;;;;4;;;;;;;;;;GESTION ROSARIO;;;;;1;
00005 TALLER;1000081618;10;ZPAN;INSUMO MODULAR - SF/;;0;;;;SFLORES;1011021;CONECTOR PARA TUBO PVC DIAM20MM;100;Materiales usuales;CUMPLIDO;MR01;1;23/1/2026;6/2/2026;febrero;10141226;10;1;23/1/2026;26/1/2026;C11;4500118777;10;MR05;1;JPUPULIN;29/1/2026;29/1/2026;6/2/2026;6/2/2026;C11;INGENIERIA BOGGIO S.A;100;0;0;100;5000162114;13/2/2026;2001;1;1;13/2/2026;LNASUTI;;8000085320;100;1;LNASUTI;13/2/2026;13/2/2026;13477;TALLER 13/02;LNASUTI;13/2/2026;4900413408;100;CDAVID;14/2/2026;13/2/2026;;;;;;;;;;;;;;;7;;13/2/2026;00005;SEDE;0;0;-8;-1;0;0;0;;;;;;;8;;;;1;;;;;;GESTION ROSARIO;;;;;1;
00005 TALLER;1000081618;20;ZPAN;INSUMO MODULAR - SF/;;0;;;;SFLORES;1034163;CAJA P/ TERMICA 4 BOCAS EXTERIOR GENROD;10;Materiales usuales;CUMPLIDO;MR01;1;23/1/2026;6/2/2026;febrero;10141226;20;1;23/1/2026;26/1/2026;C11;4500118777;20;MR05;1;JPUPULIN;29/1/2026;29/1/2026;6/2/2026;6/2/2026;C11;INGENIERIA BOGGIO S.A;10;0;0;10;5000162114;13/2/2026;2001;2;2;13/2/2026;LNASUTI;;8000085319;10;2;LNASUTI;13/2/2026;13/2/2026;13477;TALLER 13/02;LNASUTI;13/2/2026;4900413408;10;CDAVID;14/2/2026;13/2/2026;;;;;;;;;;;;;;;7;;13/2/2026;00005;SEDE;0;0;-8;-1;0;0;0;;;;;;;8;;;;1;;;;;;GESTION ROSARIO;;;;;1;
00005 TALLER;1000081667;10;ZPAN;INT 79002 - OT 20011;;0;;;;HCABELLO;1015947;MANGUERA PARA IRE1/2 POR 15 MTS;1;Materiales genericos;CUMPLIDO;MM01;1;23/1/2026;12/2/2026;febrero;10141285;10;1;23/1/2026;23/1/2026;EFO;4500118982;10;MM05;1;GROSES;2/2/2026;2/2/2026;12/2/2026;12/3/2026;EFO;LIRUSSI ARAGON FERNANDO ARIEL;1;0;0;1;5000162450;19/2/2026;MM05;1;1;19/2/2026;GQUIROGA;;8000085496;1;1;GQUIROGA;19/2/2026;19/2/2026;;;;;4900414373;1;GQUIROGA;19/2/2026;19/2/2026;;;;;;;;;;;;;;;7;;19/2/2026;00005;OTRO;0;0;-8;-29;0;0;;;;;;;;;;;;;;;;;;GESTION SAN JUAN;;;;;;
00005 TALLER;1000081802;10;ZPAN;45007/45008 - INSUMO;;20;;;;SFLORES;1012439;PINZA PORTA ELECTRODO 500 AMP;4;Materiales usuales;CUMPLIDO;MR01;1;27/1/2026;2/2/2026;febrero;10141470;10;1;27/1/2026;27/1/2026;C27;4500118593;10;MR05;1;JESPARZA;27/1/2026;27/1/2026;30/1/2026;10/2/2026;C27;ARROYITO MAQUINARIAS S.R.L.;4;0;0;4;5000161059;5/2/2026;2001;1;1;5/2/2026;LNASUTI;;8000084829;4;1;LNASUTI;5/2/2026;5/2/2026;13343;TALLER 05/02;LNASUTI;5/2/2026;4900410332;4;CDAVID;5/2/2026;5/2/2026;;;;;;;;;;;;;;;3;;5/2/2026;00005;SEDE;0;0;-4;-9;0;0;0;;;;;;;4;;;;9;;;;;;GESTION ROSARIO;;;;;1;
00005 TALLER;1000081802;50;ZPAN;45007/45008 - INSUMO;;20;;;;SFLORES;1012439;PINZA PORTA ELECTRODO 500 AMP;4;Materiales usuales;CUMPLIDO;MR01;1;27/1/2026;2/2/2026;febrero;10141470;50;1;27/1/2026;27/1/2026;C27;4500118593;50;MR05;1;JESPARZA;27/1/2026;27/1/2026;;30/1/2026;C27;ARROYITO MAQUINARIAS S.R.L.;4;0;0;4;5000161059;5/2/2026;2001;2;2;5/2/2026;LNASUTI;;8000084337;4;2;LNASUTI;28/1/2026;29/1/2026;13262;TALLER 29/01;LNASUTI;29/1/2026;4900410332;4;CDAVID;5/2/2026;5/2/2026;;;;;;;;;;;;;;;3;;5/2/2026;00005;SEDE;0;0;-4;2;0;-8;0;;;;;;;4;;;;;;;;;;GESTION ROSARIO;;;;;1;
00005 TALLER;1000082141;10;ZPAN;INT 71013 - OT 20013;;0;;;;HCABELLO;1015947;BURLETE BI-GOMA GRANDE (PBG384);3;Materiales genericos;CUMPLIDO;MM01;1;31/1/2026;20/2/2026;febrero;10141870;10;1;31/1/2026;31/1/2026;EFO;4500119046;10;MM05;1;GROSES;2/2/2026;2/2/2026;20/2/2026;20/2/2026;EFO;GOMALAR SRL;3;0;0;3;5000164581;9/3/2026;MM05;1;1;9/3/2026;GQUIROGA;;8000086676;3;1;GQUIROGA;9/3/2026;9/3/2026;;;;;4900420711;3;GQUIROGA;9/3/2026;9/3/2026;;;;;;;;;;;;;;;17;;9/3/2026;00005;OTRO;0;0;-18;-1;0;0;;;;;;;;;;;;;;;;;;GESTION SAN JUAN;;;;;;
00005 TALLER;1000082147;50;ZPAN;REPOS NO STOCK 31/0;;0;;;;SPONCE;1012872;SELLADOR SILICONA BLANCO X 280ML;36;Materiales genericos;CUMPLIDO;MR01;1;31/1/2026;14/2/2026;febrero;10141882;50;1;31/1/2026;4/2/2026;C27;4500119453;20;MR05;1;JESPARZA;5/2/2026;5/2/2026;12/2/2026;12/2/2026;C27;ARROYITO MAQUINARIAS S.R.L.;36;0;0;36;5000163884;4/3/2026;2001;1;1;2/3/2026;LBARTON;;8000086357;36;1;LBARTON;4/3/2026;5/3/2026;13734;TALLER 05/03;LNASUTI;5/3/2026;4900419560;36;CDAVID;5/3/2026;5/3/2026;;;;;;;;;;;;;;;19;;4/3/2026;00005;SEDE;0;0;-17;1;2;0;0;;;;;;;17;;;;;;;;;;GESTION ROSARIO;1;;;1;1;
00005 TALLER;1000082147;80;ZPAN;REPOS NO STOCK 31/0;;0;;;;SPONCE;1012170;LIMPIACONTACTOS EN AEROSOL;48;Materiales usuales;CUMPLIDO;MR01;1;31/1/2026;14/2/2026;febrero;10141882;80;1;31/1/2026;4/2/2026;C27;4500119453;30;MR05;1;JESPARZA;5/2/2026;5/2/2026;12/2/2026;12/2/2026;C27;ARROYITO MAQUINARIAS S.R.L.;48;0;0;48;5000163884;4/3/2026;2001;2;1;2/3/2026;LBARTON;;8000086357;48;1;LBARTON;4/3/2026;5/3/2026;13734;TALLER 05/03;LNASUTI;5/3/2026;4900419560;48;CDAVID;5/3/2026;5/3/2026;;;;;;;;;;;;;;;19;;4/3/2026;00005;SEDE;0;0;-17;1;2;0;0;;;;;;;17;;;;;;;;;;GESTION ROSARIO;1;;;1;1;
00005 TALLER;1000082147;110;ZPAN;REPOS NO STOCK 31/0;;0;;;;SPONCE;1012871;LOCTITE 277 - TRABA ROSCA X 50G;12;Materiales genericos;CUMPLIDO;MR01;1;31/1/2026;14/2/2026;febrero;10141882;110;1;31/1/2026;4/2/2026;C27;4500119449;70;MR05;1;JESPARZA;5/2/2026;6/2/2026;12/2/2026;12/2/2026;C27;FERRETERA SAN LUIS;12;0;0;12;5000168015;7/4/2026;2001;1;2;7/4/2026;LNASUTI;;8000088406;12;2;LBARTON;11/2/2026;7/4/2026;13477;TALLER 13/02;LNASUTI;13/2/2026;4900431743;12;CDAVID;8/4/2026;7/4/2026;;;;;;;;;;;;;;;52;;7/4/2026;00005;SEDE;0;0;-53;1;0;-55;53;;;;;;;53;;;;;;;;;;GESTION ROSARIO;;;;;1;
00005 TALLER;1000082147;120;ZPAN;REPOS NO STOCK 31/0;;0;;;;SPONCE;1012871;LOCTITE 243 X 50grs;8;Materiales genericos;CUMPLIDO;MR01;1;31/1/2026;14/2/2026;febrero;10141882;120;1;31/1/2026;4/2/2026;C27;4500119449;80;MR05;1;JESPARZA;5/2/2026;6/2/2026;12/2/2026;12/2/2026;C27;FERRETERA SAN LUIS;8;0;0;8;5000170337;23/4/2026;2001;1;2;22/4/2026;LNASUTI;;8000089374;8;2;LNASUTI;7/3/2026;24/4/2026;13777;TALLER 09/03;LNASUTI;9/3/2026;4900438399;8;CDAVID;25/4/2026;24/4/2026;;;;;;;;;;;;;;;69;;23/4/2026;00005;SEDE;0;0;-68;1;1;-47;46;;;;;;;68;;;;;;;;;;GESTION ROSARIO;;;;;1;
00005 TALLER;1000082147;140;ZPAN;REPOS NO STOCK 31/0;;0;;;;SPONCE;1012130;PRECINTOS NYLON 3,6 X 300 MM NEGROS X100;10;Materiales usuales;CUMPLIDO;MR01;1;31/1/2026;14/2/2026;febrero;10141882;140;1;31/1/2026;4/2/2026;C27;4500119453;50;MR05;1;JESPARZA;5/2/2026;5/2/2026;12/2/2026;12/2/2026;C27;ARROYITO MAQUINARIAS S.R.L.;10;0;0;10;5000162492;19/2/2026;MR05;1;1;18/2/2026;LBARTON;;;0;0;;;;;;;;;0;;;;;;;;;;;;;;;;;;4;;18/2/2026;00005;SEDE;;;-5;1;1;;;;;;;;;5;;;;;;;;;;GESTION ROSARIO;;;;;1;
00005 TALLER;1000082147;150;ZPAN;REPOS NO STOCK 31/0;;0;;;;SPONCE;1012130;PRECINTOS NYLON 4,8 X 200 MM NEGROS X100;10;Materiales usuales;CUMPLIDO;MR01;1;31/1/2026;14/2/2026;febrero;10141882;150;1;31/1/2026;4/2/2026;C27;4500119453;60;MR05;1;JESPARZA;5/2/2026;5/2/2026;12/2/2026;12/2/2026;C27;ARROYITO MAQUINARIAS S.R.L.;10;0;0;10;5000162492;19/2/2026;MR05;2;1;18/2/2026;LBARTON;;;0;0;;;;;;;;;0;;;;;;;;;;;;;;;;;;4;;18/2/2026;00005;SEDE;;;-5;1;1;;;;;;;;;5;;;;;;;;;;GESTION ROSARIO;;;;;1;
00005 TALLER;1000082148;10;ZPAN;REPOS NO STOCK 31/0;;0;;;;SPONCE;1012877;"BULON ACERO G 8,8 1/2X1.1/2""";600;Materiales genericos;CUMPLIDO;MR01;1;31/1/2026;20/2/2026;febrero;10141883;10;1;31/1/2026;4/2/2026;C27;4500119534;10;MR05;1;JESPARZA;6/2/2026;6/2/2026;18/2/2026;18/2/2026;C27;ROMERO FERNANDO NAHUEL;600;0;0;600;5000163510;28/2/2026;MR05;1;1;28/2/2026;JDICEVICUIS;;8000086129;600;1;JDICEVICUIS;28/2/2026;2/3/2026;13662;Taller 02-03-26;LBARTON;2/3/2026;;0;;;;;;;;;;;;;;;;;;8;;28/2/2026;00005;SEDE;0;0;-9;1;0;0;0;;;;;;;9;;;;;;;;;;GESTION ROSARIO;;;;;1;
00005 TALLER;1000082148;20;ZPAN;REPOS NO STOCK 31/0;;0;;;;SPONCE;1012877;"BULON ACERO  G.8,8 1/2X2""";600;Materiales genericos;CUMPLIDO;MR01;1;31/1/2026;20/2/2026;febrero;10141883;20;1;31/1/2026;4/2/2026;C27;4500119534;20;MR05;1;JESPARZA;6/2/2026;6/2/2026;18/2/2026;18/2/2026;C27;ROMERO FERNANDO NAHUEL;600;0;0;600;5000163510;28/2/2026;MR05;2;1;28/2/2026;JDICEVICUIS;;8000086129;600;1;JDICEVICUIS;28/2/2026;2/3/2026;13662;Taller 02-03-26;LBARTON;2/3/2026;;0;;;;;;;;;;;;;;;;;;8;;28/2/2026;00005;SEDE;0;0;-9;1;0;0;0;;;;;;;9;;;;;;;;;;GESTION ROSARIO;;;;;1;
00005 TALLER;1000082148;90;ZPAN;REPOS NO STOCK 31/0;;0;;;;SPONCE;1012877;"BULON ACERO  G.8,8 3/8X1""";600;Materiales genericos;CUMPLIDO;MR01;1;31/1/2026;20/2/2026;febrero;10141883;90;1;31/1/2026;4/2/2026;C27;4500119534;30;MR05;1;JESPARZA;6/2/2026;6/2/2026;18/2/2026;18/2/2026;C27;ROMERO FERNANDO NAHUEL;600;0;0;600;5000163510;28/2/2026;MR05;3;1;28/2/2026;JDICEVICUIS;;8000086129;600;1;JDICEVICUIS;28/2/2026;2/3/2026;13662;Taller 02-03-26;LBARTON;2/3/2026;;0;;;;;;;;;;;;;;;;;;8;;28/2/2026;00005;SEDE;0;0;-9;1;0;0;0;;;;;;;9;;;;;;;;;;GESTION ROSARIO;;;;;1;
00005 TALLER;1000082148;100;ZPAN;REPOS NO STOCK 31/0;;0;;;;SPONCE;1012877;"BULON ACERO  G.8,8 3/8X1""1/4";600;Materiales genericos;CUMPLIDO;MR01;1;31/1/2026;20/2/2026;febrero;10141883;100;1;31/1/2026;4/2/2026;C27;4500119534;40;MR05;1;JESPARZA;6/2/2026;6/2/2026;18/2/2026;18/2/2026;C27;ROMERO FERNANDO NAHUEL;600;0;0;600;5000163510;28/2/2026;MR05;4;1;28/2/2026;JDICEVICUIS;;8000086129;600;1;JDICEVICUIS;28/2/2026;2/3/2026;13662;Taller 02-03-26;LBARTON;2/3/2026;;0;;;;;;;;;;;;;;;;;;8;;28/2/2026;00005;SEDE;0;0;-9;1;0;0;0;;;;;;;9;;;;;;;;;;GESTION ROSARIO;;;;;1;
00005 TALLER;1000082148;110;ZPAN;REPOS NO STOCK 31/0;;0;;;;SPONCE;1012877;"BULON ACERO  G.8,8 3/8X1""1/2";600;Materiales genericos;CUMPLIDO;MR01;1;31/1/2026;20/2/2026;febrero;10141883;110;1;31/1/2026;4/2/2026;C27;4500119534;50;MR05;1;JESPARZA;6/2/2026;6/2/2026;18/2/2026;18/2/2026;C27;ROMERO FERNANDO NAHUEL;600;0;0;600;5000163510;28/2/2026;MR05;5;1;28/2/2026;JDICEVICUIS;;8000086129;600;1;JDICEVICUIS;28/2/2026;2/3/2026;13662;Taller 02-03-26;LBARTON;2/3/2026;;0;;;;;;;;;;;;;;;;;;8;;28/2/2026;00005;SEDE;0;0;-9;1;0;0;0;;;;;;;9;;;;;;;;;;GESTION ROSARIO;;;;;1;
00005 TALLER;1000082148;120;ZPAN;REPOS NO STOCK 31/0;;0;;;;SPONCE;1012877;"BULON ACERO  G.8,8 3/8X2""";600;Materiales genericos;CUMPLIDO;MR01;1;31/1/2026;20/2/2026;febrero;10141883;120;1;31/1/2026;4/2/2026;C27;4500119534;60;MR05;1;JESPARZA;6/2/2026;6/2/2026;18/2/2026;18/2/2026;C27;ROMERO FERNANDO NAHUEL;600;0;0;600;5000163510;28/2/2026;MR05;6;1;28/2/2026;JDICEVICUIS;;8000086129;600;1;JDICEVICUIS;28/2/2026;2/3/2026;13662;Taller 02-03-26;LBARTON;2/3/2026;;0;;;;;;;;;;;;;;;;;;8;;28/2/2026;00005;SEDE;0;0;-9;1;0;0;0;;;;;;;9;;;;;;;;;;GESTION ROSARIO;;;;;1;
00005 TALLER;1000082148;130;ZPAN;REPOS NO STOCK 31/0;;0;;;;SPONCE;1012877;"BULON ACERO  G.8,8 1/2X3""";400;Materiales genericos;CUMPLIDO;MR01;1;31/1/2026;20/2/2026;febrero;10141883;130;1;31/1/2026;4/2/2026;C27;4500119534;70;MR05;1;JESPARZA;6/2/2026;6/2/2026;18/2/2026;18/2/2026;C27;ROMERO FERNANDO NAHUEL;400;0;0;400;5000163510;28/2/2026;MR05;7;1;28/2/2026;JDICEVICUIS;;8000086129;400;1;JDICEVICUIS;28/2/2026;2/3/2026;13662;Taller 02-03-26;LBARTON;2/3/2026;;0;;;;;;;;;;;;;;;;;;8;;28/2/2026;00005;SEDE;0;0;-9;1;0;0;0;;;;;;;9;;;;;;;;;;GESTION ROSARIO;;;;;1;
00005 TALLER;1000082148;140;ZPAN;REPOS NO STOCK 31/0;;0;;;;SPONCE;1012877;"BULON ACERO  G.8,8 5/8X3""";400;Materiales genericos;CUMPLIDO;MR01;1;31/1/2026;20/2/2026;febrero;10141883;140;1;31/1/2026;4/2/2026;C27;4500119534;80;MR05;1;JESPARZA;6/2/2026;6/2/2026;18/2/2026;18/2/2026;C27;ROMERO FERNANDO NAHUEL;400;0;0;400;5000163510;28/2/2026;MR05;8;1;28/2/2026;JDICEVICUIS;;8000086129;400;1;JDICEVICUIS;28/2/2026;2/3/2026;13662;Taller 02-03-26;LBARTON;2/3/2026;;0;;;;;;;;;;;;;;;;;;8;;28/2/2026;00005;SEDE;0;0;-9;1;0;0;0;;;;;;;9;;;;;;;;;;GESTION ROSARIO;;;;;1;
00005 TALLER;1000082148;150;ZPAN;REPOS NO STOCK 31/0;;0;;;;SPONCE;1012877;"BULON ACERO  G.8,8 5/8X5""1/2";100;Materiales genericos;CUMPLIDO;MR01;1;31/1/2026;20/2/2026;febrero;10141883;150;1;31/1/2026;4/2/2026;C27;4500119534;90;MR05;1;JESPARZA;6/2/2026;6/2/2026;18/2/2026;18/2/2026;C27;ROMERO FERNANDO NAHUEL;100;0;0;100;5000165112;12/3/2026;2001;1;1;12/3/2026;LNASUTI;;8000086956;100;1;LNASUTI;12/3/2026;13/3/2026;13893;TALLER 13/03;LNASUTI;13/3/2026;4900423461;100;CDAVID;14/3/2026;13/3/2026;;;;;;;;;;;;;;;21;;12/3/2026;00005;SEDE;0;0;-21;1;0;0;0;;;;;;;21;;;;;;;;;;GESTION ROSARIO;;;;;1;
00005 TALLER;1000082152;10;ZPAN;carrito urg 31.1.26;;0;;;;CDAVID;1009629;SHAMPOO DE CARROCERIA TRANSNET C SUPER X;4;Materiales usuales;CUMPLIDO;MR01;1;31/1/2026;14/2/2026;febrero;10141887;10;1;31/1/2026;4/2/2026;C17;4500119299;10;2001;1;GJULIANI;4/2/2026;4/2/2026;13/2/2026;24/2/2026;C17;PELLIZZARI WALTER GABRIEL;4;0;0;4;5000162793;23/2/2026;2001;1;1;23/2/2026;LBARTON;;8000085731;4;1;LBARTON;23/2/2026;23/2/2026;13583;Taller 23/02;LBARTON;23/2/2026;4900415924;4;SPONCE;24/2/2026;23/2/2026;;;;;;;;;;;;;;;9;;23/2/2026;00005;SEDE;0;0;-10;-11;0;0;0;;;;;;;10;;;;11;;;;;;GESTION ROSARIO;;;;;1;
00005 TALLER;1000082152;20;ZPAN;carrito urg 31.1.26;;0;;;;CDAVID;1009629;DESINCRUSTANTE DEPTACID SUPER X 10 KG;2;Materiales usuales;CUMPLIDO;MR01;1;31/1/2026;14/2/2026;febrero;10141887;20;1;31/1/2026;4/2/2026;C17;4500119299;20;2001;1;GJULIANI;4/2/2026;4/2/2026;13/2/2026;24/2/2026;C17;PELLIZZARI WALTER GABRIEL;2;0;0;2;5000162793;23/2/2026;2001;2;1;23/2/2026;LBARTON;;8000085731;2;1;LBARTON;23/2/2026;23/2/2026;13583;Taller 23/02;LBARTON;23/2/2026;4900415924;2;SPONCE;24/2/2026;23/2/2026;;;;;;;;;;;;;;;9;;23/2/2026;00005;SEDE;0;0;-10;-11;0;0;0;;;;;;;10;;;;11;;;;;;GESTION ROSARIO;;;;;1;
00005 TALLER;1000082181;10;ZPAN;INT 79002 - OT 20011;;0;;;;HCABELLO;1015947;LANZA PARA HIDROLAVADORA SALIDA 3/4;1;Materiales genericos;CUMPLIDO;MM01;1;2/2/2026;20/2/2026;febrero;10141916;10;1;2/2/2026;3/2/2026;C43;4500119309;10;MM05;1;EFUNES;4/2/2026;4/2/2026;20/2/2026;10/4/2026;C43;HIDROTECNICA SAN JUAN S.A.S;1;0;0;1;5000168075;7/4/2026;MM05;1;1;7/4/2026;GQUIROGA;;8000088431;1;1;GQUIROGA;7/4/2026;7/4/2026;;;;;4900431628;1;GQUIROGA;7/4/2026;7/4/2026;;;;;;;;;;;;;;;46;;7/4/2026;00005;EQUIPOS;0;0;-47;-50;0;0;;;;;;;;;;;;;47;;;;50;GESTION SAN JUAN;;;;;;1
00005 TALLER;1000082206;10;ZPAN;INSUMO HERRERIA - SF;;20;;;;SFLORES;1049814;"HIERRO TREFI. REDON. SAE 1010 Ø3/4"" X 6M";3;Materiales usuales;CUMPLIDO;MR01;1;2/2/2026;9/2/2026;febrero;10141954;10;1;2/2/2026;4/2/2026;C08;4500119541;10;MR05;1;RMIR;6/2/2026;6/2/2026;9/2/2026;9/2/2026;C08;ORLANDI INDUST. Y COMERC. S.A;3;0;0;3;5000162332;18/2/2026;2001;1;1;18/2/2026;LBARTON;;8000085427;3;1;LBARTON;18/2/2026;18/2/2026;13510;Taller 18-02;LBARTON;18/2/2026;4900414322;3;CDAVID;19/2/2026;18/2/2026;;;;;;;;;;;;;;;9;;18/2/2026;00005;SEDE;0;0;-10;-1;0;0;0;;;;;;;10;;;;1;;;;;;GESTION ROSARIO;;;;;1;
00005 TALLER;1000082346;10;ZPAN;INSUMO A/A - MF/SF;;0;;;;SFLORES;1049945;ACEITE P/COMPRESOR;2;Materiales usuales;CUMPLIDO;MR01;1;4/2/2026;18/2/2026;febrero;10142186;10;1;4/2/2026;5/2/2026;L01;4500120098;10;MR05;1;FBERARDO;13/2/2026;18/2/2026;25/2/2026;25/2/2026;L01;BOR UR S.R.L.;2;0;0;2;5000163115;25/2/2026;2001;1;1;25/2/2026;LBARTON;;8000085922;2;1;LBARTON;25/2/2026;25/2/2026;13620;TALLER 25/02/26;LBARTON;25/2/2026;4900416474;2;CDAVID;26/2/2026;25/2/2026;;;;;;;;;;;;;;;7;;25/2/2026;00005;OTRO;0;0;-8;-8;0;0;0;;;;;;;;;;;;;;;;;GESTION ROSARIO;;;;;;
00005 TALLER;1000082368;10;ZPAN;INSUMO HERRERIA - SF;;20;;;;SFLORES;1049950;CHAPA LISA SAE 1010 N12 1220X2440MM;5;Materiales usuales;CUMPLIDO;MR01;1;4/2/2026;9/2/2026;febrero;10142212;10;1;4/2/2026;5/2/2026;C08;4500119705;10;MR05;1;RMIR;9/2/2026;9/2/2026;11/2/2026;11/2/2026;C08;ACESID SA (ANTUÑA);5;0;0;5;5000161984;12/2/2026;2001;1;1;12/2/2026;LNASUTI;;8000085247;5;1;LNASUTI;12/2/2026;13/2/2026;13477;TALLER 13/02;LNASUTI;13/2/2026;4900413403;5;CDAVID;14/2/2026;13/2/2026;;;;;;;;;;;;;;;4;;12/2/2026;00005;SEDE;0;0;-4;-3;0;0;0;;;;;;;4;;;;3;;;;;;GESTION ROSARIO;;;;;1;
00005 TALLER;1000082368;20;ZPAN;INSUMO HERRERIA - SF;;20;;;;SFLORES;1049951;MATERIAL DESPLE. 450X30X30 1500X3000MM;3;Materiales usuales;CUMPLIDO;MR01;1;4/2/2026;9/2/2026;febrero;10142212;20;1;4/2/2026;5/2/2026;C08;4500119705;20;MR05;1;RMIR;9/2/2026;9/2/2026;11/2/2026;11/2/2026;C08;ACESID SA (ANTUÑA);3;0;0;3;5000161984;12/2/2026;2001;2;1;12/2/2026;LNASUTI;;8000085247;3;1;LNASUTI;12/2/2026;13/2/2026;13477;TALLER 13/02;LNASUTI;13/2/2026;4900413403;3;CDAVID;14/2/2026;13/2/2026;;;;;;;;;;;;;;;4;;12/2/2026;00005;SEDE;0;0;-4;-3;0;0;0;;;;;;;4;;;;3;;;;;;GESTION ROSARIO;;;;;1;
00005 TALLER;1000082399;10;ZPAN;INSUMO MODULAR - SF/;;0;;;;SFLORES;1046982;BARRAL ANTIPANICO X1M C/ LLAVE Y MANIJA;2;Materiales usuales;CUMPLIDO;MR01;1;4/2/2026;15/2/2026;febrero;10142278;10;1;4/2/2026;5/2/2026;C19;4500120794;80;2001;1;VBARRA;24/2/2026;24/2/2026;27/2/2026;27/2/2026;C19;ROBERTO CALZAVARA S.R.L.;2;0;0;2;5000164510;7/3/2026;2001;2;1;7/3/2026;LNASUTI;;8000086632;2;1;LNASUTI;7/3/2026;9/3/2026;13777;TALLER 09/03;LNASUTI;9/3/2026;4900421196;2;CDAVID;10/3/2026;9/3/2026;;;;;;;;;;;;;;;22;;7/3/2026;00005;SEDE;0;0;-21;-13;0;0;0;;;;;;;21;;;;13;;;;;;GESTION ROSARIO;;;;;1;
00005 TALLER;1000082399;20;ZPAN;INSUMO MODULAR - SF/;;0;;;;SFLORES;1046979;PUERTA DE CHAPA HOJA 0,9X2,05M - DER;2;Materiales usuales;CUMPLIDO;MR01;1;4/2/2026;15/2/2026;febrero;10142278;20;1;4/2/2026;5/2/2026;C19;4500120451;90;2001;1;VBARRA;20/2/2026;20/2/2026;25/2/2026;25/2/2026;C19;TORRI S.R.L.;2;0;0;2;5000162761;23/2/2026;2001;3;1;23/2/2026;JDICEVICUIS;;8000085726;2;1;JDICEVICUIS;23/2/2026;23/2/2026;13583;Taller 23/02;LBARTON;23/2/2026;4900415831;2;SPONCE;24/2/2026;23/2/2026;;;;;;;;;;;;;;;8;;23/2/2026;00005;SEDE;0;0;-9;-11;0;0;0;;;;;;;9;;;;11;;;;;;GESTION ROSARIO;;;;;1;
00005 TALLER;1000082399;30;ZPAN;INSUMO MODULAR - SF/;;0;;;;SFLORES;1049921;CIERRAPUERTA HIDRAULICO 80KG;2;Materiales usuales;CUMPLIDO;MR01;1;4/2/2026;15/2/2026;febrero;10142278;30;1;4/2/2026;5/2/2026;C19;4500120794;100;2001;1;VBARRA;24/2/2026;24/2/2026;27/2/2026;27/2/2026;C19;ROBERTO CALZAVARA S.R.L.;2;0;0;2;5000163514;28/2/2026;2001;2;1;28/2/2026;JDICEVICUIS;;8000086132;2;1;JDICEVICUIS;28/2/2026;2/3/2026;13662;Taller 02-03-26;LBARTON;2/3/2026;4900419956;2;SPONCE;6/3/2026;2/3/2026;;;;;;;;;;;;;;;15;;28/2/2026;00005;SEDE;0;0;-14;-13;0;0;0;;;;;;;14;;;;13;;;;;;GESTION ROSARIO;;;;;1;
00005 TALLER;1000082399;40;ZPAN;INSUMO MODULAR - SF/;;0;;;;SFLORES;1049953;PLAFON LED P/EMBUTIR 60X30CM;3;Materiales usuales;CUMPLIDO;MR01;1;4/2/2026;15/2/2026;febrero;10142278;40;1;4/2/2026;5/2/2026;C11;4500119939;10;MR05;1;PRODRIGUEZ;11/2/2026;11/2/2026;23/2/2026;23/2/2026;C11;ELECTRO-MAS SRL;3;0;0;3;5000162988;24/2/2026;MR05;1;1;24/2/2026;JDICEVICUIS;;8000085815;3;1;JDICEVICUIS;24/2/2026;25/2/2026;13620;TALLER 25/02/26;LBARTON;25/2/2026;4900416483;3;CDAVID;26/2/2026;25/2/2026;;;;;;;;;;;;;;;10;;25/2/2026;00005;SEDE;0;0;-10;-9;0;0;0;;;;;;;10;;;;9;;;;;;GESTION ROSARIO;;;;;1;
00005 TALLER;1000082399;60;ZPAN;INSUMO MODULAR - SF/;;0;;;;SFLORES;1047180;AIRE ACONDICIONADO FRIO CALOR 3500W;2;Materiales usuales;CUMPLIDO;MR01;1;4/2/2026;15/2/2026;febrero;10142278;60;1;4/2/2026;5/2/2026;C19;4500121065;60;2001;1;VBARRA;26/2/2026;26/2/2026;3/3/2026;3/3/2026;C19;MIGUEL ANGEL PAGANI E HIJOS SH;2;0;0;2;5000163644;2/3/2026;2001;1;1;28/2/2026;LBARTON;;8000086211;2;1;LBARTON;2/3/2026;3/3/2026;13691;TALLER 03.03.26;LBARTON;3/3/2026;4900418497;2;CDAVID;3/3/2026;3/3/2026;;;;;;;;;;;;;;;16;;2/3/2026;00005;SEDE;0;0;-14;-17;2;0;0;;;;;;;14;;;;17;;;;;;GESTION ROSARIO;1;;;1;1;
00005 TALLER;1000082399;70;ZPAN;INSUMO MODULAR - SF/;;0;;;;SFLORES;1046881;CORTINA BLACKOUT ANCHO 1,56M X ALTO 1,1M;3;Materiales usuales;CUMPLIDO;MR01;1;4/2/2026;15/2/2026;febrero;10142278;70;1;4/2/2026;5/2/2026;C19;4500120445;140;2001;1;VBARRA;20/2/2026;20/2/2026;25/2/2026;25/2/2026;C19;TODOCORT SRL;3;0;0;3;5000163497;27/2/2026;2001;2;1;25/2/2026;LBARTON;;8000086118;3;1;LBARTON;27/2/2026;2/3/2026;13662;Taller 02-03-26;LBARTON;2/3/2026;4900419960;3;SPONCE;6/3/2026;2/3/2026;;;;;;;;;;;;;;;15;;27/2/2026;00005;SEDE;0;0;-11;-11;2;0;0;;;;;;;11;;;;11;;;;;;GESTION ROSARIO;1;;;1;1;
00005 TALLER;1000082426;10;ZPAN;91151 - INSUMO MODUL;;0;;;;SFLORES;1046982;BARRAL ANTIPANICO X1M C/ LLAVE Y MANIJA;2;Materiales usuales;CUMPLIDO;MR01;1;5/2/2026;13/2/2026;febrero;10142299;10;1;5/2/2026;9/2/2026;C19;4500120794;10;2001;1;VBARRA;24/2/2026;24/2/2026;27/2/2026;27/2/2026;C19;ROBERTO CALZAVARA S.R.L.;2;0;0;2;5000164510;7/3/2026;2001;1;1;7/3/2026;LNASUTI;;8000086633;2;1;LNASUTI;7/3/2026;9/3/2026;13777;TALLER 09/03;LNASUTI;9/3/2026;4900421189;2;CDAVID;10/3/2026;9/3/2026;;;;;;;;;;;;;;;24;;7/3/2026;00005;SEDE;0;0;-23;-15;0;0;0;;;;;;;23;;;;15;;;;;;GESTION ROSARIO;;;;;1;
00005 TALLER;1000082426;20;ZPAN;91151 - INSUMO MODUL;;0;;;;SFLORES;1049921;CIERRAPUERTA HIDRAULICO 80KG;2;Materiales usuales;CUMPLIDO;MR01;1;5/2/2026;13/2/2026;febrero;10142299;20;1;5/2/2026;9/2/2026;C19;4500120794;20;2001;1;VBARRA;24/2/2026;24/2/2026;27/2/2026;27/2/2026;C19;ROBERTO CALZAVARA S.R.L.;2;0;0;2;5000163514;28/2/2026;2001;1;1;28/2/2026;JDICEVICUIS;;8000086131;2;1;JDICEVICUIS;28/2/2026;2/3/2026;13662;Taller 02-03-26;LBARTON;2/3/2026;4900419955;2;SPONCE;6/3/2026;2/3/2026;;;;;;;;;;;;;;;17;;28/2/2026;00005;SEDE;0;0;-16;-15;0;0;0;;;;;;;16;;;;15;;;;;;GESTION ROSARIO;;;;;1;
00005 TALLER;1000082426;30;ZPAN;91151 - INSUMO MODUL;;0;;;;SFLORES;1046979;PUERTA DE CHAPA HOJA 0,9X2,05M - DER;2;Materiales usuales;CUMPLIDO;MR01;1;5/2/2026;13/2/2026;febrero;10142299;30;1;5/2/2026;9/2/2026;C19;4500120451;30;2001;1;VBARRA;20/2/2026;20/2/2026;25/2/2026;25/2/2026;C19;TORRI S.R.L.;2;0;0;2;5000162761;23/2/2026;2001;1;1;23/2/2026;JDICEVICUIS;;8000085725;2;1;JDICEVICUIS;23/2/2026;23/2/2026;13583;Taller 23/02;LBARTON;23/2/2026;4900415832;2;SPONCE;24/2/2026;23/2/2026;;;;;;;;;;;;;;;10;;23/2/2026;00005;SEDE;0;0;-11;-13;0;0;0;;;;;;;11;;;;13;;;;;;GESTION ROSARIO;;;;;1;
00005 TALLER;1000082426;40;ZPAN;91151 - INSUMO MODUL;;0;;;;SFLORES;1049920;VENTANA MODENA ANC150XALT100MM ESP: 4MM;3;Materiales usuales;CUMPLIDO;MR01;1;5/2/2026;13/2/2026;febrero;10142299;40;1;5/2/2026;9/2/2026;C19;4500120451;40;2001;1;VBARRA;20/2/2026;20/2/2026;25/2/2026;25/2/2026;C19;TORRI S.R.L.;3;0;0;3;5000162761;23/2/2026;2001;2;1;23/2/2026;JDICEVICUIS;;8000085725;3;1;JDICEVICUIS;23/2/2026;23/2/2026;13583;Taller 23/02;LBARTON;23/2/2026;4900415832;3;SPONCE;24/2/2026;23/2/2026;;;;;;;;;;;;;;;10;;23/2/2026;00005;SEDE;0;0;-11;-13;0;0;0;;;;;;;11;;;;13;;;;;;GESTION ROSARIO;;;;;1;
00005 TALLER;1000082426;60;ZPAN;91151 - INSUMO MODUL;;0;;;;SFLORES;1047180;AIRE ACONDICIONADO FRIO CALOR 3500W;2;Materiales usuales;CUMPLIDO;MR01;1;5/2/2026;13/2/2026;febrero;10142299;60;1;5/2/2026;9/2/2026;C19;4500121064;60;2001;1;VBARRA;26/2/2026;26/2/2026;3/3/2026;3/3/2026;C19;MIGUEL ANGEL PAGANI E HIJOS SH;2;0;0;2;5000163643;2/3/2026;2001;1;1;28/2/2026;LBARTON;;8000086212;2;1;LBARTON;2/3/2026;3/3/2026;13691;TALLER 03.03.26;LBARTON;3/3/2026;4900418496;2;CDAVID;3/3/2026;3/3/2026;;;;;;;;;;;;;;;18;;2/3/2026;00005;SEDE;0;0;-16;-19;2;0;0;;;;;;;16;;;;19;;;;;;GESTION ROSARIO;1;;;1;1;
00005 TALLER;1000082426;70;ZPAN;91151 - INSUMO MODUL;;0;;;;SFLORES;1046881;CORTINA BLACKOUT ANCHO 1,56M X ALTO 1,1M;3;Materiales usuales;CUMPLIDO;MR01;1;5/2/2026;13/2/2026;febrero;10142299;70;1;5/2/2026;9/2/2026;C19;4500120445;70;2001;1;VBARRA;20/2/2026;20/2/2026;25/2/2026;25/2/2026;C19;TODOCORT SRL;3;0;0;3;5000163497;27/2/2026;2001;1;1;25/2/2026;LBARTON;;8000086117;3;1;LBARTON;27/2/2026;2/3/2026;13662;Taller 02-03-26;LBARTON;2/3/2026;4900419958;3;SPONCE;6/3/2026;2/3/2026;;;;;;;;;;;;;;;17;;27/2/2026;00005;SEDE;0;0;-13;-13;2;0;0;;;;;;;13;;;;13;;;;;;GESTION ROSARIO;1;;;1;1;
00005 TALLER;1000082611;10;ZPAN;URGENCIA 9/2/26 9.0;;0;;;;CDAVID;1034961;ENGRANAJE CIGÜEÑAL;6;Materiales Stock;CUMPLIDO;MR01;1;9/2/2026;23/2/2026;febrero;10142531;10;1;9/2/2026;10/2/2026;C03;4500119897;10;MR05;1;FBERARDO;11/2/2026;11/2/2026;23/2/2026;23/2/2026;C03;GINZA S.A.;6;0;0;6;5000163249;26/2/2026;MR05;1;1;26/2/2026;CDAVID;;;0;0;;;;;;;;;0;;;;;;;;;;;;;;;;;;3;;26/2/2026;00005;OTRO;;;-4;-1;0;;;;;;;;;;;;;;;;;;;GESTION ROSARIO;;;;;;
00005 TALLER;1000082660;10;ZPAN;PEDIDO TALLER - PURG;;0;;;;HCABELLO;1015947;PROVISION E INSTALACION DE PURGA DA 100;1;Materiales genericos;CUMPLIDO;MM01;1;9/2/2026;27/2/2026;febrero;10142587;10;1;9/2/2026;9/2/2026;C43;4500119955;10;MM05;1;EFUNES;11/2/2026;11/2/2026;27/2/2026;23/4/2026;C43;VERINO MARCELO LEANDRO;1;0;0;1;5000164274;6/3/2026;MM05;1;1;6/3/2026;GROSES;;;0;0;;;;;;;;;0;;;;;;;;;;;;;;;;;;7;;6/3/2026;00005;EQUIPOS;;;-8;-56;0;;;;;;;;;;;;;;8;;;;56;GESTION SAN JUAN;;;;;;1
00005 TALLER;1000082819;40;ZPAN;carrito 11.2.26;;0;;;;CDAVID;1009668;RENOVADOR CREMOSO REVIGAL 300CC;12;Materiales usuales;CUMPLIDO;MR01;1;11/2/2026;25/2/2026;febrero;10142752;40;1;11/2/2026;12/2/2026;C17;4500120155;10;2001;1;GJULIANI;13/2/2026;13/2/2026;20/2/2026;25/2/2026;C17;TRAVEL FILTERS SRL;12;0;0;12;5000163289;26/2/2026;2001;1;1;26/2/2026;JDICEVICUIS;;8000085966;12;1;JDICEVICUIS;26/2/2026;27/2/2026;13640;Taller 27-02-26;LBARTON;27/2/2026;4900417280;12;CDAVID;27/2/2026;27/2/2026;;;;;;;;;;;;;;;2;;26/2/2026;00005;SEDE;0;0;-2;-1;0;0;0;;;;;;;2;;;;1;;;;;;GESTION ROSARIO;;;;;1;
00005 TALLER;1000082819;50;ZPAN;carrito 11.2.26;;0;;;;CDAVID;1009662;AEROSOL LIMPIATAPIZADOS YPF 400ML;24;Materiales usuales;CUMPLIDO;MR01;1;11/2/2026;25/2/2026;febrero;10142752;50;1;11/2/2026;12/2/2026;C17;4500120155;20;2001;1;GJULIANI;13/2/2026;13/2/2026;20/2/2026;25/2/2026;C17;TRAVEL FILTERS SRL;24;0;0;24;5000163289;26/2/2026;2001;2;1;26/2/2026;JDICEVICUIS;;8000085966;24;1;JDICEVICUIS;26/2/2026;27/2/2026;13640;Taller 27-02-26;LBARTON;27/2/2026;4900417280;24;CDAVID;27/2/2026;27/2/2026;;;;;;;;;;;;;;;2;;26/2/2026;00005;SEDE;0;0;-2;-1;0;0;0;;;;;;;2;;;;1;;;;;;GESTION ROSARIO;;;;;1;
00005 TALLER;1000082819;80;ZPAN;carrito 11.2.26;;0;;;;CDAVID;1012896;"AEROSOL PENET ANTIAD ""FREE"" 343GS";12;Materiales genericos;CUMPLIDO;MR01;1;11/2/2026;25/2/2026;febrero;10142752;80;1;11/2/2026;12/2/2026;C27;4500120350;40;MR05;1;JESPARZA;19/2/2026;19/2/2026;25/2/2026;25/2/2026;C27;IMPERIAL MOTOR S.A.;12;0;0;12;5000166729;26/3/2026;2001;1;3;23/3/2026;LBARTON;;8000087833;12;1;LBARTON;26/3/2026;27/3/2026;14100;TALLER 27/03;LNASUTI;27/3/2026;4900428551;12;CDAVID;28/3/2026;27/3/2026;;;;;;;;;;;;;;;30;;26/3/2026;00005;SEDE;0;0;-27;-1;3;0;0;;;;;;;27;;;;1;;;;;;GESTION ROSARIO;2;;;1;1;
00005 TALLER;1000083019;140;ZPAN;CARRRITO 14/2/26 8.0;;0;;;;CDAVID;1012807;manguito cobre N50;300;Materiales genericos;CUMPLIDO;MR01;1;14/2/2026;28/2/2026;febrero;10143022;140;1;14/2/2026;18/2/2026;C11;4500120483;120;MR05;1;PRODRIGUEZ;20/2/2026;21/2/2026;27/2/2026;27/2/2026;C11;CICCIOELEC SA;300;0;0;300;5000165411;13/3/2026;2001;9;1;13/3/2026;ALANDAVIDEA;;8000087110;300;1;ALANDAVIDEA;13/3/2026;13/3/2026;13893;TALLER 13/03;LNASUTI;13/3/2026;4900423472;300;CDAVID;14/3/2026;13/3/2026;;;;;;;;;;;;;;;13;;13/3/2026;00005;SEDE;0;0;-14;0;0;0;0;;;;;;;14;;;;;;;;;;GESTION ROSARIO;;;;;1;
00005 TALLER;1000083019;180;ZPAN;CARRRITO 14/2/26 8.0;;0;;;;CDAVID;1012807;Cable unipolar automot ROJ 1x10mm (x100);4;Materiales genericos;CUMPLIDO;MR01;1;14/2/2026;28/2/2026;febrero;10143022;180;1;14/2/2026;18/2/2026;C11;4500120485;30;MR05;1;PRODRIGUEZ;20/2/2026;20/2/2026;27/2/2026;27/2/2026;C11;ARGELEC S.A.;4;0;0;4;5000163953;4/3/2026;2001;1;1;2/3/2026;LBARTON;;8000086394;4;1;LBARTON;4/3/2026;5/3/2026;13734;TALLER 05/03;LNASUTI;5/3/2026;4900419561;4;CDAVID;5/3/2026;5/3/2026;;;;;;;;;;;;;;;5;;4/3/2026;00005;SEDE;0;0;-3;0;2;0;0;;;;;;;3;;;;;;;;;;GESTION ROSARIO;1;;;1;1;
00005 TALLER;1000083402;10;ZPAN;INSUMO MODULAR - SF/;;20;;;;SFLORES;1050404;PLANCHA TELGOPOR ALTA DENSI 100X100X20CM;90;Materiales usuales;CUMPLIDO;MR01;1;23/2/2026;27/2/2026;febrero;10143512;10;1;23/2/2026;23/2/2026;C19;4500121300;10;2001;1;VBARRA;2/3/2026;2/3/2026;7/3/2026;7/3/2026;C19;ZYTHUMS S.A;90;0;0;90;5000163813;3/3/2026;2001;1;1;3/3/2026;LBARTON;;8000086279;90;1;LBARTON;3/3/2026;3/3/2026;13691;TALLER 03.03.26;LBARTON;3/3/2026;4900418494;90;CDAVID;3/3/2026;3/3/2026;;;;;;;;;;;;;;;4;;3/3/2026;00005;SEDE;0;0;-5;-9;0;0;0;;;;;;;5;;;;9;;;;;;GESTION ROSARIO;;;;;1;
00005 TALLER;1000083402;20;ZPAN;INSUMO MODULAR - SF/;;20;;;;SFLORES;1050404;PLANCHA TELGOPOR ALTA DENSI 100X100X20CM;90;Materiales usuales;CUMPLIDO;MR01;1;23/2/2026;27/2/2026;febrero;10143512;20;1;23/2/2026;23/2/2026;C19;4500121300;20;2001;1;VBARRA;2/3/2026;2/3/2026;7/3/2026;7/3/2026;C19;ZYTHUMS S.A;90;0;0;90;5000163813;3/3/2026;2001;2;1;3/3/2026;LBARTON;;8000086279;90;1;LBARTON;3/3/2026;3/3/2026;13691;TALLER 03.03.26;LBARTON;3/3/2026;4900418494;90;CDAVID;3/3/2026;3/3/2026;;;;;;;;;;;;;;;4;;3/3/2026;00005;SEDE;0;0;-5;-9;0;0;0;;;;;;;5;;;;9;;;;;;GESTION ROSARIO;;;;;1;
00005 TALLER;1000084181;10;ZPAN;carrito 5-3-2026 9.;;20;;;;CDAVID;1012892;MANGUERA GOMA TELA P HIDROCARBURO 6MM;25;Materiales genericos;CUMPLIDO;MR01;1;5/3/2026;10/3/2026;marzo;10144608;10;1;5/3/2026;6/3/2026;C27;4500121957;10;MR05;1;JESPARZA;9/3/2026;9/3/2026;6/3/2026;10/3/2026;C27;IMPERIAL MOTOR S.A.;25;0;0;25;5000164936;11/3/2026;2001;1;1;11/3/2026;LNASUTI;;8000086905;25;1;LNASUTI;11/3/2026;13/3/2026;13893;TALLER 13/03;LNASUTI;13/3/2026;4900423458;25;CDAVID;14/3/2026;13/3/2026;;;;;;;;;;;;;;;3;;11/3/2026;00005;SEDE;0;0;-2;-1;0;0;0;;;;;;;2;;;;1;;;;;;GESTION ROSARIO;;;;;1;
00005 TALLER;1000084181;20;ZPAN;carrito 5-3-2026 9.;;20;;;;CDAVID;1012892;MANGUERA GOMA TELA P HIDROCARBURO 3.6MM;25;Materiales genericos;CUMPLIDO;MR01;1;5/3/2026;10/3/2026;marzo;10144608;20;1;5/3/2026;6/3/2026;C27;4500121957;20;MR05;1;JESPARZA;9/3/2026;9/3/2026;6/3/2026;10/3/2026;C27;IMPERIAL MOTOR S.A.;25;0;0;25;5000164936;11/3/2026;2001;2;1;11/3/2026;LNASUTI;;8000086905;25;1;LNASUTI;11/3/2026;13/3/2026;13893;TALLER 13/03;LNASUTI;13/3/2026;4900423458;25;CDAVID;14/3/2026;13/3/2026;;;;;;;;;;;;;;;3;;11/3/2026;00005;SEDE;0;0;-2;-1;0;0;0;;;;;;;2;;;;1;;;;;;GESTION ROSARIO;;;;;1;
00005 TALLER;1000083936;10;ZPAN;INSUMO MODULAR - SF/;;20;;;;SFLORES;1011227;PERFIL PERIMETRAL BLANCO 6MT;5;Materiales usuales;CUMPLIDO;MR01;1;2/3/2026;4/3/2026;marzo;10144235;10;1;2/3/2026;2/3/2026;C19;4500121478;10;2001;1;VBARRA;4/3/2026;4/3/2026;4/3/2026;4/3/2026;C19;RIVESTIMENTO SRL;5;0;0;5;5000164337;6/3/2026;2001;1;1;5/3/2026;LBARTON;;8000086584;5;1;LBARTON;6/3/2026;6/3/2026;13759;TALLER 06/03;LNASUTI;6/3/2026;4900420275;5;CDAVID;7/3/2026;6/3/2026;;;;;;;;;;;;;;;2;;6/3/2026;00005;SEDE;0;0;-2;-1;1;0;0;;;;;;;2;;;;1;;;;;;GESTION ROSARIO;;;;;1;
00005 TALLER;1000083936;20;ZPAN;INSUMO MODULAR - SF/;;20;;;;SFLORES;1011227;PERFIL PERIMETRAL BLANCO 6MT;5;Materiales usuales;CUMPLIDO;MR01;1;2/3/2026;4/3/2026;marzo;10144235;20;1;2/3/2026;2/3/2026;C19;4500121478;20;2001;1;VBARRA;4/3/2026;4/3/2026;4/3/2026;4/3/2026;C19;RIVESTIMENTO SRL;5;0;0;5;5000164337;6/3/2026;2001;2;1;5/3/2026;LBARTON;;8000086584;5;1;LBARTON;6/3/2026;6/3/2026;13759;TALLER 06/03;LNASUTI;6/3/2026;4900420275;5;CDAVID;7/3/2026;6/3/2026;;;;;;;;;;;;;;;2;;6/3/2026;00005;SEDE;0;0;-2;-1;1;0;0;;;;;;;2;;;;1;;;;;;GESTION ROSARIO;;;;;1;
00005 TALLER;1000083846;10;ZPAN;HDMI - TALLER - JF -;;0;;;;JFLORES;1050815;CABLE HDMI REFORZADO V2.0 4K X10MTS;1;Materiales usuales;CUMPLIDO;MR01;1;28/2/2026;9/3/2026;marzo;10144144;10;1;28/2/2026;2/3/2026;C05;4500121889;10;MR05;1;RMIR;9/3/2026;9/3/2026;12/3/2026;12/3/2026;C05;ERAUSQUIN SEBASTIAN PABLO;1;0;0;1;5000165613;16/3/2026;MR05;1;1;12/3/2026;ALANDAVIDEA;;8000087236;1;1;ALANDAVIDEA;16/3/2026;17/3/2026;13943;TALLER 17/03;LNASUTI;17/3/2026;4900424859;1;CDAVID;18/3/2026;17/3/2026;;;;;;;;;;;;;;;8;;17/3/2026;00005;OTRO;0;0;-4;-4;4;0;0;;;;;;;;;;;;;;;;;GESTION ROSARIO;3;;;1;;
00005 TALLER;1000083810;10;ZPAN;INSUMO MODULAR - SF/;;20;;;;SFLORES;1050433;ADHESIVO DE CONTACTO X4LTS;3;Materiales usuales;CUMPLIDO;MR01;1;27/2/2026;13/3/2026;marzo;10144108;10;1;27/2/2026;2/3/2026;C27;4500121721;30;MR05;1;JESPARZA;5/3/2026;5/3/2026;12/3/2026;12/3/2026;C27;FERRETERA SAN LUIS;3;0;0;3;5000166215;20/3/2026;2001;2;1;20/3/2026;ALANDAVIDEA;;8000087554;3;1;ALANDAVIDEA;20/3/2026;21/3/2026;14021;TALLER 21/03;LNASUTI;21/3/2026;4900426787;3;SPONCE;23/3/2026;21/3/2026;;;;;;;;;;;;;;;8;;20/3/2026;00005;SEDE;0;0;-8;0;0;0;0;;;;;;;8;;;;;;;;;;GESTION ROSARIO;;;;;1;
00005 TALLER;1000083187;10;ZPAN;KIY MANOMETROS - EQU;;0;;;;LNUNEZ;1049611;KIT HERRAMIENTA BLOW-BY MEDIDOR DE PRESI;1;Materiales Stock;CUMPLIDO;MR01;1;18/2/2026;4/3/2026;marzo;10143180;10;1;18/2/2026;19/2/2026;C03;4500121100;10;MR05;1;FBERARDO;27/2/2026;27/2/2026;25/3/2026;15/4/2026;C03;IGARRETA MAQUINAS S.A.;1;0;0;1;5000169307;16/4/2026;2001;1;1;14/4/2026;LBARTON;;8000088922;1;1;LBARTON;16/4/2026;17/4/2026;14361;TALLER 17/04;LNASUTI;17/4/2026;4900435760;1;CDAVID;18/4/2026;17/4/2026;;;;;;;;;;;;;;;44;;16/4/2026;00005;OTRO;0;0;-42;-43;2;0;0;;;;;;;;;;;;;;;;;GESTION ROSARIO;1;;;1;;
00005 TALLER;1000082741;10;ZPAN;RESERVA 79718 INT 63;;0;;;;CMARCOVICH;1015947;BULON G10.9 -1'' X 2 1/2'';8;Materiales genericos;CUMPLIDO;MR01;1;10/2/2026;2/3/2026;marzo;10142672;10;1;10/2/2026;10/2/2026;EFO;4500120142;210;298;1;GROSES;13/2/2026;13/2/2026;2/3/2026;2/3/2026;EFO;HIDRAULICA LB S. A. S.;8;0;0;8;5000163967;4/3/2026;298;21;1;4/3/2026;GROSES;;;0;0;;;;;;;;;0;;;;;;;;;;;;;;;;;;2;;4/3/2026;00005;OTRO;;;-3;-1;0;;;;;;;;;;;;;;;;;;;GESTION ROSARIO;;;;;;
00005 TALLER;1000082741;20;ZPAN;RESERVA 79718 INT 63;;0;;;;CMARCOVICH;1015947;ARANDELA GROWER 1'';8;Materiales genericos;CUMPLIDO;MR01;1;10/2/2026;2/3/2026;marzo;10142672;20;1;10/2/2026;10/2/2026;EFO;4500120142;220;298;1;GROSES;13/2/2026;13/2/2026;2/3/2026;2/3/2026;EFO;HIDRAULICA LB S. A. S.;8;0;0;8;5000163967;4/3/2026;298;22;1;4/3/2026;GROSES;;;0;0;;;;;;;;;0;;;;;;;;;;;;;;;;;;2;;4/3/2026;00005;OTRO;;;-3;-1;0;;;;;;;;;;;;;;;;;;;GESTION ROSARIO;;;;;;
00005 TALLER;1000082743;10;ZPAN;RESERVA 79723 INT 41;;0;;;;CMARCOVICH;1015947;ADAP M/M VIROLA 24X1.5 VIROLA 24X1.5;2;Materiales genericos;CUMPLIDO;MR01;1;10/2/2026;2/3/2026;marzo;10142688;10;1;10/2/2026;10/2/2026;EFO;4500120142;230;298;1;GROSES;13/2/2026;13/2/2026;2/3/2026;2/3/2026;EFO;HIDRAULICA LB S. A. S.;2;0;0;2;5000163967;4/3/2026;298;23;1;4/3/2026;GROSES;;;0;0;;;;;;;;;0;;;;;;;;;;;;;;;;;;2;;4/3/2026;00005;OTRO;;;-3;-1;0;;;;;;;;;;;;;;;;;;;GESTION ROSARIO;;;;;;
00005 TALLER;1000082743;20;ZPAN;RESERVA 79723 INT 41;;0;;;;CMARCOVICH;1015947;TERMINAL HG VIROLA 24X1.5 PM 3/8'';2;Materiales genericos;CUMPLIDO;MR01;1;10/2/2026;2/3/2026;marzo;10142688;20;1;10/2/2026;10/2/2026;EFO;4500120142;240;298;1;GROSES;13/2/2026;13/2/2026;2/3/2026;2/3/2026;EFO;HIDRAULICA LB S. A. S.;2;0;0;2;5000163967;4/3/2026;298;24;1;4/3/2026;GROSES;;;0;0;;;;;;;;;0;;;;;;;;;;;;;;;;;;2;;4/3/2026;00005;OTRO;;;-3;-1;0;;;;;;;;;;;;;;;;;;;GESTION ROSARIO;;;;;;
00005 TALLER;1000082748;20;ZPAN;MT CONSUMIBLES TALLE;;0;;;;GQUIROGA;1012123;PRECINTO PLASTICO AL-6 250MM X100UN;3;Materiales usuales;CUMPLIDO;MM01;1;10/2/2026;2/3/2026;marzo;10142692;20;1;10/2/2026;10/2/2026;C13;4500121286;20;MM05;1;MALVAREZ;2/3/2026;2/3/2026;5/3/2026;5/3/2026;C13;MEYNIEL S.R.L.;3;0;0;3;5000163994;4/3/2026;MM05;2;1;4/3/2026;AITURRIETA;;8000086403;3;1;AITURRIETA;4/3/2026;4/3/2026;;;;;4900420973;3;GQUIROGA;9/3/2026;4/3/2026;;;;;;;;;;;;;;;2;;4/3/2026;00005;SEDE;0;0;-3;-4;0;0;;;;;;;;3;;;;4;;;;;;GESTION SAN JUAN;;;;;1;
00005 TALLER;1000082748;40;ZPAN;MT CONSUMIBLES TALLE;;0;;;;GQUIROGA;1012125;PRECINTO PLASTICO AL-8 X150MM;3;Materiales usuales;CUMPLIDO;MM01;1;10/2/2026;2/3/2026;marzo;10142692;40;1;10/2/2026;10/2/2026;C13;4500121286;40;MM05;1;MALVAREZ;2/3/2026;2/3/2026;5/3/2026;5/3/2026;C13;MEYNIEL S.R.L.;3;0;0;3;5000163994;4/3/2026;MM05;4;1;4/3/2026;AITURRIETA;;8000086403;3;1;AITURRIETA;4/3/2026;4/3/2026;;;;;4900420973;3;GQUIROGA;9/3/2026;4/3/2026;;;;;;;;;;;;;;;2;;4/3/2026;00005;SEDE;0;0;-3;-4;0;0;;;;;;;;3;;;;4;;;;;;GESTION SAN JUAN;;;;;1;
00005 TALLER;1000082763;10;ZPAN;RESERVA 79724 INT 79;;0;;;;CMARCOVICH;1015947;MANGUERA 5/B R2 GATES X MT;1;Materiales genericos;CUMPLIDO;MR01;1;10/2/2026;2/3/2026;marzo;10142704;10;1;10/2/2026;12/2/2026;EFO;4500120142;10;298;1;GROSES;13/2/2026;13/2/2026;2/3/2026;2/3/2026;EFO;HIDRAULICA LB S. A. S.;1;0;0;1;5000163967;4/3/2026;298;1;1;4/3/2026;GROSES;;;0;0;;;;;;;;;0;;;;;;;;;;;;;;;;;;2;;4/3/2026;00005;OTRO;;;-3;-1;0;;;;;;;;;;;;;;;;;;;GESTION ROSARIO;;;;;;
00005 TALLER;1000082763;20;ZPAN;RESERVA 79724 INT 79;;0;;;;CMARCOVICH;1015947;camisa 5/8 r2;1;Materiales genericos;CUMPLIDO;MR01;1;10/2/2026;2/3/2026;marzo;10142704;20;1;10/2/2026;12/2/2026;EFO;4500120142;20;298;1;GROSES;13/2/2026;13/2/2026;2/3/2026;2/3/2026;EFO;HIDRAULICA LB S. A. S.;1;0;0;1;5000163967;4/3/2026;298;2;1;4/3/2026;GROSES;;;0;0;;;;;;;;;0;;;;;;;;;;;;;;;;;;2;;4/3/2026;00005;OTRO;;;-3;-1;0;;;;;;;;;;;;;;;;;;;GESTION ROSARIO;;;;;;
00005 TALLER;1000082763;30;ZPAN;RESERVA 79724 INT 79;;0;;;;CMARCOVICH;1015947;terminal hg 24x1.5 virola ppm 5/8'';1;Materiales genericos;CUMPLIDO;MR01;1;10/2/2026;2/3/2026;marzo;10142704;30;1;10/2/2026;12/2/2026;EFO;4500120142;30;298;1;GROSES;13/2/2026;13/2/2026;2/3/2026;2/3/2026;EFO;HIDRAULICA LB S. A. S.;1;0;0;1;5000163967;4/3/2026;298;3;1;4/3/2026;GROSES;;;0;0;;;;;;;;;0;;;;;;;;;;;;;;;;;;2;;4/3/2026;00005;OTRO;;;-3;-1;0;;;;;;;;;;;;;;;;;;;GESTION ROSARIO;;;;;;
00005 TALLER;1000082763;40;ZPAN;RESERVA 79724 INT 79;;0;;;;CMARCOVICH;1015947;adsptador m-m 24x1.5 virola x 24x1.5;1;Materiales genericos;CUMPLIDO;MR01;1;10/2/2026;2/3/2026;marzo;10142704;40;1;10/2/2026;12/2/2026;EFO;4500120142;40;298;1;GROSES;13/2/2026;13/2/2026;2/3/2026;2/3/2026;EFO;HIDRAULICA LB S. A. S.;1;0;0;1;5000163967;4/3/2026;298;4;1;4/3/2026;GROSES;;;0;0;;;;;;;;;0;;;;;;;;;;;;;;;;;;2;;4/3/2026;00005;OTRO;;;-3;-1;0;;;;;;;;;;;;;;;;;;;GESTION ROSARIO;;;;;;
00005 TALLER;1000082763;50;ZPAN;RESERVA 79724 INT 79;;0;;;;CMARCOVICH;1015947;conector pollamida tubo tubo 6 mm;1;Materiales genericos;CUMPLIDO;MR01;1;10/2/2026;2/3/2026;marzo;10142704;50;1;10/2/2026;12/2/2026;EFO;4500120142;50;298;1;GROSES;13/2/2026;13/2/2026;2/3/2026;2/3/2026;EFO;HIDRAULICA LB S. A. S.;1;0;0;1;5000163967;4/3/2026;298;5;1;4/3/2026;GROSES;;;0;0;;;;;;;;;0;;;;;;;;;;;;;;;;;;2;;4/3/2026;00005;OTRO;;;-3;-1;0;;;;;;;;;;;;;;;;;;;GESTION ROSARIO;;;;;;
00005 TALLER;1000082763;60;ZPAN;RESERVA 79724 INT 79;;0;;;;CMARCOVICH;1015947;conector poliamida tubo tubo 8 mm;1;Materiales genericos;CUMPLIDO;MR01;1;10/2/2026;2/3/2026;marzo;10142704;60;1;10/2/2026;12/2/2026;EFO;4500120142;60;298;1;GROSES;13/2/2026;13/2/2026;2/3/2026;2/3/2026;EFO;HIDRAULICA LB S. A. S.;1;0;0;1;5000163967;4/3/2026;298;6;1;4/3/2026;GROSES;;;0;0;;;;;;;;;0;;;;;;;;;;;;;;;;;;2;;4/3/2026;00005;OTRO;;;-3;-1;0;;;;;;;;;;;;;;;;;;;GESTION ROSARIO;;;;;;
00005 TALLER;1000082763;70;ZPAN;RESERVA 79724 INT 79;;0;;;;CMARCOVICH;1015947;conector poliamida tubo tubo 10 mm;1;Materiales genericos;CUMPLIDO;MR01;1;10/2/2026;2/3/2026;marzo;10142704;70;1;10/2/2026;12/2/2026;EFO;4500120142;70;298;1;GROSES;13/2/2026;13/2/2026;2/3/2026;2/3/2026;EFO;HIDRAULICA LB S. A. S.;1;0;0;1;5000163967;4/3/2026;298;7;1;4/3/2026;GROSES;;;0;0;;;;;;;;;0;;;;;;;;;;;;;;;;;;2;;4/3/2026;00005;OTRO;;;-3;-1;0;;;;;;;;;;;;;;;;;;;GESTION ROSARIO;;;;;;
00005 TALLER;1000082763;80;ZPAN;RESERVA 79724 INT 79;;0;;;;CMARCOVICH;1015947;"conector poliamida codo 90"" tubo tubo 6";1;Materiales genericos;CUMPLIDO;MR01;1;10/2/2026;2/3/2026;marzo;10142704;80;1;10/2/2026;12/2/2026;EFO;4500120142;80;298;1;GROSES;13/2/2026;13/2/2026;2/3/2026;2/3/2026;EFO;HIDRAULICA LB S. A. S.;1;0;0;1;5000163967;4/3/2026;298;8;1;4/3/2026;GROSES;;;0;0;;;;;;;;;0;;;;;;;;;;;;;;;;;;2;;4/3/2026;00005;OTRO;;;-3;-1;0;;;;;;;;;;;;;;;;;;;GESTION ROSARIO;;;;;;
00005 TALLER;1000082763;90;ZPAN;RESERVA 79724 INT 79;;0;;;;CMARCOVICH;1015947;conector poliamida codo 90ᵉ tubo tubo 10;1;Materiales genericos;CUMPLIDO;MR01;1;10/2/2026;2/3/2026;marzo;10142704;90;1;10/2/2026;12/2/2026;EFO;4500120142;90;298;1;GROSES;13/2/2026;13/2/2026;2/3/2026;2/3/2026;EFO;HIDRAULICA LB S. A. S.;1;0;0;1;5000163967;4/3/2026;298;9;1;4/3/2026;GROSES;;;0;0;;;;;;;;;0;;;;;;;;;;;;;;;;;;2;;4/3/2026;00005;OTRO;;;-3;-1;0;;;;;;;;;;;;;;;;;;;GESTION ROSARIO;;;;;;
00005 TALLER;1000082763;100;ZPAN;RESERVA 79724 INT 79;;0;;;;CMARCOVICH;1015947;onector poliamida codo 90ᵉ tubo tubo 8;1;Materiales genericos;CUMPLIDO;MR01;1;10/2/2026;2/3/2026;marzo;10142704;100;1;10/2/2026;12/2/2026;EFO;4500120142;100;298;1;GROSES;13/2/2026;13/2/2026;2/3/2026;2/3/2026;EFO;HIDRAULICA LB S. A. S.;1;0;0;1;5000163967;4/3/2026;298;10;1;4/3/2026;GROSES;;;0;0;;;;;;;;;0;;;;;;;;;;;;;;;;;;2;;4/3/2026;00005;OTRO;;;-3;-1;0;;;;;;;;;;;;;;;;;;;GESTION ROSARIO;;;;;;
00005 TALLER;1000082763;110;ZPAN;RESERVA 79724 INT 79;;0;;;;CMARCOVICH;1015947;conector poliamida tubo 6 mm x 1/8 r;1;Materiales genericos;CUMPLIDO;MR01;1;10/2/2026;2/3/2026;marzo;10142704;110;1;10/2/2026;12/2/2026;EFO;4500120142;110;298;1;GROSES;13/2/2026;13/2/2026;2/3/2026;2/3/2026;EFO;HIDRAULICA LB S. A. S.;1;0;0;1;5000163967;4/3/2026;298;11;1;4/3/2026;GROSES;;;0;0;;;;;;;;;0;;;;;;;;;;;;;;;;;;2;;4/3/2026;00005;OTRO;;;-3;-1;0;;;;;;;;;;;;;;;;;;;GESTION ROSARIO;;;;;;
00005 TALLER;1000082763;120;ZPAN;RESERVA 79724 INT 79;;0;;;;CMARCOVICH;1015947;conector poliamioa tubo 6 mm x 1/4 r;1;Materiales genericos;CUMPLIDO;MR01;1;10/2/2026;2/3/2026;marzo;10142704;120;1;10/2/2026;12/2/2026;EFO;4500120142;120;298;1;GROSES;13/2/2026;13/2/2026;2/3/2026;2/3/2026;EFO;HIDRAULICA LB S. A. S.;1;0;0;1;5000163967;4/3/2026;298;12;1;4/3/2026;GROSES;;;0;0;;;;;;;;;0;;;;;;;;;;;;;;;;;;2;;4/3/2026;00005;OTRO;;;-3;-1;0;;;;;;;;;;;;;;;;;;;GESTION ROSARIO;;;;;;
00005 TALLER;1000082763;130;ZPAN;RESERVA 79724 INT 79;;0;;;;CMARCOVICH;1015947;conector poliamida tubo 8 mm x 1/8 r;1;Materiales genericos;CUMPLIDO;MR01;1;10/2/2026;2/3/2026;marzo;10142704;130;1;10/2/2026;12/2/2026;EFO;4500120142;130;298;1;GROSES;13/2/2026;13/2/2026;2/3/2026;2/3/2026;EFO;HIDRAULICA LB S. A. S.;1;0;0;1;5000163967;4/3/2026;298;13;1;4/3/2026;GROSES;;;0;0;;;;;;;;;0;;;;;;;;;;;;;;;;;;2;;4/3/2026;00005;OTRO;;;-3;-1;0;;;;;;;;;;;;;;;;;;;GESTION ROSARIO;;;;;;
00005 TALLER;1000082763;140;ZPAN;RESERVA 79724 INT 79;;0;;;;CMARCOVICH;1015947;conector poliamida tubo 8 mm x 1/4 r;1;Materiales genericos;CUMPLIDO;MR01;1;10/2/2026;2/3/2026;marzo;10142704;140;1;10/2/2026;12/2/2026;EFO;4500120142;140;298;1;GROSES;13/2/2026;13/2/2026;2/3/2026;2/3/2026;EFO;HIDRAULICA LB S. A. S.;1;0;0;1;5000163967;4/3/2026;298;14;1;4/3/2026;GROSES;;;0;0;;;;;;;;;0;;;;;;;;;;;;;;;;;;2;;4/3/2026;00005;OTRO;;;-3;-1;0;;;;;;;;;;;;;;;;;;;GESTION ROSARIO;;;;;;
00005 TALLER;1000082763;150;ZPAN;RESERVA 79724 INT 79;;0;;;;CMARCOVICH;1015947;conector poliamida tubo 10 mm x 1/4 r;1;Materiales genericos;CUMPLIDO;MR01;1;10/2/2026;2/3/2026;marzo;10142704;150;1;10/2/2026;12/2/2026;EFO;4500120142;150;298;1;GROSES;13/2/2026;13/2/2026;2/3/2026;2/3/2026;EFO;HIDRAULICA LB S. A. S.;1;0;0;1;5000163967;4/3/2026;298;15;1;4/3/2026;GROSES;;;0;0;;;;;;;;;0;;;;;;;;;;;;;;;;;;2;;4/3/2026;00005;OTRO;;;-3;-1;0;;;;;;;;;;;;;;;;;;;GESTION ROSARIO;;;;;;
00005 TALLER;1000082763;160;ZPAN;RESERVA 79724 INT 79;;0;;;;CMARCOVICH;1015947;conector poliamİda tubo 10 mm x 3/8 r;1;Materiales genericos;CUMPLIDO;MR01;1;10/2/2026;2/3/2026;marzo;10142704;160;1;10/2/2026;12/2/2026;EFO;4500120142;160;298;1;GROSES;13/2/2026;13/2/2026;2/3/2026;2/3/2026;EFO;HIDRAULICA LB S. A. S.;1;0;0;1;5000163967;4/3/2026;298;16;1;4/3/2026;GROSES;;;0;0;;;;;;;;;0;;;;;;;;;;;;;;;;;;2;;4/3/2026;00005;OTRO;;;-3;-1;0;;;;;;;;;;;;;;;;;;;GESTION ROSARIO;;;;;;
00005 TALLER;1000082763;170;ZPAN;RESERVA 79724 INT 79;;0;;;;CMARCOVICH;1015947;acople neum poliamida 8x1/2;1;Materiales genericos;CUMPLIDO;MR01;1;10/2/2026;2/3/2026;marzo;10142704;170;1;10/2/2026;12/2/2026;EFO;4500120142;170;298;1;GROSES;13/2/2026;13/2/2026;2/3/2026;2/3/2026;EFO;HIDRAULICA LB S. A. S.;1;0;0;1;5000163967;4/3/2026;298;17;1;4/3/2026;GROSES;;;0;0;;;;;;;;;0;;;;;;;;;;;;;;;;;;2;;4/3/2026;00005;OTRO;;;-3;-1;0;;;;;;;;;;;;;;;;;;;GESTION ROSARIO;;;;;;
00005 TALLER;1000082763;180;ZPAN;RESERVA 79724 INT 79;;0;;;;CMARCOVICH;1015947;acople neum poliamida 10x1/2;1;Materiales genericos;CUMPLIDO;MR01;1;10/2/2026;2/3/2026;marzo;10142704;180;1;10/2/2026;12/2/2026;EFO;4500120142;180;298;1;GROSES;13/2/2026;13/2/2026;2/3/2026;2/3/2026;EFO;HIDRAULICA LB S. A. S.;1;0;0;1;5000163967;4/3/2026;298;18;1;4/3/2026;GROSES;;;0;0;;;;;;;;;0;;;;;;;;;;;;;;;;;;2;;4/3/2026;00005;OTRO;;;-3;-1;0;;;;;;;;;;;;;;;;;;;GESTION ROSARIO;;;;;;
00005 TALLER;1000082763;190;ZPAN;RESERVA 79724 INT 79;;0;;;;CMARCOVICH;1015947;conector tee tubo 1/4x1/8r;2;Materiales genericos;CUMPLIDO;MR01;1;10/2/2026;2/3/2026;marzo;10142704;190;1;10/2/2026;12/2/2026;EFO;4500120142;190;298;1;GROSES;13/2/2026;13/2/2026;2/3/2026;2/3/2026;EFO;HIDRAULICA LB S. A. S.;2;0;0;2;5000163967;4/3/2026;298;19;1;4/3/2026;GROSES;;;0;0;;;;;;;;;0;;;;;;;;;;;;;;;;;;2;;4/3/2026;00005;OTRO;;;-3;-1;0;;;;;;;;;;;;;;;;;;;GESTION ROSARIO;;;;;;
00005 TALLER;1000082763;200;ZPAN;RESERVA 79724 INT 79;;0;;;;CMARCOVICH;1015947;buje de reduccion 1/4 npt a 1/8 npt;2;Materiales genericos;CUMPLIDO;MR01;1;10/2/2026;2/3/2026;marzo;10142704;200;1;10/2/2026;12/2/2026;EFO;4500120142;200;298;1;GROSES;13/2/2026;13/2/2026;2/3/2026;2/3/2026;EFO;HIDRAULICA LB S. A. S.;2;0;0;2;5000163967;4/3/2026;298;20;1;4/3/2026;GROSES;;;0;0;;;;;;;;;0;;;;;;;;;;;;;;;;;;2;;4/3/2026;00005;OTRO;;;-3;-1;0;;;;;;;;;;;;;;;;;;;GESTION ROSARIO;;;;;;
00005 TALLER;1000085248;10;ZPAN;INSUMO MODULAR - SF/;;0;;;;SFLORES;1049152;CAÑO ESTRUCT. CUAD. 30X30MM ESP:0.9MMX6M;35;Materiales usuales;CUMPLIDO;MR01;1;20/3/2026;26/3/2026;marzo;10145973;10;1;20/3/2026;20/3/2026;C08;4500123181;10;MR05;1;RMIR;23/3/2026;23/3/2026;26/3/2026;26/3/2026;C08;ACEROS CUFER S.R.L.;35;0;0;35;5000167038;27/3/2026;2001;1;1;27/3/2026;LNASUTI;;8000087943;35;1;LNASUTI;27/3/2026;27/3/2026;14100;TALLER 27/03;LNASUTI;27/3/2026;4900428560;35;CDAVID;28/3/2026;27/3/2026;;;;;;;;;;;;;;;1;;27/3/2026;00005;SEDE;0;0;-2;-1;0;0;0;;;;;;;2;;;;1;;;;;;GESTION ROSARIO;;;;;1;
00005 TALLER;1000085248;20;ZPAN;INSUMO MODULAR - SF/;;0;;;;SFLORES;1049950;CHAPA LISA SAE 1010 N12 1220X2440MM;2;Materiales usuales;CUMPLIDO;MR01;1;20/3/2026;26/3/2026;marzo;10145973;20;1;20/3/2026;20/3/2026;C08;4500123181;20;MR05;1;RMIR;23/3/2026;23/3/2026;26/3/2026;26/3/2026;C08;ACEROS CUFER S.R.L.;2;0;0;2;5000167038;27/3/2026;2001;2;1;27/3/2026;LNASUTI;;8000087943;2;1;LNASUTI;27/3/2026;27/3/2026;14100;TALLER 27/03;LNASUTI;27/3/2026;4900428560;2;CDAVID;28/3/2026;27/3/2026;;;;;;;;;;;;;;;1;;27/3/2026;00005;SEDE;0;0;-2;-1;0;0;0;;;;;;;2;;;;1;;;;;;GESTION ROSARIO;;;;;1;
00005 TALLER;1000085248;30;ZPAN;INSUMO MODULAR - SF/;;0;;;;SFLORES;1049438;CAÑO ESTRUCT. CUAD 40X100MM ESP:2MM X 6M;6;Materiales usuales;CUMPLIDO;MR01;1;20/3/2026;26/3/2026;marzo;10145973;30;1;20/3/2026;20/3/2026;C08;4500123181;30;MR05;1;RMIR;23/3/2026;23/3/2026;26/3/2026;26/3/2026;C08;ACEROS CUFER S.R.L.;6;0;0;6;5000167038;27/3/2026;2001;3;1;27/3/2026;LNASUTI;;8000087943;6;1;LNASUTI;27/3/2026;27/3/2026;14100;TALLER 27/03;LNASUTI;27/3/2026;4900428560;6;CDAVID;28/3/2026;27/3/2026;;;;;;;;;;;;;;;1;;27/3/2026;00005;SEDE;0;0;-2;-1;0;0;0;;;;;;;2;;;;1;;;;;;GESTION ROSARIO;;;;;1;
00005 TALLER;1000084683;10;ZPAN;REPOS NO STOCK 12/0;;0;;;;SPONCE;1012215;BIDON PLASTICO 5LT TAPA C PRECINTO;24;Materiales usuales;CUMPLIDO;MR01;1;12/3/2026;26/3/2026;marzo;10145251;10;1;12/3/2026;13/3/2026;C27;4500122570;10;MR05;1;JESPARZA;16/3/2026;16/3/2026;26/3/2026;23/3/2026;C27;IMPERIAL MOTOR S.A.;24;0;0;24;5000170462;24/4/2026;2001;1;1;24/4/2026;LNASUTI;;8000089430;24;1;LNASUTI;24/4/2026;24/4/2026;14472;TALLER 24/04;LNASUTI;24/4/2026;4900438403;24;CDAVID;25/4/2026;24/4/2026;;;;;;;;;;;;;;;29;;24/4/2026;00005;SEDE;0;0;-30;2;0;0;0;;;;;;;30;;;;;;;;;;GESTION ROSARIO;;;;;1;
00005 TALLER;1000084296;10;ZPAN;INSUMO MODULAR - SF/;;0;;;;SFLORES;1012547;PERFIL MOLDURA CIELORRASO BLANCO 10mmX3m;12;Materiales usuales;CUMPLIDO;MR01;1;6/3/2026;16/3/2026;marzo;10144752;10;1;6/3/2026;10/3/2026;C19;4500122961;10;2001;1;VBARRA;19/3/2026;19/3/2026;16/3/2026;16/3/2026;C19;RIVESTIMENTO SRL;12;0;0;12;5000166278;20/3/2026;2001;1;1;20/3/2026;LNASUTI;;8000087571;12;1;LNASUTI;20/3/2026;21/3/2026;14021;TALLER 21/03;LNASUTI;21/3/2026;4900426786;12;SPONCE;23/3/2026;21/3/2026;;;;;;;;;;;;;;;5;;20/3/2026;00005;SEDE;0;0;-5;-1;0;0;0;;;;;;;5;;;;1;;;;;;GESTION ROSARIO;;;;;1;
00005 TALLER;1000084230;140;ZPAN;PEDIDO TALLER - ROPA;;0;;;;HCABELLO;1036197;Botín Boris Fundidor Soldador 3512 T42;1;Materiales Stock S/Devol;CUMPLIDO;MM01;1;5/3/2026;26/3/2026;marzo;10144697;160;1;5/3/2026;6/3/2026;C28;4500121981;50;2001;1;GJULIANI;9/3/2026;9/3/2026;26/3/2026;30/3/2026;C28;GILIGROUP S.A.S.;1;0;0;1;5000167636;1/4/2026;2001;1;1;31/3/2026;AITURRIETA;;8000088333;1;1;AITURRIETA;6/4/2026;6/4/2026;;;;;4900431096;1;GQUIROGA;6/4/2026;6/4/2026;;;;;;;;;;;;;;;11;;1/4/2026;00005;SEDE;0;0;-6;-5;1;5;;;;;;;;6;;;;5;;;;;;GESTION SAN JUAN;;;;;1;
00005 TALLER;1000084230;150;ZPAN;PEDIDO TALLER - ROPA;;0;;;;HCABELLO;1036198;Botín Boris Fundidor Soldador 3512 T43;1;Materiales Stock S/Devol;CUMPLIDO;MM01;1;5/3/2026;26/3/2026;marzo;10144697;170;1;5/3/2026;6/3/2026;C28;4500121981;60;2001;1;GJULIANI;9/3/2026;9/3/2026;26/3/2026;30/3/2026;C28;GILIGROUP S.A.S.;1;0;0;1;5000167636;1/4/2026;2001;2;1;31/3/2026;AITURRIETA;;8000088333;1;1;AITURRIETA;6/4/2026;6/4/2026;;;;;4900431096;1;GQUIROGA;6/4/2026;6/4/2026;;;;;;;;;;;;;;;11;;1/4/2026;00005;SEDE;0;0;-6;-5;1;5;;;;;;;;6;;;;5;;;;;;GESTION SAN JUAN;;;;;1;
00005 TALLER;1000084122;10;ZPAN;PEDIDO TALLER / LLAV;;0;;;;HCABELLO;1012888;"LLAVE IMPACT 1/ 2"" INALAMB+ BAT. DEWALT";1;Materiales genericos;CUMPLIDO;MM01;1;4/3/2026;25/3/2026;marzo;10144508;10;1;4/3/2026;5/3/2026;C13;4500121816;10;MM05;1;MALVAREZ;6/3/2026;6/3/2026;16/3/2026;16/3/2026;C13;DUBOS UGARTE PEDRO LUIS RAUL;1;0;0;1;5000167238;30/3/2026;2001;1;1;30/3/2026;AITURRIETA;;8000088074;1;1;AITURRIETA;30/3/2026;30/3/2026;;;;;4900429677;1;GQUIROGA;31/3/2026;30/3/2026;;;;;;;;;;;;;;;5;;30/3/2026;00005;SEDE;0;0;-6;8;0;0;;;;;;;;6;;;;;;;;;;GESTION SAN JUAN;;;;;1;
00005 TALLER;1000084006;10;ZPAN;INSUMO TALLER - SF/E;;0;;;;SFLORES;1053868;CABEZAL NEUMATICO P/ ACEITE 200LTS.;2;Materiales usuales;CUMPLIDO;MR01;1;3/3/2026;17/3/2026;marzo;10144321;10;1;3/3/2026;3/3/2026;C27;4500121721;10;MR05;1;JESPARZA;5/3/2026;5/3/2026;12/3/2026;12/3/2026;C27;FERRETERA SAN LUIS;2;0;0;2;5000166184;19/3/2026;2001;1;1;18/3/2026;ALANDAVIDEA;;8000087519;2;1;ALANDAVIDEA;19/3/2026;21/3/2026;14021;TALLER 21/03;LNASUTI;21/3/2026;4900426793;2;SPONCE;23/3/2026;21/3/2026;;;;;;;;;;;;;;;4;;19/3/2026;00005;SEDE;0;0;-2;4;1;0;0;;;;;;;2;;;;;;;;;;GESTION ROSARIO;;;;;1;
00005 TALLER;1000084006;20;ZPAN;INSUMO TALLER - SF/E;;0;;;;SFLORES;1053870;PISTOLA P/DESPACHO ACEITE C/PIC ANT.GOTE;2;Materiales usuales;CUMPLIDO;MR01;1;3/3/2026;17/3/2026;marzo;10144321;20;1;3/3/2026;3/3/2026;C27;4500121721;20;MR05;1;JESPARZA;5/3/2026;5/3/2026;12/3/2026;12/3/2026;C27;FERRETERA SAN LUIS;2;0;0;2;5000166215;20/3/2026;2001;1;1;20/3/2026;ALANDAVIDEA;;8000087555;2;1;ALANDAVIDEA;20/3/2026;21/3/2026;14021;TALLER 21/03;LNASUTI;21/3/2026;4900426788;2;SPONCE;23/3/2026;21/3/2026;;;;;;;;;;;;;;;4;;20/3/2026;00005;SEDE;0;0;-4;4;0;0;0;;;;;;;4;;;;;;;;;;GESTION ROSARIO;;;;;1;
00005 TALLER;1000083787;10;ZPAN;PEDIDO TALLER - FENO;;0;;;;HCABELLO;1012619;FENOLICO 1.22 X 2.44 X 15 MM SIN NUDOS;3;Materiales genericos;CUMPLIDO;MM01;1;27/2/2026;19/3/2026;marzo;10144069;10;1;27/2/2026;27/2/2026;C13;4500121154;10;MM05;1;MALVAREZ;27/2/2026;27/2/2026;2/3/2026;2/3/2026;C13;MADERAS LLITERAS S.R.L.;3;0;0;3;5000163799;3/3/2026;MM05;1;1;28/3/2026;AITURRIETA;;8000086282;3;1;AITURRIETA;3/3/2026;3/3/2026;;;;;4900418529;3;GQUIROGA;3/3/2026;3/3/2026;;;;;;;;;;;;;;;;;3/3/2026;00005;SEDE;0;0;-10;16;-25;0;;;;;;;;10;;;;;;;;;;GESTION SAN JUAN;;;;;1;
00005 TALLER;1000083787;20;ZPAN;PEDIDO TALLER - FENO;;0;;;;HCABELLO;1012619;OSB NATURAL 8 MM (1.22X 2.44);3;Materiales genericos;CUMPLIDO;MM01;1;27/2/2026;19/3/2026;marzo;10144069;20;1;27/2/2026;27/2/2026;C13;4500121154;20;MM05;1;MALVAREZ;27/2/2026;27/2/2026;2/3/2026;2/3/2026;C13;MADERAS LLITERAS S.R.L.;3;0;0;3;5000163799;3/3/2026;MM05;2;1;28/3/2026;AITURRIETA;;8000086282;3;1;AITURRIETA;3/3/2026;3/3/2026;;;;;4900418529;3;GQUIROGA;3/3/2026;3/3/2026;;;;;;;;;;;;;;;;;3/3/2026;00005;SEDE;0;0;-10;16;-25;0;;;;;;;;10;;;;;;;;;;GESTION SAN JUAN;;;;;1;
00005 TALLER;1000085704;50;ZPAN;REPO NO STOCK 30/03;;0;;;;SPONCE;1012871;LOCTITE 243 X 50grs;8;Materiales genericos;CUMPLIDO;MR01;1;30/3/2026;13/4/2026;abril;10146546;50;1;30/3/2026;31/3/2026;C27;4500123923;40;MR05;1;JESPARZA;31/3/2026;31/3/2026;11/4/2026;11/4/2026;C27;FERRETERA SAN LUIS;8;0;0;8;5000172269;8/5/2026;2001;1;1;6/5/2026;LNASUTI;;8000090157;8;1;LNASUTI;8/5/2026;8/5/2026;14641;TALLER 08/05;LNASUTI;8/5/2026;4900442698;8;CDAVID;9/5/2026;8/5/2026;;;;;;;;;;;;;;;25;;8/5/2026;00005;SEDE;0;0;-24;1;2;0;0;;;;;;;24;;;;;;;;;;GESTION ROSARIO;1;;;1;1;
00005 TALLER;1000085704;60;ZPAN;REPO NO STOCK 30/03;;0;;;;SPONCE;1012871;TRABASIL VA3 PZAS CILINDRICAS X 50G;12;Materiales genericos;CUMPLIDO;MR01;1;30/3/2026;13/4/2026;abril;10146546;60;1;30/3/2026;31/3/2026;C27;4500123923;50;MR05;1;JESPARZA;31/3/2026;31/3/2026;11/4/2026;11/4/2026;C27;FERRETERA SAN LUIS;12;0;0;12;5000171563;5/5/2026;2001;1;1;29/4/2026;LBARTON;;8000089896;12;1;LBARTON;5/5/2026;5/5/2026;14581;TALLER 05/05;LNASUTI;5/5/2026;4900441554;12;CDAVID;6/5/2026;5/5/2026;;;;;;;;;;;;;;;22;;5/5/2026;00005;SEDE;0;0;-17;1;6;0;0;;;;;;;17;;;;;;;;;;GESTION ROSARIO;5;;;1;1;
00005 TALLER;1000085704;70;ZPAN;REPO NO STOCK 30/03;;0;;;;SPONCE;1012871;TEFLON LIQUIDO LOCTITE 567;12;Materiales genericos;CUMPLIDO;MR01;1;30/3/2026;13/4/2026;abril;10146546;70;1;30/3/2026;31/3/2026;C27;4500123923;60;MR05;1;JESPARZA;31/3/2026;31/3/2026;11/4/2026;11/4/2026;C27;FERRETERA SAN LUIS;12;0;0;12;5000170343;23/4/2026;2001;1;1;22/4/2026;LNASUTI;;8000089377;12;1;LNASUTI;23/4/2026;24/4/2026;14472;TALLER 24/04;LNASUTI;24/4/2026;4900438401;12;CDAVID;25/4/2026;24/4/2026;;;;;;;;;;;;;;;11;;23/4/2026;00005;SEDE;0;0;-10;1;1;0;0;;;;;;;10;;;;;;;;;;GESTION ROSARIO;;;;;1;
00005 TALLER;1000085704;120;ZPAN;REPO NO STOCK 30/03;;0;;;;SPONCE;1012876;"ARANDELAS PLANAS GALV. 5/16""";600;Materiales genericos;CUMPLIDO;MR01;1;30/3/2026;13/4/2026;abril;10146546;120;1;30/3/2026;31/3/2026;C27;4500124456;10;MR05;1;PRODRIGUEZ;8/4/2026;8/4/2026;13/4/2026;15/4/2026;C27;ANGIULLI SERGIO RAUL;600;0;0;600;5000170133;22/4/2026;2001;1;1;20/4/2026;LBARTON;;8000089267;600;1;LBARTON;22/4/2026;23/4/2026;14436;TALLER 23/04;LNASUTI;23/4/2026;4900437551;600;CDAVID;23/4/2026;23/4/2026;;;;;;;;;;;;;;;10;;22/4/2026;00005;SEDE;0;0;-8;-3;2;0;0;;;;;;;8;;;;3;;;;;;GESTION ROSARIO;1;;;1;1;
00005 TALLER;1000085704;130;ZPAN;REPO NO STOCK 30/03;;0;;;;SPONCE;1012876;"ARANDELAS BISELADAS GALV 3/8""";600;Materiales genericos;CUMPLIDO;MR01;1;30/3/2026;13/4/2026;abril;10146546;130;1;30/3/2026;31/3/2026;C27;4500124456;20;MR05;1;PRODRIGUEZ;8/4/2026;8/4/2026;13/4/2026;15/4/2026;C27;ANGIULLI SERGIO RAUL;600;0;0;600;5000170133;22/4/2026;2001;2;1;20/4/2026;LBARTON;;8000089267;600;1;LBARTON;22/4/2026;23/4/2026;14436;TALLER 23/04;LNASUTI;23/4/2026;4900437551;600;CDAVID;23/4/2026;23/4/2026;;;;;;;;;;;;;;;10;;22/4/2026;00005;SEDE;0;0;-8;-3;2;0;0;;;;;;;8;;;;3;;;;;;GESTION ROSARIO;1;;;1;1;
00005 TALLER;1000085704;140;ZPAN;REPO NO STOCK 30/03;;0;;;;SPONCE;1012876;"ARANDELAS BISELADAS GALV 1/2""";600;Materiales genericos;CUMPLIDO;MR01;1;30/3/2026;13/4/2026;abril;10146546;140;1;30/3/2026;31/3/2026;C27;4500124456;30;MR05;1;PRODRIGUEZ;8/4/2026;8/4/2026;13/4/2026;15/4/2026;C27;ANGIULLI SERGIO RAUL;600;0;0;600;5000170133;22/4/2026;2001;3;1;20/4/2026;LBARTON;;8000089267;600;1;LBARTON;22/4/2026;23/4/2026;14436;TALLER 23/04;LNASUTI;23/4/2026;4900437551;600;CDAVID;23/4/2026;23/4/2026;;;;;;;;;;;;;;;10;;22/4/2026;00005;SEDE;0;0;-8;-3;2;0;0;;;;;;;8;;;;3;;;;;;GESTION ROSARIO;1;;;1;1;
00005 TALLER;1000085704;150;ZPAN;REPO NO STOCK 30/03;;0;;;;SPONCE;1012876;"ARANDELAS BISELADAS GALV 5/8""";400;Materiales genericos;CUMPLIDO;MR01;1;30/3/2026;13/4/2026;abril;10146546;150;1;30/3/2026;31/3/2026;C27;4500124456;40;MR05;1;PRODRIGUEZ;8/4/2026;8/4/2026;13/4/2026;15/4/2026;C27;ANGIULLI SERGIO RAUL;400;0;0;400;5000170133;22/4/2026;2001;4;1;20/4/2026;LBARTON;;8000089267;400;1;LBARTON;22/4/2026;23/4/2026;14436;TALLER 23/04;LNASUTI;23/4/2026;4900437551;400;CDAVID;23/4/2026;23/4/2026;;;;;;;;;;;;;;;10;;22/4/2026;00005;SEDE;0;0;-8;-3;2;0;0;;;;;;;8;;;;3;;;;;;GESTION ROSARIO;1;;;1;1;
00005 TALLER;1000085676;10;ZPAN;INSUMO HERRERIA - SF;;0;;;;SFLORES;1048369;"PULPO CADENA 4 RAMAS 5/8"" G10 X4M";1;Materiales usuales;CUMPLIDO;MR01;1;28/3/2026;11/4/2026;abril;10146511;10;1;28/3/2026;31/3/2026;C27;4500124900;10;MR05;1;PRODRIGUEZ;13/4/2026;13/4/2026;20/4/2026;24/4/2026;C27;ANGIULLI SERGIO RAUL;1;0;0;1;5000171124;30/4/2026;2001;1;1;23/4/2026;LBARTON;;8000089748;1;1;LBARTON;30/4/2026;30/4/2026;14537;TALLER 30/04;LNASUTI;30/4/2026;4900440579;1;CDAVID;4/5/2026;30/4/2026;;;;;;;;;;;;;;;19;;30/4/2026;00005;SEDE;0;0;-13;-14;7;0;0;;;;;;;13;;;;14;;;;;;GESTION ROSARIO;6;;;1;1;
00005 TALLER;1000085392;30;ZPAN;REPO NO STOCK 25/03;;0;;;;SPONCE;1012877;"TORN.AUTOPERF.PH.P.MECHA 8 X 1/2""   T1";4400;Materiales genericos;CUMPLIDO;MR01;1;25/3/2026;14/4/2026;abril;10146159;30;1;25/3/2026;25/3/2026;C27;4500124606;30;MR05;1;PRODRIGUEZ;9/4/2026;9/4/2026;14/4/2026;14/4/2026;C27;IMPERIAL MOTOR S.A.;4400;0;0;4400;5000169814;20/4/2026;2001;1;2;17/4/2026;LNASUTI;;8000089137;4400;2;LBARTON;14/4/2026;21/4/2026;14327;TALLER 15/04;LNASUTI;15/4/2026;4900436928;4400;CDAVID;22/4/2026;21/4/2026;;;;;;;;;;;;;;;7;;20/4/2026;00005;SEDE;0;0;-4;-1;3;-6;6;;;;;;;4;;;;1;;;;;;GESTION ROSARIO;2;;;1;1;
00005 TALLER;1000085392;40;ZPAN;REPO NO STOCK 25/03;;0;;;;SPONCE;1012877;TORN.AUTOPERF.PH.P.MECHA 8 X 3/4   T1;2200;Materiales genericos;CUMPLIDO;MR01;1;25/3/2026;14/4/2026;abril;10146159;40;1;25/3/2026;25/3/2026;C27;4500124606;40;MR05;1;PRODRIGUEZ;9/4/2026;9/4/2026;14/4/2026;14/4/2026;C27;IMPERIAL MOTOR S.A.;2200;0;0;2200;5000169814;20/4/2026;2001;2;2;17/4/2026;LNASUTI;;8000089137;2200;2;LBARTON;14/4/2026;21/4/2026;14327;TALLER 15/04;LNASUTI;15/4/2026;4900436928;2200;CDAVID;22/4/2026;21/4/2026;;;;;;;;;;;;;;;7;;20/4/2026;00005;SEDE;0;0;-4;-1;3;-6;6;;;;;;;4;;;;1;;;;;;GESTION ROSARIO;2;;;1;1;
00005 TALLER;1000085394;10;ZPAN;SILLA OFICINA - P/ S;;0;;;;LNUNEZ;1017376;SILLA OFICINA ROSSI ALMA ERGONOMICA NEGR;1;Materiales usuales;CUMPLIDO;MR01;1;25/3/2026;8/4/2026;abril;10146161;10;1;25/3/2026;25/3/2026;C19;4500124552;10;2001;1;VBARRA;9/4/2026;9/4/2026;15/4/2026;15/4/2026;C19;VOLPE HNOS. S.R.L.;1;0;0;1;5000171461;4/5/2026;2001;1;1;4/5/2026;LNASUTI;;8000089846;1;1;LNASUTI;4/5/2026;4/5/2026;14554;TALLER 04/05;LNASUTI;4/5/2026;4900441044;1;CDAVID;5/5/2026;4/5/2026;;;;;;;;;;;;;;;26;;4/5/2026;00005;SEDE;0;0;-27;-8;0;0;0;;;;;;;27;;;;8;;;;;;GESTION ROSARIO;;;;;1;
00005 TALLER;1000085444;20;ZPAN;carrito 25.3.26 16.1;;0;;;;CDAVID;1010728;CAFE INSTANTANEO X 170 GR.;12;Materiales usuales;CUMPLIDO;MR01;1;25/3/2026;8/4/2026;abril;10146260;20;1;25/3/2026;26/3/2026;C17;4500124253;10;MR05;2;GDIAZ;7/4/2026;7/4/2026;8/4/2026;8/4/2026;C17;PETRAL S.R.L.;12;0;0;12;5000168395;9/4/2026;2001;1;1;9/4/2026;LNASUTI;;8000088545;12;1;LNASUTI;9/4/2026;10/4/2026;14273;TALLER 10/04;LNASUTI;10/4/2026;4900432915;12;CDAVID;11/4/2026;10/4/2026;;;;;;;;;;;;;;;2;;9/4/2026;00005;SEDE;0;0;-2;-1;0;0;0;;;;;;;2;;;;1;;;;;;GESTION ROSARIO;;;;;1;
00005 TALLER;1000085444;40;ZPAN;carrito 25.3.26 16.1;;0;;;;CDAVID;1010724;AZUCAR X KG.;20;Materiales usuales;CUMPLIDO;MR01;1;25/3/2026;8/4/2026;abril;10146260;30;1;25/3/2026;26/3/2026;C17;4500124253;20;MR05;2;GDIAZ;7/4/2026;7/4/2026;8/4/2026;8/4/2026;C17;PETRAL S.R.L.;20;0;0;20;5000168395;9/4/2026;2001;2;1;9/4/2026;LNASUTI;;8000088545;20;1;LNASUTI;9/4/2026;10/4/2026;14273;TALLER 10/04;LNASUTI;10/4/2026;4900432915;20;CDAVID;11/4/2026;10/4/2026;;;;;;;;;;;;;;;2;;9/4/2026;00005;SEDE;0;0;-2;-1;0;0;0;;;;;;;2;;;;1;;;;;;GESTION ROSARIO;;;;;1;
00005 TALLER;1000085044;10;ZPAN;INT 78025 - OT 20013;;0;;;;HCABELLO;1015947;ABRAZADERA S/ PRESION 116;4;Materiales genericos;CUMPLIDO;MM01;1;18/3/2026;10/4/2026;abril;10145686;10;1;18/3/2026;18/3/2026;EFO;4500123381;10;MM05;1;GROSES;26/3/2026;26/3/2026;10/4/2026;10/4/2026;EFO;OLIVARES ANTONIO ALBERTO;4;0;0;4;5000170707;27/4/2026;MM05;1;1;27/4/2026;GROSES;;;0;0;;;;;;;;;0;;;;;;;;;;;;;;;;;;17;;27/4/2026;00005;OTRO;;;-18;-1;0;;;;;;;;;;;;;;;;;;;GESTION SAN JUAN;;;;;;
00005 TALLER;1000084171;10;ZPAN;INSUMO MODULAR - SF/;;0;;;;SFLORES;1049953;PLAFON LED P/EMBUTIR 60X30CM;30;Materiales usuales;CUMPLIDO;MR01;1;5/3/2026;6/4/2026;abril;10144595;10;1;5/3/2026;6/3/2026;C11;4500122448;10;MR05;1;PRODRIGUEZ;13/3/2026;13/3/2026;6/4/2026;6/4/2026;C11;CICCIOELEC SA;30;0;0;30;5000168012;7/4/2026;2001;1;1;7/4/2026;LNASUTI;;8000088401;30;1;LNASUTI;7/4/2026;7/4/2026;14216;TALLER 07/04;LNASUTI;7/4/2026;4900431740;30;CDAVID;8/4/2026;7/4/2026;;;;;;;;;;;;;;;1;;7/4/2026;00005;SEDE;0;0;-2;-1;0;0;0;;;;;;;2;;;;1;;;;;;GESTION ROSARIO;;;;;1;
00005 TALLER;1000086585;10;ZPAN;INSUMO HERRERIA - SF;;0;;;;SFLORES;1012896;RUEDA GIRATORIA S/DETALLE;2;Materiales genericos;CUMPLIDO;MR01;1;15/4/2026;29/4/2026;abril;10147701;10;1;15/4/2026;15/4/2026;C27;4500126445;10;MR05;1;PRODRIGUEZ;29/4/2026;29/4/2026;8/5/2026;8/5/2026;C27;ARROYITO MAQUINARIAS S.R.L.;2;0;0;2;5000174409;26/5/2026;2001;1;1;26/5/2026;FDEICAS;;8000091165;2;1;FDEICAS;26/5/2026;27/5/2026;14926;TALLER 27/05;LNASUTI;27/5/2026;4900449155;2;CDAVID;28/5/2026;27/5/2026;;;;;;;;;;;;;;;28;;26/5/2026;00005;SEDE;0;0;-28;-10;0;0;0;;;;;;;28;;;;10;;;;;;GESTION ROSARIO;;;;;1;
00005 TALLER;1000086585;20;ZPAN;INSUMO HERRERIA - SF;;0;;;;SFLORES;1012896;RUEDA FIJA S/DETALLE;2;Materiales genericos;CUMPLIDO;MR01;1;15/4/2026;29/4/2026;abril;10147701;20;1;15/4/2026;15/4/2026;C27;4500126445;20;MR05;1;PRODRIGUEZ;29/4/2026;29/4/2026;8/5/2026;8/5/2026;C27;ARROYITO MAQUINARIAS S.R.L.;2;0;0;2;5000174409;26/5/2026;2001;2;1;26/5/2026;FDEICAS;;8000091165;2;1;FDEICAS;26/5/2026;27/5/2026;14926;TALLER 27/05;LNASUTI;27/5/2026;4900449155;2;CDAVID;28/5/2026;27/5/2026;;;;;;;;;;;;;;;28;;26/5/2026;00005;SEDE;0;0;-28;-10;0;0;0;;;;;;;28;;;;10;;;;;;GESTION ROSARIO;;;;;1;
00005 TALLER;1000086520;10;ZPAN;INSUMO CONTENEDOR SF;;0;;;;SFLORES;1055043;REVESTIMIENTO PVC ALMENDRA 200X6MMX3MTS.;120;Materiales Stock S/Devol;CUMPLIDO;MR01;1;14/4/2026;28/4/2026;abril;10147589;10;1;14/4/2026;14/4/2026;C19;4500125483;10;MR05;1;GDIAZ;20/4/2026;20/4/2026;24/4/2026;24/4/2026;C19;RIVESTIMENTO SRL;120;0;0;120;5000171404;4/5/2026;2001;1;2;4/5/2026;LNASUTI;;8000089830;120;2;LNASUTI;24/4/2026;4/5/2026;14472;TALLER 24/04;LNASUTI;24/4/2026;4900441043;120;CDAVID;5/5/2026;4/5/2026;;;;;;;;;;;;;;;6;;4/5/2026;00005;SEDE;0;0;-7;3;0;-10;10;;;;;;;7;;;;;;;;;;GESTION ROSARIO;;;;;1;
00005 TALLER;1000086545;10;ZPAN;INSUMO HERRERIA SF/L;;20;;;;SFLORES;1043290;VASELINA SOLIDA AMARILLA X KG;3;Materiales usuales;CUMPLIDO;MR01;1;14/4/2026;17/4/2026;abril;10147622;10;1;14/4/2026;14/4/2026;C27;4500125733;30;MR05;1;PRODRIGUEZ;22/4/2026;22/4/2026;27/4/2026;27/4/2026;C27;FERRETERA SAN LUIS;3;0;0;3;5000172273;8/5/2026;2001;2;1;6/5/2026;LNASUTI;;8000090158;3;1;LNASUTI;8/5/2026;8/5/2026;14641;TALLER 08/05;LNASUTI;8/5/2026;4900442699;3;CDAVID;9/5/2026;8/5/2026;;;;;;;;;;;;;;;21;;8/5/2026;00005;SEDE;0;0;-20;-11;2;0;0;;;;;;;20;;;;11;;;;;;GESTION ROSARIO;1;;;1;1;
00005 TALLER;1000086424;50;ZPAN;REPO NO STOCK 11/04;;0;;;;SPONCE;1012866;ACOPLE RAPIDO AIRE AC 103-33;6;Materiales genericos;CUMPLIDO;MR01;1;11/4/2026;25/4/2026;abril;10147436;50;1;11/4/2026;13/4/2026;C27;4500125011;80;MR05;1;PRODRIGUEZ;14/4/2026;14/4/2026;24/4/2026;24/4/2026;C27;FERRETERA SAN LUIS;6;0;0;6;5000171589;5/5/2026;2001;1;1;29/4/2026;LBARTON;;8000089919;6;1;LBARTON;5/5/2026;5/5/2026;14581;TALLER 05/05;LNASUTI;5/5/2026;4900441564;6;CDAVID;6/5/2026;5/5/2026;;;;;;;;;;;;;;;10;;5/5/2026;00005;SEDE;0;0;-5;0;6;0;0;;;;;;;5;;;;;;;;;;GESTION ROSARIO;5;;;1;1;
00005 TALLER;1000086424;80;ZPAN;REPO NO STOCK 11/04;;0;;;;SPONCE;1012866;ACOPLE RAPIDO AIRE AC 101-22;6;Materiales genericos;CUMPLIDO;MR01;1;11/4/2026;25/4/2026;abril;10147436;80;1;11/4/2026;13/4/2026;C27;4500125011;110;MR05;1;PRODRIGUEZ;14/4/2026;14/4/2026;24/4/2026;24/4/2026;C27;FERRETERA SAN LUIS;6;0;0;6;5000171589;5/5/2026;2001;2;1;29/4/2026;LBARTON;;8000089919;6;1;LBARTON;5/5/2026;5/5/2026;14581;TALLER 05/05;LNASUTI;5/5/2026;4900441564;6;CDAVID;6/5/2026;5/5/2026;;;;;;;;;;;;;;;10;;5/5/2026;00005;SEDE;0;0;-5;0;6;0;0;;;;;;;5;;;;;;;;;;GESTION ROSARIO;5;;;1;1;
00005 TALLER;1000086424;90;ZPAN;REPO NO STOCK 11/04;;0;;;;SPONCE;1012866;RACORD MANGUERA NPI RFX 21-32;6;Materiales genericos;CUMPLIDO;MR01;1;11/4/2026;25/4/2026;abril;10147436;90;1;11/4/2026;13/4/2026;C27;4500125011;120;MR05;1;PRODRIGUEZ;14/4/2026;14/4/2026;24/4/2026;24/4/2026;C27;FERRETERA SAN LUIS;6;0;0;6;5000171589;5/5/2026;2001;3;1;29/4/2026;LBARTON;;8000089919;6;1;LBARTON;5/5/2026;5/5/2026;14581;TALLER 05/05;LNASUTI;5/5/2026;4900441564;6;CDAVID;6/5/2026;5/5/2026;;;;;;;;;;;;;;;10;;5/5/2026;00005;SEDE;0;0;-5;0;6;0;0;;;;;;;5;;;;;;;;;;GESTION ROSARIO;5;;;1;1;
00005 TALLER;1000086424;100;ZPAN;REPO NO STOCK 11/04;;0;;;;SPONCE;1012866;RACORD MANGUERA NPI RFX 22-32;6;Materiales genericos;CUMPLIDO;MR01;1;11/4/2026;25/4/2026;abril;10147436;100;1;11/4/2026;13/4/2026;C27;4500125011;130;MR05;1;PRODRIGUEZ;14/4/2026;14/4/2026;24/4/2026;24/4/2026;C27;FERRETERA SAN LUIS;6;0;0;6;5000171589;5/5/2026;2001;4;1;29/4/2026;LBARTON;;8000089919;6;1;LBARTON;5/5/2026;5/5/2026;14581;TALLER 05/05;LNASUTI;5/5/2026;4900441564;6;CDAVID;6/5/2026;5/5/2026;;;;;;;;;;;;;;;10;;5/5/2026;00005;SEDE;0;0;-5;0;6;0;0;;;;;;;5;;;;;;;;;;GESTION ROSARIO;5;;;1;1;
00005 TALLER;1000086424;120;ZPAN;REPO NO STOCK 11/04;;0;;;;SPONCE;1012866;RACORD MANGUERA NPI RFX 23-33;6;Materiales genericos;CUMPLIDO;MR01;1;11/4/2026;25/4/2026;abril;10147436;120;1;11/4/2026;13/4/2026;C27;4500125011;150;MR05;1;PRODRIGUEZ;14/4/2026;14/4/2026;24/4/2026;24/4/2026;C27;FERRETERA SAN LUIS;6;0;0;6;5000171589;5/5/2026;2001;5;1;29/4/2026;LBARTON;;8000089919;6;1;LBARTON;5/5/2026;5/5/2026;14581;TALLER 05/05;LNASUTI;5/5/2026;4900441564;6;CDAVID;6/5/2026;5/5/2026;;;;;;;;;;;;;;;10;;5/5/2026;00005;SEDE;0;0;-5;0;6;0;0;;;;;;;5;;;;;;;;;;GESTION ROSARIO;5;;;1;1;
00005 TALLER;1000086424;130;ZPAN;REPO NO STOCK 11/04;;0;;;;SPONCE;1012866;RACORD MANGUERA NPI RFX 22-34;6;Materiales genericos;CUMPLIDO;MR01;1;11/4/2026;25/4/2026;abril;10147436;130;1;11/4/2026;13/4/2026;C27;4500125011;160;MR05;1;PRODRIGUEZ;14/4/2026;14/4/2026;24/4/2026;24/4/2026;C27;FERRETERA SAN LUIS;6;0;0;6;5000171589;5/5/2026;2001;6;1;29/4/2026;LBARTON;;8000089919;6;1;LBARTON;5/5/2026;5/5/2026;14581;TALLER 05/05;LNASUTI;5/5/2026;4900441564;6;CDAVID;6/5/2026;5/5/2026;;;;;;;;;;;;;;;10;;5/5/2026;00005;SEDE;0;0;-5;0;6;0;0;;;;;;;5;;;;;;;;;;GESTION ROSARIO;5;;;1;1;
00005 TALLER;1000086424;140;ZPAN;REPO NO STOCK 11/04;;0;;;;SPONCE;1012866;RACORD MANGUERA NPI RFX 23-34;6;Materiales genericos;CUMPLIDO;MR01;1;11/4/2026;25/4/2026;abril;10147436;140;1;11/4/2026;13/4/2026;C27;4500125011;170;MR05;1;PRODRIGUEZ;14/4/2026;14/4/2026;24/4/2026;24/4/2026;C27;FERRETERA SAN LUIS;6;0;0;6;5000171589;5/5/2026;MR05;7;1;29/4/2026;LBARTON;;8000089919;6;1;LBARTON;5/5/2026;5/5/2026;14581;TALLER 05/05;LNASUTI;5/5/2026;4900441564;6;CDAVID;6/5/2026;5/5/2026;;;;;;;;;;;;;;;10;;5/5/2026;00005;SEDE;0;0;-5;0;6;0;0;;;;;;;5;;;;;;;;;;GESTION ROSARIO;5;;;1;1;
00005 TALLER;1000086385;10;ZPAN;INSUMO HERRERIA - SF;;20;;;;SFLORES;1054769;SIERRA SINFIN BIMETAL. M42 27X0,9MM 8-12;4;Materiales usuales;CUMPLIDO;MR01;1;10/4/2026;24/4/2026;abril;10147374;10;1;10/4/2026;10/4/2026;C27;4500125206;10;MR05;1;PRODRIGUEZ;16/4/2026;16/4/2026;23/4/2026;23/4/2026;C27;ARROYITO MAQUINARIAS S.R.L.;4;0;0;4;5000170812;28/4/2026;2001;1;2;27/4/2026;LNASUTI;;8000089592;4;2;LBARTON;21/4/2026;28/4/2026;14401;TALLER 21/04;LNASUTI;21/4/2026;4900439447;4;CDAVID;28/4/2026;28/4/2026;;;;;;;;;;;;;;;4;;28/4/2026;00005;SEDE;0;0;-4;0;1;-7;7;;;;;;;4;;;;;;;;;;GESTION ROSARIO;;;;;1;
00005 TALLER;1000086174;10;ZPAN;INSUMO HERRERIA - SF;;0;;;;SFLORES;1047912;ELECTRODO P/PANTOGRAFO;3;Materiales usuales;CUMPLIDO;MR01;1;8/4/2026;22/4/2026;abril;10147120;10;1;8/4/2026;9/4/2026;C27;4500125241;10;MR05;1;PRODRIGUEZ;16/4/2026;16/4/2026;21/4/2026;4/5/2026;C27;FERRETERA SAN LUIS;3;0;0;3;5000172674;12/5/2026;2001;1;2;11/5/2026;LNASUTI;;8000090370;3;2;LNASUTI;23/4/2026;12/5/2026;14472;TALLER 24/04;LNASUTI;24/4/2026;4900443840;3;CDAVID;13/5/2026;12/5/2026;;;;;;;;;;;;;;;20;;12/5/2026;00005;SEDE;0;0;-20;-13;1;-19;18;;;;;;;20;;;;13;;;;;;GESTION ROSARIO;;;;;1;
00005 TALLER;1000086231;10;ZPAN;REPO NO STOCK 08/04;;0;;;;SPONCE;1055173;LUBRIFILM ADITIVO PARA GASOIL X205LTS;1;Materiales Stock;CUMPLIDO;MR01;1;8/4/2026;22/4/2026;abril;10147202;10;1;8/4/2026;8/4/2026;C38;4500124488;10;MR05;1;FALASSIA;8/4/2026;9/4/2026;22/4/2026;8/5/2026;C38;SANTIAGO INNOVA SAS;1;0;0;1;5000171907;6/5/2026;MR05;1;1;6/5/2026;CDAVID;;;0;0;;;;;;;;;0;;;;;;;;;;;;;;;;;;14;;6/5/2026;00005;OTRO;;;-15;-17;0;;;;;;;;;;;;;;;;;;;GESTION ROSARIO;;;;;;
00005 TALLER;1000086174;20;ZPAN;INSUMO HERRERIA - SF;;0;;;;SFLORES;1047403;TOBERA DE RANURADO P/PLASMA;2;Materiales usuales;CUMPLIDO;MR01;1;8/4/2026;5/5/2026;mayo;10147120;20;1;8/4/2026;9/4/2026;C10;4500125350;10;MR05;1;PRODRIGUEZ;17/4/2026;17/4/2026;4/5/2026;4/5/2026;C10;FERRETERA SAN LUIS;2;0;0;2;5000172671;12/5/2026;2001;1;1;11/5/2026;LNASUTI;;8000090368;2;1;LNASUTI;12/5/2026;12/5/2026;14681;TALLER 12/05;LNASUTI;12/5/2026;4900443839;2;CDAVID;13/5/2026;12/5/2026;;;;;;;;;;;;;;;7;;12/5/2026;00005;SEDE;0;0;-7;0;1;0;0;;;;;;;7;;;;;;;;;;GESTION ROSARIO;;;;;1;
00005 TALLER;1000086756;10;ZPAN;INT 78073 - OT 20013;;0;;;;HCABELLO;1012896;"ANGULO 3"" X 5/1 X 3 METROS";1;Materiales genericos;CUMPLIDO;MM01;1;16/4/2026;7/5/2026;mayo;10147895;10;1;16/4/2026;17/4/2026;EFO;4500125478;10;MM05;1;EFUNES;20/4/2026;20/4/2026;7/5/2026;7/5/2026;EFO;METALES CONCEPCION SRL;1;0;0;1;5000174627;28/5/2026;MM05;1;1;28/5/2026;GQUIROGA;;8000091299;1;1;GQUIROGA;28/5/2026;28/5/2026;;;;;4900449233;1;GQUIROGA;28/5/2026;28/5/2026;;;;;;;;;;;;;;;21;;28/5/2026;00005;OTRO;0;0;-22;-1;0;0;;;;;;;;;;;;;;;;;;GESTION SAN JUAN;;;;;;
00005 TALLER;1000086774;30;ZPAN;MAT. CONSUMIBLES TAL;;0;;;;GQUIROGA;1012807;PORTA FUSIBLE AEREO HASTA 30AMP.X UN;20;Materiales genericos;CUMPLIDO;MM01;1;17/4/2026;8/5/2026;mayo;10147916;30;1;17/4/2026;17/4/2026;C11;4500126205;10;MM05;1;PRODRIGUEZ;28/4/2026;28/4/2026;7/5/2026;7/5/2026;C11;ROVI S.R.L.;20;0;0;20;5000174779;29/5/2026;MM05;1;1;26/5/2026;AITURRIETA;;8000091392;20;1;AITURRIETA;29/5/2026;29/5/2026;;;;;;0;;;;;;;;;;;;;;;;;;18;;26/5/2026;00005;SEDE;0;0;-19;0;3;0;;;;;;;;19;;;;;;;;;;GESTION SAN JUAN;;2;;1;1;
00005 TALLER;1000086782;10;ZPAN;INSUMO HERRERIA - SF;;0;;;;SFLORES;1049442;HIERRO LAMI. REDON. SAE1010 D12,7MM X 6M;90;Materiales usuales;CUMPLIDO;MR01;1;17/4/2026;1/5/2026;mayo;10147920;10;1;17/4/2026;20/4/2026;C08;4500126096;10;MR05;1;GDIAZ;27/4/2026;22/5/2026;1/5/2026;6/5/2026;C08;ORLANDI INDUST. Y COMERC. S.A;90;0;0;90;5000171506;4/5/2026;2001;1;1;4/5/2026;LNASUTI;;8000089860;90;1;LNASUTI;4/5/2026;4/5/2026;14554;TALLER 04/05;LNASUTI;4/5/2026;4900441045;90;CDAVID;5/5/2026;4/5/2026;;;;;;;;;;;;;;;3;;4/5/2026;00005;SEDE;0;0;-4;-6;0;0;0;;;;;;;4;;;;6;;;;;;GESTION ROSARIO;;;;;1;
00005 TALLER;1000086782;20;ZPAN;INSUMO HERRERIA - SF;;0;;;;SFLORES;1010116;CANO ESTRUCTURAL RECT 100X40 ESP 2 MM;10;Materiales usuales;CUMPLIDO;MR01;1;17/4/2026;1/5/2026;mayo;10147920;20;1;17/4/2026;20/4/2026;C08;4500126096;20;MR05;1;GDIAZ;27/4/2026;22/5/2026;1/5/2026;6/5/2026;C08;ORLANDI INDUST. Y COMERC. S.A;10;0;0;10;5000171506;4/5/2026;2001;2;1;4/5/2026;LNASUTI;;8000089860;10;1;LNASUTI;4/5/2026;4/5/2026;14554;TALLER 04/05;LNASUTI;4/5/2026;4900441045;10;CDAVID;5/5/2026;4/5/2026;;;;;;;;;;;;;;;3;;4/5/2026;00005;SEDE;0;0;-4;-6;0;0;0;;;;;;;4;;;;6;;;;;;GESTION ROSARIO;;;;;1;
00005 TALLER;1000086782;30;ZPAN;INSUMO HERRERIA - SF;;0;;;;SFLORES;1049152;CAÑO ESTRUCT. CUAD. 30X30MM ESP:0.9MMX6M;35;Materiales usuales;CUMPLIDO;MR01;1;17/4/2026;1/5/2026;mayo;10147920;30;1;17/4/2026;20/4/2026;C08;4500126096;30;MR05;1;GDIAZ;27/4/2026;22/5/2026;1/5/2026;6/5/2026;C08;ORLANDI INDUST. Y COMERC. S.A;35;0;0;35;5000171506;4/5/2026;2001;3;1;4/5/2026;LNASUTI;;8000089860;35;1;LNASUTI;4/5/2026;4/5/2026;14554;TALLER 04/05;LNASUTI;4/5/2026;4900441045;35;CDAVID;5/5/2026;4/5/2026;;;;;;;;;;;;;;;3;;4/5/2026;00005;SEDE;0;0;-4;-6;0;0;0;;;;;;;4;;;;6;;;;;;GESTION ROSARIO;;;;;1;
00005 TALLER;1000086782;40;ZPAN;INSUMO HERRERIA - SF;;0;;;;SFLORES;1010183;PLANCHUELA LISA 1 1 4PG X 3 16PG;70;Materiales usuales;CUMPLIDO;MR01;1;17/4/2026;1/5/2026;mayo;10147920;40;1;17/4/2026;20/4/2026;C08;4500126096;40;MR05;1;GDIAZ;27/4/2026;22/5/2026;1/5/2026;6/5/2026;C08;ORLANDI INDUST. Y COMERC. S.A;70;0;0;70;5000171506;4/5/2026;2001;4;1;4/5/2026;LNASUTI;;8000089860;70;1;LNASUTI;4/5/2026;4/5/2026;14554;TALLER 04/05;LNASUTI;4/5/2026;4900441045;70;CDAVID;5/5/2026;4/5/2026;;;;;;;;;;;;;;;3;;4/5/2026;00005;SEDE;0;0;-4;-6;0;0;0;;;;;;;4;;;;6;;;;;;GESTION ROSARIO;;;;;1;
00005 TALLER;1000086782;50;ZPAN;INSUMO HERRERIA - SF;;0;;;;SFLORES;1055505;PERFIL UPN 60 6 MTS;5;Materiales usuales;CUMPLIDO;MR01;1;17/4/2026;1/5/2026;mayo;10147920;50;1;17/4/2026;20/4/2026;C08;4500126096;50;MR05;1;GDIAZ;27/4/2026;22/5/2026;1/5/2026;6/5/2026;C08;ORLANDI INDUST. Y COMERC. S.A;5;0;0;5;5000174183;22/5/2026;2001;1;1;22/5/2026;LNASUTI;;8000091053;5;1;LNASUTI;22/5/2026;22/5/2026;14872;TALLER 22/05;LNASUTI;22/5/2026;4900447665;5;CDAVID;23/5/2026;22/5/2026;;;;;;;;;;;;;;;21;;22/5/2026;00005;SEDE;0;0;-22;-6;0;0;0;;;;;;;22;;;;6;;;;;;GESTION ROSARIO;;;;;1;
00005 TALLER;1000086782;60;ZPAN;INSUMO HERRERIA - SF;;0;;;;SFLORES;1009850;PERFIL UPN 80 6 MTS;5;Materiales usuales;CUMPLIDO;MR01;1;17/4/2026;1/5/2026;mayo;10147920;60;1;17/4/2026;20/4/2026;C08;4500126096;60;MR05;1;GDIAZ;27/4/2026;22/5/2026;1/5/2026;6/5/2026;C08;ORLANDI INDUST. Y COMERC. S.A;5;0;0;5;5000171506;4/5/2026;2001;5;1;4/5/2026;LNASUTI;;8000089860;5;1;LNASUTI;4/5/2026;4/5/2026;14554;TALLER 04/05;LNASUTI;4/5/2026;4900441045;5;CDAVID;5/5/2026;4/5/2026;;;;;;;;;;;;;;;3;;4/5/2026;00005;SEDE;0;0;-4;-6;0;0;0;;;;;;;4;;;;6;;;;;;GESTION ROSARIO;;;;;1;
00005 TALLER;1000086782;70;ZPAN;INSUMO HERRERIA - SF;;0;;;;SFLORES;1010196;PLANCHUELA LISA 1 3 4PG X 1 4PG;70;Materiales usuales;CUMPLIDO;MR01;1;17/4/2026;1/5/2026;mayo;10147920;70;1;17/4/2026;20/4/2026;C08;4500126096;70;MR05;1;GDIAZ;27/4/2026;22/5/2026;1/5/2026;6/5/2026;C08;ORLANDI INDUST. Y COMERC. S.A;70;0;0;70;5000171506;4/5/2026;2001;6;1;4/5/2026;LNASUTI;;8000089860;70;1;LNASUTI;4/5/2026;4/5/2026;14554;TALLER 04/05;LNASUTI;4/5/2026;4900441045;70;CDAVID;5/5/2026;4/5/2026;;;;;;;;;;;;;;;3;;4/5/2026;00005;SEDE;0;0;-4;-6;0;0;0;;;;;;;4;;;;6;;;;;;GESTION ROSARIO;;;;;1;
00005 TALLER;1000086782;80;ZPAN;INSUMO HERRERIA - SF;;0;;;;SFLORES;1010167;PLANCHUELA LISA 3 4PG X 1 8PG;70;Materiales usuales;CUMPLIDO;MR01;1;17/4/2026;1/5/2026;mayo;10147920;80;1;17/4/2026;20/4/2026;C08;4500126096;80;MR05;1;GDIAZ;27/4/2026;22/5/2026;1/5/2026;6/5/2026;C08;ORLANDI INDUST. Y COMERC. S.A;70;0;0;70;5000171506;4/5/2026;2001;7;1;4/5/2026;LNASUTI;;8000089860;70;1;LNASUTI;4/5/2026;4/5/2026;14554;TALLER 04/05;LNASUTI;4/5/2026;4900441045;70;CDAVID;5/5/2026;4/5/2026;;;;;;;;;;;;;;;3;;4/5/2026;00005;SEDE;0;0;-4;-6;0;0;0;;;;;;;4;;;;6;;;;;;GESTION ROSARIO;;;;;1;
00005 TALLER;1000086782;90;ZPAN;INSUMO HERRERIA - SF;;0;;;;SFLORES;1049950;CHAPA LISA SAE 1010 N12 1220X2440MM;5;Materiales usuales;CUMPLIDO;MR01;1;17/4/2026;1/5/2026;mayo;10147920;90;1;17/4/2026;20/4/2026;C08;4500126096;90;MR05;1;GDIAZ;27/4/2026;22/5/2026;1/5/2026;6/5/2026;C08;ORLANDI INDUST. Y COMERC. S.A;5;0;0;5;5000171506;4/5/2026;2001;8;1;4/5/2026;LNASUTI;;8000089860;5;1;LNASUTI;4/5/2026;4/5/2026;14554;TALLER 04/05;LNASUTI;4/5/2026;4900441045;5;CDAVID;5/5/2026;4/5/2026;;;;;;;;;;;;;;;3;;4/5/2026;00005;SEDE;0;0;-4;-6;0;0;0;;;;;;;4;;;;6;;;;;;GESTION ROSARIO;;;;;1;
00005 TALLER;1000086782;100;ZPAN;INSUMO HERRERIA - SF;;0;;;;SFLORES;1049447;"CHAPA LISA SAE1010 ESP:3/4"" 1500x3000MM";1;Materiales usuales;CUMPLIDO;MR01;1;17/4/2026;1/5/2026;mayo;10147920;100;1;17/4/2026;20/4/2026;C08;4500126096;100;MR05;1;GDIAZ;27/4/2026;22/5/2026;1/5/2026;6/5/2026;C08;ORLANDI INDUST. Y COMERC. S.A;1;0;0;1;5000174183;22/5/2026;2001;2;1;22/5/2026;LNASUTI;;8000091053;1;1;LNASUTI;22/5/2026;22/5/2026;14872;TALLER 22/05;LNASUTI;22/5/2026;4900447665;1;CDAVID;23/5/2026;22/5/2026;;;;;;;;;;;;;;;21;;22/5/2026;00005;SEDE;0;0;-22;-6;0;0;0;;;;;;;22;;;;6;;;;;;GESTION ROSARIO;;;;;1;
00005 TALLER;1000086782;110;ZPAN;INSUMO HERRERIA - SF;;0;;;;SFLORES;1055506;"CHAPA LISA SAE1010 ESP:3/8"" 1500X3000MM";1;Materiales usuales;CUMPLIDO;MR01;1;17/4/2026;1/5/2026;mayo;10147920;110;1;17/4/2026;20/4/2026;C08;4500126096;110;MR05;1;GDIAZ;27/4/2026;22/5/2026;1/5/2026;6/5/2026;C08;ORLANDI INDUST. Y COMERC. S.A;1;0;0;1;5000171506;4/5/2026;2001;9;1;4/5/2026;LNASUTI;;8000089860;1;1;LNASUTI;4/5/2026;4/5/2026;14554;TALLER 04/05;LNASUTI;4/5/2026;4900441045;1;CDAVID;5/5/2026;4/5/2026;;;;;;;;;;;;;;;3;;4/5/2026;00005;SEDE;0;0;-4;-6;0;0;0;;;;;;;4;;;;6;;;;;;GESTION ROSARIO;;;;;1;
00005 TALLER;1000086782;120;ZPAN;INSUMO HERRERIA - SF;;0;;;;SFLORES;1049951;MATERIAL DESPLE. 450X30X30 1500X3000MM;3;Materiales usuales;CUMPLIDO;MR01;1;17/4/2026;1/5/2026;mayo;10147920;120;1;17/4/2026;20/4/2026;C08;4500126096;120;MR05;1;GDIAZ;27/4/2026;22/5/2026;1/5/2026;6/5/2026;C08;ORLANDI INDUST. Y COMERC. S.A;3;0;0;3;5000173998;21/5/2026;2001;1;1;21/5/2026;LNASUTI;;8000090975;3;1;LNASUTI;21/5/2026;22/5/2026;14872;TALLER 22/05;LNASUTI;22/5/2026;4900447663;3;CDAVID;23/5/2026;22/5/2026;;;;;;;;;;;;;;;21;;21/5/2026;00005;SEDE;0;0;-21;-6;0;0;0;;;;;;;21;;;;6;;;;;;GESTION ROSARIO;;;;;1;
00005 TALLER;1000086782;130;ZPAN;INSUMO HERRERIA - SF;;0;;;;SFLORES;1010183;PLANCHUELA LISA 1 1 4PG X 3 16PG;36;Materiales usuales;CUMPLIDO;MR01;1;17/4/2026;1/5/2026;mayo;10147920;130;1;26/5/2026;26/5/2026;C08;4500128706;10;MR05;1;GDIAZ;27/5/2026;27/5/2026;1/5/2026;1/5/2026;C08;ORLANDI INDUST. Y COMERC. S.A;36;0;0;36;5000174451;27/5/2026;MR05;1;1;27/5/2026;LNASUTI;;8000091239;36;1;LNASUTI;27/5/2026;27/5/2026;14926;TALLER 27/05;LNASUTI;27/5/2026;4900449157;36;CDAVID;28/5/2026;27/5/2026;;;;;;;;;;;;;;;26;;27/5/2026;00005;SEDE;0;0;-27;-1;0;0;0;;;;;;;27;;;;1;;;;;;GESTION ROSARIO;;;;;1;
00005 TALLER;1000086785;20;ZPAN;BOTIN PARA PER/ BAJA;;0;;;;HCABELLO;1036192;Botin Seg Boris 3303 Estampado T43;5;Materiales Stock S/Devol;CUMPLIDO;MM01;1;17/4/2026;8/5/2026;mayo;10147934;20;1;17/4/2026;17/4/2026;C28;4500125559;20;2001;1;GJULIANI;21/4/2026;21/4/2026;;5/5/2026;C28;GILIGROUP S.A.S.;5;0;0;5;5000173074;14/5/2026;2001;1;2;13/5/2026;AITURRIETA;;8000090560;5;2;AITURRIETA;24/4/2026;14/5/2026;;;;;4900444927;5;GQUIROGA;15/5/2026;14/5/2026;;;;;;;;;;;;;;;6;;14/5/2026;00005;SEDE;0;0;-6;2;1;-20;;;;;;;;6;;;;;;;;;;GESTION SAN JUAN;;;;;1;
00005 TALLER;1000086785;40;ZPAN;BOTIN PARA PER/ BAJA;;0;;;;HCABELLO;1036190;Botin Seg Boris 3303 Estampado T41;4;Materiales Stock S/Devol;CUMPLIDO;MM01;1;17/4/2026;8/5/2026;mayo;10147934;40;1;17/4/2026;17/4/2026;C28;4500125559;40;2001;1;GJULIANI;21/4/2026;21/4/2026;;5/5/2026;C28;GILIGROUP S.A.S.;4;0;0;4;5000173074;14/5/2026;2001;2;2;13/5/2026;AITURRIETA;;8000090560;4;2;AITURRIETA;24/4/2026;14/5/2026;;;;;4900444927;4;GQUIROGA;15/5/2026;14/5/2026;;;;;;;;;;;;;;;6;;14/5/2026;00005;SEDE;0;0;-6;2;1;-20;;;;;;;;6;;;;;;;;;;GESTION SAN JUAN;;;;;1;
00005 TALLER;1000086785;50;ZPAN;BOTIN PARA PER/ BAJA;;0;;;;HCABELLO;1012662;BORIS FUNDIDOR SOLDADOR 3512 T44;1;Materiales genericos;CUMPLIDO;MM01;1;17/4/2026;8/5/2026;mayo;10147934;50;1;17/4/2026;17/4/2026;C28;4500125559;50;2001;1;GJULIANI;21/4/2026;21/4/2026;;5/5/2026;C28;GILIGROUP S.A.S.;1;0;0;1;5000173074;14/5/2026;2001;3;1;13/5/2026;AITURRIETA;;8000090560;1;1;AITURRIETA;14/5/2026;14/5/2026;;;;;4900444927;1;GQUIROGA;15/5/2026;14/5/2026;;;;;;;;;;;;;;;6;;14/5/2026;00005;SEDE;0;0;-6;2;1;0;;;;;;;;6;;;;;;;;;;GESTION SAN JUAN;;;;;1;
00005 TALLER;1000086785;80;ZPAN;BOTIN PARA PER/ BAJA;;0;;;;HCABELLO;1036195;Botín Boris Fundidor Soldador 3512 T40;1;Materiales Stock S/Devol;CUMPLIDO;MM01;1;17/4/2026;8/5/2026;mayo;10147934;80;1;17/4/2026;20/4/2026;C28;4500125559;80;2001;1;GJULIANI;21/4/2026;21/4/2026;;5/5/2026;C28;GILIGROUP S.A.S.;1;0;0;1;5000173074;14/5/2026;2001;4;1;13/5/2026;AITURRIETA;;8000090560;1;1;AITURRIETA;14/5/2026;14/5/2026;;;;;4900444927;1;GQUIROGA;15/5/2026;14/5/2026;;;;;;;;;;;;;;;6;;14/5/2026;00005;SEDE;0;0;-6;2;1;0;;;;;;;;6;;;;;;;;;;GESTION SAN JUAN;;;;;1;
00005 TALLER;1000086785;90;ZPAN;BOTIN PARA PER/ BAJA;;0;;;;HCABELLO;1036196;Botín Boris Fundidor Soldador 3512 T41;2;Materiales Stock S/Devol;CUMPLIDO;MM01;1;17/4/2026;8/5/2026;mayo;10147934;90;1;17/4/2026;20/4/2026;C28;4500125559;90;2001;1;GJULIANI;21/4/2026;21/4/2026;;5/5/2026;C28;GILIGROUP S.A.S.;2;0;0;2;5000173074;14/5/2026;2001;5;1;13/5/2026;AITURRIETA;;8000090560;2;1;AITURRIETA;14/5/2026;14/5/2026;;;;;4900444927;2;GQUIROGA;15/5/2026;14/5/2026;;;;;;;;;;;;;;;6;;14/5/2026;00005;SEDE;0;0;-6;2;1;0;;;;;;;;6;;;;;;;;;;GESTION SAN JUAN;;;;;1;
00005 TALLER;1000087034;10;ZPAN;HERRAMIENTA VIAL - S;;0;;;;SFLORES;1012904;ATORNILLADOR DE IMPACTOR 3/4 PLUS WHURT;1;Materiales genericos;CUMPLIDO;MR01;1;22/4/2026;6/5/2026;mayo;10148284;10;1;22/4/2026;22/4/2026;C27;4500127440;70;MR05;1;PRODRIGUEZ;12/5/2026;12/5/2026;18/5/2026;18/5/2026;C27;ANGIULLI SERGIO RAUL;1;0;0;1;5000174849;29/5/2026;2001;4;1;26/5/2026;FDEICAS;;8000091383;1;1;FDEICAS;29/5/2026;29/5/2026;14971;TALLER 29/05;LNASUTI;29/5/2026;4900450059;1;CDAVID;30/5/2026;29/5/2026;;;;;;;;;;;;;;;23;;29/5/2026;00005;SEDE;0;0;-21;-13;3;0;0;;;;;;;21;;;;13;;;;;;GESTION ROSARIO;2;;;1;1;
00005 TALLER;1000087146;10;ZPAN;INSUMO HERRERIA - SF;;0;;;;SFLORES;1055592;CHAPA ACERO ANTIDESGASTE 2500X6000X10MM;4;Materiales usuales;CUMPLIDO;MR01;1;23/4/2026;7/5/2026;mayo;10148439;10;1;23/4/2026;24/4/2026;C08;4500126531;10;MR05;1;GDIAZ;30/4/2026;5/5/2026;7/5/2026;11/5/2026;C08;INBELT S.R.L.;4;0;0;4;5000172258;8/5/2026;2001;1;1;8/5/2026;LBARTON;;8000090153;4;1;LBARTON;8/5/2026;8/5/2026;14641;TALLER 08/05;LNASUTI;8/5/2026;4900442697;4;CDAVID;9/5/2026;8/5/2026;;;;;;;;;;;;;;;1;;8/5/2026;00005;SEDE;0;0;-2;-5;0;0;0;;;;;;;2;;;;5;;;;;;GESTION ROSARIO;;;;;1;
00005 TALLER;1000087253;10;ZPAN;INT 33012 - OT 20013;;0;;;;HCABELLO;1015947;ROTULAS GEH 30 ES SKF;1;Materiales genericos;CUMPLIDO;MM01;1;24/4/2026;15/5/2026;mayo;10148607;10;1;24/4/2026;24/4/2026;EFO;4500126366;10;MM05;1;GROSES;29/4/2026;29/4/2026;15/5/2026;15/5/2026;EFO;RODAMIENTOS CUYO SEL;1;0;0;1;5000175116;1/6/2026;MM05;1;1;1/6/2026;GQUIROGA;;8000091504;1;1;GQUIROGA;1/6/2026;1/6/2026;;;;;4900450534;1;GQUIROGA;1/6/2026;1/6/2026;;;;;;;;;;;;;;;17;;1/6/2026;00005;OTRO;0;0;-18;-1;0;0;;;;;;;;;;;;;;;;;;GESTION SAN JUAN;;;;;;
00005 TALLER;1000087319;20;ZPAN;crrito 27/4/26;;20;;;;CDAVID;1012888;KIT LLAVES COMBINADAS DE LA N° 8 A LA N°;1;Materiales genericos;CUMPLIDO;MR01;1;27/4/2026;11/5/2026;mayo;10148666;20;1;27/4/2026;28/4/2026;C27;4500126807;90;MR05;1;PRODRIGUEZ;5/5/2026;5/5/2026;11/5/2026;15/5/2026;C27;ANGIULLI SERGIO RAUL;1;0;0;1;5000174847;29/5/2026;2001;1;1;26/5/2026;FDEICAS;;8000091380;1;1;FDEICAS;29/5/2026;29/5/2026;14971;TALLER 29/05;LNASUTI;29/5/2026;4900450058;1;CDAVID;30/5/2026;29/5/2026;;;;;;;;;;;;;;;18;;29/5/2026;00005;SEDE;0;0;-16;-5;3;0;0;;;;;;;16;;;;5;;;;;;GESTION ROSARIO;2;;;1;1;
00005 TALLER;1000087319;30;ZPAN;crrito 27/4/26;;20;;;;CDAVID;1012888;"Juego de bocallaves tubos 1/2"" (27 pieza";1;Materiales genericos;CUMPLIDO;MR01;1;27/4/2026;11/5/2026;mayo;10148666;30;1;27/4/2026;28/4/2026;C27;4500126807;100;MR05;1;PRODRIGUEZ;5/5/2026;5/5/2026;11/5/2026;15/5/2026;C27;ANGIULLI SERGIO RAUL;1;0;0;1;5000174859;29/5/2026;2001;1;1;26/5/2026;FDEICAS;;8000091386;1;1;FDEICAS;29/5/2026;29/5/2026;14971;TALLER 29/05;LNASUTI;29/5/2026;4900450060;1;CDAVID;30/5/2026;29/5/2026;;;;;;;;;;;;;;;18;;29/5/2026;00005;SEDE;0;0;-16;-5;3;0;0;;;;;;;16;;;;5;;;;;;GESTION ROSARIO;2;;;1;1;
00005 TALLER;1000087325;10;ZPAN;crrito 27/4/26;;20;;;;CDAVID;1012888;TUBO HEXAGONAL ENCASTRE DE 1/2 DE 12;1;Materiales genericos;CUMPLIDO;MR01;1;27/4/2026;11/5/2026;mayo;10148672;10;1;27/4/2026;28/4/2026;C27;4500126805;100;MR05;1;PRODRIGUEZ;5/5/2026;6/5/2026;11/5/2026;11/5/2026;C27;ARROYITO MAQUINARIAS S.R.L.;1;0;0;1;5000173358;16/5/2026;2001;6;1;14/5/2026;LNASUTI;;8000090651;1;1;LNASUTI;16/5/2026;18/5/2026;14780;TALLER 18/05;LNASUTI;18/5/2026;4900446207;1;CDAVID;19/5/2026;18/5/2026;;;;;;;;;;;;;;;7;;16/5/2026;00005;SEDE;0;0;-4;-1;2;0;0;;;;;;;4;;;;1;;;;;;GESTION ROSARIO;1;;;1;1;
00005 TALLER;1000087325;20;ZPAN;crrito 27/4/26;;20;;;;CDAVID;1012888;TUBO HEXAGONAL ENCASTRE DE 1/2 DE 17;1;Materiales genericos;CUMPLIDO;MR01;1;27/4/2026;11/5/2026;mayo;10148672;20;1;27/4/2026;28/4/2026;C27;4500126805;110;MR05;1;PRODRIGUEZ;5/5/2026;6/5/2026;11/5/2026;11/5/2026;C27;ARROYITO MAQUINARIAS S.R.L.;1;0;0;1;5000173358;16/5/2026;2001;7;1;14/5/2026;LNASUTI;;8000090651;1;1;LNASUTI;16/5/2026;18/5/2026;14780;TALLER 18/05;LNASUTI;18/5/2026;4900446207;1;CDAVID;19/5/2026;18/5/2026;;;;;;;;;;;;;;;7;;16/5/2026;00005;SEDE;0;0;-4;-1;2;0;0;;;;;;;4;;;;1;;;;;;GESTION ROSARIO;1;;;1;1;
00005 TALLER;1000087325;30;ZPAN;crrito 27/4/26;;20;;;;CDAVID;1012888;TUBO HEXAGONAL ENCASTRE DE 1/2 DE 19;1;Materiales genericos;CUMPLIDO;MR01;1;27/4/2026;11/5/2026;mayo;10148672;30;1;27/4/2026;28/4/2026;C27;4500126805;120;MR05;1;PRODRIGUEZ;5/5/2026;6/5/2026;11/5/2026;11/5/2026;C27;ARROYITO MAQUINARIAS S.R.L.;1;0;0;1;5000173358;16/5/2026;2001;8;1;14/5/2026;LNASUTI;;8000090651;1;1;LNASUTI;16/5/2026;18/5/2026;14780;TALLER 18/05;LNASUTI;18/5/2026;4900446207;1;CDAVID;19/5/2026;18/5/2026;;;;;;;;;;;;;;;7;;16/5/2026;00005;SEDE;0;0;-4;-1;2;0;0;;;;;;;4;;;;1;;;;;;GESTION ROSARIO;1;;;1;1;
00005 TALLER;1000087325;80;ZPAN;crrito 27/4/26;;20;;;;CDAVID;1012888;ALICATE;1;Materiales genericos;CUMPLIDO;MR01;1;27/4/2026;11/5/2026;mayo;10148672;80;1;27/4/2026;28/4/2026;C27;4500126805;170;MR05;1;PRODRIGUEZ;5/5/2026;6/5/2026;11/5/2026;11/5/2026;C27;ARROYITO MAQUINARIAS S.R.L.;1;0;0;1;5000173358;16/5/2026;2001;9;1;14/5/2026;LNASUTI;;8000090651;1;1;LNASUTI;16/5/2026;18/5/2026;14780;TALLER 18/05;LNASUTI;18/5/2026;4900446207;1;CDAVID;19/5/2026;18/5/2026;;;;;;;;;;;;;;;7;;16/5/2026;00005;SEDE;0;0;-4;-1;2;0;0;;;;;;;4;;;;1;;;;;;GESTION ROSARIO;1;;;1;1;
00005 TALLER;1000087325;160;ZPAN;crrito 27/4/26;;20;;;;CDAVID;1012888;PULSIANA;1;Materiales genericos;CUMPLIDO;MR01;1;27/4/2026;11/5/2026;mayo;10148672;160;1;27/4/2026;28/4/2026;C27;4500126805;250;MR05;1;PRODRIGUEZ;5/5/2026;6/5/2026;11/5/2026;11/5/2026;C27;ARROYITO MAQUINARIAS S.R.L.;1;0;0;1;5000173358;16/5/2026;2001;10;1;14/5/2026;LNASUTI;;8000090651;1;1;LNASUTI;16/5/2026;18/5/2026;14780;TALLER 18/05;LNASUTI;18/5/2026;4900446207;1;CDAVID;19/5/2026;18/5/2026;;;;;;;;;;;;;;;7;;16/5/2026;00005;SEDE;0;0;-4;-1;2;0;0;;;;;;;4;;;;1;;;;;;GESTION ROSARIO;1;;;1;1;
00005 TALLER;1000087325;170;ZPAN;crrito 27/4/26;;20;;;;CDAVID;1012888;JUEGO DE TROCK EN T;1;Materiales genericos;CUMPLIDO;MR01;1;27/4/2026;11/5/2026;mayo;10148672;170;1;27/4/2026;28/4/2026;C27;4500126814;170;MR05;1;PRODRIGUEZ;5/5/2026;5/5/2026;11/5/2026;11/5/2026;C27;LOPEZ - FORCINITI S.A.;1;0;0;1;5000173733;20/5/2026;MR05;1;1;20/5/2026;FDEICAS;;8000090913;1;1;LNASUTI;20/5/2026;20/5/2026;14840;TALLER 20/05;LNASUTI;20/5/2026;4900446992;1;CDAVID;21/5/2026;20/5/2026;;;;;;;;;;;;;;;9;;20/5/2026;00005;SEDE;0;0;-10;-1;0;0;0;;;;;;;10;;;;1;;;;;;GESTION ROSARIO;;;;;1;
00005 TALLER;1000087325;180;ZPAN;crrito 27/4/26;;20;;;;CDAVID;1012888;BATERIA PARA TALADRO DOWEN PAGIO 18VCC;3;Materiales genericos;CUMPLIDO;MR01;1;27/4/2026;11/5/2026;mayo;10148672;180;1;27/4/2026;28/4/2026;C27;4500126805;270;MR05;1;PRODRIGUEZ;5/5/2026;6/5/2026;11/5/2026;11/5/2026;C27;ARROYITO MAQUINARIAS S.R.L.;3;0;0;3;5000173358;16/5/2026;2001;11;1;14/5/2026;LNASUTI;;8000090651;3;1;LNASUTI;16/5/2026;18/5/2026;14780;TALLER 18/05;LNASUTI;18/5/2026;4900446207;3;CDAVID;19/5/2026;18/5/2026;;;;;;;;;;;;;;;7;;16/5/2026;00005;SEDE;0;0;-4;-1;2;0;0;;;;;;;4;;;;1;;;;;;GESTION ROSARIO;1;;;1;1;
00005 TALLER;1000087325;190;ZPAN;crrito 27/4/26;;20;;;;CDAVID;1012888;TALADRO DOWEN PAGIO;2;Materiales genericos;CUMPLIDO;MR01;1;27/4/2026;11/5/2026;mayo;10148672;190;1;27/4/2026;28/4/2026;C27;4500126805;280;MR05;1;PRODRIGUEZ;5/5/2026;6/5/2026;11/5/2026;11/5/2026;C27;ARROYITO MAQUINARIAS S.R.L.;2;0;0;2;5000173358;16/5/2026;2001;12;1;14/5/2026;LNASUTI;;8000090651;2;1;LNASUTI;16/5/2026;18/5/2026;14780;TALLER 18/05;LNASUTI;18/5/2026;4900446207;2;CDAVID;19/5/2026;18/5/2026;;;;;;;;;;;;;;;7;;16/5/2026;00005;SEDE;0;0;-4;-1;2;0;0;;;;;;;4;;;;1;;;;;;GESTION ROSARIO;1;;;1;1;
00005 TALLER;1000087325;200;ZPAN;crrito 27/4/26;;20;;;;CDAVID;1012896;MACHO 5 X1,5;1;Materiales genericos;CUMPLIDO;MR01;1;27/4/2026;11/5/2026;mayo;10148672;200;1;27/4/2026;28/4/2026;C27;4500126805;290;MR05;1;PRODRIGUEZ;5/5/2026;6/5/2026;11/5/2026;11/5/2026;C27;ARROYITO MAQUINARIAS S.R.L.;1;0;0;1;5000173358;16/5/2026;2001;13;1;14/5/2026;LNASUTI;;8000090651;1;1;LNASUTI;16/5/2026;18/5/2026;14780;TALLER 18/05;LNASUTI;18/5/2026;4900446207;1;CDAVID;19/5/2026;18/5/2026;;;;;;;;;;;;;;;7;;16/5/2026;00005;SEDE;0;0;-4;-1;2;0;0;;;;;;;4;;;;1;;;;;;GESTION ROSARIO;1;;;1;1;
00005 TALLER;1000087325;210;ZPAN;crrito 27/4/26;;20;;;;CDAVID;1012896;MACHO 6 X1,5;1;Materiales genericos;CUMPLIDO;MR01;1;27/4/2026;11/5/2026;mayo;10148672;210;1;27/4/2026;28/4/2026;C27;4500126805;300;MR05;1;PRODRIGUEZ;5/5/2026;6/5/2026;11/5/2026;11/5/2026;C27;ARROYITO MAQUINARIAS S.R.L.;1;0;0;1;5000173358;16/5/2026;2001;14;1;14/5/2026;LNASUTI;;8000090651;1;1;LNASUTI;16/5/2026;18/5/2026;14780;TALLER 18/05;LNASUTI;18/5/2026;4900446207;1;CDAVID;19/5/2026;18/5/2026;;;;;;;;;;;;;;;7;;16/5/2026;00005;SEDE;0;0;-4;-1;2;0;0;;;;;;;4;;;;1;;;;;;GESTION ROSARIO;1;;;1;1;
00005 TALLER;1000087325;220;ZPAN;crrito 27/4/26;;20;;;;CDAVID;1012896;MACHO 8 X1,5;1;Materiales genericos;CUMPLIDO;MR01;1;27/4/2026;11/5/2026;mayo;10148672;220;1;27/4/2026;28/4/2026;C27;4500126805;310;MR05;1;PRODRIGUEZ;5/5/2026;6/5/2026;11/5/2026;11/5/2026;C27;ARROYITO MAQUINARIAS S.R.L.;1;0;0;1;5000173358;16/5/2026;2001;15;1;14/5/2026;LNASUTI;;8000090651;1;1;LNASUTI;16/5/2026;18/5/2026;14780;TALLER 18/05;LNASUTI;18/5/2026;4900446207;1;CDAVID;19/5/2026;18/5/2026;;;;;;;;;;;;;;;7;;16/5/2026;00005;SEDE;0;0;-4;-1;2;0;0;;;;;;;4;;;;1;;;;;;GESTION ROSARIO;1;;;1;1;
00005 TALLER;1000087325;230;ZPAN;crrito 27/4/26;;20;;;;CDAVID;1012896;MACHO 10 X1,5;1;Materiales genericos;CUMPLIDO;MR01;1;27/4/2026;11/5/2026;mayo;10148672;230;1;27/4/2026;28/4/2026;C27;4500126805;320;MR05;1;PRODRIGUEZ;5/5/2026;6/5/2026;11/5/2026;11/5/2026;C27;ARROYITO MAQUINARIAS S.R.L.;1;0;0;1;5000173358;16/5/2026;2001;16;1;14/5/2026;LNASUTI;;8000090651;1;1;LNASUTI;16/5/2026;18/5/2026;14780;TALLER 18/05;LNASUTI;18/5/2026;4900446207;1;CDAVID;19/5/2026;18/5/2026;;;;;;;;;;;;;;;7;;16/5/2026;00005;SEDE;0;0;-4;-1;2;0;0;;;;;;;4;;;;1;;;;;;GESTION ROSARIO;1;;;1;1;
00005 TALLER;1000087341;90;ZPAN;crrito 27/4/26;;0;;;;CDAVID;1012896;ALAMBRE MACIZO - ER70S -1.2MM MARCA LIND;90;Materiales genericos;CUMPLIDO;MR01;1;27/4/2026;11/5/2026;mayo;10148717;90;1;27/4/2026;28/4/2026;C27;4500126805;40;MR05;1;PRODRIGUEZ;5/5/2026;6/5/2026;11/5/2026;11/5/2026;C27;ARROYITO MAQUINARIAS S.R.L.;90;0;0;90;5000173358;16/5/2026;2001;1;1;14/5/2026;LNASUTI;;8000090650;90;1;LNASUTI;16/5/2026;18/5/2026;14780;TALLER 18/05;LNASUTI;18/5/2026;4900446206;90;CDAVID;19/5/2026;18/5/2026;;;;;;;;;;;;;;;7;;16/5/2026;00005;SEDE;0;0;-4;-1;2;0;0;;;;;;;4;;;;1;;;;;;GESTION ROSARIO;1;;;1;1;
00005 TALLER;1000087341;120;ZPAN;crrito 27/4/26;;0;;;;CDAVID;1012128;PRECINTOS NYLON 3,6 X 200 MM NEGROS X100;6;Materiales usuales;CUMPLIDO;MR01;1;27/4/2026;11/5/2026;mayo;10148717;120;1;27/4/2026;28/4/2026;C27;4500126805;50;MR05;1;PRODRIGUEZ;5/5/2026;6/5/2026;11/5/2026;11/5/2026;C27;ARROYITO MAQUINARIAS S.R.L.;6;0;0;6;5000173358;16/5/2026;2001;2;1;14/5/2026;LNASUTI;;8000090650;6;1;LNASUTI;16/5/2026;18/5/2026;14780;TALLER 18/05;LNASUTI;18/5/2026;4900446206;6;CDAVID;19/5/2026;18/5/2026;;;;;;;;;;;;;;;7;;16/5/2026;00005;SEDE;0;0;-4;-1;2;0;0;;;;;;;4;;;;1;;;;;;GESTION ROSARIO;1;;;1;1;
00005 TALLER;1000087341;130;ZPAN;crrito 27/4/26;;0;;;;CDAVID;1012130;PRECINTOS NYLON 4,8 X 250 MM NEGROS X100;6;Materiales usuales;CUMPLIDO;MR01;1;27/4/2026;11/5/2026;mayo;10148717;130;1;27/4/2026;28/4/2026;C27;4500126805;60;MR05;1;PRODRIGUEZ;5/5/2026;6/5/2026;11/5/2026;11/5/2026;C27;ARROYITO MAQUINARIAS S.R.L.;6;0;0;6;5000173358;16/5/2026;2001;3;1;14/5/2026;LNASUTI;;8000090650;6;1;LNASUTI;16/5/2026;18/5/2026;14780;TALLER 18/05;LNASUTI;18/5/2026;4900446206;6;CDAVID;19/5/2026;18/5/2026;;;;;;;;;;;;;;;7;;16/5/2026;00005;SEDE;0;0;-4;-1;2;0;0;;;;;;;4;;;;1;;;;;;GESTION ROSARIO;1;;;1;1;
00005 TALLER;1000087341;150;ZPAN;crrito 27/4/26;;0;;;;CDAVID;1012134;PRECINTOS NYLON 7.6 X 400 MM NEGROS X100;6;Materiales usuales;CUMPLIDO;MR01;1;27/4/2026;11/5/2026;mayo;10148717;150;1;27/4/2026;28/4/2026;C27;4500126805;80;MR05;1;PRODRIGUEZ;5/5/2026;6/5/2026;11/5/2026;11/5/2026;C27;ARROYITO MAQUINARIAS S.R.L.;6;0;0;6;5000173358;16/5/2026;2001;4;1;14/5/2026;LNASUTI;;8000090650;6;1;LNASUTI;16/5/2026;18/5/2026;14780;TALLER 18/05;LNASUTI;18/5/2026;4900446206;6;CDAVID;19/5/2026;18/5/2026;;;;;;;;;;;;;;;7;;16/5/2026;00005;SEDE;0;0;-4;-1;2;0;0;;;;;;;4;;;;1;;;;;;GESTION ROSARIO;1;;;1;1;
00005 TALLER;1000087341;160;ZPAN;crrito 27/4/26;;0;;;;CDAVID;1012043;DISCO ANTIEMPASTE MASTER C 6 P152MM G80;300;Materiales usuales;CUMPLIDO;MR01;1;27/4/2026;11/5/2026;mayo;10148717;160;1;27/4/2026;28/4/2026;C27;4500126805;90;MR05;1;PRODRIGUEZ;5/5/2026;6/5/2026;11/5/2026;11/5/2026;C27;ARROYITO MAQUINARIAS S.R.L.;300;0;0;300;5000173358;16/5/2026;2001;5;1;14/5/2026;LNASUTI;;8000090650;300;1;LNASUTI;16/5/2026;18/5/2026;14780;TALLER 18/05;LNASUTI;18/5/2026;4900446206;300;CDAVID;19/5/2026;18/5/2026;;;;;;;;;;;;;;;7;;16/5/2026;00005;SEDE;0;0;-4;-1;2;0;0;;;;;;;4;;;;1;;;;;;GESTION ROSARIO;1;;;1;1;
00005 TALLER;1000087383;10;ZPAN;HERRAMIENTA HERRERIA;;0;;;;SFLORES;1017266;LINTERNAS LED;4;Materiales usuales;CUMPLIDO;MR01;1;28/4/2026;12/5/2026;mayo;10148754;10;1;28/4/2026;29/4/2026;C27;4500126805;330;MR05;1;PRODRIGUEZ;5/5/2026;6/5/2026;11/5/2026;11/5/2026;C27;ARROYITO MAQUINARIAS S.R.L.;4;0;0;4;5000173358;16/5/2026;2001;17;1;14/5/2026;LNASUTI;;8000090652;4;1;LNASUTI;16/5/2026;18/5/2026;14780;TALLER 18/05;LNASUTI;18/5/2026;4900446208;4;CDAVID;19/5/2026;18/5/2026;;;;;;;;;;;;;;;6;;16/5/2026;00005;SEDE;0;0;-3;0;2;0;0;;;;;;;3;;;;;;;;;;GESTION ROSARIO;1;;;1;1;
00005 TALLER;1000087675;10;ZPAN;INSUMO - MODULAR - S;;0;;;;SFLORES;1047787;BASTIDOR BLANCO DE EMBUTIR 3MOD. 5X10CM;50;Materiales usuales;CUMPLIDO;MR01;1;4/5/2026;18/5/2026;mayo;10149079;10;1;4/5/2026;4/5/2026;C11;4500127751;220;MR05;1;PRODRIGUEZ;14/5/2026;15/5/2026;;21/5/2026;C11;ELECTRICIDAD SERRA S.R.L.;50;0;0;50;5000173832;20/5/2026;2001;14;1;19/5/2026;FDEICAS;;8000090915;50;1;FDEICAS;20/5/2026;20/5/2026;14840;TALLER 20/05;LNASUTI;20/5/2026;4900446996;50;CDAVID;21/5/2026;20/5/2026;;;;;;;;;;;;;;;2;;20/5/2026;00005;SEDE;0;0;-2;-4;1;0;0;;;;;;;2;;;;4;;;;;;GESTION ROSARIO;;;;;1;
00005 TALLER;1000088049;10;ZPAN;INT 53006 - OT 20013;;0;;;;HCABELLO;1015947;ABRAZADERA BOLT 5/16 - 3/4;20;Materiales genericos;CUMPLIDO;MM01;1;8/5/2026;29/5/2026;mayo;10149651;10;1;8/5/2026;8/5/2026;EFO;4500127598;10;MM05;1;GROSES;13/5/2026;13/5/2026;29/5/2026;29/5/2026;EFO;MAQBULON SAN BENITO S.A.S.;20;0;0;20;5000175104;1/6/2026;MM05;1;1;1/6/2026;GQUIROGA;;8000091497;20;1;GQUIROGA;1/6/2026;1/6/2026;;;;;4900450501;20;GQUIROGA;1/6/2026;1/6/2026;;;;;;;;;;;;;;;3;;1/6/2026;00005;OTRO;0;0;-4;-1;0;0;;;;;;;;;;;;;;;;;;GESTION SAN JUAN;;;;;;
00005 TALLER;1000088049;20;ZPAN;INT 53006 - OT 20013;;0;;;;HCABELLO;1015947;TUERCAS 5/16;40;Materiales genericos;CUMPLIDO;MM01;1;8/5/2026;29/5/2026;mayo;10149651;20;1;8/5/2026;8/5/2026;EFO;4500127598;20;MM05;1;GROSES;13/5/2026;13/5/2026;29/5/2026;29/5/2026;EFO;MAQBULON SAN BENITO S.A.S.;40;0;0;40;5000175104;1/6/2026;MM05;2;1;1/6/2026;GQUIROGA;;8000091497;40;1;GQUIROGA;1/6/2026;1/6/2026;;;;;4900450501;40;GQUIROGA;1/6/2026;1/6/2026;;;;;;;;;;;;;;;3;;1/6/2026;00005;OTRO;0;0;-4;-1;0;0;;;;;;;;;;;;;;;;;;GESTION SAN JUAN;;;;;;
00005 TALLER;1000088049;30;ZPAN;INT 53006 - OT 20013;;0;;;;HCABELLO;1015947;ARANDELA PLANA 5/16;40;Materiales genericos;CUMPLIDO;MM01;1;8/5/2026;29/5/2026;mayo;10149651;30;1;8/5/2026;8/5/2026;EFO;4500127598;30;MM05;1;GROSES;13/5/2026;13/5/2026;29/5/2026;29/5/2026;EFO;MAQBULON SAN BENITO S.A.S.;40;0;0;40;5000175104;1/6/2026;MM05;3;1;1/6/2026;GQUIROGA;;8000091497;40;1;GQUIROGA;1/6/2026;1/6/2026;;;;;4900450501;40;GQUIROGA;1/6/2026;1/6/2026;;;;;;;;;;;;;;;3;;1/6/2026;00005;OTRO;0;0;-4;-1;0;0;;;;;;;;;;;;;;;;;;GESTION SAN JUAN;;;;;;
00008 ABASTECIMIENTO;1000080255;10;ZPAN;INDUMENTARIA ALMACEN;;0;;;;PAPPELLA;1011696;REMERA ALGOD M CORTA GRIS C LOGO T.L;8;Materiales usuales;CUMPLIDO;MR01;1;30/12/2025;20/1/2026;enero;10139400;10;1;30/12/2025;2/1/2026;C28;4500116686;10;2001;1;GJULIANI;6/1/2026;6/1/2026;19/1/2026;23/1/2026;C28;PROAR IMAGEN PROMOCIONAL SRL;8;0;0;8;5000159619;23/1/2026;2001;1;1;23/1/2026;LNASUTI;;;0;0;;;;;;;;;0;;;;;;;;;;;;;;;;;;3;;23/1/2026;00008;SEDE;;;-4;-4;0;;;;;;;;;4;;;;4;;;;;;GESTION ROSARIO;;;;;1;
00008 ABASTECIMIENTO;1000080255;20;ZPAN;INDUMENTARIA ALMACEN;;0;;;;PAPPELLA;1011697;REMERA ALGOD M CORTA GRIS C LOGO T.XL;2;Materiales usuales;CUMPLIDO;MR01;1;30/12/2025;20/1/2026;enero;10139400;20;1;30/12/2025;2/1/2026;C28;4500116686;20;2001;1;GJULIANI;6/1/2026;6/1/2026;19/1/2026;23/1/2026;C28;PROAR IMAGEN PROMOCIONAL SRL;2;0;0;2;5000159619;23/1/2026;2001;2;1;23/1/2026;LNASUTI;;;0;0;;;;;;;;;0;;;;;;;;;;;;;;;;;;3;;23/1/2026;00008;SEDE;;;-4;-4;0;;;;;;;;;4;;;;4;;;;;;GESTION ROSARIO;;;;;1;
00008 ABASTECIMIENTO;1000080255;30;ZPAN;INDUMENTARIA ALMACEN;;0;;;;PAPPELLA;1011698;REMERA ALGOD M CORTA GRIS C LOGO T.XXL;4;Materiales usuales;CUMPLIDO;MR01;1;30/12/2025;20/1/2026;enero;10139400;30;1;30/12/2025;2/1/2026;C28;4500116686;30;2001;1;GJULIANI;6/1/2026;6/1/2026;19/1/2026;23/1/2026;C28;PROAR IMAGEN PROMOCIONAL SRL;4;0;0;4;5000159619;23/1/2026;2001;3;1;23/1/2026;LNASUTI;;;0;0;;;;;;;;;0;;;;;;;;;;;;;;;;;;3;;23/1/2026;00008;SEDE;;;-4;-4;0;;;;;;;;;4;;;;4;;;;;;GESTION ROSARIO;;;;;1;
00008 ABASTECIMIENTO;1000080255;40;ZPAN;INDUMENTARIA ALMACEN;;0;;;;PAPPELLA;1011573;CHOMBA MICROPIQUE NEGRA TXXXL C LOGO;2;Materiales usuales;CUMPLIDO;MR01;1;30/12/2025;20/1/2026;enero;10139400;40;1;30/12/2025;2/1/2026;C28;4500116686;40;2001;1;GJULIANI;6/1/2026;6/1/2026;19/1/2026;23/1/2026;C28;PROAR IMAGEN PROMOCIONAL SRL;2;0;0;2;5000159619;23/1/2026;2001;4;1;23/1/2026;LNASUTI;;;0;0;;;;;;;;;0;;;;;;;;;;;;;;;;;;3;;23/1/2026;00008;SEDE;;;-4;-4;0;;;;;;;;;4;;;;4;;;;;;GESTION ROSARIO;;;;;1;
00008 ABASTECIMIENTO;1000080255;50;ZPAN;INDUMENTARIA ALMACEN;;0;;;;PAPPELLA;1011570;CHOMBA MICROPIQUE NEGRA TALLE M C LOGO;4;Materiales usuales;CUMPLIDO;MR01;1;30/12/2025;20/1/2026;enero;10139400;50;1;30/12/2025;2/1/2026;C28;4500116686;50;2001;1;GJULIANI;6/1/2026;6/1/2026;19/1/2026;23/1/2026;C28;PROAR IMAGEN PROMOCIONAL SRL;4;0;0;4;5000159619;23/1/2026;2001;5;1;23/1/2026;LNASUTI;;;0;0;;;;;;;;;0;;;;;;;;;;;;;;;;;;3;;23/1/2026;00008;SEDE;;;-4;-4;0;;;;;;;;;4;;;;4;;;;;;GESTION ROSARIO;;;;;1;
00008 ABASTECIMIENTO;1000080255;60;ZPAN;INDUMENTARIA ALMACEN;;0;;;;PAPPELLA;1011569;CHOMBA MICROPIQUE NEGRA C/LOGO T.L;2;Materiales usuales;CUMPLIDO;MR01;1;30/12/2025;20/1/2026;enero;10139400;60;1;30/12/2025;2/1/2026;C28;4500116686;60;2001;1;GJULIANI;6/1/2026;6/1/2026;19/1/2026;23/1/2026;C28;PROAR IMAGEN PROMOCIONAL SRL;2;0;0;2;5000159619;23/1/2026;2001;6;1;23/1/2026;LNASUTI;;;0;0;;;;;;;;;0;;;;;;;;;;;;;;;;;;3;;23/1/2026;00008;SEDE;;;-4;-4;0;;;;;;;;;4;;;;4;;;;;;GESTION ROSARIO;;;;;1;
00008 ABASTECIMIENTO;1000080255;70;ZPAN;INDUMENTARIA ALMACEN;;0;;;;PAPPELLA;1011571;CHOMBA MICROPIQUE NEGRA TALLE XL C LOGO;2;Materiales usuales;CUMPLIDO;MR01;1;30/12/2025;20/1/2026;enero;10139400;70;1;30/12/2025;2/1/2026;C28;4500116686;70;2001;1;GJULIANI;6/1/2026;6/1/2026;19/1/2026;23/1/2026;C28;PROAR IMAGEN PROMOCIONAL SRL;2;0;0;2;5000159619;23/1/2026;2001;7;1;23/1/2026;LNASUTI;;;0;0;;;;;;;;;0;;;;;;;;;;;;;;;;;;3;;23/1/2026;00008;SEDE;;;-4;-4;0;;;;;;;;;4;;;;4;;;;;;GESTION ROSARIO;;;;;1;
00008 ABASTECIMIENTO;1000080526;20;ZPAN;JAVIER DICEVICUIS;;0;;;;PAPPELLA;1026916;ZAPATILLA P.ACERO N 46;1;Materiales Stock;CUMPLIDO;MR01;1;7/1/2026;27/1/2026;enero;10139746;20;1;7/1/2026;7/1/2026;C28;4500117232;10;2001;1;GJULIANI;12/1/2026;12/1/2026;13/2/2026;23/2/2026;C28;PROSEIND SA;1;0;0;1;5000163002;24/2/2026;2001;1;1;24/2/2026;JDICEVICUIS;;;0;0;;;;;;;;;0;;;;;;;;;;;;;;;;;;28;;24/2/2026;00008;SEDE;;;-29;-28;0;;;;;;;;;29;;;;28;;;;;;GESTION ROSARIO;;;;;1;
00008 ABASTECIMIENTO;1000081264;10;ZPAN;BANDEJA CONTENC SEDE;;0;;;;ERUARTE;1012585;ESTRUCTURA METALICA SEGUN PLANO;3;Materiales genericos;CUMPLIDO;MM01;1;19/1/2026;6/2/2026;febrero;10140682;40;1;19/1/2026;19/1/2026;C08;4500118330;10;2001;1;RMIR;23/1/2026;23/1/2026;6/2/2026;6/2/2026;C08;J.M.F. VIAL & PARTS SAS;3;0;0;3;5000161853;11/2/2026;2001;1;1;10/2/2026;AITURRIETA;;8000085220;3;1;AITURRIETA;11/2/2026;11/2/2026;;;;;4900412560;3;ERUARTE;11/2/2026;11/2/2026;;;;;;;;;;;;;;;5;;11/2/2026;00008;SEDE;0;0;-5;-1;1;0;;;;;;;;5;;;;1;;;;;;GESTION SAN JUAN;;;;;1;
00008 ABASTECIMIENTO;1000081264;20;ZPAN;BANDEJA CONTENC SEDE;;0;;;;ERUARTE;1012585;ESTRUCTURA METALICA SEGUN PLANO;1;Materiales genericos;CUMPLIDO;MM01;1;19/1/2026;6/2/2026;febrero;10140682;50;1;19/1/2026;19/1/2026;C08;4500118330;20;2001;1;RMIR;23/1/2026;23/1/2026;6/2/2026;6/2/2026;C08;J.M.F. VIAL & PARTS SAS;1;0;0;1;5000161853;11/2/2026;2001;2;1;10/2/2026;AITURRIETA;;8000085220;1;1;AITURRIETA;11/2/2026;11/2/2026;;;;;4900412560;1;ERUARTE;11/2/2026;11/2/2026;;;;;;;;;;;;;;;5;;11/2/2026;00008;SEDE;0;0;-5;-1;1;0;;;;;;;;5;;;;1;;;;;;GESTION SAN JUAN;;;;;1;
00008 ABASTECIMIENTO;1000081264;30;ZPAN;BANDEJA CONTENC SEDE;;0;;;;ERUARTE;1012585;ESTRUCTURA METALICA SEGUN PLANO;1;Materiales genericos;CUMPLIDO;MM01;1;19/1/2026;6/2/2026;febrero;10140682;60;1;19/1/2026;19/1/2026;C08;4500118330;30;2001;1;RMIR;23/1/2026;23/1/2026;6/2/2026;6/2/2026;C08;J.M.F. VIAL & PARTS SAS;1;0;0;1;5000161853;11/2/2026;2001;3;1;10/2/2026;AITURRIETA;;8000085220;1;1;AITURRIETA;11/2/2026;11/2/2026;;;;;4900412560;1;ERUARTE;11/2/2026;11/2/2026;;;;;;;;;;;;;;;5;;11/2/2026;00008;SEDE;0;0;-5;-1;1;0;;;;;;;;5;;;;1;;;;;;GESTION SAN JUAN;;;;;1;
00008 ABASTECIMIENTO;1000081462;10;ZPAN;CHOMBS FEDE - SELLO;;0;;;;PAPPELLA;1011572;CHOMBA MICROPIQUE NEGRA TALLE XXL C LOGO;2;Materiales usuales;CUMPLIDO;MR01;1;21/1/2026;10/2/2026;febrero;10141005;10;1;21/1/2026;21/1/2026;C28;4500118298;10;2001;1;GJULIANI;23/1/2026;23/1/2026;6/2/2026;6/2/2026;C28;HIDALGO AGUSTINA BELEN;2;0;0;2;5000162205;13/2/2026;2001;43;1;13/2/2026;LNASUTI;;;0;0;;;;;;;;;0;;;;;;;;;;;;;;;;;;3;;13/2/2026;00008;SEDE;;;-4;3;0;;;;;;;;;4;;;;;;;;;;GESTION ROSARIO;;;;;1;
00008 ABASTECIMIENTO;1000084013;20;ZPAN;embalaje;;0;;;;ERUARTE;1012896;Film Strech Amarillo S/mango 50cmx300mt;6;Materiales genericos;CUMPLIDO;MM01;1;3/3/2026;23/3/2026;marzo;10144328;20;1;3/3/2026;3/3/2026;C13;4500122831;10;2001;1;MALVAREZ;18/3/2026;18/3/2026;25/3/2026;25/3/2026;C13;MARATA GERMAN DANIEL;6;0;0;6;5000166797;26/3/2026;2001;1;1;25/3/2026;AITURRIETA;;8000087881;6;1;AITURRIETA;26/3/2026;26/3/2026;;;;;4900434146;6;ERODRIGUEZ;14/4/2026;26/3/2026;;;;;;;;;;;;;;;3;;26/3/2026;00008;SEDE;0;0;-3;-3;1;0;;;;;;;;3;;;;3;;;;;;GESTION SAN JUAN;;;;;1;
00008 ABASTECIMIENTO;1000084158;10;ZPAN;RECAMBIO RUEDAS CARR;;0;;;;PAPPELLA;1012896;RUEDAS GIRATORIAS (ANEXO);12;Materiales genericos;CUMPLIDO;MR01;1;4/3/2026;25/3/2026;marzo;10144584;10;1;4/3/2026;5/3/2026;C27;4500121983;10;2001;1;JESPARZA;9/3/2026;9/3/2026;20/3/2026;20/3/2026;C27;MIGUELEZZI NATALIA SUSANA;12;0;0;12;5000167439;31/3/2026;2001;1;1;31/3/2026;LBARTON;;;0;0;;;;;;;;;0;;;;;;;;;;;;;;;;;;6;;31/3/2026;00008;SEDE;;;-7;4;0;;;;;;;;;7;;;;;;;;;;GESTION ROSARIO;;;;;1;
00008 ABASTECIMIENTO;1000084714;20;ZPAN;perchero corr/ sport;;0;;;;ERUARTE;1012896;"HIERRO ANGULO 1 1/2""X1/8""*6M";2;Materiales genericos;CUMPLIDO;MM01;1;12/3/2026;6/4/2026;abril;10145301;20;1;12/3/2026;13/3/2026;C08;4500122912;10;2001;1;RMIR;18/3/2026;18/3/2026;6/4/2026;6/4/2026;C08;ALUMETAL S A;2;0;0;2;5000168997;14/4/2026;2001;1;1;13/4/2026;AITURRIETA;;8000088800;2;1;AITURRIETA;14/4/2026;14/4/2026;;;;;4900434194;2;ERODRIGUEZ;14/4/2026;14/4/2026;;;;;;;;;;;;;;;8;;14/4/2026;00008;SEDE;0;0;-8;-1;1;0;;;;;;;;8;;;;1;;;;;;GESTION SAN JUAN;;;;;1;
00008 ABASTECIMIENTO;1000084714;30;ZPAN;perchero corr/ sport;;0;;;;ERUARTE;1012896;HIERRO LISO 10MMX12M;3;Materiales genericos;CUMPLIDO;MM01;1;12/3/2026;6/4/2026;abril;10145301;30;1;12/3/2026;13/3/2026;C08;4500122912;20;2001;1;RMIR;18/3/2026;18/3/2026;6/4/2026;6/4/2026;C08;ALUMETAL S A;3;0;0;3;5000168997;14/4/2026;2001;2;1;13/4/2026;AITURRIETA;;8000088800;3;1;AITURRIETA;14/4/2026;14/4/2026;;;;;4900434194;3;ERODRIGUEZ;14/4/2026;14/4/2026;;;;;;;;;;;;;;;8;;14/4/2026;00008;SEDE;0;0;-8;-1;1;0;;;;;;;;8;;;;1;;;;;;GESTION SAN JUAN;;;;;1;
00008 ABASTECIMIENTO;1000084714;40;ZPAN;perchero corr/ sport;;0;;;;ERUARTE;1012896;"HIERRO ANGULO 2""x3/16""x6M";2;Materiales genericos;CUMPLIDO;MM01;1;12/3/2026;6/4/2026;abril;10145301;40;1;12/3/2026;13/3/2026;C08;4500122912;30;2001;1;RMIR;18/3/2026;18/3/2026;6/4/2026;6/4/2026;C08;ALUMETAL S A;2;0;0;2;5000168997;14/4/2026;2001;3;1;13/4/2026;AITURRIETA;;8000088800;2;1;AITURRIETA;14/4/2026;14/4/2026;;;;;4900434194;2;ERODRIGUEZ;14/4/2026;14/4/2026;;;;;;;;;;;;;;;8;;14/4/2026;00008;SEDE;0;0;-8;-1;1;0;;;;;;;;8;;;;1;;;;;;GESTION SAN JUAN;;;;;1;
00008 ABASTECIMIENTO;1000084714;50;ZPAN;perchero corr/ sport;;0;;;;ERUARTE;1012896;PERFIL UPN 80MMX40MMX6MMX6M;2;Materiales genericos;CUMPLIDO;MM01;1;12/3/2026;6/4/2026;abril;10145301;50;1;12/3/2026;13/3/2026;C08;4500122912;40;2001;1;RMIR;18/3/2026;18/3/2026;6/4/2026;6/4/2026;C08;ALUMETAL S A;2;0;0;2;5000168997;14/4/2026;2001;4;1;13/4/2026;AITURRIETA;;8000088800;2;1;AITURRIETA;14/4/2026;14/4/2026;;;;;4900434194;2;ERODRIGUEZ;14/4/2026;14/4/2026;;;;;;;;;;;;;;;8;;14/4/2026;00008;SEDE;0;0;-8;-1;1;0;;;;;;;;8;;;;1;;;;;;GESTION SAN JUAN;;;;;1;
00008 ABASTECIMIENTO;1000085453;10;ZPAN;JAVIER DICEVICUIS;;0;;;;PAPPELLA;1012690;BUZO ALGODON GRIS CLARO C LOGO T XXL;2;Materiales genericos;CUMPLIDO;MR01;1;25/3/2026;16/4/2026;abril;10146267;10;1;25/3/2026;26/3/2026;C28;4500124633;10;2001;1;GJULIANI;10/4/2026;10/4/2026;20/4/2026;20/4/2026;C28;NUEVA REGINA S.R.L.;2;0;0;2;5000170405;24/4/2026;2001;1;1;22/4/2026;LBARTON;;;0;0;;;;;;;;;0;;;;;;;;;;;;;;;;;;6;;24/4/2026;00008;SEDE;;;-7;-5;2;;;;;;;;;7;;;;5;;;;;;GESTION ROSARIO;1;;;1;1;
00008 ABASTECIMIENTO;1000086817;10;ZPAN;PEDIDO S/ MAIL ADJ.;;0;;;;ASIGNORELLI;1012673;CAMISA DE MUJER T.M;2;Materiales genericos;CUMPLIDO;MM01;1;17/4/2026;8/5/2026;mayo;10148022;10;1;17/4/2026;20/4/2026;C13;4500126971;10;2001;1;MALVAREZ;7/5/2026;7/5/2026;8/5/2026;11/5/2026;C13;BORGOGNO CAMENFORTE LEONARDO JAVIER;2;0;0;2;5000172510;11/5/2026;2001;1;1;11/5/2026;AITURRIETA;;8000090331;2;1;AITURRIETA;11/5/2026;11/5/2026;;;;;4900444938;2;GQUIROGA;15/5/2026;11/5/2026;;;;;;;;;;;;;;;3;;11/5/2026;00008;SEDE;0;0;-4;-4;0;0;;;;;;;;4;;;;4;;;;;;GESTION SAN JUAN;;;;;1;
00008 ABASTECIMIENTO;1000086817;20;ZPAN;PEDIDO S/ MAIL ADJ.;;0;;;;ASIGNORELLI;1011688;PANTALON JEAN MUJER T.40;1;Materiales usuales;CUMPLIDO;MM01;1;17/4/2026;8/5/2026;mayo;10148022;20;1;17/4/2026;20/4/2026;C13;4500126971;20;2001;1;MALVAREZ;7/5/2026;7/5/2026;8/5/2026;11/5/2026;C13;BORGOGNO CAMENFORTE LEONARDO JAVIER;1;0;0;1;5000172510;11/5/2026;2001;2;1;11/5/2026;AITURRIETA;;8000090331;1;1;AITURRIETA;11/5/2026;11/5/2026;;;;;4900444938;1;GQUIROGA;15/5/2026;11/5/2026;;;;;;;;;;;;;;;3;;11/5/2026;00008;SEDE;0;0;-4;-4;0;0;;;;;;;;4;;;;4;;;;;;GESTION SAN JUAN;;;;;1;
00008 ABASTECIMIENTO;1000087519;10;ZPAN;X ROTURA EN DESPACHO;;0;;;;PAPPELLA;1026411;DEKASOL KAISER XLT;3;Materiales Stock C/Devol;CUMPLIDO;MM01;1;29/4/2026;20/5/2026;mayo;10148883;10;1;29/4/2026;29/4/2026;C17;4500128435;10;2001;1;MALVAREZ;22/5/2026;22/5/2026;27/5/2026;27/5/2026;C17;IND. QUIMICAS KAISER S.R.L.;3;0;0;3;5000174996;30/5/2026;2001;1;1;29/5/2026;AITURRIETA;;;3;1;AITURRIETA;1/6/2026;;;;;;;0;;;;;;;;;;;;;;;;;;9;;30/5/2026;00008;SEDE;0;0;-10;-8;1;2;;;;;;;;10;;;;8;;;;;;GESTION SAN JUAN;;;;;1;
00042 ADMINISTRACIÓN;1000080284;10;ZPAN;Tacoscalendario;;0;;;;VCERRUTI;1012839;taco calendario 2026 MEDORO;3;Materiales genericos;CUMPLIDO;MR01;1;2/1/2026;8/1/2026;enero;10139428;10;1;2/1/2026;2/1/2026;C17;4500116864;10;2001;1;GJULIANI;8/1/2026;8/1/2026;15/1/2026;15/1/2026;C17;TIO TOM S.A.;3;0;0;3;5000158010;12/1/2026;2001;1;1;12/1/2026;LNASUTI;;;0;0;;;;;;;;;0;;;;;;;;;;;;;;;;;;4;;12/1/2026;00042;SEDE;;;-5;-8;0;;;;;;;;;5;;;;8;;;;;;GESTION ROSARIO;;;;;1;
00041 COMPRAS EQUIPOS;1000080289;30;ZPAN;Ped.Ind.SedeSJ;;0;;;;GROSES;1012660;BOTIN DE SEGURIDAD N 42 ENERGY 430N;1;Materiales genericos;CUMPLIDO;MM01;1;2/1/2026;13/3/2026;marzo;10139432;30;1;2/1/2026;2/1/2026;C28;4500117146;30;MM08;1;GJULIANI;12/1/2026;12/1/2026;13/2/2026;27/2/2026;C28;FERRETERA SAN LUIS;1;0;0;1;5000168613;10/4/2026;MM08;1;1;9/4/2026;LNASUTI;;8000088652;1;1;LNASUTI;10/4/2026;14/4/2026;14277;1 271 CC;CCARRIL;10/4/2026;4900436110;1;GQUIROGA;20/4/2026;14/4/2026;;;;;;;;;;;;;;;32;;14/4/2026;00041;SEDE;0;0;-28;13;1;0;4;;;;;;;28;;;;;;;;;;GESTION ROSARIO;;;;;1;
00012 MTTO SEDE;1000081665;10;ZPAN;MANGUERA S/ MAIL;;0;;;;ASIGNORELLI;1012892;MANGUERA EXPIRALADA;10;Materiales genericos;CUMPLIDO;MR01;1;23/1/2026;12/2/2026;febrero;10141281;10;1;23/1/2026;26/1/2026;C27;4500119515;10;MR23;1;JESPARZA;6/2/2026;6/2/2026;20/2/2026;10/2/2026;C27;FERRETERA SAN LUIS;10;0;0;10;5000164430;6/3/2026;2001;1;3;6/3/2026;JDICEVICUIS;;;0;0;;;;;;;;;0;;;;;;;;;;;;;;;;;;22;;6/3/2026;00012;SEDE;;;-23;1;0;;;;;;;;;23;;;;;;;;;;GESTION ROSARIO;;;;;1;
00012 MTTO SEDE;1000081665;20;ZPAN;MANGUERA S/ MAIL;;0;;;;ASIGNORELLI;1050057;PISTOLA NEUMATICA PICO LARGO;1;Materiales usuales;CUMPLIDO;MR01;1;23/1/2026;12/2/2026;febrero;10141281;20;1;9/2/2026;9/2/2026;C27;4500119515;20;MR23;1;JESPARZA;6/2/2026;6/2/2026;;12/2/2026;C27;FERRETERA SAN LUIS;1;0;0;1;5000164430;6/3/2026;2001;2;3;6/3/2026;JDICEVICUIS;;;0;0;;;;;;;;;0;;;;;;;;;;;;;;;;;;22;;6/3/2026;00012;SEDE;;;-23;-1;0;;;;;;;;;23;;;;1;;;;;;GESTION ROSARIO;;;;;1;
00042 ADMINISTRACIÓN;1000081791;10;ZPAN;sello pablo;;0;;;;VCERRUTI;1011306;SELLO AUTOMATICO PERSONALIZADO;1;Materiales usuales;CUMPLIDO;MR01;1;27/1/2026;30/1/2026;enero;10141450;10;1;27/1/2026;27/1/2026;C17;4500118796;20;2001;1;GJULIANI;29/1/2026;29/1/2026;6/2/2026;6/2/2026;C17;EL ARTE DEL SELLO SRL;1;0;0;1;5000161251;6/2/2026;2001;2;1;6/2/2026;LNASUTI;;;0;0;;;;;;;;;0;;;;;;;;;;;;;;;;;;7;;6/2/2026;00042;SEDE;;;-8;-8;0;;;;;;;;;8;;;;8;;;;;;GESTION ROSARIO;;;;;1;
00041 COMPRAS EQUIPOS;1000083243;10;ZPAN;COMPRA ACETO02;;0;;;;AJORGE;1050421;ACETO BALSAMICO 250CC;12;Materiales usuales;CUMPLIDO;MR01;1;19/2/2026;3/3/2026;marzo;10143266;10;1;19/2/2026;19/2/2026;C17;4500120832;10;2001;1;GJULIANI;25/2/2026;25/2/2026;3/3/2026;3/3/2026;C17;MICROPACK LUCIO DI SANTO SA;12;0;0;12;5000165392;13/3/2026;2001;1;1;13/3/2026;LNASUTI;;8000087103;12;1;LNASUTI;13/3/2026;13/3/2026;13893;TALLER 13/03;LNASUTI;13/3/2026;4900423465;12;CDAVID;14/3/2026;13/3/2026;;;;;;;;;;;;;;;10;;13/3/2026;00041;SEDE;0;0;-11;-1;0;0;0;;;;;;;11;;;;1;;;;;;GESTION ROSARIO;;;;;1;
00041 COMPRAS EQUIPOS;1000085158;70;ZPAN;INDUMENTARIA EQP;;0;;;;FBERARDO;1012662;BOTIN DE SEGURIDAD N 44 ENEGRY 810N;1;Materiales genericos;CUMPLIDO;MR01;1;19/3/2026;13/4/2026;abril;10145829;70;1;19/3/2026;20/3/2026;C28;4500124905;10;2001;1;GJULIANI;14/4/2026;14/4/2026;20/4/2026;20/4/2026;C28;FERRETERA SAN LUIS;1;0;0;1;5000169421;16/4/2026;2001;1;1;15/4/2026;LNASUTI;;8000088969;1;1;LNASUTI;16/4/2026;17/4/2026;14361;TALLER 17/04;LNASUTI;17/4/2026;4900435765;1;CDAVID;18/4/2026;17/4/2026;;;;;;;;;;;;;;;4;;16/4/2026;00041;SEDE;0;0;-3;-8;1;0;0;;;;;;;3;;;;8;;;;;;GESTION ROSARIO;;;;;1;
00041 COMPRAS EQUIPOS;1000085158;80;ZPAN;INDUMENTARIA EQP;;0;;;;FBERARDO;1012660;BOTIN DE SEGURIDAD N 42 ENERGY 810N;1;Materiales genericos;CUMPLIDO;MR01;1;19/3/2026;13/4/2026;abril;10145829;80;1;19/3/2026;20/3/2026;C28;4500124905;20;2001;1;GJULIANI;14/4/2026;14/4/2026;20/4/2026;20/4/2026;C28;FERRETERA SAN LUIS;1;0;0;1;5000169421;16/4/2026;2001;2;1;15/4/2026;LNASUTI;;8000088969;1;1;LNASUTI;16/4/2026;17/4/2026;14361;TALLER 17/04;LNASUTI;17/4/2026;4900435765;1;CDAVID;18/4/2026;17/4/2026;;;;;;;;;;;;;;;4;;16/4/2026;00041;SEDE;0;0;-3;-8;1;0;0;;;;;;;3;;;;8;;;;;;GESTION ROSARIO;;;;;1;
00042 ADMINISTRACIÓN;1000085194;10;ZPAN;Folios;;0;;;;VCERRUTI;1009561;FOLIO STANDARD A4 X 100 UN.;5;Materiales usuales;CUMPLIDO;MR01;1;20/3/2026;6/4/2026;abril;10145870;10;1;20/3/2026;20/3/2026;C17;4500124566;20;MR42;1;GDIAZ;9/4/2026;9/4/2026;13/4/2026;13/4/2026;C17;DISTRIBUIDORA DIQUE S.R.L.;5;0;0;5;5000169442;16/4/2026;2001;2;1;16/4/2026;LBARTON;;;0;0;;;;;;;;;0;;;;;;;;;;;;;;;;;;10;;16/4/2026;00042;SEDE;;;-11;-8;0;;;;;;;;;11;;;;8;;;;;;GESTION ROSARIO;;;;;1;
00041 COMPRAS EQUIPOS;1000085321;10;ZPAN;COMPRA MARZO EQ;;0;;;;AJORGE;1043012;CAFE EN GRANO MAGIN X KG.;10;Materiales usuales;CUMPLIDO;MR01;1;23/3/2026;6/4/2026;abril;10146056;10;1;23/3/2026;23/3/2026;C17;4500124235;20;2001;1;GJULIANI;6/4/2026;6/4/2026;20/4/2026;20/4/2026;C17;MUNDO CAFE SRL;10;0;0;10;5000168005;7/4/2026;2001;2;1;7/4/2026;LNASUTI;;8000088398;10;1;LNASUTI;7/4/2026;7/4/2026;14216;TALLER 07/04;LNASUTI;7/4/2026;4900431738;10;CDAVID;8/4/2026;7/4/2026;;;;;;;;;;;;;;;1;;7/4/2026;00041;SEDE;0;0;-2;-15;0;0;0;;;;;;;2;;;;15;;;;;;GESTION ROSARIO;;;;;1;
00041 COMPRAS EQUIPOS;1000085321;20;ZPAN;COMPRA MARZO EQ;;0;;;;AJORGE;1048657;YERBA PLAYADITO  X KG.;10;Materiales usuales;CUMPLIDO;MR01;1;23/3/2026;6/4/2026;abril;10146056;20;1;23/3/2026;23/3/2026;C17;4500124254;10;MR05;2;GDIAZ;7/4/2026;7/4/2026;8/4/2026;8/4/2026;C17;PETRAL S.R.L.;10;0;0;10;5000168394;9/4/2026;2001;1;1;9/4/2026;LNASUTI;;8000088544;10;1;LNASUTI;9/4/2026;10/4/2026;14273;TALLER 10/04;LNASUTI;10/4/2026;4900432914;10;CDAVID;11/4/2026;10/4/2026;;;;;;;;;;;;;;;4;;9/4/2026;00041;SEDE;0;0;-4;-3;0;0;0;;;;;;;4;;;;3;;;;;;GESTION ROSARIO;;;;;1;
00041 COMPRAS EQUIPOS;1000085321;30;ZPAN;COMPRA MARZO EQ;;0;;;;AJORGE;1010724;AZUCAR X KG.;10;Materiales usuales;CUMPLIDO;MR01;1;23/3/2026;6/4/2026;abril;10146056;30;1;23/3/2026;23/3/2026;C17;4500124254;20;MR05;2;GDIAZ;7/4/2026;7/4/2026;8/4/2026;8/4/2026;C17;PETRAL S.R.L.;10;0;0;10;5000168394;9/4/2026;2001;2;1;9/4/2026;LNASUTI;;8000088544;10;1;LNASUTI;9/4/2026;10/4/2026;14273;TALLER 10/04;LNASUTI;10/4/2026;4900432914;10;CDAVID;11/4/2026;10/4/2026;;;;;;;;;;;;;;;4;;9/4/2026;00041;SEDE;0;0;-4;-3;0;0;0;;;;;;;4;;;;3;;;;;;GESTION ROSARIO;;;;;1;
00042 ADMINISTRACIÓN;1000086283;10;ZPAN;Pedido Verbano;;0;;;;VCERRUTI;1055184;TAZA DE CAFÉ C/ LOGO;24;Materiales usuales;CUMPLIDO;MR01;1;9/4/2026;29/4/2026;abril;10147245;10;1;9/4/2026;9/4/2026;C19;4500125306;10;MR42;1;GDIAZ;17/4/2026;17/4/2026;29/4/2026;22/5/2026;C19;HORCADA MARCELO,GUSTAVO Y FERN;24;0;0;24;5000172968;14/5/2026;2001;1;1;13/5/2026;LBARTON;;;0;0;;;;;;;;;0;;;;;;;;;;;;;;;;;;14;;14/5/2026;00042;SEDE;;;-15;-24;1;;;;;;;;;15;;;;24;;;;;;GESTION ROSARIO;;;;;1;
00042 ADMINISTRACIÓN;1000086283;20;ZPAN;Pedido Verbano;;0;;;;VCERRUTI;1055185;TAZA DE CORTADO C/ LOGO;24;Materiales usuales;CUMPLIDO;MR01;1;9/4/2026;29/4/2026;abril;10147245;20;1;9/4/2026;9/4/2026;C19;4500125306;20;MR42;1;GDIAZ;17/4/2026;17/4/2026;29/4/2026;22/5/2026;C19;HORCADA MARCELO,GUSTAVO Y FERN;24;0;0;24;5000172968;14/5/2026;2001;2;1;13/5/2026;LBARTON;;;0;0;;;;;;;;;0;;;;;;;;;;;;;;;;;;14;;14/5/2026;00042;SEDE;;;-15;-24;1;;;;;;;;;15;;;;24;;;;;;GESTION ROSARIO;;;;;1;
00042 ADMINISTRACIÓN;1000086283;30;ZPAN;Pedido Verbano;;0;;;;VCERRUTI;1055186;TAZA DE TÉ C/ LOGO;24;Materiales usuales;CUMPLIDO;MR01;1;9/4/2026;29/4/2026;abril;10147245;30;1;9/4/2026;9/4/2026;C19;4500125306;30;MR42;1;GDIAZ;17/4/2026;17/4/2026;29/4/2026;22/5/2026;C19;HORCADA MARCELO,GUSTAVO Y FERN;24;0;0;24;5000172968;14/5/2026;2001;3;1;13/5/2026;LBARTON;;;0;0;;;;;;;;;0;;;;;;;;;;;;;;;;;;14;;14/5/2026;00042;SEDE;;;-15;-24;1;;;;;;;;;15;;;;24;;;;;;GESTION ROSARIO;;;;;1;
00042 ADMINISTRACIÓN;1000086283;40;ZPAN;Pedido Verbano;;0;;;;VCERRUTI;1055187;PLATO DE TAZA DE TÉ C/ LOGO;24;Materiales usuales;CUMPLIDO;MR01;1;9/4/2026;29/4/2026;abril;10147245;40;1;9/4/2026;9/4/2026;C19;4500125306;40;MR42;1;GDIAZ;17/4/2026;17/4/2026;29/4/2026;22/5/2026;C19;HORCADA MARCELO,GUSTAVO Y FERN;24;0;0;24;5000172968;14/5/2026;2001;4;1;13/5/2026;LBARTON;;;0;0;;;;;;;;;0;;;;;;;;;;;;;;;;;;14;;14/5/2026;00042;SEDE;;;-15;-24;1;;;;;;;;;15;;;;24;;;;;;GESTION ROSARIO;;;;;1;
00042 ADMINISTRACIÓN;1000086283;50;ZPAN;Pedido Verbano;;0;;;;VCERRUTI;1011208;PLATO PLAYO;24;Materiales usuales;CUMPLIDO;MR01;1;9/4/2026;29/4/2026;abril;10147245;50;1;9/4/2026;9/4/2026;C19;4500125306;50;MR42;1;GDIAZ;17/4/2026;17/4/2026;29/4/2026;22/5/2026;C19;HORCADA MARCELO,GUSTAVO Y FERN;24;0;0;24;5000172968;14/5/2026;2001;5;1;13/5/2026;LBARTON;;;0;0;;;;;;;;;0;;;;;;;;;;;;;;;;;;14;;14/5/2026;00042;SEDE;;;-15;-24;1;;;;;;;;;15;;;;24;;;;;;GESTION ROSARIO;;;;;1;
00042 ADMINISTRACIÓN;1000087786;10;ZPAN;Posavasos Directorio;;0;;;;VCERRUTI;1055159;POSA VASO C/LOGO Ø9CM X 6UN.;5;Materiales usuales;CUMPLIDO;MR01;1;5/5/2026;26/5/2026;mayo;10149244;10;1;5/5/2026;6/5/2026;C17;4500126991;10;2001;1;GJULIANI;7/5/2026;7/5/2026;29/5/2026;29/5/2026;C17;GOLJA MARIA LAURA;5;0;0;5;5000174435;27/5/2026;2001;1;1;27/5/2026;FDEICAS;;;0;0;;;;;;;;;0;;;;;;;;;;;;;;;;;;1;;27/5/2026;00042;SEDE;;;-2;-4;0;;;;;;;;;2;;;;4;;;;;;GESTION ROSARIO;;;;;1;
00042 ADMINISTRACIÓN;1000087786;20;ZPAN;Posavasos Directorio;;0;;;;VCERRUTI;1055802;POSA JARRA C/LOGO Ø12CM;4;Materiales usuales;CUMPLIDO;MR01;1;5/5/2026;26/5/2026;mayo;10149244;20;1;5/5/2026;6/5/2026;C17;4500126991;20;2001;1;GJULIANI;7/5/2026;7/5/2026;29/5/2026;29/5/2026;C17;GOLJA MARIA LAURA;4;0;0;4;5000174435;27/5/2026;2001;2;1;27/5/2026;FDEICAS;;;0;0;;;;;;;;;0;;;;;;;;;;;;;;;;;;1;;27/5/2026;00042;SEDE;;;-2;-4;0;;;;;;;;;2;;;;4;;;;;;GESTION ROSARIO;;;;;1;
00042 ADMINISTRACIÓN;1000087786;30;ZPAN;Posavasos Directorio;;0;;;;VCERRUTI;1055803;DESK PAD protector escrit c/logo 35x70;4;Materiales usuales;CUMPLIDO;MR01;1;5/5/2026;26/5/2026;mayo;10149244;30;1;5/5/2026;6/5/2026;C17;4500126991;30;2001;1;GJULIANI;7/5/2026;7/5/2026;29/5/2026;29/5/2026;C17;GOLJA MARIA LAURA;4;0;0;4;5000174435;27/5/2026;2001;3;1;27/5/2026;FDEICAS;;;0;0;;;;;;;;;0;;;;;;;;;;;;;;;;;;1;;27/5/2026;00042;SEDE;;;-2;-4;0;;;;;;;;;2;;;;4;;;;;;GESTION ROSARIO;;;;;1;
00042 ADMINISTRACIÓN;1000088042;10;ZPAN;pedido sello RRHH;;0;;;;VCERRUTI;1011306;SELLO AUTOMATICO PERSONALIZADO;1;Materiales usuales;CUMPLIDO;MR01;1;8/5/2026;18/5/2026;mayo;10149645;10;1;8/5/2026;12/5/2026;C17;4500127585;10;2001;1;GJULIANI;13/5/2026;13/5/2026;22/5/2026;22/5/2026;C17;EL ARTE DEL SELLO SRL;1;0;0;1;5000173930;21/5/2026;2001;1;1;21/5/2026;FDEICAS;;;0;0;;;;;;;;;0;;;;;;;;;;;;;;;;;;3;;21/5/2026;00042;SEDE;;;-4;-5;0;;;;;;;;;4;;;;5;;;;;;GESTION ROSARIO;;;;;1;
00041 COMPRAS EQUIPOS;1000088155;20;ZPAN;COMPRA MAYO EQU;;0;;;;AJORGE;1048659;YERBA CBSE X KG.;12;Materiales usuales;CUMPLIDO;MR01;1;11/5/2026;27/5/2026;mayo;10149800;20;1;11/5/2026;12/5/2026;C17;4500127898;20;2001;1;GJULIANI;15/5/2026;15/5/2026;22/5/2026;28/5/2026;C17;PETRAL S.R.L.;12;0;0;12;5000174838;29/5/2026;2001;1;1;29/5/2026;LNASUTI;;8000091377;12;1;LNASUTI;29/5/2026;29/5/2026;14971;TALLER 29/05;LNASUTI;29/5/2026;4900450057;12;CDAVID;30/5/2026;29/5/2026;;;;;;;;;;;;;;;2;;29/5/2026;00041;SEDE;0;0;-3;-2;0;0;0;;;;;;;3;;;;2;;;;;;GESTION ROSARIO;;;;;1;
00041 COMPRAS EQUIPOS;1000088155;30;ZPAN;COMPRA MAYO EQU;;0;;;;AJORGE;1010724;AZUCAR X KG.;10;Materiales usuales;CUMPLIDO;MR01;1;11/5/2026;27/5/2026;mayo;10149800;30;1;11/5/2026;12/5/2026;C17;4500127898;30;2001;1;GJULIANI;15/5/2026;15/5/2026;22/5/2026;28/5/2026;C17;PETRAL S.R.L.;10;0;0;10;5000174838;29/5/2026;2001;2;1;29/5/2026;LNASUTI;;8000091377;10;1;LNASUTI;29/5/2026;29/5/2026;14971;TALLER 29/05;LNASUTI;29/5/2026;4900450057;10;CDAVID;30/5/2026;29/5/2026;;;;;;;;;;;;;;;2;;29/5/2026;00041;SEDE;0;0;-3;-2;0;0;0;;;;;;;3;;;;2;;;;;;GESTION ROSARIO;;;;;1;
00041 COMPRAS EQUIPOS;1000088155;40;ZPAN;COMPRA MAYO EQU;;0;;;;AJORGE;1010733;LECHE EN POLVO DESCREMADA X 800 GR.;12;Materiales usuales;CUMPLIDO;MR01;1;11/5/2026;27/5/2026;mayo;10149800;40;1;11/5/2026;12/5/2026;C17;4500127898;40;2001;1;GJULIANI;15/5/2026;15/5/2026;22/5/2026;28/5/2026;C17;PETRAL S.R.L.;12;0;0;12;5000174838;29/5/2026;2001;3;1;29/5/2026;LNASUTI;;8000091377;12;1;LNASUTI;29/5/2026;29/5/2026;14971;TALLER 29/05;LNASUTI;29/5/2026;4900450057;12;CDAVID;30/5/2026;29/5/2026;;;;;;;;;;;;;;;2;;29/5/2026;00041;SEDE;0;0;-3;-2;0;0;0;;;;;;;3;;;;2;;;;;;GESTION ROSARIO;;;;;1;
00018 EQUIPOS;1000081543;40;ZPAN;PLACA ESTABILIZADORA;;0;;;;LMANSILLA;1049770;PLACA ESTABILIZADORA 45TN -INT 71188;4;Materiales Stock;CUMPLIDO;MR01;1;22/1/2026;30/1/2026;enero;10141140;40;1;26/1/2026;26/1/2026;C03;4500118532;10;MR13;1;WVENTURINI;27/1/2026;30/1/2026;6/2/2026;6/2/2026;C03;GRUAS CITY S.A.;4;0;0;4;5000160948;4/2/2026;2001;1;1;4/2/2026;LNASUTI;;;0;0;;;;;;;;;0;;;;;;;;;;;;;;;;;;5;;4/2/2026;00018;EQUIPOS;;;-6;-8;0;;;;;;;;;;;;;;6;;;;8;GESTION ROSARIO;;;;;;1
00018 EQUIPOS;1000081543;50;ZPAN;PLACA ESTABILIZADORA;;0;;;;LMANSILLA;1049771;PLACA ESTABILIZADORA 50TN - INT 71945;4;Materiales Stock;CUMPLIDO;MR01;1;22/1/2026;30/1/2026;enero;10141140;50;1;26/1/2026;26/1/2026;C03;4500118532;20;MR13;1;WVENTURINI;27/1/2026;30/1/2026;6/2/2026;6/2/2026;C03;GRUAS CITY S.A.;4;0;0;4;5000160948;4/2/2026;2001;2;1;4/2/2026;LNASUTI;;;0;0;;;;;;;;;0;;;;;;;;;;;;;;;;;;5;;4/2/2026;00018;EQUIPOS;;;-6;-8;0;;;;;;;;;;;;;;6;;;;8;GESTION ROSARIO;;;;;;1
00018 EQUIPOS;1000081543;60;ZPAN;PLACA ESTABILIZADORA;;0;;;;LMANSILLA;1049771;PLACA ESTABILIZADORA 50TN - SANY 0KM;4;Materiales Stock;CUMPLIDO;MR01;1;22/1/2026;30/1/2026;enero;10141140;60;1;26/1/2026;26/1/2026;C03;4500118532;30;MR13;1;WVENTURINI;27/1/2026;30/1/2026;6/2/2026;6/2/2026;C03;GRUAS CITY S.A.;4;0;0;4;5000160948;4/2/2026;2001;3;1;4/2/2026;LNASUTI;;;0;0;;;;;;;;;0;;;;;;;;;;;;;;;;;;5;;4/2/2026;00018;EQUIPOS;;;-6;-8;0;;;;;;;;;;;;;;6;;;;8;GESTION ROSARIO;;;;;;1
00013 Servicios Generales;1000081992;10;ZPAN;AFILADO DE CUCHILLAS;;0;;;;LMANSILLA;1012888;AFILADO CADENAS STHIL-FERRETERA SAN LUIS;5;Materiales genericos;CUMPLIDO;MR01;1;29/1/2026;6/2/2026;febrero;10141673;10;1;29/1/2026;2/2/2026;C27;4500119938;10;MR13;2;JESPARZA;11/2/2026;11/2/2026;6/2/2026;6/2/2026;C27;FERRETERA SAN LUIS;5;0;0;5;5000162077;12/2/2026;2001;1;1;12/2/2026;LBARTON;;;0;0;;;;;;;;;0;;;;;;;;;;;;;;;;;;6;;12/2/2026;00013;SEDE;;;-7;-1;0;;;;;;;;;7;;;;1;;;;;;GESTION ROSARIO;;;;;1;
00010 LOGISTICA;1000082055;10;ZPAN;ZAPATOS ANDRES GATTI;;0;;;;AGATTI;1011529;ZAPATILLA SEG UL FUNC CITY HORIZON N 48;1;Materiales usuales;CUMPLIDO;MR01;1;30/1/2026;10/2/2026;febrero;10141779;10;1;30/1/2026;2/2/2026;C28;4500119175;10;2001;1;GJULIANI;3/2/2026;3/2/2026;10/2/2026;18/2/2026;C28;PROSEIND SA;1;0;0;1;5000162484;19/2/2026;2001;1;1;19/2/2026;LBARTON;;;0;0;;;;;;;;;0;;;;;;;;;;;;;;;;;;9;;19/2/2026;00010;SEDE;;;-10;-9;0;;;;;;;;;10;;;;9;;;;;;GESTION ROSARIO;;;;;1;
00013 Servicios Generales;1000082818;10;ZPAN;LAPIZ DETECTOR TENSI;;0;;;;EALMARAZ;1012893;LAPIZ DETECTOR DE TENSION (ADJUNTO FOTO);1;Materiales genericos;CUMPLIDO;MR01;1;11/2/2026;3/3/2026;marzo;10142750;10;1;11/2/2026;20/2/2026;C27;4500120770;10;MR13;1;JESPARZA;24/2/2026;24/2/2026;2/3/2026;2/3/2026;C27;ARROYITO MAQUINARIAS S.R.L.;1;0;0;1;5000165432;13/3/2026;2001;1;1;13/3/2026;LNASUTI;;;0;0;;;;;;;;;0;;;;;;;;;;;;;;;;;;10;;13/3/2026;00013;SEDE;;;-11;0;0;;;;;;;;;11;;;;;;;;;;GESTION ROSARIO;;;;;1;
00020 RENTAL;1000083668;10;ZPAN;ROPA PERSONAL RENTAL;;0;;;;GSPINELLI;1011638;PANTALON CARGO AZUL OSCURO T 38;2;Materiales usuales;CUMPLIDO;MR01;1;26/2/2026;12/3/2026;marzo;10143948;10;1;26/2/2026;26/2/2026;C28;4500121347;10;MR20;1;GJULIANI;3/3/2026;3/3/2026;12/3/2026;12/3/2026;C28;NUEVA REGINA S.R.L.;2;0;0;2;5000165959;18/3/2026;2001;13;1;18/3/2026;LNASUTI;;8000087410;2;1;LNASUTI;18/3/2026;21/3/2026;14021;TALLER 21/03;LNASUTI;21/3/2026;4900431844;2;GSPINELLI;8/4/2026;21/3/2026;;;;;;;;;;;;;;;9;;18/3/2026;00020;SEDE;0;0;-7;-1;0;0;0;;;;;;;7;;;;1;;;;;;GESTION ROSARIO;;;;;1;
00020 RENTAL;1000083668;20;ZPAN;ROPA PERSONAL RENTAL;;0;;;;GSPINELLI;1011643;PANTALON CARGO AZUL OSCURO T 48;2;Materiales usuales;CUMPLIDO;MR01;1;26/2/2026;12/3/2026;marzo;10143948;20;1;26/2/2026;26/2/2026;C28;4500121347;20;MR20;1;GJULIANI;3/3/2026;3/3/2026;12/3/2026;12/3/2026;C28;NUEVA REGINA S.R.L.;2;0;0;2;5000165959;18/3/2026;2001;12;1;18/3/2026;LNASUTI;;8000087410;2;1;LNASUTI;18/3/2026;21/3/2026;14021;TALLER 21/03;LNASUTI;21/3/2026;4900431844;2;GSPINELLI;8/4/2026;21/3/2026;;;;;;;;;;;;;;;9;;18/3/2026;00020;SEDE;0;0;-7;-1;0;0;0;;;;;;;7;;;;1;;;;;;GESTION ROSARIO;;;;;1;
00020 RENTAL;1000083668;30;ZPAN;ROPA PERSONAL RENTAL;;0;;;;GSPINELLI;1011646;PANTALON CARGO AZUL OSCURO T 56;2;Materiales usuales;CUMPLIDO;MR01;1;26/2/2026;12/3/2026;marzo;10143948;30;1;26/2/2026;26/2/2026;C28;4500121347;30;MR20;1;GJULIANI;3/3/2026;3/3/2026;12/3/2026;12/3/2026;C28;NUEVA REGINA S.R.L.;2;0;0;2;5000165959;18/3/2026;2001;11;1;18/3/2026;LNASUTI;;8000087410;2;1;LNASUTI;18/3/2026;21/3/2026;14021;TALLER 21/03;LNASUTI;21/3/2026;4900431844;2;GSPINELLI;8/4/2026;21/3/2026;;;;;;;;;;;;;;;9;;18/3/2026;00020;SEDE;0;0;-7;-1;0;0;0;;;;;;;7;;;;1;;;;;;GESTION ROSARIO;;;;;1;
00020 RENTAL;1000083668;40;ZPAN;ROPA PERSONAL RENTAL;;0;;;;GSPINELLI;1011640;PANTALON CARGO AZUL OSCURO T 42;2;Materiales usuales;CUMPLIDO;MR01;1;26/2/2026;12/3/2026;marzo;10143948;40;1;26/2/2026;26/2/2026;C28;4500121347;40;MR20;1;GJULIANI;3/3/2026;3/3/2026;12/3/2026;12/3/2026;C28;NUEVA REGINA S.R.L.;2;0;0;2;5000165959;18/3/2026;2001;10;1;18/3/2026;LNASUTI;;8000087410;2;1;LNASUTI;18/3/2026;21/3/2026;14021;TALLER 21/03;LNASUTI;21/3/2026;4900431844;2;GSPINELLI;8/4/2026;21/3/2026;;;;;;;;;;;;;;;9;;18/3/2026;00020;SEDE;0;0;-7;-1;0;0;0;;;;;;;7;;;;1;;;;;;GESTION ROSARIO;;;;;1;
00020 RENTAL;1000083668;50;ZPAN;ROPA PERSONAL RENTAL;;0;;;;GSPINELLI;1047609;PANTALON CARGO AZUL PAMPERO T.52;2;Materiales usuales;CUMPLIDO;MR01;1;26/2/2026;12/3/2026;marzo;10143948;50;1;26/2/2026;26/2/2026;C28;4500121347;50;MR20;1;GJULIANI;3/3/2026;3/3/2026;12/3/2026;12/3/2026;C28;NUEVA REGINA S.R.L.;2;0;0;2;5000165959;18/3/2026;2001;9;1;18/3/2026;LNASUTI;;8000087410;2;1;LNASUTI;18/3/2026;21/3/2026;14021;TALLER 21/03;LNASUTI;21/3/2026;4900431844;2;GSPINELLI;8/4/2026;21/3/2026;;;;;;;;;;;;;;;9;;18/3/2026;00020;SEDE;0;0;-7;-1;0;0;0;;;;;;;7;;;;1;;;;;;GESTION ROSARIO;;;;;1;
00020 RENTAL;1000083668;60;ZPAN;ROPA PERSONAL RENTAL;;0;;;;GSPINELLI;1011661;PANTALON GABARDINA GRIS CHINO T.44;2;Materiales usuales;CUMPLIDO;MR01;1;26/2/2026;12/3/2026;marzo;10143948;60;1;26/2/2026;26/2/2026;C28;4500121347;60;MR20;1;GJULIANI;3/3/2026;3/3/2026;12/3/2026;12/3/2026;C28;NUEVA REGINA S.R.L.;2;0;0;2;5000166183;19/3/2026;2001;7;1;19/3/2026;LNASUTI;;8000087518;2;1;LNASUTI;19/3/2026;21/3/2026;14021;TALLER 21/03;LNASUTI;21/3/2026;4900431808;2;GSPINELLI;8/4/2026;21/3/2026;;;;;;;;;;;;;;;9;;19/3/2026;00020;SEDE;0;0;-8;-1;0;0;0;;;;;;;8;;;;1;;;;;;GESTION ROSARIO;;;;;1;
00020 RENTAL;1000083668;70;ZPAN;ROPA PERSONAL RENTAL;;0;;;;GSPINELLI;1011661;PANTALON GABARDINA GRIS CHINO T.44;1;Materiales usuales;CUMPLIDO;MR01;1;26/2/2026;12/3/2026;marzo;10143948;70;1;26/2/2026;26/2/2026;C28;4500121347;70;MR20;1;GJULIANI;3/3/2026;3/3/2026;12/3/2026;12/3/2026;C28;NUEVA REGINA S.R.L.;1;0;0;1;5000166183;19/3/2026;2001;9;1;19/3/2026;LNASUTI;;8000087518;1;1;LNASUTI;19/3/2026;21/3/2026;14021;TALLER 21/03;LNASUTI;21/3/2026;4900431808;1;GSPINELLI;8/4/2026;21/3/2026;;;;;;;;;;;;;;;9;;19/3/2026;00020;SEDE;0;0;-8;-1;0;0;0;;;;;;;8;;;;1;;;;;;GESTION ROSARIO;;;;;1;
00020 RENTAL;1000083668;80;ZPAN;ROPA PERSONAL RENTAL;;0;;;;GSPINELLI;1040971;PANTALON GABARDA CHINO PAMPERO NEGRO T44;1;Materiales usuales;CUMPLIDO;MR01;1;26/2/2026;12/3/2026;marzo;10143948;80;1;26/2/2026;26/2/2026;C28;4500121347;80;MR20;1;GJULIANI;3/3/2026;3/3/2026;12/3/2026;12/3/2026;C28;NUEVA REGINA S.R.L.;1;0;0;1;5000166183;19/3/2026;2001;8;1;19/3/2026;LNASUTI;;8000087518;1;1;LNASUTI;19/3/2026;21/3/2026;14021;TALLER 21/03;LNASUTI;21/3/2026;4900431808;1;GSPINELLI;8/4/2026;21/3/2026;;;;;;;;;;;;;;;9;;19/3/2026;00020;SEDE;0;0;-8;-1;0;0;0;;;;;;;8;;;;1;;;;;;GESTION ROSARIO;;;;;1;
00020 RENTAL;1000083668;90;ZPAN;ROPA PERSONAL RENTAL;;0;;;;GSPINELLI;1011646;PANTALON CARGO AZUL OSCURO T 56;2;Materiales usuales;CUMPLIDO;MR01;1;26/2/2026;12/3/2026;marzo;10143948;90;1;26/2/2026;26/2/2026;C28;4500121347;90;MR20;1;GJULIANI;3/3/2026;3/3/2026;12/3/2026;12/3/2026;C28;NUEVA REGINA S.R.L.;2;0;0;2;5000165959;18/3/2026;2001;8;1;18/3/2026;LNASUTI;;8000087410;2;1;LNASUTI;18/3/2026;21/3/2026;14021;TALLER 21/03;LNASUTI;21/3/2026;4900431844;2;GSPINELLI;8/4/2026;21/3/2026;;;;;;;;;;;;;;;9;;18/3/2026;00020;SEDE;0;0;-7;-1;0;0;0;;;;;;;7;;;;1;;;;;;GESTION ROSARIO;;;;;1;
00020 RENTAL;1000083668;100;ZPAN;ROPA PERSONAL RENTAL;;0;;;;GSPINELLI;1012692;REMERA ALGOD M CORTA LOGO RENTAL TALLE.L;4;Materiales genericos;CUMPLIDO;MR01;1;26/2/2026;12/3/2026;marzo;10143948;100;1;26/2/2026;26/2/2026;C28;4500121347;100;MR20;1;GJULIANI;3/3/2026;3/3/2026;18/3/2026;18/3/2026;C28;NUEVA REGINA S.R.L.;4;0;0;4;5000166183;19/3/2026;2001;2;1;19/3/2026;LNASUTI;;8000087518;4;1;LNASUTI;19/3/2026;21/3/2026;14021;TALLER 21/03;LNASUTI;21/3/2026;4900431808;4;GSPINELLI;8/4/2026;21/3/2026;;;;;;;;;;;;;;;9;;19/3/2026;00020;SEDE;0;0;-8;-7;0;0;0;;;;;;;8;;;;7;;;;;;GESTION ROSARIO;;;;;1;
00020 RENTAL;1000083668;110;ZPAN;ROPA PERSONAL RENTAL;;0;;;;GSPINELLI;1011704;REMERA ALGOD M CORT NEGRA LOGO RENT T.XL;2;Materiales usuales;CUMPLIDO;MR01;1;26/2/2026;12/3/2026;marzo;10143948;110;1;26/2/2026;26/2/2026;C28;4500121347;110;MR20;1;GJULIANI;3/3/2026;3/3/2026;18/3/2026;18/3/2026;C28;NUEVA REGINA S.R.L.;2;0;0;2;5000166183;19/3/2026;2001;6;1;19/3/2026;LNASUTI;;8000087518;2;1;LNASUTI;19/3/2026;21/3/2026;14021;TALLER 21/03;LNASUTI;21/3/2026;4900431808;2;GSPINELLI;8/4/2026;21/3/2026;;;;;;;;;;;;;;;9;;19/3/2026;00020;SEDE;0;0;-8;-7;0;0;0;;;;;;;8;;;;7;;;;;;GESTION ROSARIO;;;;;1;
00020 RENTAL;1000083668;120;ZPAN;ROPA PERSONAL RENTAL;;0;;;;GSPINELLI;1012695;REMERA ALGOD M CORTA LOGO RENTAL T.XXXL;4;Materiales genericos;CUMPLIDO;MR01;1;26/2/2026;12/3/2026;marzo;10143948;120;1;26/2/2026;26/2/2026;C28;4500121347;120;MR20;1;GJULIANI;3/3/2026;3/3/2026;18/3/2026;18/3/2026;C28;NUEVA REGINA S.R.L.;4;0;0;4;5000166183;19/3/2026;2001;1;1;19/3/2026;LNASUTI;;8000087518;4;1;LNASUTI;19/3/2026;21/3/2026;14021;TALLER 21/03;LNASUTI;21/3/2026;4900431808;4;GSPINELLI;8/4/2026;21/3/2026;;;;;;;;;;;;;;;9;;19/3/2026;00020;SEDE;0;0;-8;-7;0;0;0;;;;;;;8;;;;7;;;;;;GESTION ROSARIO;;;;;1;
00020 RENTAL;1000083668;130;ZPAN;ROPA PERSONAL RENTAL;;0;;;;GSPINELLI;1012694;REMERA ALGOD M CORTA LOGO RENTAL T.XXL;2;Materiales genericos;CUMPLIDO;MR01;1;26/2/2026;12/3/2026;marzo;10143948;130;1;26/2/2026;26/2/2026;C28;4500121347;130;MR20;1;GJULIANI;3/3/2026;3/3/2026;18/3/2026;18/3/2026;C28;NUEVA REGINA S.R.L.;2;0;0;2;5000166183;19/3/2026;2001;5;1;19/3/2026;LNASUTI;;8000087518;2;1;LNASUTI;19/3/2026;21/3/2026;14021;TALLER 21/03;LNASUTI;21/3/2026;4900431808;2;GSPINELLI;8/4/2026;21/3/2026;;;;;;;;;;;;;;;9;;19/3/2026;00020;SEDE;0;0;-8;-7;0;0;0;;;;;;;8;;;;7;;;;;;GESTION ROSARIO;;;;;1;
00020 RENTAL;1000083668;140;ZPAN;ROPA PERSONAL RENTAL;;0;;;;GSPINELLI;1012693;REMERA ALGOD M CORTA LOGO RENTAL T.XL;2;Materiales genericos;CUMPLIDO;MR01;1;26/2/2026;12/3/2026;marzo;10143948;140;1;26/2/2026;26/2/2026;C28;4500121347;140;MR20;1;GJULIANI;3/3/2026;3/3/2026;18/3/2026;18/3/2026;C28;NUEVA REGINA S.R.L.;2;0;0;2;5000166183;19/3/2026;2001;4;1;19/3/2026;LNASUTI;;8000087518;2;1;LNASUTI;19/3/2026;21/3/2026;14021;TALLER 21/03;LNASUTI;21/3/2026;4900431808;2;GSPINELLI;8/4/2026;21/3/2026;;;;;;;;;;;;;;;9;;19/3/2026;00020;SEDE;0;0;-8;-7;0;0;0;;;;;;;8;;;;7;;;;;;GESTION ROSARIO;;;;;1;
00020 RENTAL;1000083668;150;ZPAN;ROPA PERSONAL RENTAL;;0;;;;GSPINELLI;1012690;REMERA ALGOD M CORTA LOGO RENTAL T.S;2;Materiales genericos;CUMPLIDO;MR01;1;26/2/2026;12/3/2026;marzo;10143948;150;1;26/2/2026;26/2/2026;C28;4500121347;150;MR20;1;GJULIANI;3/3/2026;3/3/2026;18/3/2026;18/3/2026;C28;NUEVA REGINA S.R.L.;2;0;0;2;5000166183;19/3/2026;2001;3;1;19/3/2026;LNASUTI;;8000087518;2;1;LNASUTI;19/3/2026;21/3/2026;14021;TALLER 21/03;LNASUTI;21/3/2026;4900431808;2;GSPINELLI;8/4/2026;21/3/2026;;;;;;;;;;;;;;;9;;19/3/2026;00020;SEDE;0;0;-8;-7;0;0;0;;;;;;;8;;;;7;;;;;;GESTION ROSARIO;;;;;1;
00020 RENTAL;1000083668;160;ZPAN;ROPA PERSONAL RENTAL;;0;;;;GSPINELLI;1011617;CAMISA TELA AIRE LIBRE AZULTS C LOG RENT;1;Materiales usuales;CUMPLIDO;MR01;1;26/2/2026;12/3/2026;marzo;10143948;160;1;26/2/2026;26/2/2026;C28;4500121347;160;MR20;1;GJULIANI;3/3/2026;3/3/2026;18/3/2026;18/3/2026;C28;NUEVA REGINA S.R.L.;1;0;0;1;5000165959;18/3/2026;2001;16;1;18/3/2026;LNASUTI;;8000087410;1;1;LNASUTI;18/3/2026;21/3/2026;14021;TALLER 21/03;LNASUTI;21/3/2026;4900431844;1;GSPINELLI;8/4/2026;21/3/2026;;;;;;;;;;;;;;;9;;18/3/2026;00020;SEDE;0;0;-7;-7;0;0;0;;;;;;;7;;;;7;;;;;;GESTION ROSARIO;;;;;1;
00020 RENTAL;1000083668;170;ZPAN;ROPA PERSONAL RENTAL;;0;;;;GSPINELLI;1011620;CAMISA TELA AIRE LIBRE AZULTXL C LOG REN;1;Materiales usuales;CUMPLIDO;MR01;1;26/2/2026;12/3/2026;marzo;10143948;170;1;26/2/2026;26/2/2026;C28;4500121347;170;MR20;1;GJULIANI;3/3/2026;3/3/2026;18/3/2026;18/3/2026;C28;NUEVA REGINA S.R.L.;1;0;0;1;5000165959;18/3/2026;2001;15;1;18/3/2026;LNASUTI;;8000087410;1;1;LNASUTI;18/3/2026;21/3/2026;14021;TALLER 21/03;LNASUTI;21/3/2026;4900431844;1;GSPINELLI;8/4/2026;21/3/2026;;;;;;;;;;;;;;;9;;18/3/2026;00020;SEDE;0;0;-7;-7;0;0;0;;;;;;;7;;;;7;;;;;;GESTION ROSARIO;;;;;1;
00020 RENTAL;1000083668;180;ZPAN;ROPA PERSONAL RENTAL;;0;;;;GSPINELLI;1011622;CAMIS TELA AIRE LIBRE AZULTXXXL C LOG RE;2;Materiales usuales;CUMPLIDO;MR01;1;26/2/2026;12/3/2026;marzo;10143948;180;1;26/2/2026;26/2/2026;C28;4500121347;180;MR20;1;GJULIANI;3/3/2026;3/3/2026;18/3/2026;18/3/2026;C28;NUEVA REGINA S.R.L.;2;0;0;2;5000165959;18/3/2026;2001;7;1;18/3/2026;LNASUTI;;8000087410;2;1;LNASUTI;18/3/2026;21/3/2026;14021;TALLER 21/03;LNASUTI;21/3/2026;4900431844;2;GSPINELLI;8/4/2026;21/3/2026;;;;;;;;;;;;;;;9;;18/3/2026;00020;SEDE;0;0;-7;-7;0;0;0;;;;;;;7;;;;7;;;;;;GESTION ROSARIO;;;;;1;
00020 RENTAL;1000083668;190;ZPAN;ROPA PERSONAL RENTAL;;0;;;;GSPINELLI;1011619;CAMISA TELA AIRE LIBRE AZULTL C LOG RENT;2;Materiales usuales;CUMPLIDO;MR01;1;26/2/2026;12/3/2026;marzo;10143948;190;1;26/2/2026;26/2/2026;C28;4500121347;190;MR20;1;GJULIANI;3/3/2026;3/3/2026;18/3/2026;18/3/2026;C28;NUEVA REGINA S.R.L.;2;0;0;2;5000165959;18/3/2026;2001;6;1;18/3/2026;LNASUTI;;8000087410;2;1;LNASUTI;18/3/2026;21/3/2026;14021;TALLER 21/03;LNASUTI;21/3/2026;4900431844;2;GSPINELLI;8/4/2026;21/3/2026;;;;;;;;;;;;;;;9;;18/3/2026;00020;SEDE;0;0;-7;-7;0;0;0;;;;;;;7;;;;7;;;;;;GESTION ROSARIO;;;;;1;
00020 RENTAL;1000083668;200;ZPAN;ROPA PERSONAL RENTAL;;0;;;;GSPINELLI;1011621;CAMIS TELA AIRE LIBRE AZULTXXL C LOG REN;1;Materiales usuales;CUMPLIDO;MR01;1;26/2/2026;12/3/2026;marzo;10143948;200;1;26/2/2026;26/2/2026;C28;4500121347;200;MR20;1;GJULIANI;3/3/2026;3/3/2026;18/3/2026;18/3/2026;C28;NUEVA REGINA S.R.L.;1;0;0;1;5000165959;18/3/2026;2001;14;1;18/3/2026;LNASUTI;;8000087410;1;1;LNASUTI;18/3/2026;21/3/2026;14021;TALLER 21/03;LNASUTI;21/3/2026;4900431844;1;GSPINELLI;8/4/2026;21/3/2026;;;;;;;;;;;;;;;9;;18/3/2026;00020;SEDE;0;0;-7;-7;0;0;0;;;;;;;7;;;;7;;;;;;GESTION ROSARIO;;;;;1;
00020 RENTAL;1000083668;210;ZPAN;ROPA PERSONAL RENTAL;;0;;;;GSPINELLI;1011709;BUZO ALGODON AZUL OSCUR  LOGO RENTAL T L;4;Materiales usuales;CUMPLIDO;MR01;1;26/2/2026;12/3/2026;marzo;10143948;210;1;26/2/2026;26/2/2026;C28;4500121347;210;MR20;1;GJULIANI;3/3/2026;3/3/2026;18/3/2026;18/3/2026;C28;NUEVA REGINA S.R.L.;4;0;0;4;5000165959;18/3/2026;2001;3;1;18/3/2026;LNASUTI;;8000087410;4;1;LNASUTI;18/3/2026;21/3/2026;14021;TALLER 21/03;LNASUTI;21/3/2026;4900431844;4;GSPINELLI;8/4/2026;21/3/2026;;;;;;;;;;;;;;;9;;18/3/2026;00020;SEDE;0;0;-7;-7;0;0;0;;;;;;;7;;;;7;;;;;;GESTION ROSARIO;;;;;1;
00020 RENTAL;1000083668;220;ZPAN;ROPA PERSONAL RENTAL;;0;;;;GSPINELLI;1011711;BUZO ALGODON AZUL OSCUR LOGO RENTAL T XL;4;Materiales usuales;CUMPLIDO;MR01;1;26/2/2026;12/3/2026;marzo;10143948;220;1;26/2/2026;26/2/2026;C28;4500121347;220;MR20;1;GJULIANI;3/3/2026;3/3/2026;18/3/2026;18/3/2026;C28;NUEVA REGINA S.R.L.;4;0;0;4;5000165959;18/3/2026;2001;2;1;18/3/2026;LNASUTI;;8000087410;4;1;LNASUTI;18/3/2026;21/3/2026;14021;TALLER 21/03;LNASUTI;21/3/2026;4900431844;4;GSPINELLI;8/4/2026;21/3/2026;;;;;;;;;;;;;;;9;;18/3/2026;00020;SEDE;0;0;-7;-7;0;0;0;;;;;;;7;;;;7;;;;;;GESTION ROSARIO;;;;;1;
00020 RENTAL;1000083668;230;ZPAN;ROPA PERSONAL RENTAL;;0;;;;GSPINELLI;1011708;BUZO ALGODON AZUL OSCURO LOGO RENTAL T S;2;Materiales usuales;CUMPLIDO;MR01;1;26/2/2026;12/3/2026;marzo;10143948;230;1;26/2/2026;26/2/2026;C28;4500121347;230;MR20;1;GJULIANI;3/3/2026;3/3/2026;18/3/2026;18/3/2026;C28;NUEVA REGINA S.R.L.;2;0;0;2;5000165959;18/3/2026;2001;5;1;18/3/2026;LNASUTI;;8000087410;2;1;LNASUTI;18/3/2026;21/3/2026;14021;TALLER 21/03;LNASUTI;21/3/2026;4900431844;2;GSPINELLI;8/4/2026;21/3/2026;;;;;;;;;;;;;;;9;;18/3/2026;00020;SEDE;0;0;-7;-7;0;0;0;;;;;;;7;;;;7;;;;;;GESTION ROSARIO;;;;;1;
00020 RENTAL;1000083668;240;ZPAN;ROPA PERSONAL RENTAL;;0;;;;GSPINELLI;1011714;BUZO ALGODON AZUL OSCUR LOGO REN T XXXXL;4;Materiales usuales;CUMPLIDO;MR01;1;26/2/2026;12/3/2026;marzo;10143948;240;1;26/2/2026;26/2/2026;C28;4500121347;240;MR20;1;GJULIANI;3/3/2026;3/3/2026;18/3/2026;18/3/2026;C28;NUEVA REGINA S.R.L.;4;0;0;4;5000165959;18/3/2026;2001;1;1;18/3/2026;LNASUTI;;8000087410;4;1;LNASUTI;18/3/2026;21/3/2026;14021;TALLER 21/03;LNASUTI;21/3/2026;4900431844;4;GSPINELLI;8/4/2026;21/3/2026;;;;;;;;;;;;;;;9;;18/3/2026;00020;SEDE;0;0;-7;-7;0;0;0;;;;;;;7;;;;7;;;;;;GESTION ROSARIO;;;;;1;
00020 RENTAL;1000083668;250;ZPAN;ROPA PERSONAL RENTAL;;0;;;;GSPINELLI;1011712;BUZO ALGODON AZUL OSCUR LOGO RENTA T XXL;2;Materiales usuales;CUMPLIDO;MR01;1;26/2/2026;12/3/2026;marzo;10143948;250;1;26/2/2026;26/2/2026;C28;4500121347;250;MR20;1;GJULIANI;3/3/2026;3/3/2026;18/3/2026;18/3/2026;C28;NUEVA REGINA S.R.L.;2;0;0;2;5000165959;18/3/2026;2001;4;1;18/3/2026;LNASUTI;;8000087410;2;1;LNASUTI;18/3/2026;21/3/2026;14021;TALLER 21/03;LNASUTI;21/3/2026;4900431844;2;GSPINELLI;8/4/2026;21/3/2026;;;;;;;;;;;;;;;9;;18/3/2026;00020;SEDE;0;0;-7;-7;0;0;0;;;;;;;7;;;;7;;;;;;GESTION ROSARIO;;;;;1;
00013 Servicios Generales;1000083855;10;ZPAN;AIRE ACONDICIONADOS;;0;;;;LMANSILLA;1011133;AA SPLIT FRIO CALOR 3300W;2;Materiales usuales;CUMPLIDO;MR01;1;28/2/2026;7/3/2026;marzo;10144160;10;1;28/2/2026;2/3/2026;C19;4500121740;10;2001;1;VBARRA;6/3/2026;6/3/2026;7/3/2026;7/3/2026;C19;BLAS MARTINUCCI E HIJOS S.A.;2;0;0;2;5000164794;10/3/2026;2001;1;1;10/3/2026;LNASUTI;;;0;0;;;;;;;;;0;;;;;;;;;;;;;;;;;;3;;10/3/2026;00013;SEDE;;;-4;-1;0;;;;;;;;;4;;;;1;;;;;;GESTION ROSARIO;;;;;1;
00010 LOGISTICA;1000084587;10;ZPAN;TALONARIOS REMITOS r;;0;;;;LMANSILLA;1016028;"TALONARIO REMITO ""X"" TRIPLICADO X 25 H.";10;Materiales Stock C/Devol;CUMPLIDO;MR01;1;11/3/2026;20/3/2026;marzo;10145122;10;1;11/3/2026;12/3/2026;C17;4500122622;10;2001;1;GJULIANI;16/3/2026;16/3/2026;27/3/2026;27/3/2026;C17;MORALES PABLO DANIEL;10;0;0;10;5000167284;31/3/2026;2001;1;1;31/3/2026;LNASUTI;;;0;0;;;;;;;;;0;;;;;;;;;;;;;;;;;;11;;31/3/2026;00010;SEDE;;;-12;-8;0;;;;;;;;;12;;;;8;;;;;;GESTION ROSARIO;;;;;1;
00010 LOGISTICA;1000084587;20;ZPAN;TALONARIOS REMITOS r;;0;;;;LMANSILLA;1016027;"TALONARIO REMITO ""R"" CUADRUPLICADO X 25H";10;Materiales Stock C/Devol;CUMPLIDO;MR01;1;11/3/2026;20/3/2026;marzo;10145122;20;1;11/3/2026;12/3/2026;C17;4500122622;20;2001;1;GJULIANI;16/3/2026;16/3/2026;27/3/2026;27/3/2026;C17;MORALES PABLO DANIEL;10;0;0;10;5000167284;31/3/2026;2001;2;1;31/3/2026;LNASUTI;;;0;0;;;;;;;;;0;;;;;;;;;;;;;;;;;;11;;31/3/2026;00010;SEDE;;;-12;-8;0;;;;;;;;;12;;;;8;;;;;;GESTION ROSARIO;;;;;1;
00013 Servicios Generales;1000084590;10;ZPAN;AFILADO DE CUCHILLAS;;0;;;;LMANSILLA;1012888;SERVICIO DE AFILADO CADENAS MOTOSIERRA;4;Materiales genericos;CUMPLIDO;MR01;1;11/3/2026;20/3/2026;marzo;10145124;10;1;11/3/2026;12/3/2026;C27;4500122602;10;MR13;1;JESPARZA;16/3/2026;16/3/2026;19/3/2026;19/3/2026;C27;FERRETERA SAN LUIS;4;0;0;4;5000167410;25/3/2026;MR13;1;1;25/3/2026;LMANSILLA;;;0;0;;;;;;;;;0;;;;;;;;;;;;;;;;;;5;;25/3/2026;00013;SEDE;;;-6;0;0;;;;;;;;;6;;;;;;;;;;GESTION ROSARIO;;;;;1;
00010 LOGISTICA;1000084689;10;ZPAN;FARO - CAMIONES DE L;;0;;;;LMANSILLA;1012808;KIT ILUMINACION FARO P1013-4 EMAVE;3;Materiales genericos;CUMPLIDO;MR01;1;12/3/2026;20/3/2026;marzo;10145259;10;1;12/3/2026;12/3/2026;C03;4500123201;10;MR13;1;FALASSIA;23/3/2026;23/3/2026;30/3/2026;30/4/2026;C38;EMAVE S.A.;3;0;0;3;5000170551;24/4/2026;MR13;1;1;24/4/2026;CDAVID;;;0;0;;;;;;;;;0;;;;;;;;;;;;;;;;;;35;;24/4/2026;00010;OTRO;;;-36;-42;0;;;;;;;;;;;;;;;;;;;GESTION ROSARIO;;;;;;
00010 LOGISTICA;1000085108;10;ZPAN;PEDIDO DE HERRAMIENT;;0;;;;LMANSILLA;1012888;"CAJA HERRAMIENTA PLASTICA 19""";2;Materiales genericos;CUMPLIDO;MR01;1;18/3/2026;27/3/2026;marzo;10145768;10;1;18/3/2026;19/3/2026;C27;4500123174;10;MR13;1;JESPARZA;23/3/2026;23/3/2026;26/3/2026;26/3/2026;C27;IMPERIAL MOTOR S.A.;2;0;0;2;5000167350;31/3/2026;2001;1;1;31/3/2026;LBARTON;;;0;0;;;;;;;;;0;;;;;;;;;;;;;;;;;;4;;31/3/2026;00010;SEDE;;;-5;0;0;;;;;;;;;5;;;;;;;;;;GESTION ROSARIO;;;;;1;
00010 LOGISTICA;1000085108;20;ZPAN;PEDIDO DE HERRAMIENT;;0;;;;LMANSILLA;1012337;JUEGO LLAVES COMBINADA - 20PZS;2;Materiales usuales;CUMPLIDO;MR01;1;18/3/2026;27/3/2026;marzo;10145768;20;1;18/3/2026;19/3/2026;C27;4500123174;20;MR13;1;JESPARZA;23/3/2026;23/3/2026;26/3/2026;26/3/2026;C27;IMPERIAL MOTOR S.A.;2;0;0;2;5000167402;31/3/2026;2001;1;1;31/3/2026;LBARTON;;;0;0;;;;;;;;;0;;;;;;;;;;;;;;;;;;4;;31/3/2026;00010;SEDE;;;-5;0;0;;;;;;;;;5;;;;;;;;;;GESTION ROSARIO;;;;;1;
00010 LOGISTICA;1000085108;30;ZPAN;PEDIDO DE HERRAMIENT;;0;;;;LMANSILLA;1012336;JUEGO DESTORNILLADORES COMBINADOS 6 UN;2;Materiales usuales;CUMPLIDO;MR01;1;18/3/2026;27/3/2026;marzo;10145768;30;1;18/3/2026;19/3/2026;C27;4500123174;30;MR13;1;JESPARZA;23/3/2026;23/3/2026;26/3/2026;26/3/2026;C27;IMPERIAL MOTOR S.A.;2;0;0;2;5000167350;31/3/2026;2001;2;1;31/3/2026;LBARTON;;;0;0;;;;;;;;;0;;;;;;;;;;;;;;;;;;4;;31/3/2026;00010;SEDE;;;-5;0;0;;;;;;;;;5;;;;;;;;;;GESTION ROSARIO;;;;;1;
00010 LOGISTICA;1000085108;40;ZPAN;PEDIDO DE HERRAMIENT;;0;;;;LMANSILLA;1034814;"PINZA UNIVERSAL AISLADA 8""";2;Materiales usuales;CUMPLIDO;MR01;1;18/3/2026;27/3/2026;marzo;10145768;40;1;18/3/2026;19/3/2026;C27;4500123174;40;MR13;1;JESPARZA;23/3/2026;23/3/2026;26/3/2026;26/3/2026;C27;IMPERIAL MOTOR S.A.;2;0;0;2;5000167350;31/3/2026;2001;3;1;31/3/2026;LBARTON;;;0;0;;;;;;;;;0;;;;;;;;;;;;;;;;;;4;;31/3/2026;00010;SEDE;;;-5;0;0;;;;;;;;;5;;;;;;;;;;GESTION ROSARIO;;;;;1;
00010 LOGISTICA;1000085108;50;ZPAN;PEDIDO DE HERRAMIENT;;0;;;;LMANSILLA;1034817;"ALICATE CORTE DIAGONAL 6"" AISLADO";2;Materiales usuales;CUMPLIDO;MR01;1;18/3/2026;27/3/2026;marzo;10145768;50;1;18/3/2026;19/3/2026;C27;4500123174;50;MR13;1;JESPARZA;23/3/2026;23/3/2026;26/3/2026;26/3/2026;C27;IMPERIAL MOTOR S.A.;2;0;0;2;5000167350;31/3/2026;2001;4;1;31/3/2026;LBARTON;;;0;0;;;;;;;;;0;;;;;;;;;;;;;;;;;;4;;31/3/2026;00010;SEDE;;;-5;0;0;;;;;;;;;5;;;;;;;;;;GESTION ROSARIO;;;;;1;
00010 LOGISTICA;1000085108;60;ZPAN;PEDIDO DE HERRAMIENT;;0;;;;LMANSILLA;1034814;"PINZA PUNTA LARGA 8""";2;Materiales usuales;CUMPLIDO;MR01;1;18/3/2026;27/3/2026;marzo;10145768;60;1;18/3/2026;19/3/2026;C27;4500123174;60;MR13;1;JESPARZA;23/3/2026;23/3/2026;26/3/2026;26/3/2026;C27;IMPERIAL MOTOR S.A.;2;0;0;2;5000167350;31/3/2026;2001;5;1;31/3/2026;LBARTON;;;0;0;;;;;;;;;0;;;;;;;;;;;;;;;;;;4;;31/3/2026;00010;SEDE;;;-5;0;0;;;;;;;;;5;;;;;;;;;;GESTION ROSARIO;;;;;1;
00010 LOGISTICA;1000085108;70;ZPAN;PEDIDO DE HERRAMIENT;;0;;;;LMANSILLA;1012371;LLAVE ALLEN MILIMETRICA JUEGO 9PZA.;2;Materiales usuales;CUMPLIDO;MR01;1;18/3/2026;27/3/2026;marzo;10145768;70;1;18/3/2026;19/3/2026;C27;4500123174;70;MR13;1;JESPARZA;23/3/2026;23/3/2026;26/3/2026;26/3/2026;C27;IMPERIAL MOTOR S.A.;2;0;0;2;5000167350;31/3/2026;2001;6;1;31/3/2026;LBARTON;;;0;0;;;;;;;;;0;;;;;;;;;;;;;;;;;;4;;31/3/2026;00010;SEDE;;;-5;0;0;;;;;;;;;5;;;;;;;;;;GESTION ROSARIO;;;;;1;
00020 RENTAL;1000085167;10;ZPAN;Libretas RENTAL;;0;;;;NMONTENEGRO;1035710;CUADERNO LISO. T. DURA C/LOGO;50;Materiales usuales;CUMPLIDO;MR01;1;19/3/2026;13/4/2026;abril;10145834;10;1;19/3/2026;19/3/2026;C17;4500124564;10;MR20;1;GDIAZ;9/4/2026;9/4/2026;30/4/2026;17/4/2026;C17;CASA ESPADAS S.A;50;0;0;50;5000170409;24/4/2026;MR20;1;1;24/4/2026;NMONTENEGRO;;;0;0;;;;;;;;;0;;;;;;;;;;;;;;;;;;11;;24/4/2026;00020;SEDE;;;-12;-5;0;;;;;;;;;12;;;;5;;;;;;GESTION ROSARIO;;;;;1;
00020 RENTAL;1000086247;30;ZPAN;ROPA PERSONAL RENTAL;;0;;;;GSPINELLI;1011619;CAMISA TELA AIRE LIBR AZUL TL LOG RENTAL;2;Materiales usuales;CUMPLIDO;MR01;1;9/4/2026;23/4/2026;abril;10147219;30;1;9/4/2026;9/4/2026;C28;4500125986;20;MR20;1;GJULIANI;24/4/2026;24/4/2026;8/5/2026;8/5/2026;C28;PROSEIND SA;2;0;0;2;5000174454;27/5/2026;2001;1;1;18/5/2026;LNASUTI;;8000091240;2;1;LNASUTI;27/5/2026;27/5/2026;14926;TALLER 27/05;LNASUTI;27/5/2026;4900449158;2;CDAVID;28/5/2026;27/5/2026;;;;;;;;;;;;;;;34;;27/5/2026;00020;SEDE;0;0;-26;-16;9;0;0;;;;;;;26;;;;16;;;;;;GESTION ROSARIO;8;;;1;1;
00020 RENTAL;1000086247;40;ZPAN;ROPA PERSONAL RENTAL;;0;;;;GSPINELLI;1011617;CAMISA TEL AIR LIBR AZUL TS C LOG RENTAL;1;Materiales usuales;CUMPLIDO;MR01;1;9/4/2026;23/4/2026;abril;10147219;40;1;9/4/2026;9/4/2026;C28;4500125986;30;MR20;1;GJULIANI;24/4/2026;24/4/2026;8/5/2026;8/5/2026;C28;PROSEIND SA;1;0;0;1;5000174454;27/5/2026;2001;2;1;18/5/2026;LNASUTI;;8000091240;1;1;LNASUTI;27/5/2026;27/5/2026;14926;TALLER 27/05;LNASUTI;27/5/2026;4900449158;1;CDAVID;28/5/2026;27/5/2026;;;;;;;;;;;;;;;34;;27/5/2026;00020;SEDE;0;0;-26;-16;9;0;0;;;;;;;26;;;;16;;;;;;GESTION ROSARIO;8;;;1;1;
00010 LOGISTICA;1000087154;30;ZPAN;CAJA HERRAMIENTAS LO;;0;;;;LMANSILLA;1012336;JUEGO DESTORNILLADORES COMBINADOS 6 UN;2;Materiales usuales;CUMPLIDO;MR01;1;23/4/2026;14/5/2026;mayo;10148465;30;1;23/4/2026;24/4/2026;C27;4500126184;30;MR13;1;PRODRIGUEZ;27/4/2026;21/5/2026;7/5/2026;7/5/2026;C27;ARROYITO MAQUINARIAS S.R.L.;2;0;0;2;5000174200;22/5/2026;2001;1;3;21/5/2026;FDEICAS;;;0;0;;;;;;;;;0;;;;;;;;;;;;;;;;;;7;;22/5/2026;00010;SEDE;;;-8;6;1;;;;;;;;;8;;;;;;;;;;GESTION ROSARIO;;;;;1;
00014 SISTEMAS;1000079364;20;ZPAN;Herramientas para in;;0;;;;FMARTIN;1034255;TALADRO INALAMBRICO 18V C/BATERIA;1;Materiales usuales;CUMPLIDO;MR01;1;11/12/2025;26/1/2026;enero;10142269;10;1;4/2/2026;6/2/2026;C27;4500119653;10;MR14;1;JESPARZA;9/2/2026;9/2/2026;26/1/2026;20/1/2026;C27;ARROYITO MAQUINARIAS S.R.L.;1;0;0;1;5000161777;10/2/2026;2001;1;1;10/2/2026;LNASUTI;;;0;0;;;;;;;;;0;;;;;;;;;;;;;;;;;;15;;10/2/2026;00014;SEDE;;;-16;5;0;;;;;;;;;16;;;;;;;;;;GESTION ROSARIO;;;;;1;
00014 SISTEMAS;1000080521;10;ZPAN;Compras varias;;0;;;;JBIONDI;1017953;Pasta termica NT-H2 10g;2;Materiales usuales;CUMPLIDO;MR01;1;7/1/2026;21/1/2026;enero;10139725;10;1;7/1/2026;7/1/2026;C05;4500117315;10;MR14;1;RMIR;13/1/2026;13/1/2026;21/1/2026;21/1/2026;C05;DATA CENTER SOLUTIONS S. R. L.;2;0;0;2;5000159826;26/1/2026;2001;1;1;26/1/2026;LNASUTI;;;0;0;;;;;;;;;0;;;;;;;;;;;;;;;;;;5;;26/1/2026;00014;OTRO;;;-6;-1;0;;;;;;;;;;;;;;;;;;;GESTION ROSARIO;;;;;;
00014 SISTEMAS;1000080521;20;ZPAN;Compras varias;;0;;;;JBIONDI;1012170;Limpiacontactos (alcohol isopropilico);4;Materiales usuales;CUMPLIDO;MR01;1;7/1/2026;21/1/2026;enero;10139725;20;1;7/1/2026;7/1/2026;C05;4500117355;10;MR14;1;RMIR;13/1/2026;13/1/2026;21/1/2026;21/1/2026;C05;DATA CENTER SOLUTIONS S. R. L.;4;0;0;4;5000160286;29/1/2026;2001;2;1;29/1/2026;LNASUTI;;;0;0;;;;;;;;;0;;;;;;;;;;;;;;;;;;8;;29/1/2026;00014;OTRO;;;-9;-1;0;;;;;;;;;;;;;;;;;;;GESTION ROSARIO;;;;;;
00014 SISTEMAS;1000080521;40;ZPAN;Compras varias;;0;;;;JBIONDI;1012913;Kit soldador de estaño;2;Materiales genericos;CUMPLIDO;MR01;1;7/1/2026;21/1/2026;enero;10139725;40;1;7/1/2026;7/1/2026;C05;4500117945;10;MR14;1;RMIR;20/1/2026;20/1/2026;2/2/2026;2/2/2026;C05;DATA CENTER SOLUTIONS S. R. L.;2;0;0;2;5000160286;29/1/2026;2001;3;1;29/1/2026;LNASUTI;;;0;0;;;;;;;;;0;;;;;;;;;;;;;;;;;;8;;29/1/2026;00014;OTRO;;;-9;-13;0;;;;;;;;;;;;;;;;;;;GESTION ROSARIO;;;;;;
00014 SISTEMAS;1000083214;10;ZPAN;Materiales extras Ob;;0;;;;PMUNOZ;1050392;SWITCH HP ARUBA ION 1930  8 PUERTOS 2SFP;1;Materiales usuales;CUMPLIDO;MR01;1;19/2/2026;11/3/2026;marzo;10143211;10;1;19/2/2026;20/2/2026;C05;4500120609;10;MR14;1;RMIR;23/2/2026;23/2/2026;11/3/2026;11/3/2026;C05;JAWIT S.A.;1;0;0;1;5000165376;13/3/2026;MR14;1;1;13/3/2026;ASIGNORELLI;;;0;0;;;;;;;;;0;;;;;;;;;;;;;;;;;;2;;13/3/2026;00014;OTRO;;;-3;-1;0;;;;;;;;;;;;;;;;;;;GESTION ROSARIO;;;;;;
00014 SISTEMAS;1000083214;20;ZPAN;Materiales extras Ob;;0;;;;PMUNOZ;1046274;ANTENA UBIQUITI LITEBEAM 5AC BE-5ACGEN2;1;Materiales usuales;CUMPLIDO;MR01;1;19/2/2026;11/3/2026;marzo;10143211;20;1;19/2/2026;20/2/2026;C05;4500120609;20;MR14;1;RMIR;23/2/2026;23/2/2026;11/3/2026;11/3/2026;C05;JAWIT S.A.;1;0;0;1;5000165376;13/3/2026;MR14;2;1;13/3/2026;ASIGNORELLI;;;0;0;;;;;;;;;0;;;;;;;;;;;;;;;;;;2;;13/3/2026;00014;OTRO;;;-3;-1;0;;;;;;;;;;;;;;;;;;;GESTION ROSARIO;;;;;;
00014 SISTEMAS;1000083214;30;ZPAN;Materiales extras Ob;;0;;;;PMUNOZ;1012733;UPS TRV NEO 850A VA BATERIA INTERNA 12V;3;Materiales genericos;CUMPLIDO;MR01;1;19/2/2026;11/3/2026;marzo;10143211;30;1;19/2/2026;20/2/2026;C05;4500120609;30;MR14;1;RMIR;23/2/2026;23/2/2026;11/3/2026;11/3/2026;C05;JAWIT S.A.;3;0;0;3;5000165376;13/3/2026;MR14;3;1;13/3/2026;ASIGNORELLI;;;0;0;;;;;;;;;0;;;;;;;;;;;;;;;;;;2;;13/3/2026;00014;OTRO;;;-3;-1;0;;;;;;;;;;;;;;;;;;;GESTION ROSARIO;;;;;;
00014 SISTEMAS;1000083552;10;ZPAN;Compras varias;;0;;;;JBIONDI;1030093;Reloj Anviz VF30-PRO;10;Materiales usuales;CUMPLIDO;MR01;1;24/2/2026;16/3/2026;marzo;10143738;10;1;24/2/2026;25/2/2026;C05;4500121779;10;MR14;1;RMIR;6/3/2026;9/3/2026;16/3/2026;16/3/2026;C05;PEREZ PELLEGRINI MATIAS INNOVER;10;0;0;10;5000166142;19/3/2026;2001;1;1;19/3/2026;LNASUTI;;;0;0;;;;;;;;;0;;;;;;;;;;;;;;;;;;3;;19/3/2026;00014;OTRO;;;-4;-1;0;;;;;;;;;;;;;;;;;;;GESTION ROSARIO;;;;;;
00014 SISTEMAS;1000083552;20;ZPAN;Compras varias;;0;;;;JBIONDI;1012733;Mini UPS para reloj Anviz VF30-PRO;10;Materiales genericos;CUMPLIDO;MR01;1;24/2/2026;16/3/2026;marzo;10143738;20;1;24/2/2026;25/2/2026;C05;4500121779;20;MR14;1;RMIR;6/3/2026;9/3/2026;16/3/2026;16/3/2026;C05;PEREZ PELLEGRINI MATIAS INNOVER;10;0;0;10;5000166142;19/3/2026;2001;2;1;19/3/2026;LNASUTI;;;0;0;;;;;;;;;0;;;;;;;;;;;;;;;;;;3;;19/3/2026;00014;OTRO;;;-4;-1;0;;;;;;;;;;;;;;;;;;;GESTION ROSARIO;;;;;;
00014 SISTEMAS;1000083552;30;ZPAN;Compras varias;;0;;;;JBIONDI;1017346;Fuente de 12V para reloj Anviz VF30-PRO;10;Materiales usuales;CUMPLIDO;MR01;1;24/2/2026;16/3/2026;marzo;10143738;30;1;24/2/2026;25/2/2026;C05;4500121779;30;MR14;1;RMIR;6/3/2026;9/3/2026;16/3/2026;16/3/2026;C05;PEREZ PELLEGRINI MATIAS INNOVER;10;0;0;10;5000166142;19/3/2026;2001;3;1;19/3/2026;LNASUTI;;;0;0;;;;;;;;;0;;;;;;;;;;;;;;;;;;3;;19/3/2026;00014;OTRO;;;-4;-1;0;;;;;;;;;;;;;;;;;;;GESTION ROSARIO;;;;;;
00014 SISTEMAS;1000083552;40;ZPAN;Compras varias;;0;;;;JBIONDI;1049435;Kit Teclado y mouse - Logitech MK370;5;Materiales usuales;CUMPLIDO;MR01;1;24/2/2026;16/3/2026;marzo;10143738;40;1;24/2/2026;25/2/2026;C05;4500121779;40;MR14;1;RMIR;6/3/2026;9/3/2026;16/3/2026;16/3/2026;C05;PEREZ PELLEGRINI MATIAS INNOVER;5;0;0;5;5000166142;19/3/2026;2001;4;1;19/3/2026;LNASUTI;;;0;0;;;;;;;;;0;;;;;;;;;;;;;;;;;;3;;19/3/2026;00014;OTRO;;;-4;-1;0;;;;;;;;;;;;;;;;;;;GESTION ROSARIO;;;;;;
00014 SISTEMAS;1000083552;50;ZPAN;Compras varias;;0;;;;JBIONDI;1036679;Placa de red USB - Tp Link Ue306;5;Materiales genericos;CUMPLIDO;MR01;1;24/2/2026;16/3/2026;marzo;10143738;50;1;24/2/2026;25/2/2026;C05;4500121603;50;MR14;1;RMIR;4/3/2026;4/3/2026;16/3/2026;16/3/2026;C05;JAR COMPUTACION SRL;5;0;0;5;5000166143;19/3/2026;2001;1;1;18/3/2026;ALANDAVIDEA;;;0;0;;;;;;;;;0;;;;;;;;;;;;;;;;;;2;;19/3/2026;00014;OTRO;;;-3;-1;1;;;;;;;;;;;;;;;;;;;GESTION ROSARIO;;;;;;
00014 SISTEMAS;1000083713;10;ZPAN;Compras varias;;0;;;;ASGIMENEZ;1044458;PLACA WIFI USB 300MBPS TL-WN823N;10;Materiales usuales;CUMPLIDO;MR01;1;26/2/2026;12/3/2026;marzo;10144002;10;1;26/2/2026;27/2/2026;C05;4500121616;10;MR14;1;RMIR;4/3/2026;4/3/2026;12/3/2026;12/3/2026;C05;DATA CENTER SOLUTIONS S. R. L.;10;0;0;10;5000165594;16/3/2026;MR14;1;1;16/3/2026;ALANDAVIDEA;;;0;0;;;;;;;;;0;;;;;;;;;;;;;;;;;;4;;16/3/2026;00014;OTRO;;;-5;-1;0;;;;;;;;;;;;;;;;;;;GESTION ROSARIO;;;;;;
00014 SISTEMAS;1000086574;10;ZPAN;Compras varias;;0;;;;JBIONDI;1055421;PULSERA ANTIESTÁTICA;1;Materiales usuales;CUMPLIDO;MR01;1;14/4/2026;28/4/2026;abril;10147682;10;1;14/4/2026;20/4/2026;C05;4500126545;10;MR14;1;JESPARZA;30/4/2026;30/4/2026;28/4/2026;28/4/2026;C05;JAR COMPUTACION SRL;1;0;0;1;5000172231;8/5/2026;2001;1;1;6/5/2026;LNASUTI;;;0;0;;;;;;;;;0;;;;;;;;;;;;;;;;;;8;;8/5/2026;00014;OTRO;;;-9;-1;2;;;;;;;;;;;;;;;;;;;GESTION ROSARIO;1;;;1;;
00014 SISTEMAS;1000086574;30;ZPAN;Compras varias;;0;;;;JBIONDI;1012242;JGO. MECHA ACERO RAPIDO (19 PIEZAS);1;Materiales usuales;CUMPLIDO;MR01;1;14/4/2026;28/4/2026;abril;10147682;30;1;14/4/2026;20/4/2026;C27;4500125733;20;MR14;1;PRODRIGUEZ;22/4/2026;22/4/2026;27/4/2026;27/4/2026;C27;FERRETERA SAN LUIS;1;0;0;1;5000172273;8/5/2026;2001;1;1;6/5/2026;LNASUTI;;;0;0;;;;;;;;;0;;;;;;;;;;;;;;;;;;8;;8/5/2026;00014;SEDE;;;-9;0;2;;;;;;;;;9;;;;;;;;;;GESTION ROSARIO;1;;;1;1;
00015 RRHH;1000080799;20;ZPAN;CHOMBAS;;0;;;;JMARCHINI;1011562;CHOMBA MICROPIQUE GRIS TALLE L C LOGO;2;Materiales usuales;CUMPLIDO;MR01;1;11/1/2026;15/1/2026;enero;10140078;20;1;11/1/2026;12/1/2026;C28;4500117176;10;2001;1;GJULIANI;12/1/2026;12/1/2026;23/1/2026;23/1/2026;C28;PROAR IMAGEN PROMOCIONAL SRL;2;0;0;2;5000159620;23/1/2026;2001;1;1;23/1/2026;LNASUTI;;;0;0;;;;;;;;;0;;;;;;;;;;;;;;;;;;8;;23/1/2026;00015;SEDE;;;-9;-9;0;;;;;;;;;9;;;;9;;;;;;GESTION ROSARIO;;;;;1;
00015 RRHH;1000080799;40;ZPAN;CHOMBAS;;0;;;;JMARCHINI;1011564;CHOMBA MICROPIQUE GRIS TALLE XL C LOGO;2;Materiales usuales;CUMPLIDO;MR01;1;11/1/2026;15/1/2026;enero;10140078;40;1;11/1/2026;12/1/2026;C28;4500117176;20;2001;1;GJULIANI;12/1/2026;12/1/2026;23/1/2026;23/1/2026;C28;PROAR IMAGEN PROMOCIONAL SRL;2;0;0;2;5000159620;23/1/2026;2001;2;1;23/1/2026;LNASUTI;;;0;0;;;;;;;;;0;;;;;;;;;;;;;;;;;;8;;23/1/2026;00015;SEDE;;;-9;-9;0;;;;;;;;;9;;;;9;;;;;;GESTION ROSARIO;;;;;1;
00015 RRHH;1000082542;10;ZPAN;MERCH SITYO - ANNIKA;;0;;;;NMONTENEGRO;1047555;PARLANTE BLUETOOTH DANCE;10;Materiales genericos;CUMPLIDO;MR01;1;6/2/2026;28/2/2026;febrero;10142472;10;1;6/2/2026;11/2/2026;C17;4500119945;10;2001;1;GJULIANI;11/2/2026;11/2/2026;27/2/2026;27/2/2026;C17;HANNA SRL;10;0;0;10;5000163805;3/3/2026;2001;1;1;3/3/2026;LBARTON;;;0;0;;;;;;;;;0;;;;;;;;;;;;;;;;;;3;;3/3/2026;00015;SEDE;;;-4;0;0;;;;;;;;;4;;;;;;;;;;GESTION ROSARIO;;;;;1;
00015 RRHH;1000082542;20;ZPAN;MERCH SITYO - ANNIKA;;0;;;;NMONTENEGRO;1047555;Termo OMBU 1000 ml Waterdog Negro;10;Materiales genericos;CUMPLIDO;MR01;1;6/2/2026;28/2/2026;febrero;10142472;20;1;6/2/2026;11/2/2026;C17;4500119945;20;2001;1;GJULIANI;11/2/2026;11/2/2026;27/2/2026;27/2/2026;C17;HANNA SRL;10;0;0;10;5000163805;3/3/2026;2001;2;1;3/3/2026;LBARTON;;;0;0;;;;;;;;;0;;;;;;;;;;;;;;;;;;3;;3/3/2026;00015;SEDE;;;-4;0;0;;;;;;;;;4;;;;;;;;;;GESTION ROSARIO;;;;;1;
00015 RRHH;1000082759;10;ZPAN;MERCH SITYO - CASA E;;0;;;;NMONTENEGRO;1047555;MOCHILA ALFA;15;Materiales genericos;CUMPLIDO;MR01;1;10/2/2026;2/3/2026;marzo;10142701;10;1;10/2/2026;10/2/2026;C17;4500119888;10;2001;1;GJULIANI;11/2/2026;11/2/2026;27/2/2026;13/3/2026;C17;CASES SRL;15;0;0;15;5000165744;17/3/2026;2001;1;1;13/3/2026;ALANDAVIDEA;;;0;0;;;;;;;;;0;;;;;;;;;;;;;;;;;;11;;17/3/2026;00015;SEDE;;;-12;-12;4;;;;;;;;;12;;;;12;;;;;;GESTION ROSARIO;3;;;1;1;
00015 RRHH;1000082759;20;ZPAN;MERCH SITYO - CASA E;;0;;;;NMONTENEGRO;1047555;ETERMO PEABODY;15;Materiales genericos;CUMPLIDO;MR01;1;10/2/2026;2/3/2026;marzo;10142701;20;1;10/2/2026;10/2/2026;C17;4500119888;20;2001;1;GJULIANI;11/2/2026;11/2/2026;27/2/2026;13/3/2026;C17;CASES SRL;15;0;0;15;5000165744;17/3/2026;2001;2;1;13/3/2026;ALANDAVIDEA;;;0;0;;;;;;;;;0;;;;;;;;;;;;;;;;;;11;;17/3/2026;00015;SEDE;;;-12;-12;4;;;;;;;;;12;;;;12;;;;;;GESTION ROSARIO;3;;;1;1;
00015 RRHH;1000082759;30;ZPAN;MERCH SITYO - CASA E;;0;;;;NMONTENEGRO;1047555;CONTIGO VASO TÉRMICO BYRON 2.0 591 ML;30;Materiales genericos;CUMPLIDO;MR01;1;10/2/2026;2/3/2026;marzo;10142701;30;1;10/2/2026;10/2/2026;C17;4500119888;30;2001;1;GJULIANI;11/2/2026;11/2/2026;27/2/2026;13/3/2026;C17;CASES SRL;30;0;0;30;5000165744;17/3/2026;2001;3;1;13/3/2026;ALANDAVIDEA;;;0;0;;;;;;;;;0;;;;;;;;;;;;;;;;;;11;;17/3/2026;00015;SEDE;;;-12;-12;4;;;;;;;;;12;;;;12;;;;;;GESTION ROSARIO;3;;;1;1;
00015 RRHH;1000085107;10;ZPAN;FICHADORES;;0;;;;JMARCHINI;1011766;LLAVE PIN XUN;100;Materiales usuales;CUMPLIDO;MR01;1;18/3/2026;24/3/2026;marzo;10145767;10;1;18/3/2026;19/3/2026;C05;4500123596;10;2001;1;RMIR;27/3/2026;27/3/2026;24/3/2026;30/3/2026;C05;EXE ROSARIO SRL;100;0;0;100;5000167218;30/3/2026;2001;1;1;30/3/2026;LNASUTI;;;0;0;;;;;;;;;0;;;;;;;;;;;;;;;;;;6;;30/3/2026;00015;OTRO;;;-7;-7;0;;;;;;;;;;;;;;;;;;;GESTION ROSARIO;;;;;;
00016 SEGURIDAD E HIGIENE;1000081705;80;ZPAN;INSUMOS ENFERMERÍA;;0;;;;VHEREÑU;1010935;LUZ DE EMERGENCIA 60LED;1;Materiales usuales;CUMPLIDO;MR01;1;26/1/2026;20/2/2026;febrero;10141342;80;1;26/1/2026;13/2/2026;C11;4500120129;10;2001;1;PRODRIGUEZ;13/2/2026;13/2/2026;18/2/2026;18/2/2026;C11;CICCIOELEC SA;1;0;0;1;5000162915;24/2/2026;2001;1;1;24/2/2026;JDICEVICUIS;;;0;0;;;;;;;;;0;;;;;;;;;;;;;;;;;;4;;24/2/2026;00016;SEDE;;;-5;1;0;;;;;;;;;5;;;;;;;;;;GESTION ROSARIO;;;;;1;
00016 CALIDAD;1000082540;10;ZPAN;CAJON PLOMADO DENSÍM;;0;;;;JGONZALEZ;1050013;CAJON ACERO Y PLOMO P/DENSIMETRO;1;Materiales usuales;CUMPLIDO;MR01;1;6/2/2026;26/2/2026;febrero;10142466;10;1;6/2/2026;12/2/2026;C20;4500120503;10;2001;1;JPUPULIN;20/2/2026;20/2/2026;26/2/2026;3/3/2026;C20;D'AGOSTINO LUCIANO MATIAS;1;0;0;1;5000164620;9/3/2026;2001;1;1;9/3/2026;LNASUTI;;;0;0;;;;;;;;;0;;;;;;;;;;;;;;;;;;11;;9/3/2026;00016;SEDE;;;-12;-6;0;;;;;;;;;12;;;;6;;;;;;GESTION ROSARIO;;;;;1;
00016 SEGURIDAD E HIGIENE;1000082838;10;ZPAN;Vacunacion Antigripa;;0;;;;VHEREÑU;1011773;VACUNAS ANTIGRIPALES;100;Materiales usuales;CUMPLIDO;MR01;1;11/2/2026;3/3/2026;marzo;10142792;10;1;11/2/2026;13/2/2026;C28;4500120423;10;2001;1;GJULIANI;20/2/2026;24/2/2026;10/4/2026;10/4/2026;C28;INMUNITAS SRL;100;0;0;100;5000169641;17/4/2026;2001;1;1;17/4/2026;VHEREÑU;;;0;0;;;;;;;;;0;;;;;;;;;;;;;;;;;;45;;17/4/2026;00016;SEDE;;;-46;-39;0;;;;;;;;;46;;;;39;;;;;;GESTION ROSARIO;;;;;1;
00016 SEGURIDAD E HIGIENE;1000082957;10;ZPAN;CALIBRACIÓN EQUIPOS;;0;;;;VHEREÑU;1012594;CALIBRACION BALANZA;1;Materiales genericos;CUMPLIDO;MR01;1;13/2/2026;5/3/2026;marzo;10142964;10;1;13/2/2026;13/2/2026;C23;4500121036;10;2001;1;JESPARZA;26/2/2026;26/2/2026;4/3/2026;4/3/2026;C23;HIJOS DE FRANCISCO DINO S R L;1;0;0;1;5000165297;13/3/2026;2001;1;1;13/3/2026;VHEREÑU;;;0;0;;;;;;;;;0;;;;;;;;;;;;;;;;;;8;;13/3/2026;00016;SEDE;;;-9;0;0;;;;;;;;;9;;;;;;;;;;GESTION ROSARIO;;;;;1;
00016 CALIDAD;1000084392;20;ZPAN;PEDIDO CALIDAD;;0;;;;JMORENO;1012829;VARILLA NORMALIZADA DIAM 16MM;3;Materiales genericos;CUMPLIDO;MR01;1;9/3/2026;16/3/2026;marzo;10144887;20;1;9/3/2026;9/3/2026;C20;4500123054;20;2001;1;VBARRA;20/3/2026;20/3/2026;16/3/2026;3/4/2026;C20;COSACOV S.A.C.I. Y F.;3;0;0;3;5000170835;28/4/2026;2200;1;1;9/4/2026;LBARTON;;;0;0;;;;;;;;;0;;;;;;;;;;;;;;;;;;24;;9/4/2026;00016;SEDE;;;-25;-19;19;;;;;;;;;25;;;;19;;;;;;GESTION ROSARIO;18;;;1;1;
00016 CALIDAD;1000084392;30;ZPAN;PEDIDO CALIDAD;;0;;;;JMORENO;1012829;VARILLA NORMAILIZADA DIAM 10MM;3;Materiales genericos;CUMPLIDO;MR01;1;9/3/2026;16/3/2026;marzo;10144887;30;1;9/3/2026;9/3/2026;C20;4500123054;30;2001;1;VBARRA;20/3/2026;20/3/2026;16/3/2026;3/4/2026;C20;COSACOV S.A.C.I. Y F.;3;0;0;3;5000170835;28/4/2026;2200;2;1;9/4/2026;LBARTON;;;0;0;;;;;;;;;0;;;;;;;;;;;;;;;;;;24;;9/4/2026;00016;SEDE;;;-25;-19;19;;;;;;;;;25;;;;19;;;;;;GESTION ROSARIO;18;;;1;1;
00016 CALIDAD;1000084392;40;ZPAN;PEDIDO CALIDAD;;0;;;;JMORENO;1012829;PISON PROCTOR STANDARD (ASTM D698) 2.5KG;3;Materiales genericos;CUMPLIDO;MR01;1;9/3/2026;16/3/2026;marzo;10144887;40;1;9/3/2026;9/3/2026;C20;4500123054;40;2001;1;VBARRA;20/3/2026;20/3/2026;24/3/2026;3/4/2026;C20;COSACOV S.A.C.I. Y F.;3;0;0;3;5000168674;11/4/2026;2200;1;1;9/4/2026;LBARTON;;;0;0;;;;;;;;;0;;;;;;;;;;;;;;;;;;24;;9/4/2026;00016;SEDE;;;-25;-19;2;;;;;;;;;25;;;;19;;;;;;GESTION ROSARIO;1;;;1;1;
00016 CALIDAD;1000084392;50;ZPAN;PEDIDO CALIDAD;;0;;;;JMORENO;1012829;PISON PROCTOR MODIFI (ASTM D1557) 4.54KG;3;Materiales genericos;CUMPLIDO;MR01;1;9/3/2026;16/3/2026;marzo;10144887;50;1;9/3/2026;9/3/2026;C20;4500123054;50;2001;1;VBARRA;20/3/2026;20/3/2026;24/3/2026;3/4/2026;C20;COSACOV S.A.C.I. Y F.;3;0;0;3;5000168674;11/4/2026;2200;2;1;9/4/2026;LBARTON;;;0;0;;;;;;;;;0;;;;;;;;;;;;;;;;;;24;;9/4/2026;00016;SEDE;;;-25;-19;2;;;;;;;;;25;;;;19;;;;;;GESTION ROSARIO;1;;;1;1;
00016 CALIDAD;1000084392;60;ZPAN;PEDIDO CALIDAD;;0;;;;JMORENO;1012829;TAMIZ #200;3;Materiales genericos;CUMPLIDO;MR01;1;9/3/2026;16/3/2026;marzo;10144887;60;1;9/3/2026;9/3/2026;C20;4500123054;60;2001;1;VBARRA;20/3/2026;20/3/2026;24/3/2026;3/4/2026;C20;COSACOV S.A.C.I. Y F.;3;0;0;3;5000168674;11/4/2026;2200;3;1;9/4/2026;LBARTON;;;0;0;;;;;;;;;0;;;;;;;;;;;;;;;;;;24;;9/4/2026;00016;SEDE;;;-25;-19;2;;;;;;;;;25;;;;19;;;;;;GESTION ROSARIO;1;;;1;1;
00016 CALIDAD;1000085562;10;ZPAN;TRIPODE FER OJEDA RU;;0;;;;JMORENO;1012829;TRIPODE DE MADERA KOLIDA;2;Materiales genericos;CUMPLIDO;MR01;1;27/3/2026;20/4/2026;abril;10146413;10;1;27/3/2026;27/3/2026;C20;4500123615;10;2001;1;VBARRA;27/3/2026;27/3/2026;20/4/2026;20/4/2026;C20;RUNCO S.A.;2;0;0;2;5000171327;30/4/2026;374;1;3;30/4/2026;CCONTHE;;;0;0;;;;;;;;;0;;;;;;;;;;;;;;;;;;10;;30/4/2026;00016;SEDE;;;-11;-1;0;;;;;;;;;11;;;;1;;;;;;GESTION ROSARIO;;;;;1;
00298 Añelo;1000079464;20;ZPAN;PM TALLER;;0;;;;LCARRIL;1012896;CERRADURA;2;Materiales genericos;CUMPLIDO;MR01;2;12/12/2025;5/1/2026;enero;10138132;20;1;12/12/2025;12/12/2025;C01;4500115315;10;298;1;LCARRIL;12/12/2025;12/12/2025;19/12/2025;19/12/2025;C01;FIVE SOLUTIONS S. A. S.;2;0;;2;5000157833;9/1/2026;298;1;1;6/1/2026;LGALASI;;8000083229;2;1;LGALASI;9/1/2026;9/1/2026;;;;;4900400749;2;LGALASI;9/1/2026;9/1/2026;;;;;;;;;;;;;;;4;;9/1/2026;00298;LOCAL;0;0;-3;15;3;0;;;3;;;;;;;;;;;;;;;GESTION ROSARIO;2;;;1;;
00298 Añelo;1000079464;30;ZPAN;PM TALLER;;0;;;;LCARRIL;1012896;MANIJA PICAPORTE DOBLE;2;Materiales genericos;CUMPLIDO;MR01;2;12/12/2025;5/1/2026;enero;10138132;30;1;12/12/2025;12/12/2025;C01;4500115315;20;298;1;LCARRIL;12/12/2025;12/12/2025;19/2/2025;19/2/2025;C01;FIVE SOLUTIONS S. A. S.;2;0;;2;5000157833;9/1/2026;298;2;1;6/1/2026;LGALASI;;8000083229;2;1;LGALASI;9/1/2026;9/1/2026;;;;;4900400749;2;LGALASI;9/1/2026;9/1/2026;;;;;;;;;;;;;;;4;;9/1/2026;00298;LOCAL;0;0;-3;318;3;0;;;3;;;;;;;;;;;;;;;GESTION ROSARIO;2;;;1;;
00298 Añelo;1000082814;10;ZPAN;ALIMENTO PARA GATO;;0;;;;LCARRIL;1012860;ALIMENTO P/GATOS BOLSA 7,5Kg;4;Materiales genericos;CUMPLIDO;MR01;2;11/2/2026;25/2/2026;febrero;10142745;10;1;11/2/2026;13/2/2026;C22;4500120194;10;298;1;GJULIANI;18/2/2026;18/2/2026;27/2/2026;27/2/2026;C22;GIORLANDO AGROPECUARIA SRL;4;0;;4;5000163498;27/2/2026;298;1;1;27/2/2026;LGALASI;;8000086119;4;1;LGALASI;27/2/2026;27/2/2026;;;;;4900417312;4;LGALASI;27/2/2026;27/2/2026;;;;;;;;;;;;;;;2;;27/2/2026;00298;SEDE;0;0;-4;-4;0;0;;;;;;;;4;;;;4;;;;;;GESTION ROSARIO;;;;;1;
00298 Añelo;1000085116;10;ZPAN;MALLA ELECTROSOLDADA;;0;;;;LCARRIL;1009702;MALLA Q335 DIAM 8MM;22;Materiales usuales;CUMPLIDO;MR01;2;19/3/2026;2/4/2026;abril;10145777;10;1;19/3/2026;20/3/2026;C08;4500125285;10;298;2;AGONZALEZ;16/4/2026;17/4/2026;2/4/2026;2/4/2026;C08;TERAR S.A.;22;0;;22;5000170417;24/4/2026;298;1;1;25/4/2026;LCARRIL;;;22;1;LCARRIL;24/4/2026;;;;;;;0;;;;;;;;;;;;;;;;;;23;;25/4/2026;00298;SEDE;0;0;-25;-2;-1;0;;;;;;;;25;;;;2;;;;;;GESTION ROSARIO;;;;;1;
00298 Añelo;1000086319;10;ZPAN;PM SISTEMA RIEGO ARB;;0;;;;LCARRIL;1020033;"CAÑO POLIETILENO PARA AGUA 3/4"" X MT";230;Materiales usuales;CUMPLIDO;MR01;2;9/4/2026;21/4/2026;abril;10147309;10;1;9/4/2026;10/4/2026;C27;4500125103;10;298;1;PRODRIGUEZ;15/4/2026;15/4/2026;20/4/2026;20/4/2026;C27;BULONERA RUBINO SRL;230;0;;230;5000170557;24/4/2026;298;1;1;24/4/2026;LCARRIL;;;230;1;LCARRIL;24/4/2026;;;;;;;0;;;;;;;;;;;;;;;;;;3;;24/4/2026;00298;SEDE;0;0;-5;-1;0;0;;;;;;;;5;;;;1;;;;;;GESTION ROSARIO;;;;;1;
00298 Añelo;1000086319;20;ZPAN;PM SISTEMA RIEGO ARB;;0;;;;LCARRIL;1012779;"CAÑO POLITILENO 1"" PARA AGUA";150;Materiales genericos;CUMPLIDO;MR01;2;9/4/2026;21/4/2026;abril;10147309;20;1;9/4/2026;10/4/2026;C27;4500125103;20;298;1;PRODRIGUEZ;15/4/2026;15/4/2026;20/4/2026;20/4/2026;C27;BULONERA RUBINO SRL;150;0;;150;5000170557;24/4/2026;298;2;1;24/4/2026;LCARRIL;;;150;1;LCARRIL;24/4/2026;;;;;;;0;;;;;;;;;;;;;;;;;;3;;24/4/2026;00298;SEDE;0;0;-5;-1;0;0;;;;;;;;5;;;;1;;;;;;GESTION ROSARIO;;;;;1;
