CLIENTE;NRO. VA21;POS. VA21;CLASE DE DOC;REF.CLIENTE;DOC. REF;PRIORIDAD;MOT. RECHAZO;INDICADOR DE BLOQUEO;FECHA DE BLOQUEO;OPERADOR DE VA;CODIGO ITEM;DESCRIPCION ITEM;CANTIDAD SOLICITADA;TIPO DE ITEM;ESTADO ITEM;CENTRO;PLAZO LOGISTICO;FECHA DE EMISION NECESIDAD;FECHA ENTREGA ESPERADA;MES ENTREGA;NRO. SOLPED;POS. SOLPED;REPARTOS;FECHA EMISION SOLPED;FECHA APROBACION SOLPED;GRUPO DE COMPRA;NRO. OC;POS. OC;ALMACEN OC;Q CANT. OC;OPERADOR OC;FECHA EMISION OC;FECHA APROBACION FINAL OC;PRIMERA FECHA ENTREGA OC;FECHA ENTREGA OC;GRUPO DE COMPRA OC;PROVEEDOR;ADJUDICADO EN OC;CANTIDAD PENDIENTE DE ADJUDICAR;CANTITAD TOTAL PENDIENTE RECEP.;CANTIDAD TOTAL RECEPCIONADA;NRO. RECEPCION;FECHA RECEPCION;ALMACEN RECEPCION 1;NRO POSICION RECEPCION 1;Q RECEP. DE OC;FECHA SELLO;OPERADOR RECEPCION;TEXTO COMENTARIO;NRO. VL;CANTIDAD PICKING;Q VL;OPERADOR PICKING;FECHA PICKING;FECHA CONTABILIZACION VL;NRO DE CARGA;TXT CARGA;RESPONSABLE DE CARGA;FECHA DE CARGA;NRO. ALMACENAMIENTO;CANTIDAD ALMACENADA;OPERADOR ALMACENAMIENTO;FECHA ALMACENAMIENTO (LOGIN);FECHA DE ALMACENAMIENTO SELLO;FECHA CUMPLIMIENTO FINAL UNIFICADA;NRO. CONSUMO;CANT. CONSUMO;FECHA CONSUMO;TIEMPO DE APROBACION SOLPED;COLOCACION OC;TIEMPOS DE APROBACION OC;ENTREGA VA01/OC;PRIMERA RECEPCIÓN - ENTREGA;PRIMERA RECEPCIÓN - TIEMPOS RECEPCIÓN;TIEMPO PICKING;EMBALAJE;CAMION;TIEMPOS RECEPCION CLIENTE;ENTREGA AL CLIENTE;DIAS DE DEMORA;TIEMPO EMISION / ENTREGA;NRO. VA01;POS. VA01;FECHA EMISION VA01;RESPONDIDO;NO RESPONDIDO;RESPONDIDO AT;RESPONDIDO FT;dDIAS DEMORA;dDIAS LIBERACION SOLPED;dDIAS RESPUESTA;dDIAS PROCESAMIENTO ;iLIBERACION SOLPED;iRESPUESTA;iPROCESAMIENTO;CLASIFICACION
00298 Añelo;4000005802;10;ZPIN;ANALISIS FISICOQUIMI;;0;10;1;6/1/2026;LCARRIL;1022295;ANALISIS FISICOQUIMICO DE AGUA;1;Servicios;CUMPLIDO;MR01;2;22/7/2025;12/8/2025;agosto;10126660;10;1;22/7/2025;22/7/2025;C25;;0;;0;;;;;;;;0;1;0;0;;;;0;0;;;;;0;0;;;;;;;;;0;;;;;;0;;0;0;0;0;0;0;0;0;0;0;0;0;0;;;;1;;;1;147;0;168;;;168;;COMPRAS ABASTECIMIENTO
00007 COMERCIAL OF LICITACION;4000005818;10;ZPIN;38/25 -YPF Vinculaci;;0;10;4;8/8/2025;EPAONE;1022295;ESTUDIO DE SUELO;1;Servicios;CUMPLIDO;MR01;1;28/7/2025;4/8/2025;agosto;10127086;10;1;28/7/2025;28/7/2025;PCO;;0;;0;;;;;;;;0;1;0;0;;;;0;0;;;;;0;0;;;;;;;;;0;;;;;;0;;0;0;0;0;0;0;0;0;0;0;0;0;0;;;;1;;;1;4;0;11;;;11;;SIN GC
00007 COMERCIAL OF LICITACION;4000005819;10;ZPIN;38/25 -YPF Vinculaci;;0;10;4;6/8/2025;EPAONE;1022295;AGUA PARA PRUEBA HIDRAULICA;1;Servicios;CUMPLIDO;MR01;1;28/7/2025;4/8/2025;agosto;10127091;10;1;28/7/2025;28/7/2025;PCO;;0;;0;;;;;;;;0;1;0;0;;;;0;0;;;;;0;0;;;;;;;;;0;;;;;;0;;0;0;0;0;0;0;0;0;0;0;0;0;0;;;;1;;;1;2;0;9;;;9;;SIN GC
00007 COMERCIAL OF LICITACION;4000005820;10;ZPIN;38/25 -YPF Vinculaci;;0;10;4;4/8/2025;EPAONE;1022295;SERVICIO CAMION CISTERNA 30 M3;102;Servicios;CUMPLIDO;MR01;1;28/7/2025;4/8/2025;agosto;10127092;10;1;28/7/2025;28/7/2025;PCO;;0;;0;;;;;;;;0;102;0;0;;;;0;0;;;;;0;0;;;;;;;;;0;;;;;;0;;0;0;0;0;0;0;0;0;0;0;0;0;0;;;;1;;1;;;0;7;;;7;;SIN GC
00007 COMERCIAL OF LICITACION;4000005825;10;ZPIN;25.37 - TR - OC Pta;;0;10;4;6/8/2025;NCARUSO;1001782;GASOIL en Lts x mes en Punta Colorada;150000;Materiales Stock;CUMPLIDO;MR01;1;29/7/2025;5/8/2025;agosto;10127143;10;1;29/7/2025;29/7/2025;PCO;;0;;0;;;;;;;;0;150000;0;0;;;;0;0;;;;;0;0;;;;;;;;;0;;;;;;0;;0;0;0;0;0;0;0;0;0;0;0;0;0;;;;1;;;1;1;0;8;;;8;;SIN GC
00007 COMERCIAL OF LICITACION;4000005829;10;ZPIN;42.25 Essential;;0;10;4;7/8/2025;JBAUTISTA;1011247;HORMIGON ELABORADO H25;1;Materiales usuales;CUMPLIDO;MR01;1;29/7/2025;15/8/2025;agosto;10127164;10;1;29/7/2025;29/7/2025;PCO;;0;;0;;;;;;;;0;1;0;0;;;;0;0;;;;;0;0;;;;;;;;;0;;;;;;0;;0;0;0;0;0;0;0;0;0;0;0;0;0;;;;1;;1;;;0;9;;;9;;SIN GC
00007 COMERCIAL OF LICITACION;4000005831;10;ZPIN;24.61 - PE HUCALITO;;25;10;4;4/8/2025;MBALAUZ;1012830;CEMENTO CPC40;1;Materiales genericos;CUMPLIDO;MR01;1;29/7/2025;1/8/2025;agosto;10127173;10;1;29/7/2025;29/7/2025;PCO;;0;;0;;;;;;;;0;1;0;0;;;;0;0;;;;;0;0;;;;;;;;;0;;;;;;0;;0;0;0;0;0;0;0;0;0;0;0;0;0;;;;1;;;1;3;0;6;;;6;;SIN GC
00007 COMERCIAL OF LICITACION;4000005833;10;ZPIN;42.25 Essential;;0;10;4;8/8/2025;JBAUTISTA;1026044;SERVICIO DE VIANDA;1;Servicios;CUMPLIDO;MR01;1;30/7/2025;15/8/2025;agosto;10127212;10;1;30/7/2025;30/7/2025;PCO;;0;;0;;;;;;;;0;1;0;0;;;;0;0;;;;;0;0;;;;;;;;;0;;;;;;0;;0;0;0;0;0;0;0;0;0;0;0;0;0;;;;1;;1;;;0;9;;;9;;SIN GC
00007 COMERCIAL OF LICITACION;4000005843;10;ZPIN;38/25 -YPF Vinculaci;;0;10;4;4/8/2025;EPAONE;1012896;ELECTRODO  E-8010 Ø4mm x kg;2190;Materiales genericos;CUMPLIDO;MR01;1;31/7/2025;4/8/2025;agosto;10127334;10;1;31/7/2025;31/7/2025;PCO;;0;;0;;;;;;;;0;2190;0;0;;;;0;0;;;;;0;0;;;;;;;;;0;;;;;;0;;0;0;0;0;0;0;0;0;0;0;0;0;0;;;;1;;1;;;0;4;;;4;;SIN GC
00007 COMERCIAL OF LICITACION;4000005849;10;ZPIN;NEWMONT-Adicionales;;0;10;4;13/8/2025;LAFFATATO;1011264;Geotextil no tejido de 300 Gr/m2;1;Materiales usuales;CUMPLIDO;MR01;1;4/8/2025;7/8/2025;agosto;10127642;10;1;4/8/2025;4/8/2025;PCO;;0;;0;;;;;;;;0;1;0;0;;;;0;0;;;;;0;0;;;;;;;;;0;;;;;;0;;0;0;0;0;0;0;0;0;0;0;0;0;0;;;;1;;;1;6;0;9;;;9;;SIN GC
00007 COMERCIAL OF LICITACION;4000005854;10;ZPIN;38/25 -YPF Vinculaci;;0;10;4;14/8/2025;EBENSI;1022295;"PERFORACIÓN P/CRUCE RUTA P/CAÑERÍA 24""";1;Servicios;CUMPLIDO;MR01;1;7/8/2025;14/8/2025;agosto;10127929;10;1;7/8/2025;7/8/2025;PCO;;0;;0;;;;;;;;0;1;0;0;;;;0;0;;;;;0;0;;;;;;;;;0;;;;;;0;;0;0;0;0;0;0;0;0;0;0;0;0;0;;;;1;;1;;;0;7;;;7;;SIN GC
"00001 GENERAL SEDE&#160;";4000005858;10;ZPIN;PI 101 651 BAJA SERV;;0;10;4;8/8/2025;DYANEZ;1029185;BAJA OC4500095830 POS.20 RECINDIR SERV.;1;Material No Valorado;CUMPLIDO;MM01;1;7/8/2025;7/8/2025;agosto;10128038;10;1;7/8/2025;7/8/2025;C25;;0;;0;;;;;;;;0;1;0;0;;;;0;0;;;;;0;0;;;;;;;;;0;;;;;;0;;0;0;0;0;0;0;0;0;0;0;0;0;0;;;;1;;;1;1;0;1;;;1;;COMPRAS ABASTECIMIENTO
00014 SISTEMAS;4000005864;10;ZPIN;Serv Tec 8950 pañol;;0;10;4;27/8/2025;EVILLEGAS;1013031;Serv Tec 8950 Pañol;1;Servicios;CUMPLIDO;MR01;1;11/8/2025;11/8/2025;agosto;10128239;10;1;11/8/2025;11/8/2025;C23;;0;;0;;;;;;;;0;1;0;0;;;;0;0;;;;;0;0;;;;;;;;;0;;;;;;0;;0;0;0;0;0;0;0;0;0;0;0;0;0;;;;1;;;1;16;0;16;;;16;;COMPRAS ABASTECIMIENTO
00007 COMERCIAL OF LICITACION;4000005865;10;ZPIN;Hucalito BOP Eléctri;;0;10;4;18/8/2025;GBACCELLI;1012806;Cañería tritubo PEAD 3x40;65000;Materiales genericos;CUMPLIDO;MR01;1;11/8/2025;18/8/2025;agosto;10128252;10;1;11/8/2025;11/8/2025;PCO;;0;;0;;;;;;;;0;65000;0;0;;;;0;0;;;;;0;0;;;;;;;;;0;;;;;;0;;0;0;0;0;0;0;0;0;0;0;0;0;0;;;;1;;1;;;0;7;;;7;;SIN GC
00007 COMERCIAL OF LICITACION;4000005866;10;ZPIN;Hucalito BOP Eléctri;;0;10;4;18/8/2025;GBACCELLI;1012804;Cable óptico monomodo 8 FO;66000;Materiales genericos;CUMPLIDO;MR01;1;11/8/2025;18/8/2025;agosto;10128263;10;1;11/8/2025;11/8/2025;PCO;;0;;0;;;;;;;;0;66000;0;0;;;;0;0;;;;;0;0;;;;;;;;;0;;;;;;0;;0;0;0;0;0;0;0;0;0;0;0;0;0;;;;1;;1;;;0;7;;;7;;SIN GC
00007 COMERCIAL OF LICITACION;4000005867;10;ZPIN;Hucalito BOP Eléctri;;0;10;4;18/8/2025;GBACCELLI;1012804;Placas de protección plásticas PP;63000;Materiales genericos;CUMPLIDO;MR01;1;11/8/2025;18/8/2025;agosto;10128264;10;1;11/8/2025;11/8/2025;PCO;;0;;0;;;;;;;;0;63000;0;0;;;;0;0;;;;;0;0;;;;;;;;;0;;;;;;0;;0;0;0;0;0;0;0;0;0;0;0;0;0;;;;1;;1;;;0;7;;;7;;SIN GC
00007 COMERCIAL OF LICITACION;4000005868;10;ZPIN;Hucalito BOP Eléctri;;0;10;4;18/8/2025;GBACCELLI;1012801;Conjunto terminal cable MT 120mm2;20;Materiales genericos;CUMPLIDO;MR01;1;11/8/2025;18/8/2025;agosto;10128265;10;1;11/8/2025;11/8/2025;PCO;;0;;0;;;;;;;;0;20;0;0;;;;0;0;;;;;0;0;;;;;;;;;0;;;;;;0;;0;0;0;0;0;0;0;0;0;0;0;0;0;;;;1;;1;;;0;7;;;7;;SIN GC
00007 COMERCIAL OF LICITACION;4000005874;10;ZPIN;EIC CGA Jujuy;;0;10;4;25/8/2025;GBACCELLI;1012806;Cable subterráneo IRAM 2178-1 4x50mm2;300;Materiales genericos;CUMPLIDO;MR01;1;13/8/2025;20/8/2025;agosto;10128433;10;1;13/8/2025;13/8/2025;PCO;;0;;0;;;;;;;;0;300;0;0;;;;0;0;;;;;0;0;;;;;;;;;0;;;;;;0;;0;0;0;0;0;0;0;0;0;0;0;0;0;;;;1;;;1;5;0;12;;;12;;SIN GC
00007 COMERCIAL OF LICITACION;4000005875;10;ZPIN;EIC CGA Jujuy;;0;10;4;20/8/2025;GBACCELLI;1012799;Columna iluminación 12 metros;78;Materiales genericos;CUMPLIDO;MR01;1;13/8/2025;20/8/2025;agosto;10128434;10;1;13/8/2025;13/8/2025;PCO;;0;;0;;;;;;;;0;78;0;0;;;;0;0;;;;;0;0;;;;;;;;;0;;;;;;0;;0;0;0;0;0;0;0;0;0;0;0;0;0;;;;1;;1;;;0;7;;;7;;SIN GC
00007 COMERCIAL OF LICITACION;4000005876;10;ZPIN;EIC CGA Jujuy;;0;10;4;26/8/2025;GBACCELLI;1012799;Luminaria vial 110W;78;Materiales genericos;CUMPLIDO;MR01;1;13/8/2025;20/8/2025;agosto;10128436;10;1;13/8/2025;13/8/2025;PCO;;0;;0;;;;;;;;0;78;0;0;;;;0;0;;;;;0;0;;;;;;;;;0;;;;;;0;;0;0;0;0;0;0;0;0;0;0;0;0;0;;;;1;;;1;6;0;13;;;13;;SIN GC
"00001 GENERAL SEDE&#160;";4000005880;10;ZPIN;PI 101 652  SERV. CO;;0;10;4;22/8/2025;DYANEZ;1013139;SS CONTROL DE PLAGAS XUN;6;Servicios;CUMPLIDO;MM01;1;15/8/2025;29/8/2025;agosto;10128595;10;1;15/8/2025;15/8/2025;C25;;0;;0;;;;;;;;0;6;0;0;;;;0;0;;;;;0;0;;;;;;;;;0;;;;;;0;;0;0;0;0;0;0;0;0;0;0;0;0;0;;;;1;;1;;;0;7;;;7;;COMPRAS ABASTECIMIENTO
00005 TALLER;4000005881;10;ZPIN;BANCO DE PRUEBA RESI;;0;10;4;28/8/2025;LNUNEZ;1015947;BANCO DE CARGA RESISTIVO BC400-400 H/M;1;Materiales genericos;CUMPLIDO;MR01;1;15/8/2025;15/8/2025;agosto;10128623;10;1;15/8/2025;15/8/2025;C03;;0;;0;;;;;;;;0;1;0;0;;;;0;0;;;;;0;0;;;;;;;;;0;;;;;;0;;0;0;0;0;0;0;0;0;0;0;0;0;0;;;;1;;;1;13;0;13;;;13;;COMPRAS EQUIPOS
00005 TALLER;4000005882;10;ZPIN;53815 - BOMBA DE TRE;;0;10;4;20/8/2025;LNUNEZ;1015947;12460140 BOMBA DE TRES CUERPOS (POWERSCR;1;Materiales genericos;CUMPLIDO;MR01;1;15/8/2025;15/8/2025;agosto;10128646;10;1;15/8/2025;15/8/2025;C03;;0;;0;;;;;;;;0;1;0;0;;;;0;0;;;;;0;0;;;;;;;;;0;;;;;;0;;0;0;0;0;0;0;0;0;0;0;0;0;0;;;;1;;;1;5;0;5;;;5;;COMPRAS EQUIPOS
00005 TALLER;4000005883;10;ZPIN;PEDIDO DE PRUEBA;;0;10;4;18/8/2025;LNUNEZ;1015947;LAPIZ PARA ESCRIBIR;1;Materiales genericos;CUMPLIDO;MR01;1;15/8/2025;15/8/2025;agosto;10128650;10;1;15/8/2025;15/8/2025;C03;;0;;0;;;;;;;;0;1;0;0;;;;0;0;;;;;0;0;;;;;;;;;0;;;;;;0;;0;0;0;0;0;0;0;0;0;0;0;0;0;;;;1;;;1;3;0;3;;;3;;COMPRAS EQUIPOS
00004 LEGALES ROSARIO;4000005895;10;ZPIN;LICITACIÓN POLIZAS D;;0;10;4;18/9/2025;NLAFORNARO;1012965;POLIZA AUTOMOTOR DEVOL;1;Servicios;CUMPLIDO;MR01;1;21/8/2025;23/9/2025;septiembre;10129038;10;1;21/8/2025;21/8/2025;C16;;0;;0;;;;;;;;0;1;0;0;;;;0;0;;;;;0;0;;;;;;;;;0;;;;;;0;;0;0;0;0;0;0;0;0;0;0;0;0;0;;;;1;;1;;;0;28;;;28;;COMPRAS ABASTECIMIENTO
00005 TALLER;4000005897;10;ZPIN;COTIZACION INFORME V;;0;10;4;26/8/2025;SFLORES;1015947;COMPRA Y CAMBIO DE CABLE PUENTE GRUA 7Tn;1;Materiales genericos;CUMPLIDO;MR01;1;21/8/2025;21/8/2025;agosto;10129085;10;1;21/8/2025;21/8/2025;C38;;0;;0;;;;;;;;0;1;0;0;;;;0;0;;;;;0;0;;;;;;;;;0;;;;;;0;;0;0;0;0;0;0;0;0;0;0;0;0;0;;;;1;;;1;5;0;5;;;5;;COMPRAS EQUIPOS
00005 TALLER;4000005899;10;ZPIN;HERRAMIENTA CAT -SF;;0;10;4;28/8/2025;SFLORES;1015947;350-7549 - HERRAMIENTA P/ GIRAR CIGUEÑAL;1;Materiales genericos;CUMPLIDO;MR01;1;22/8/2025;22/8/2025;agosto;10129190;10;1;22/8/2025;22/8/2025;C03;;0;;0;;;;;;;;0;1;0;0;;;;0;0;;;;;0;0;;;;;;;;;0;;;;;;0;;0;0;0;0;0;0;0;0;0;0;0;0;0;;;;1;;;1;6;0;6;;;6;;COMPRAS EQUIPOS
00005 TALLER;4000005903;10;ZPIN;INSUMO HERRERIA- SF-;;0;10;4;29/8/2025;SFLORES;1033453;PERNO PROTECTOR;4;Materiales Stock;CUMPLIDO;MR01;1;25/8/2025;25/8/2025;agosto;10129328;10;1;25/8/2025;25/8/2025;C03;;0;;0;;;;;;;;0;4;0;0;;;;0;0;;;;;0;0;;;;;;;;;0;;;;;;0;;0;0;0;0;0;0;0;0;0;0;0;0;0;;;;1;;;1;4;0;4;;;4;;COMPRAS EQUIPOS
00007 COMERCIAL OF LICITACION;4000005904;10;ZPIN;45/25 -YPF GTO PLOPE;;0;10;4;10/9/2025;EPAONE;1022295;SERVICIO DE INGENIERIA;1;Servicios;CUMPLIDO;MR01;1;25/8/2025;8/9/2025;septiembre;10129358;10;1;25/8/2025;25/8/2025;PCO;;0;;0;;;;;;;;0;1;0;0;;;;0;0;;;;;0;0;;;;;;;;;0;;;;;;0;;0;0;0;0;0;0;0;0;0;0;0;0;0;;;;1;;;1;2;0;16;;;16;;SIN GC
00007 COMERCIAL OF LICITACION;4000005905;10;ZPIN;47/25 - CPSA PE;;25;10;4;10/9/2025;LCANNELLI;1011123;CEMENTO CPN40 ARS;1;Materiales usuales;CUMPLIDO;MR01;1;25/8/2025;10/9/2025;septiembre;10129366;10;1;25/8/2025;25/8/2025;PCO;;0;;0;;;;;;;;0;1;0;0;;;;0;0;;;;;0;0;;;;;;;;;0;;;;;;0;;0;0;0;0;0;0;0;0;0;0;0;0;0;;;;1;;1;;;0;16;;;16;;SIN GC
00007 COMERCIAL OF LICITACION;4000005909;10;ZPIN;EIC CGA Jujuy;;0;10;4;3/9/2025;GBACCELLI;1012798;Cable subterráneo IRAM 2178-1 1x120mm2;900;Materiales genericos;CUMPLIDO;MR01;1;27/8/2025;3/9/2025;septiembre;10129588;10;1;27/8/2025;27/8/2025;PCO;;0;;0;;;;;;;;0;900;0;0;;;;0;0;;;;;0;0;;;;;;;;;0;;;;;;0;;0;0;0;0;0;0;0;0;0;0;0;0;0;;;;1;;1;;;0;7;;;7;;SIN GC
00007 COMERCIAL OF LICITACION;4000005910;10;ZPIN;45/25 -YPF GTO PLOPE;;0;10;4;17/9/2025;EPAONE;1042079;SERVICIO ENSAYOS NO DESTRUCTIVOS;1;Servicios;CUMPLIDO;MR01;1;28/8/2025;10/9/2025;septiembre;10129629;10;1;28/8/2025;28/8/2025;PCO;;0;;0;;;;;;;;0;1;0;0;;;;0;0;;;;;0;0;;;;;;;;;0;;;;;;0;;0;0;0;0;0;0;0;0;0;0;0;0;0;;;;1;;;1;7;0;20;;;20;;SIN GC
00007 COMERCIAL OF LICITACION;4000005912;10;ZPIN;45/25 -YPF GTO PLOPE;;0;10;4;10/9/2025;EPAONE;1012896;"MANTAS TERMOCONTRAIBLES Ø8""";1529;Materiales genericos;CUMPLIDO;MR01;1;28/8/2025;10/9/2025;septiembre;10129659;10;1;28/8/2025;28/8/2025;PCO;;0;;0;;;;;;;;0;1529;0;0;;;;0;0;;;;;0;0;;;;;;;;;0;;;;;;0;;0;0;0;0;0;0;0;0;0;0;0;0;0;;;;1;;1;;;0;13;;;13;;SIN GC
00007 COMERCIAL OF LICITACION;4000005914;10;ZPIN;45/25 -YPF GTO PLOPE;;0;10;4;17/9/2025;EPAONE;1022295;SERVICIO DE TOPOGRAFIA;1;Servicios;CUMPLIDO;MR01;1;28/8/2025;10/9/2025;septiembre;10129662;10;1;28/8/2025;28/8/2025;PCO;;0;;0;;;;;;;;0;1;0;0;;;;0;0;;;;;0;0;;;;;;;;;0;;;;;;0;;0;0;0;0;0;0;0;0;0;0;0;0;0;;;;1;;;1;7;0;20;;;20;;SIN GC
00007 COMERCIAL OF LICITACION;4000005917;10;ZPIN;45/25 -YPF GTO PLOPE;;0;10;4;17/9/2025;EPAONE;1022295;SOLDADURA LINEA REGULAR;1;Servicios;CUMPLIDO;MR01;1;28/8/2025;10/9/2025;septiembre;10129673;10;1;28/8/2025;28/8/2025;PCO;;0;;0;;;;;;;;0;1;0;0;;;;0;0;;;;;0;0;;;;;;;;;0;;;;;;0;;0;0;0;0;0;0;0;0;0;0;0;0;0;;;;1;;;1;7;0;20;;;20;;SIN GC
"00001 GENERAL SEDE&#160;";4000005928;10;ZPIN;PI 101 663  SERV. MA;;0;10;4;16/9/2025;DYANEZ;1013108;SERV. MANTENIMIENTO ELECT. Y AA SEDE SJ;6;Servicios;CUMPLIDO;MM01;1;1/9/2025;15/9/2025;septiembre;10129848;10;1;1/9/2025;1/9/2025;C24;;0;;0;;;;;;;;0;6;0;0;;;;0;0;;;;;0;0;;;;;;;;;0;;;;;;0;;0;0;0;0;0;0;0;0;0;0;0;0;0;;;;1;;;1;1;0;15;;;15;;COMPRAS ABASTECIMIENTO
00027 SEDE ACINDAR;4000005930;10;ZPIN;MONTAJE Y CONEXION T;;0;10;4;2/10/2025;ASIGNORELLI;1012993;MONTAJE Y CONEXION TABLEROS MEDIA TENSIO;1;Servicios;CUMPLIDO;MR01;1;1/9/2025;30/9/2025;septiembre;10129907;10;1;1/9/2025;1/9/2025;C26;;0;;0;;;;;;;;0;1;0;0;;;;0;0;;;;;0;0;;;;;;;;;0;;;;;;0;;0;0;0;0;0;0;0;0;0;0;0;0;0;;;;1;;;1;2;0;31;;;31;;COMPRAS ABASTECIMIENTO
00007 COMERCIAL OF LICITACION;4000005932;10;ZPIN;45/25 -YPF GTO PLOPE;;0;10;4;10/9/2025;EPAONE;1012782;MATERIALES PIPING S/ADJUNTO;1;Materiales genericos;CUMPLIDO;MR01;1;2/9/2025;10/9/2025;septiembre;10129988;10;1;2/9/2025;2/9/2025;PCO;;0;;0;;;;;;;;0;1;0;0;;;;0;0;;;;;0;0;;;;;;;;;0;;;;;;0;;0;0;0;0;0;0;0;0;0;0;0;0;0;;;;1;;1;;;0;8;;;8;;SIN GC
00004 LEGALES ROSARIO;4000005933;10;ZPIN;POLIZA TRC VELADERO;;0;10;4;16/9/2025;NLAFORNARO;1012960;POLIZA TRC Y RC VELADERO FASE 8B;1;Servicios;CUMPLIDO;MR01;1;2/9/2025;8/9/2025;septiembre;10130014;10;1;2/9/2025;2/9/2025;C16;;0;;0;;;;;;;;0;1;0;0;;;;0;0;;;;;0;0;;;;;;;;;0;;;;;;0;;0;0;0;0;0;0;0;0;0;0;0;0;0;;;;1;;;1;8;0;14;;;14;;COMPRAS ABASTECIMIENTO
00007 COMERCIAL OF LICITACION;4000005934;10;ZPIN;45/25 -YPF GTO PLOPE;;0;10;4;10/9/2025;EPAONE;1012782;MATERIALES SOPORTES S/ADJUNTO;1;Materiales genericos;CUMPLIDO;MR01;1;2/9/2025;10/9/2025;septiembre;10130017;10;1;2/9/2025;2/9/2025;PCO;;0;;0;;;;;;;;0;1;0;0;;;;0;0;;;;;0;0;;;;;;;;;0;;;;;;0;;0;0;0;0;0;0;0;0;0;0;0;0;0;;;;1;;1;;;0;8;;;8;;SIN GC
00007 COMERCIAL OF LICITACION;4000005935;10;ZPIN;45/25 -YPF GTO PLOPE;;0;10;4;17/9/2025;EPAONE;1022295;SOLDADURA PREFABRICADOS;1;Servicios;CUMPLIDO;MR01;1;2/9/2025;10/9/2025;septiembre;10130051;10;1;2/9/2025;2/9/2025;PCO;;0;;0;;;;;;;;0;1;0;0;;;;0;0;;;;;0;0;;;;;;;;;0;;;;;;0;;0;0;0;0;0;0;0;0;0;0;0;0;0;;;;1;;;1;7;0;15;;;15;;SIN GC
00007 COMERCIAL OF LICITACION;4000005936;10;ZPIN;48/25 - OLEODUCTO 3º;;0;10;4;15/9/2025;EBENSI;1012782;"TEE PARTIDA 20""x8"" #600 T.D. WILLIAMSON";2;Materiales genericos;CUMPLIDO;MR01;1;2/9/2025;12/9/2025;septiembre;10130053;10;1;2/9/2025;2/9/2025;C09;;0;;0;;;;;;;;0;2;0;0;;;;0;0;;;;;0;0;;;;;;;;;0;;;;;;0;;0;0;0;0;0;0;0;0;0;0;0;0;0;;;;1;;;1;3;0;13;;;13;;COMPRAS ABASTECIMIENTO
00007 COMERCIAL OF LICITACION;4000005938;10;ZPIN;48/25 - OLEODUCTO 3º;;0;10;4;15/9/2025;EBENSI;1012782;"VALVULA ESFERICA Ø8"" #600 RF PT, S/DET";16;Materiales genericos;CUMPLIDO;MR01;1;2/9/2025;12/9/2025;septiembre;10130089;10;1;2/9/2025;2/9/2025;C09;;0;;0;;;;;;;;0;16;0;0;;;;0;0;;;;;0;0;;;;;;;;;0;;;;;;0;;0;0;0;0;0;0;0;0;0;0;0;0;0;;;;1;;;1;3;0;13;;;13;;COMPRAS ABASTECIMIENTO
00007 COMERCIAL OF LICITACION;4000005939;10;ZPIN;48/25 - OLEODUCTO 3º;;0;10;4;15/9/2025;EBENSI;1012782;"JUNTA MONOLITICA Ø24"" #600 S/DETALLE";2;Materiales genericos;CUMPLIDO;MR01;1;2/9/2025;12/9/2025;septiembre;10130091;10;1;2/9/2025;2/9/2025;C09;;0;;0;;;;;;;;0;2;0;0;;;;0;0;;;;;0;0;;;;;;;;;0;;;;;;0;;0;0;0;0;0;0;0;0;0;0;0;0;0;;;;1;;;1;3;0;13;;;13;;COMPRAS ABASTECIMIENTO
00007 COMERCIAL OF LICITACION;4000005941;10;ZPIN;48/25 - OLEODUCTO 3º;;0;10;4;16/9/2025;EBENSI;1012791;TANQUE SUMIDERO PRFV 15 m³ S/HD ADJUNTA;1;Materiales genericos;CUMPLIDO;MR01;1;2/9/2025;12/9/2025;septiembre;10130094;10;1;2/9/2025;2/9/2025;C09;;0;;0;;;;;;;;0;1;0;0;;;;0;0;;;;;0;0;;;;;;;;;0;;;;;;0;;0;0;0;0;0;0;0;0;0;0;0;0;0;;;;1;;;1;4;0;14;;;14;;COMPRAS ABASTECIMIENTO
00007 COMERCIAL OF LICITACION;4000005943;10;ZPIN;48/25 - OLEODUCTO 3º;;0;10;4;22/9/2025;EBENSI;1042362;CONSTRUCCION PUENTE GRUA MONORIEL S/DET.;2;Servicios;CUMPLIDO;MR01;1;3/9/2025;15/9/2025;septiembre;10130160;10;1;3/9/2025;3/9/2025;PCO;;0;;0;;;;;;;;0;2;0;0;;;;0;0;;;;;0;0;;;;;;;;;0;;;;;;0;;0;0;0;0;0;0;0;0;0;0;0;0;0;;;;1;;;1;7;0;19;;;19;;SIN GC
00005 TALLER;4000005949;10;ZPIN;MASCARA FULL FACE AI;;0;10;4;12/9/2025;EGUEVARA;1012738;MASCARA FULL FACE AIR FFS 990;1;Materiales genericos;CUMPLIDO;MM01;1;4/9/2025;14/9/2025;septiembre;10130237;10;1;4/9/2025;4/9/2025;C13;;0;;0;;;;;;;;0;1;0;0;;;;0;0;;;;;0;0;;;;;;;;;0;;;;;;0;;0;0;0;0;0;0;0;0;0;0;0;0;0;;;;1;;1;;;0;8;;;8;;COMPRAS ABASTECIMIENTO
0004 SERVICIO TECNICO PROYECTO;4000005952;10;ZPIN;PEDIDO INFORMACION R;;0;10;4;22/9/2025;JHERZOG;1015947;RESPIRADERO TANQUE HIDRAULICO KOMATSU D6;1;Materiales genericos;CUMPLIDO;MR01;1;4/9/2025;4/9/2025;septiembre;10130289;10;1;4/9/2025;4/9/2025;C03;;0;;0;;;;;;;;0;1;0;0;;;;0;0;;;;;0;0;;;;;;;;;0;;;;;;0;;0;0;0;0;0;0;0;0;0;0;0;0;0;;;;1;;;1;18;0;18;;;18;;COMPRAS EQUIPOS
00007 COMERCIAL OF LICITACION;4000005953;10;ZPIN;48/25 - OLEODUCTO 3º;;0;10;4;15/9/2025;EBENSI;1012782;"VALVULA ESCLUSA Ø4"" #150 S/ESPEC.";1;Materiales genericos;CUMPLIDO;MR01;1;4/9/2025;15/9/2025;septiembre;10130304;10;1;4/9/2025;4/9/2025;C09;;0;;0;;;;;;;;0;1;0;0;;;;0;0;;;;;0;0;;;;;;;;;0;;;;;;0;;0;0;0;0;0;0;0;0;0;0;0;0;0;;;;1;;1;;;0;11;;;11;;COMPRAS ABASTECIMIENTO
00007 COMERCIAL OF LICITACION;4000005954;10;ZPIN;;;0;10;4;24/9/2025;GBACCELLI;1012993;Subcontrato Obra EIC Oleod. Tercer Loop;1;Servicios;CUMPLIDO;MR01;1;5/9/2025;22/9/2025;septiembre;10130354;10;1;5/9/2025;5/9/2025;PCO;;0;;0;;;;;;;;0;1;0;0;;;;0;0;;;;;0;0;;;;;;;;;0;;;;;;0;;0;0;0;0;0;0;0;0;0;0;0;0;0;;;;1;;;1;2;0;19;;;19;;SIN GC
00007 COMERCIAL OF LICITACION;4000005955;10;ZPIN;;;0;10;4;24/9/2025;GBACCELLI;1012996;Suncontrato Obra FO Tercer Loop;1;Servicios;CUMPLIDO;MR01;1;5/9/2025;22/9/2025;septiembre;10130356;10;1;5/9/2025;5/9/2025;PCO;;0;;0;;;;;;;;0;1;0;0;;;;0;0;;;;;0;0;;;;;;;;;0;;;;;;0;;0;0;0;0;0;0;0;0;0;0;0;0;0;;;;1;;;1;2;0;19;;;19;;SIN GC
00007 COMERCIAL OF LICITACION;4000005956;10;ZPIN;48/25 -II-00008 OLEO;;0;10;4;24/9/2025;GBACCELLI;1012807;Caudalímetro ultrasónico;1;Materiales genericos;CUMPLIDO;MR01;1;5/9/2025;22/9/2025;septiembre;10130357;10;1;5/9/2025;5/9/2025;PCO;;0;;0;;;;;;;;0;1;0;0;;;;0;0;;;;;0;0;;;;;;;;;0;;;;;;0;;0;0;0;0;0;0;0;0;0;0;0;0;0;;;;1;;;1;2;0;19;;;19;;SIN GC
"00001 GENERAL SEDE&#160;";4000005963;10;ZPIN;PI 101 665  SERV.CON;;0;10;4;24/9/2025;DYANEZ;1042362;CONSULTORIA AMBIENTAL X MES;12;Servicios;CUMPLIDO;MM01;1;8/9/2025;22/9/2025;septiembre;10130442;10;1;8/9/2025;8/9/2025;C25;;0;;0;;;;;;;;0;12;0;0;;;;0;0;;;;;0;0;;;;;;;;;0;;;;;;0;;0;0;0;0;0;0;0;0;0;0;0;0;0;;;;1;;;1;2;0;16;;;16;;COMPRAS ABASTECIMIENTO
0004 SERVICIO TECNICO PROYECTO;4000005966;10;ZPIN;HIDROGRUA PK 32080-B;;0;10;4;19/9/2025;LNUNEZ;1015947;EA1899 TAPA FILTRO -TANQUE HIDRAULICO;1;Materiales genericos;CUMPLIDO;MR01;1;9/9/2025;9/9/2025;septiembre;10130527;10;1;9/9/2025;9/9/2025;C03;;0;;0;;;;;;;;0;1;0;0;;;;0;0;;;;;0;0;;;;;;;;;0;;;;;;0;;0;0;0;0;0;0;0;0;0;0;0;0;0;;;;1;;;1;10;0;10;;;10;;COMPRAS EQUIPOS
00007 COMERCIAL OF LICITACION;4000005967;10;ZPIN;25.47 - CPSA-PE Los;;25;10;4;17/9/2025;LCANNELLI;1013113;TRANSPORTE DE PERSONAL XVIAJE;3;Servicios;CUMPLIDO;MR01;1;9/9/2025;9/9/2025;septiembre;10130616;10;1;9/9/2025;9/9/2025;PCO;;0;;0;;;;;;;;0;3;0;0;;;;0;0;;;;;0;0;;;;;;;;;0;;;;;;0;;0;0;0;0;0;0;0;0;0;0;0;0;0;;;;1;;;1;8;0;8;;;8;;SIN GC
00007 COMERCIAL OF LICITACION;4000005968;10;ZPIN;CPSA - PE Los Alamit;;25;10;4;17/9/2025;LCANNELLI;1011236;GASOIL DIESEL 500;1;Materiales usuales;CUMPLIDO;MR01;1;9/9/2025;9/9/2025;septiembre;10130620;10;1;9/9/2025;9/9/2025;PCO;;0;;0;;;;;;;;0;1;0;0;;;;0;0;;;;;0;0;;;;;;;;;0;;;;;;0;;0;0;0;0;0;0;0;0;0;0;0;0;0;;;;1;;;1;8;0;8;;;8;;SIN GC
00007 COMERCIAL OF LICITACION;4000005970;10;ZPIN;48/25 - OLEODUCTO 3º;;0;10;4;19/9/2025;EBENSI;1042362;SUBC. DESARROLLO INGENIERIA DE DETALLE;1;Servicios;CUMPLIDO;MR01;1;10/9/2025;17/9/2025;septiembre;10130638;10;1;10/9/2025;10/9/2025;PCO;;0;;0;;;;;;;;0;1;0;0;;;;0;0;;;;;0;0;;;;;;;;;0;;;;;;0;;0;0;0;0;0;0;0;0;0;0;0;0;0;;;;1;;;1;2;0;9;;;9;;SIN GC
00007 COMERCIAL OF LICITACION;4000005972;10;ZPIN;48/25 - OLEODUCTO 3º;;0;10;4;22/9/2025;EBENSI;1018238;SUBCONTRATO SOLDADURA/REVESTIMIENTO ML;44500;Servicios;CUMPLIDO;MR01;1;10/9/2025;17/9/2025;septiembre;10130673;10;1;10/9/2025;10/9/2025;PCO;;0;;0;;;;;;;;0;44500;0;0;;;;0;0;;;;;0;0;;;;;;;;;0;;;;;;0;;0;0;0;0;0;0;0;0;0;0;0;0;0;;;;1;;;1;5;0;12;;;12;;SIN GC
00007 COMERCIAL OF LICITACION;4000005974;10;ZPIN;48/25 - OLEODUCTO 3º;;0;10;4;19/9/2025;EPAONE;1012896;"MANTAS TERMOCONTRAIBLES Ø24""";4200;Materiales genericos;CUMPLIDO;MR01;1;10/9/2025;17/9/2025;septiembre;10130691;10;1;10/9/2025;10/9/2025;PCO;;0;;0;;;;;;;;0;4200;0;0;;;;0;0;;;;;0;0;;;;;;;;;0;;;;;;0;;0;0;0;0;0;0;0;0;0;0;0;0;0;;;;1;;;1;2;0;9;;;9;;SIN GC
00007 COMERCIAL OF LICITACION;4000005977;10;ZPIN;48/25 - OLEODUCTO 3º;;0;10;4;11/9/2025;EPAONE;1022295;ALQUILER PREDIO OBRADOR;1;Servicios;CUMPLIDO;MR01;1;10/9/2025;17/9/2025;septiembre;10130730;10;1;10/9/2025;10/9/2025;PCO;;0;;0;;;;;;;;0;1;0;0;;;;0;0;;;;;0;0;;;;;;;;;0;;;;;;0;;0;0;0;0;0;0;0;0;0;0;0;0;0;;;;1;;1;;;0;1;;;1;;SIN GC
00007 COMERCIAL OF LICITACION;4000005979;10;ZPIN;48/25 - OLEODUCTO 3º;;0;10;4;11/9/2025;EPAONE;1022295;PROVISION DE AGUA PARA PH;1;Servicios;CUMPLIDO;MR01;1;10/9/2025;17/9/2025;septiembre;10130739;10;1;10/9/2025;10/9/2025;PCO;;0;;0;;;;;;;;0;1;0;0;;;;0;0;;;;;0;0;;;;;;;;;0;;;;;;0;;0;0;0;0;0;0;0;0;0;0;0;0;0;;;;1;;1;;;0;1;;;1;;SIN GC
00007 COMERCIAL OF LICITACION;4000005980;10;ZPIN;48/25 - OLEODUCTO 3º;;0;10;4;17/9/2025;EBENSI;1042079;SUBC. ENSAYOS NO DESTRUCTIVOS S/DET;1;Servicios;CUMPLIDO;MR01;1;10/9/2025;17/9/2025;septiembre;10130747;10;1;10/9/2025;10/9/2025;PCO;;0;;0;;;;;;;;0;1;0;0;;;;0;0;;;;;0;0;;;;;;;;;0;;;;;;0;;0;0;0;0;0;0;0;0;0;0;0;0;0;;;;1;;1;;;0;7;;;7;;SIN GC
00007 COMERCIAL OF LICITACION;4000005981;10;ZPIN;48/25 - OLEODUCTO 3º;;0;10;4;19/9/2025;EBENSI;1042362;SUBCONTRAT FABR. PREFABRICADOS S/DET;1;Servicios;CUMPLIDO;MR01;1;10/9/2025;17/9/2025;septiembre;10130750;10;1;10/9/2025;10/9/2025;PCO;;0;;0;;;;;;;;0;1;0;0;;;;0;0;;;;;0;0;;;;;;;;;0;;;;;;0;;0;0;0;0;0;0;0;0;0;0;0;0;0;;;;1;;;1;2;0;9;;;9;;SIN GC
00007 COMERCIAL OF LICITACION;4000005982;10;ZPIN;48/25 - OLEODUCTO 3º;;0;10;4;18/9/2025;EBENSI;1012786;ACCESORIOS Y VALVULAS S/LISTADO ADJUNTO;1;Materiales genericos;CUMPLIDO;MR01;1;10/9/2025;17/9/2025;septiembre;10130751;10;1;10/9/2025;10/9/2025;C09;;0;;0;;;;;;;;0;1;0;0;;;;0;0;;;;;0;0;;;;;;;;;0;;;;;;0;;0;0;0;0;0;0;0;0;0;0;0;0;0;;;;1;;;1;1;0;8;;;8;;COMPRAS ABASTECIMIENTO
00005 TALLER;4000005983;10;ZPIN;COTIZ/77002 REPUESTO;;0;10;4;15/9/2025;GSPINELLI;1015947;JUEGO JUNTAS DE MOTOR (VER NOTA);1;Materiales genericos;CUMPLIDO;MR01;1;11/9/2025;11/9/2025;septiembre;10130757;10;1;11/9/2025;11/9/2025;C03;;0;;0;;;;;;;;0;1;0;0;;;;0;0;;;;;0;0;;;;;;;;;0;;;;;;0;;0;0;0;0;0;0;0;0;0;0;0;0;0;;;;1;;;1;4;0;4;;;4;;COMPRAS EQUIPOS
00007 COMERCIAL OF LICITACION;4000005985;10;ZPIN;48/25 - OLEODUCTO 3º;;0;10;4;19/9/2025;EPAONE;1022295;TRANSPORTE DE PERSONAL;1;Servicios;CUMPLIDO;MR01;1;11/9/2025;17/9/2025;septiembre;10130767;10;1;11/9/2025;11/9/2025;PCO;;0;;0;;;;;;;;0;1;0;0;;;;0;0;;;;;0;0;;;;;;;;;0;;;;;;0;;0;0;0;0;0;0;0;0;0;0;0;0;0;;;;1;;;1;2;0;8;;;8;;SIN GC
00005 TALLER;4000005987;10;ZPIN;COTIZACION PINTURA -;;0;10;4;17/9/2025;SFLORES;1012853;PINT.POL 2/1 AMARILLO VOLVO SATIN -P2945;1;Materiales genericos;CUMPLIDO;MR01;1;11/9/2025;22/9/2025;septiembre;10130810;10;1;11/9/2025;11/9/2025;C22;;0;;0;;;;;;;;0;1;0;0;;;;0;0;;;;;0;0;;;;;;;;;0;;;;;;0;;0;0;0;0;0;0;0;0;0;0;0;0;0;;;;1;;1;;;0;6;;;6;;COMPRAS ABASTECIMIENTO
00007 COMERCIAL OF LICITACION;4000005988;10;ZPIN;48/25 - OLEODUCTO 3º;;0;10;4;22/9/2025;EBENSI;1042362;SUBCONTRATO EJECUCION HOT-TAP S/DET;1;Servicios;CUMPLIDO;MR01;1;11/9/2025;17/9/2025;septiembre;10130814;10;1;11/9/2025;11/9/2025;C26;;0;;0;;;;;;;;0;1;0;0;;;;0;0;;;;;0;0;;;;;;;;;0;;;;;;0;;0;0;0;0;0;0;0;0;0;0;0;0;0;;;;1;;;1;5;0;11;;;11;;COMPRAS ABASTECIMIENTO
00007 COMERCIAL OF LICITACION;4000005989;10;ZPIN;48/25 - OLEODUCTO 3º;;0;10;4;18/9/2025;EPAONE;1012896;ELECTRODO  E-7010-P Ø4mm x kg;5200;Materiales genericos;CUMPLIDO;MR01;1;11/9/2025;17/9/2025;septiembre;10130820;10;1;11/9/2025;11/9/2025;C27;;0;;0;;;;;;;;0;5200;0;0;;;;0;0;;;;;0;0;;;;;;;;;0;;;;;;0;;0;0;0;0;0;0;0;0;0;0;0;0;0;;;;1;;;1;1;0;7;;;7;;COMPRAS ABASTECIMIENTO
00007 COMERCIAL OF LICITACION;4000005990;10;ZPIN;48/25 - OLEODUCTO 3º;;0;10;4;16/9/2025;EBENSI;1012785;"CAÑO Ø30"" API 5L X56, e=9.53 mm, REVEST.";48;Materiales genericos;CUMPLIDO;MR01;1;11/9/2025;17/9/2025;septiembre;10130824;10;1;11/9/2025;11/9/2025;C09;;0;;0;;;;;;;;0;48;0;0;;;;0;0;;;;;0;0;;;;;;;;;0;;;;;;0;;0;0;0;0;0;0;0;0;0;0;0;0;0;;;;1;;1;;;0;5;;;5;;COMPRAS ABASTECIMIENTO
00008 ABASTECIMIENTO;4000005992;10;ZPIN;RECAMBIO MANGUERAS T;;0;10;4;13/10/2025;PAPPELLA;1034248;RECAMBIO MANGUERAS NIVEL TANQUES GASOIL;1;Servicios;CUMPLIDO;MR01;1;11/9/2025;25/9/2025;septiembre;10130832;10;1;11/9/2025;11/9/2025;C23;;0;;0;;;;;;;;0;1;0;0;;;;0;0;;;;;0;0;;;;;;;;;0;;;;;;0;;0;0;0;0;0;0;0;0;0;0;0;0;0;;;;1;;;1;18;0;32;;;32;;COMPRAS ABASTECIMIENTO
00007 COMERCIAL OF LICITACION;4000005994;10;ZPIN;48/25 - OLEODUCTO 3º;;0;10;4;19/9/2025;EBENSI;1012748;CARTEL CHAPA S/TIPICO ADJ.;115;Materiales genericos;CUMPLIDO;MR01;1;11/9/2025;17/9/2025;septiembre;10130842;10;1;11/9/2025;11/9/2025;PCO;;0;;0;;;;;;;;0;115;0;0;;;;0;0;;;;;0;0;;;;;;;;;0;;;;;;0;;0;0;0;0;0;0;0;0;0;0;0;0;0;;;;1;;;1;2;0;8;;;8;;SIN GC
00007 COMERCIAL OF LICITACION;4000005995;10;ZPIN;48/25 - OLEODUCTO 3º;;0;10;4;19/9/2025;EPAONE;1012896;DISCOS DE CORTE;1;Materiales genericos;CUMPLIDO;MR01;1;11/9/2025;17/9/2025;septiembre;10130844;10;1;11/9/2025;11/9/2025;PCO;;0;;0;;;;;;;;0;1;0;0;;;;0;0;;;;;0;0;;;;;;;;;0;;;;;;0;;0;0;0;0;0;0;0;0;0;0;0;0;0;;;;1;;;1;2;0;8;;;8;;SIN GC
00007 COMERCIAL OF LICITACION;4000005996;10;ZPIN;48/25 - OLEODUCTO 3º;;0;10;4;19/9/2025;EPAONE;1012896;ACCESORIOS PARA PH S/ADJUNTO;1;Materiales genericos;CUMPLIDO;MR01;1;11/9/2025;17/9/2025;septiembre;10130846;10;1;11/9/2025;11/9/2025;PCO;;0;;0;;;;;;;;0;1;0;0;;;;0;0;;;;;0;0;;;;;;;;;0;;;;;;0;;0;0;0;0;0;0;0;0;0;0;0;0;0;;;;1;;;1;2;0;8;;;8;;SIN GC
"00001 GENERAL SEDE&#160;";4000005997;10;ZPIN;PI 101 666  MEMBRANA;;0;10;4;17/9/2025;DYANEZ;1012896;MEMBRANA ASFALTICA C/ALUMINIO PERFLEX 35;220;Materiales genericos;CUMPLIDO;MM01;1;11/9/2025;25/9/2025;septiembre;10130849;10;1;11/9/2025;11/9/2025;C13;;0;;0;;;;;;;;0;220;0;0;;;;0;0;;;;;0;0;;;;;;;;;0;;;;;;0;;0;0;0;0;0;0;0;0;0;0;0;0;0;;;;1;;1;;;0;6;;;6;;COMPRAS ABASTECIMIENTO
00007 COMERCIAL OF LICITACION;4000005998;10;ZPIN;48/25 - OLEODUCTO 3º;;0;10;4;19/9/2025;EBENSI;1042362;SUBCONTRATO TUNELEADO CRUCE RUTA 151;1;Servicios;CUMPLIDO;MR01;1;11/9/2025;17/9/2025;septiembre;10130852;10;1;11/9/2025;11/9/2025;PCO;;0;;0;;;;;;;;0;1;0;0;;;;0;0;;;;;0;0;;;;;;;;;0;;;;;;0;;0;0;0;0;0;0;0;0;0;0;0;0;0;;;;1;;;1;2;0;8;;;8;;SIN GC
00007 COMERCIAL OF LICITACION;4000005999;10;ZPIN;48/25 - OLEODUCTO 3º;;0;10;4;19/9/2025;EPAONE;1022295;CERCOS PERIMETRALES;1;Servicios;CUMPLIDO;MR01;1;12/9/2025;17/9/2025;septiembre;10130871;10;1;12/9/2025;12/9/2025;PCO;;0;;0;;;;;;;;0;1;0;0;;;;0;0;;;;;0;0;;;;;;;;;0;;;;;;0;;0;0;0;0;0;0;0;0;0;0;0;0;0;;;;1;;;1;2;0;7;;;7;;SIN GC
00007 COMERCIAL OF LICITACION;4000006000;10;ZPIN;48/25 - OLEODUCTO 3º;;0;10;4;19/9/2025;EBENSI;1042086;SUBC. TOPOGRAFIA;1;Servicios;CUMPLIDO;MR01;1;12/9/2025;17/9/2025;septiembre;10130873;10;1;12/9/2025;12/9/2025;PCO;;0;;0;;;;;;;;0;1;0;0;;;;0;0;;;;;0;0;;;;;;;;;0;;;;;;0;;0;0;0;0;0;0;0;0;0;0;0;0;0;;;;1;;;1;2;0;7;;;7;;SIN GC
00007 COMERCIAL OF LICITACION;4000006001;10;ZPIN;48/25 - OLEODUCTO 3º;;0;10;4;19/9/2025;EBENSI;1012611;CAMARA PREMOLDEADA S/PLANO;7;Materiales genericos;CUMPLIDO;MR01;1;12/9/2025;17/9/2025;septiembre;10130906;10;1;12/9/2025;12/9/2025;PCO;;0;;0;;;;;;;;0;7;0;0;;;;0;0;;;;;0;0;;;;;;;;;0;;;;;;0;;0;0;0;0;0;0;0;0;0;0;0;0;0;;;;1;;;1;2;0;7;;;7;;SIN GC
00007 COMERCIAL OF LICITACION;4000006002;10;ZPIN;48/25 - OLEODUCTO 3º;;0;10;4;19/9/2025;EPAONE;1022295;SERVICIO MEDICO EN OBRA;1;Servicios;CUMPLIDO;MR01;1;12/9/2025;17/9/2025;septiembre;10130907;10;1;12/9/2025;12/9/2025;PCO;;0;;0;;;;;;;;0;1;0;0;;;;0;0;;;;;0;0;;;;;;;;;0;;;;;;0;;0;0;0;0;0;0;0;0;0;0;0;0;0;;;;1;;;1;2;0;7;;;7;;SIN GC
00008 ABASTECIMIENTO;4000006004;10;ZPIN;SS DE CONTROL DE GAS;;0;10;4;22/9/2025;AFORTUNA;1034248;SS DE CONTROL DE CARGA D GASOIL A INTERN;1;Servicios;CUMPLIDO;MR01;1;12/9/2025;29/9/2025;septiembre;10130921;10;1;12/9/2025;12/9/2025;C10;;0;;0;;;;;;;;0;1;0;0;;;;0;0;;;;;0;0;;;;;;;;;0;;;;;;0;;0;0;0;0;0;0;0;0;0;0;0;0;0;;;;1;;1;;;0;10;;;10;;COMPRAS ABASTECIMIENTO
00007 COMERCIAL OF LICITACION;4000006005;10;ZPIN;48/25 - OLEODUCTO 3º;;0;10;4;19/9/2025;EBENSI;1012831;HORMIGON ELABORADO H25 S/DET;244;Materiales genericos;CUMPLIDO;MR01;1;12/9/2025;17/9/2025;septiembre;10130933;10;1;12/9/2025;12/9/2025;PCO;;0;;0;;;;;;;;0;244;0;0;;;;0;0;;;;;0;0;;;;;;;;;0;;;;;;0;;0;0;0;0;0;0;0;0;0;0;0;0;0;;;;1;;;1;2;0;7;;;7;;SIN GC
00007 COMERCIAL OF LICITACION;4000006006;10;ZPIN;48/25 - OLEODUCTO 3º;;0;10;4;19/9/2025;EBENSI;1012585;PASARELAS METALICAS S/DETALLE;1;Materiales genericos;CUMPLIDO;MR01;1;12/9/2025;17/9/2025;septiembre;10130938;10;1;12/9/2025;12/9/2025;PCO;;0;;0;;;;;;;;0;1;0;0;;;;0;0;;;;;0;0;;;;;;;;;0;;;;;;0;;0;0;0;0;0;0;0;0;0;0;0;0;0;;;;1;;;1;2;0;7;;;7;;SIN GC
00007 COMERCIAL OF LICITACION;4000006007;10;ZPIN;48/25 - OLEODUCTO 3º;;0;10;4;19/9/2025;EPAONE;1022295;VIANDAS;200;Servicios;CUMPLIDO;MR01;1;12/9/2025;17/9/2025;septiembre;10130947;10;1;12/9/2025;12/9/2025;PCO;;0;;0;;;;;;;;0;200;0;0;;;;0;0;;;;;0;0;;;;;;;;;0;;;;;;0;;0;0;0;0;0;0;0;0;0;0;0;0;0;;;;1;;;1;2;0;7;;;7;;SIN GC
00007 COMERCIAL OF LICITACION;4000006010;10;ZPIN;48/25 - OLEODUCTO 3º;;0;10;4;24/9/2025;EPAONE;1012807;MOJONES S/ADJUNTOS;1;Materiales genericos;CUMPLIDO;MR01;1;15/9/2025;24/9/2025;septiembre;10131061;10;1;15/9/2025;15/9/2025;PCO;;0;;0;;;;;;;;0;1;0;0;;;;0;0;;;;;0;0;;;;;;;;;0;;;;;;0;;0;0;0;0;0;0;0;0;0;0;0;0;0;;;;1;;1;;;0;9;;;9;;SIN GC
00007 COMERCIAL OF LICITACION;4000006011;10;ZPIN;48/25 - OLEODUCTO 3º;;0;10;4;24/9/2025;EPAONE;1012608;LOSETA DE HORMIGON S/ADJUNTO;200;Materiales genericos;CUMPLIDO;MR01;1;15/9/2025;24/9/2025;septiembre;10131069;10;1;15/9/2025;15/9/2025;PCO;;0;;0;;;;;;;;0;200;0;0;;;;0;0;;;;;0;0;;;;;;;;;0;;;;;;0;;0;0;0;0;0;0;0;0;0;0;0;0;0;;;;1;;1;;;0;9;;;9;;SIN GC
0004 SERVICIO TECNICO PROYECTO;4000006014;10;ZPIN;BOMBA P/ CARGADOR 98;;0;10;4;19/9/2025;LNUNEZ;1015947;158-3504 CARRETE DE CONTROL;1;Materiales genericos;CUMPLIDO;MR01;1;16/9/2025;16/9/2025;septiembre;10131090;10;1;16/9/2025;16/9/2025;C03;;0;;0;;;;;;;;0;1;0;0;;;;0;0;;;;;0;0;;;;;;;;;0;;;;;;0;;0;0;0;0;0;0;0;0;0;0;0;0;0;;;;1;;;1;3;0;3;;;3;;COMPRAS EQUIPOS
00007 COMERCIAL OF LICITACION;4000006017;10;ZPIN;48/25 - OLEODUCTO 3º;;0;10;4;24/9/2025;EPAONE;1022295;SERVICIO OBRA S DETALLE XUN;5;Servicios;CUMPLIDO;MR01;1;16/9/2025;16/9/2025;septiembre;10131114;10;1;16/9/2025;16/9/2025;PCO;;0;;0;;;;;;;;0;5;0;0;;;;0;0;;;;;0;0;;;;;;;;;0;;;;;;0;;0;0;0;0;0;0;0;0;0;0;0;0;0;;;;1;;;1;8;0;8;;;8;;SIN GC
"00001 GENERAL SEDE&#160;";4000006019;10;ZPIN;PI 101 669 SERV. SUB;;0;10;4;8/10/2025;DYANEZ;1042362;SERV. MANTENIMIENTO M.O UNA PERSONA X HR;189;Servicios;CUMPLIDO;MM01;1;16/9/2025;30/9/2025;septiembre;10131197;10;1;16/9/2025;16/9/2025;C26;;0;;0;;;;;;;;0;189;0;0;;;;0;0;;;;;0;0;;;;;;;;;0;;;;;;0;;0;0;0;0;0;0;0;0;0;0;0;0;0;;;;1;;;1;8;0;22;;;22;;COMPRAS ABASTECIMIENTO
00007 COMERCIAL OF LICITACION;4000006020;10;ZPIN;48/25 -II-00008 OLEO;;0;10;4;23/9/2025;GBACCELLI;1013007;Suncontrato Diseño y Ensayos PC Ter Loop;1;Servicios;CUMPLIDO;MR01;1;16/9/2025;23/9/2025;septiembre;10131198;10;1;16/9/2025;16/9/2025;PCO;;0;;0;;;;;;;;0;1;0;0;;;;0;0;;;;;0;0;;;;;;;;;0;;;;;;0;;0;0;0;0;0;0;0;0;0;0;0;0;0;;;;1;;1;;;0;7;;;7;;SIN GC
00007 COMERCIAL OF LICITACION;4000006023;10;ZPIN;48/25 - OLEODUCTO 3º;;0;10;4;24/9/2025;EPAONE;1012611;CASETA DE COMUNICACIONES S/ADJUNTO;3;Materiales genericos;CUMPLIDO;MR01;1;17/9/2025;24/9/2025;septiembre;10131263;10;1;17/9/2025;17/9/2025;PCO;;0;;0;;;;;;;;0;3;0;0;;;;0;0;;;;;0;0;;;;;;;;;0;;;;;;0;;0;0;0;0;0;0;0;0;0;0;0;0;0;;;;1;;1;;;0;7;;;7;;SIN GC
00007 COMERCIAL OF LICITACION;4000006024;10;ZPIN;48/25 - OLEODUCTO 3º;;0;10;4;6/10/2025;EBENSI;1013006;ESTUDIOS DE SUELOS S/DETALLE;1;Servicios;CUMPLIDO;MR01;1;17/9/2025;26/9/2025;septiembre;10131268;10;1;17/9/2025;17/9/2025;PCO;;0;;0;;;;;;;;0;1;0;0;;;;0;0;;;;;0;0;;;;;;;;;0;;;;;;0;;0;0;0;0;0;0;0;0;0;0;0;0;0;;;;1;;;1;10;0;19;;;19;;SIN GC
00007 COMERCIAL OF LICITACION;4000006028;10;ZPIN;YPF-3ER LOOP;;25;10;4;26/9/2025;LAFFATATO;1024054;Puerta para casetas s/especificaciones;4;Materiales Stock;CUMPLIDO;MR01;1;18/9/2025;24/9/2025;septiembre;10131375;10;1;18/9/2025;18/9/2025;C19;;0;;0;;;;;;;;0;4;0;0;;;;0;0;;;;;0;0;;;;;;;;;0;;;;;;0;;0;0;0;0;0;0;0;0;0;0;0;0;0;;;;1;;;1;2;0;8;;;8;;COMPRAS ABASTECIMIENTO
00007 COMERCIAL OF LICITACION;4000006029;10;ZPIN;;;0;10;4;24/9/2025;EPAONE;1012585;TRANQUERA DE CAÑO S/ADJUNTO;7;Materiales genericos;CUMPLIDO;MR01;1;18/9/2025;26/9/2025;septiembre;10131379;10;1;18/9/2025;18/9/2025;PCO;;0;;0;;;;;;;;0;7;0;0;;;;0;0;;;;;0;0;;;;;;;;;0;;;;;;0;;0;0;0;0;0;0;0;0;0;0;0;0;0;;;;1;;1;;;0;6;;;6;;SIN GC
00007 COMERCIAL OF LICITACION;4000006032;10;ZPIN;48/25 - OLEODUCTO 3º;;0;10;4;24/9/2025;EPAONE;1012585;MATERIALES TECHOS CAMARAS S/ADJUNTO;1;Materiales genericos;CUMPLIDO;MR01;1;19/9/2025;26/9/2025;septiembre;10131452;10;1;19/9/2025;19/9/2025;PCO;;0;;0;;;;;;;;0;1;0;0;;;;0;0;;;;;0;0;;;;;;;;;0;;;;;;0;;0;0;0;0;0;0;0;0;0;0;0;0;0;;;;1;;1;;;0;5;;;5;;SIN GC
00005 TALLER;4000006042;10;ZPIN;PEDIDO INF - MODULO;;0;10;4;1/10/2025;SFLORES;1015947;880073 - MODULO ELECTRONICO (V.ANEXO);1;Materiales genericos;CUMPLIDO;MR01;1;23/9/2025;23/9/2025;septiembre;10131637;10;1;23/9/2025;23/9/2025;C03;;0;;0;;;;;;;;0;1;0;0;;;;0;0;;;;;0;0;;;;;;;;;0;;;;;;0;;0;0;0;0;0;0;0;0;0;0;0;0;0;;;;1;;;1;8;0;8;;;8;;COMPRAS EQUIPOS
00005 TALLER;4000006043;10;ZPIN;PEDIDO INF - 44013;;0;10;4;26/9/2025;SFLORES;1046621;PERNO DE BRAZO INCLINACION;1;Materiales Stock;CUMPLIDO;MR01;1;23/9/2025;23/9/2025;septiembre;10131644;10;1;23/9/2025;23/9/2025;C03;;0;;0;;;;;;;;0;1;0;0;;;;0;0;;;;;0;0;;;;;;;;;0;;;;;;0;;0;0;0;0;0;0;0;0;0;0;0;0;0;;;;1;;;1;3;0;3;;;3;;COMPRAS EQUIPOS
0004 SERVICIO TECNICO PROYECTO;4000006044;10;ZPIN;79006 SENSOR DE VELO;;0;10;4;30/9/2025;EDVEDOVA;1015947;SENSOR DE VELOCIDAD (VER ANEXO);1;Materiales genericos;CUMPLIDO;MR01;1;24/9/2025;24/9/2025;septiembre;10131713;10;1;24/9/2025;24/9/2025;C03;;0;;0;;;;;;;;0;1;0;0;;;;0;0;;;;;0;0;;;;;;;;;0;;;;;;0;;0;0;0;0;0;0;0;0;0;0;0;0;0;;;;1;;;1;6;0;6;;;6;;COMPRAS EQUIPOS
00005 TALLER;4000006045;10;ZPIN;PEDIDO INF - 46824;;0;10;4;26/9/2025;SFLORES;1046129;BOMBA DIRECCION;1;Materiales Stock;CUMPLIDO;MR01;1;24/9/2025;24/9/2025;septiembre;10131716;10;1;24/9/2025;24/9/2025;C03;;0;;0;;;;;;;;0;1;0;0;;;;0;0;;;;;0;0;;;;;;;;;0;;;;;;0;;0;0;0;0;0;0;0;0;0;0;0;0;0;;;;1;;;1;2;0;2;;;2;;COMPRAS EQUIPOS
00005 TALLER;4000006046;10;ZPIN;ZPI - BANDEJA;;0;10;4;29/9/2025;SFLORES;1017380;BANDEJA ANTIDERRAME S/FOTO;1;Materiales usuales;CUMPLIDO;MR01;1;24/9/2025;24/9/2025;septiembre;10131727;10;1;24/9/2025;24/9/2025;C17;;0;;0;;;;;;;;0;1;0;0;;;;0;0;;;;;0;0;;;;;;;;;0;;;;;;0;;0;0;0;0;0;0;0;0;0;0;0;0;0;;;;1;;;1;5;0;5;;;5;;COMPRAS ABASTECIMIENTO
0004 SERVICIO TECNICO PROYECTO;4000006048;10;ZPIN;53008 - RETEN DE CIG;;0;10;4;6/10/2025;LNUNEZ;1028582;RETEN;1;Materiales Stock;CUMPLIDO;MR01;1;25/9/2025;25/9/2025;septiembre;10131849;10;1;25/9/2025;25/9/2025;C03;;0;;0;;;;;;;;0;1;0;0;;;;0;0;;;;;0;0;;;;;;;;;0;;;;;;0;;0;0;0;0;0;0;0;0;0;0;0;0;0;;;;1;;;1;11;0;11;;;11;;COMPRAS EQUIPOS
00005 TALLER;4000006049;10;ZPIN;PEDIDO INF - 46005;;0;10;4;13/10/2025;SFLORES;1015947;DESMONTAJE DE CONVERTIDOR//46005;1;Materiales genericos;CUMPLIDO;MR01;1;25/9/2025;25/9/2025;septiembre;10131858;10;1;25/9/2025;25/9/2025;C38;;0;;0;;;;;;;;0;1;0;0;;;;0;0;;;;;0;0;;;;;;;;;0;;;;;;0;;0;0;0;0;0;0;0;0;0;0;0;0;0;;;;1;;;1;18;0;18;;;18;;COMPRAS EQUIPOS
00005 TALLER;4000006050;10;ZPIN;PEDIDO RUEDA BOMAG;;0;10;4;30/9/2025;BGUERRA;1026601;CUBIERTA 23.1-26;2;Materiales Stock;CUMPLIDO;MM01;1;26/9/2025;10/10/2025;octubre;10131932;10;1;26/9/2025;26/9/2025;C46;;0;;0;;;;;;;;0;2;0;0;;;;0;0;;;;;0;0;;;;;;;;;0;;;;;;0;;0;0;0;0;0;0;0;0;0;0;0;0;0;;;;1;;1;;;0;4;;;4;;COMPRAS EQUIPOS
00005 TALLER;4000006054;10;ZPIN;PEDIDO INF - 44013 -;;0;10;4;29/9/2025;SFLORES;1046621;PERNO DE BRAZO INCLINACION;1;Materiales Stock;CUMPLIDO;MR01;1;26/9/2025;26/9/2025;septiembre;10131975;10;1;26/9/2025;26/9/2025;C03;;0;;0;;;;;;;;0;1;0;0;;;;0;0;;;;;0;0;;;;;;;;;0;;;;;;0;;0;0;0;0;0;0;0;0;0;0;0;0;0;;;;1;;;1;3;0;3;;;3;;COMPRAS EQUIPOS
00014 SISTEMAS;4000006056;10;ZPIN;;;0;10;4;1/10/2025;FMARTIN;1029350;CAMBIO ABONO SOPORTES REDES;1;Servicios;CUMPLIDO;MR01;1;26/9/2025;26/9/2025;septiembre;10131994;10;1;26/9/2025;26/9/2025;C24;;0;;0;;;;;;;;0;1;0;0;;;;0;0;;;;;0;0;;;;;;;;;0;;;;;;0;;0;0;0;0;0;0;0;0;0;0;0;0;0;;;;1;;;1;5;0;5;;;5;;COMPRAS ABASTECIMIENTO
00005 TALLER;4000006057;10;ZPIN;PISTOLA CALOR - COTI;;0;10;4;3/10/2025;HCABELLO;1034881;PISTOLA DE CALOR 1800W;1;Materiales usuales;CUMPLIDO;MM01;1;26/9/2025;5/10/2025;octubre;10131997;10;1;26/9/2025;26/9/2025;C13;;0;;0;;;;;;;;0;1;0;0;;;;0;0;;;;;0;0;;;;;;;;;0;;;;;;0;;0;0;0;0;0;0;0;0;0;0;0;0;0;;;;1;;1;;;0;7;;;7;;COMPRAS ABASTECIMIENTO
00007 COMERCIAL OF LICITACION;4000006063;10;ZPIN;53-25 - ET Cerro Pol;;0;10;4;6/10/2025;MBALAUZ;1009724;HIERRO NERVADO ADN420 DIAM 8MM;1;Materiales usuales;CUMPLIDO;MR01;1;29/9/2025;6/10/2025;octubre;10132070;10;1;29/9/2025;29/9/2025;PCO;;0;;0;;;;;;;;0;1;0;0;;;;0;0;;;;;0;0;;;;;;;;;0;;;;;;0;;0;0;0;0;0;0;0;0;0;0;0;0;0;;;;1;;1;;;0;7;;;7;;SIN GC
00007 COMERCIAL OF LICITACION;4000006064;10;ZPIN;53-25 - ET Cerro Pol;;0;10;4;16/10/2025;MBALAUZ;1012775;30-50;1;Materiales genericos;CUMPLIDO;MR01;1;29/9/2025;6/10/2025;octubre;10132077;10;1;29/9/2025;29/9/2025;PCO;;0;;0;;;;;;;;0;1;0;0;;;;0;0;;;;;0;0;;;;;;;;;0;;;;;;0;;0;0;0;0;0;0;0;0;0;0;0;0;0;;;;1;;;1;10;0;17;;;17;;SIN GC
00007 COMERCIAL OF LICITACION;4000006065;10;ZPIN;53-25 - ET Cerro Pol;;0;10;4;16/10/2025;MBALAUZ;1010655;DESENCOFRANTE PARA MADERA X200L;1;Materiales usuales;CUMPLIDO;MR01;1;29/9/2025;6/10/2025;octubre;10132078;10;1;29/9/2025;29/9/2025;PCO;;0;;0;;;;;;;;0;1;0;0;;;;0;0;;;;;0;0;;;;;;;;;0;;;;;;0;;0;0;0;0;0;0;0;0;0;0;0;0;0;;;;1;;;1;10;0;17;;;17;;SIN GC
00007 COMERCIAL OF LICITACION;4000006066;10;ZPIN;53-25 - ET Cerro Pol;;0;10;4;7/10/2025;MBALAUZ;1013141;SERVICIO DE INTERNET XDIA;1;Servicios;CUMPLIDO;MR01;1;29/9/2025;6/10/2025;octubre;10132079;10;1;29/9/2025;29/9/2025;PCO;;0;;0;;;;;;;;0;1;0;0;;;;0;0;;;;;0;0;;;;;;;;;0;;;;;;0;;0;0;0;0;0;0;0;0;0;0;0;0;0;;;;1;;;1;1;0;8;;;8;;SIN GC
00005 TALLER;4000006067;10;ZPIN;PEDIDO INF - PINTURA;;0;10;4;6/10/2025;SFLORES;1012853;PINT POLIU DTM NEG BASE PU ACRIL INC 2X1;1;Materiales genericos;CUMPLIDO;MR01;1;29/9/2025;29/9/2025;septiembre;10132107;10;1;29/9/2025;29/9/2025;C22;;0;;0;;;;;;;;0;1;0;0;;;;0;0;;;;;0;0;;;;;;;;;0;;;;;;0;;0;0;0;0;0;0;0;0;0;0;0;0;0;;;;1;;;1;7;0;7;;;7;;COMPRAS ABASTECIMIENTO
00007 COMERCIAL OF LICITACION;4000006069;10;ZPIN;CBI - Puerto Galvan;;0;10;4;9/10/2025;NCARUSO;1011266;GEOMEMBRANA ALTA DENSIDAD 1000MIC;5800;Materiales usuales;CUMPLIDO;MR01;1;29/9/2025;15/10/2025;octubre;10132123;10;1;29/9/2025;29/9/2025;PCO;;0;;0;;;;;;;;0;5800;0;0;;;;0;0;;;;;0;0;;;;;;;;;0;;;;;;0;;0;0;0;0;0;0;0;0;0;0;0;0;0;;;;1;;1;;;0;10;;;10;;SIN GC
00005 TALLER;4000006070;10;ZPIN;PEDIDO INF - 44013 -;;0;10;4;6/10/2025;SFLORES;1046621;PERNO DE BRAZO INCLINACION;1;Materiales Stock;CUMPLIDO;MR01;1;30/9/2025;30/9/2025;septiembre;10132127;10;1;30/9/2025;30/9/2025;C03;;0;;0;;;;;;;;0;1;0;0;;;;0;0;;;;;0;0;;;;;;;;;0;;;;;;0;;0;0;0;0;0;0;0;0;0;0;0;0;0;;;;1;;;1;6;0;6;;;6;;COMPRAS EQUIPOS
00007 COMERCIAL OF LICITACION;4000006072;10;ZPIN;CBI - Puerto Rosales;;0;10;4;16/10/2025;NCARUSO;1011254;HORMIGON ELABORADO H60;1;Materiales usuales;CUMPLIDO;MR01;1;30/9/2025;15/10/2025;octubre;10132156;10;1;30/9/2025;30/9/2025;PCO;;0;;0;;;;;;;;0;1;0;0;;;;0;0;;;;;0;0;;;;;;;;;0;;;;;;0;;0;0;0;0;0;0;0;0;0;0;0;0;0;;;;1;;;1;1;0;16;;;16;;SIN GC
00007 COMERCIAL OF LICITACION;4000006075;10;ZPIN;53/25 - ET Cerro Pol;;0;10;4;8/10/2025;GBACCELLI;1012809;"Jabalina de Cobre 3/4"" x 3 m";30;Materiales genericos;CUMPLIDO;MR01;1;30/9/2025;8/10/2025;octubre;10132239;10;1;30/9/2025;30/9/2025;PCO;;0;;0;;;;;;;;0;30;0;0;;;;0;0;;;;;0;0;;;;;;;;;0;;;;;;0;;0;0;0;0;0;0;0;0;0;0;0;0;0;;;;1;;1;;;0;8;;;8;;SIN GC
00008 ABASTECIMIENTO;4000006077;10;ZPIN;Cotizacion s/ mail G;;0;10;4;7/10/2025;ASIGNORELLI;1012981;FLETE PAQUETERIA S DETALLE XUN;1;Servicios;CUMPLIDO;MR01;1;1/10/2025;17/10/2025;octubre;10132251;10;1;1/10/2025;1/10/2025;C15;;0;;0;;;;;;;;0;1;0;0;;;;0;0;;;;;0;0;;;;;;;;;0;;;;;;0;;0;0;0;0;0;0;0;0;0;0;0;0;0;;;;1;;1;;;0;6;;;6;;COMPRAS ABASTECIMIENTO
00005 TALLER;4000006089;10;ZPIN;PEDIDO INF VIALES -;;0;10;4;7/10/2025;SFLORES;1015947;362-9554 - GRUPO BOMBA DE ENGRANAJE;1;Materiales genericos;CUMPLIDO;MR01;1;3/10/2025;3/10/2025;octubre;10132511;10;1;3/10/2025;3/10/2025;C03;;0;;0;;;;;;;;0;1;0;0;;;;0;0;;;;;0;0;;;;;;;;;0;;;;;;0;;0;0;0;0;0;0;0;0;0;0;0;0;0;;;;1;;;1;4;0;4;;;4;;COMPRAS EQUIPOS
"00001 GENERAL SEDE&#160;";4000006090;10;ZPIN;DA DE BAJA REMANENTE;;0;10;4;6/10/2025;ASIGNORELLI;1029185;BAJA OC 4500083004;1;Material No Valorado;CUMPLIDO;MR01;1;3/10/2025;10/10/2025;octubre;10132527;10;1;3/10/2025;3/10/2025;C24;;0;;0;;;;;;;;0;1;0;0;;;;0;0;;;;;0;0;;;;;;;;;0;;;;;;0;;0;0;0;0;0;0;0;0;0;0;0;0;0;;;;1;;1;;;0;3;;;3;;COMPRAS ABASTECIMIENTO
"00001 GENERAL SEDE&#160;";4000006100;10;ZPIN;COTIZAR MANT. A/A.;;0;10;4;15/10/2025;ASIGNORELLI;1013108;SERVICIO MANTENIMIENTO AA CENTRAL;24;Servicios;CUMPLIDO;MR01;1;6/10/2025;6/10/2025;octubre;10132634;10;1;6/10/2025;6/10/2025;C24;;0;;0;;;;;;;;0;24;0;0;;;;0;0;;;;;0;0;;;;;;;;;0;;;;;;0;;0;0;0;0;0;0;0;0;0;0;0;0;0;;;;1;;;1;9;0;9;;;9;;COMPRAS ABASTECIMIENTO
00005 TALLER;4000006106;10;ZPIN;PEDIDO INF MODULAR -;;0;10;4;13/10/2025;SFLORES;1012888;AMOLADORA S/DETALLE;1;Materiales genericos;CUMPLIDO;MR01;1;6/10/2025;6/10/2025;octubre;10132685;10;1;6/10/2025;6/10/2025;C27;;0;;0;;;;;;;;0;1;0;0;;;;0;0;;;;;0;0;;;;;;;;;0;;;;;;0;;0;0;0;0;0;0;0;0;0;0;0;0;0;;;;1;;;1;7;0;7;;;7;;COMPRAS ABASTECIMIENTO
00014 SISTEMAS;4000006107;10;ZPIN;Reparacion de impres;;0;10;4;13/1/2026;JBIONDI;1013031;Reparacion Epson L3110;1;Servicios;CUMPLIDO;MR01;1;6/10/2025;15/12/2025;diciembre;10132689;10;1;6/10/2025;6/10/2025;C23;;0;;0;;;;;;;;0;1;0;0;;;;0;0;;;;;0;0;;;;;;;;;0;;;;;;0;;0;0;0;0;0;0;0;0;0;0;0;0;0;;;;1;;;1;29;0;99;;;99;;COMPRAS ABASTECIMIENTO
"00001 GENERAL SEDE&#160;";4000006110;10;ZPIN;ZPI 101 679 ALQ. DIS;;0;10;4;29/10/2025;DYANEZ;1010725;BIDON DE AGUA 20 L.;140;Materiales usuales;CUMPLIDO;MM01;1;7/10/2025;21/10/2025;octubre;10132837;10;1;7/10/2025;7/10/2025;C24;;0;;0;;;;;;;;0;140;0;0;;;;0;0;;;;;0;0;;;;;;;;;0;;;;;;0;;0;0;0;0;0;0;0;0;0;0;0;0;0;;;;1;;;1;8;0;22;;;22;;COMPRAS ABASTECIMIENTO
00007 COMERCIAL OF LICITACION;4000006114;10;ZPIN;59-25 Explotación Ca;;0;10;4;20/10/2025;MBALAUZ;1012997;SUBC. VOLADURA;1;Servicios;CUMPLIDO;MR01;1;8/10/2025;17/10/2025;octubre;10132955;10;1;8/10/2025;8/10/2025;PCO;;0;;0;;;;;;;;0;1;0;0;;;;0;0;;;;;0;0;;;;;;;;;0;;;;;;0;;0;0;0;0;0;0;0;0;0;0;0;0;0;;;;1;;;1;3;0;12;;;12;;SIN GC
00007 COMERCIAL OF LICITACION;4000006123;10;ZPIN;25/28 OLDELVAL EPC U;;0;10;4;20/10/2025;EBENSI;1012782;ACCESORIOS S/LISTADO ADJUNTO;1;Materiales genericos;CUMPLIDO;MR01;1;12/10/2025;16/10/2025;octubre;10133165;10;1;12/10/2025;12/10/2025;PCO;;0;;0;;;;;;;;0;1;0;0;;;;0;0;;;;;0;0;;;;;;;;;0;;;;;;0;;0;0;0;0;0;0;0;0;0;0;0;0;0;;;;1;;;1;4;0;8;;;8;;SIN GC
00005 TALLER;4000006124;10;ZPIN;PEDIDO INFORMACION -;;0;10;4;24/10/2025;SFLORES;1012888;PINZA ARCAIR K4000;1;Materiales genericos;CUMPLIDO;MR01;1;13/10/2025;13/10/2025;octubre;10133210;10;1;13/10/2025;13/10/2025;C27;;0;;0;;;;;;;;0;1;0;0;;;;0;0;;;;;0;0;;;;;;;;;0;;;;;;0;;0;0;0;0;0;0;0;0;0;0;0;0;0;;;;1;;;1;11;0;11;;;11;;COMPRAS ABASTECIMIENTO
00007 COMERCIAL OF LICITACION;4000006127;10;ZPIN;25/28 OLDELVAL EPC U;;0;10;4;14/10/2025;EBENSI;1012784;PERFILES ACERO Y GRAMPAS U S/DET;1;Materiales genericos;CUMPLIDO;MR01;1;13/10/2025;16/10/2025;octubre;10133236;10;1;13/10/2025;13/10/2025;C09;;0;;0;;;;;;;;0;1;0;0;;;;0;0;;;;;0;0;;;;;;;;;0;;;;;;0;;0;0;0;0;0;0;0;0;0;0;0;0;0;;;;1;;1;;;0;1;;;1;;COMPRAS ABASTECIMIENTO
00007 COMERCIAL OF LICITACION;4000006129;10;ZPIN;25/28 OLDELVAL EPC U;;0;10;4;20/10/2025;EBENSI;1012585;GALPON METALICO S/PLANOS ADJUNTOS;1;Materiales genericos;CUMPLIDO;MR01;1;13/10/2025;16/10/2025;octubre;10133239;10;1;13/10/2025;13/10/2025;PCO;;0;;0;;;;;;;;0;1;0;0;;;;0;0;;;;;0;0;;;;;;;;;0;;;;;;0;;0;0;0;0;0;0;0;0;0;0;0;0;0;;;;1;;;1;4;0;7;;;7;;SIN GC
00007 COMERCIAL OF LICITACION;4000006132;10;ZPIN;25/28 OLDELVAL EPC U;;0;10;4;16/10/2025;EBENSI;1013007;SUBCONTRATO DE INGENIERIA S/DETALLE;1;Servicios;CUMPLIDO;MR01;1;14/10/2025;21/10/2025;octubre;10133338;10;1;14/10/2025;14/10/2025;C26;;0;;0;;;;;;;;0;1;0;0;;;;0;0;;;;;0;0;;;;;;;;;0;;;;;;0;;0;0;0;0;0;0;0;0;0;0;0;0;0;;;;1;;1;;;0;2;;;2;;COMPRAS ABASTECIMIENTO
00007 COMERCIAL OF LICITACION;4000006138;10;ZPIN;25.57 Newmont - Cerr;;0;10;4;29/10/2025;LAFFATATO;1012616;Cabezales de  H°  caños corrugados;1;Materiales genericos;CUMPLIDO;MR01;1;16/10/2025;28/10/2025;octubre;10133533;10;1;16/10/2025;16/10/2025;PCO;;0;;0;;;;;;;;0;1;0;0;;;;0;0;;;;;0;0;;;;;;;;;0;;;;;;0;;0;0;0;0;0;0;0;0;0;0;0;0;0;;;;1;;;1;1;0;13;;;13;;SIN GC
"00001 GENERAL SEDE&#160;";4000006141;10;ZPIN;PM 101 581 BAJA OC 9;;0;10;4;17/10/2025;DYANEZ;1029185;BAJA  OC 4500096249 DESAGOTE PILETA LAV;1;Material No Valorado;CUMPLIDO;MM01;1;16/10/2025;16/10/2025;octubre;10133575;10;1;16/10/2025;16/10/2025;C24;;0;;0;;;;;;;;0;1;0;0;;;;0;0;;;;;0;0;;;;;;;;;0;;;;;;0;;0;0;0;0;0;0;0;0;0;0;0;0;0;;;;1;;;1;1;0;1;;;1;;COMPRAS ABASTECIMIENTO
00007 COMERCIAL OF LICITACION;4000006156;10;ZPIN;58/25 -DUPLICAR NORT;;0;10;4;27/10/2025;GBACCELLI;1012799;Borne Phoenix Contact TB 4I MS;19;Materiales genericos;CUMPLIDO;MR01;1;22/10/2025;31/10/2025;octubre;10134113;10;1;22/10/2025;22/10/2025;PCO;;0;;0;;;;;;;;0;19;0;0;;;;0;0;;;;;0;0;;;;;;;;;0;;;;;;0;;0;0;0;0;0;0;0;0;0;0;0;0;0;;;;1;;1;;;0;5;;;5;;SIN GC
00007 COMERCIAL OF LICITACION;4000006157;10;ZPIN;58/25 -DUPLICAR NORT;;0;10;4;27/10/2025;GBACCELLI;1012799;Procesador CompactLogix 1769-L24ER-QBFC1;1;Materiales genericos;CUMPLIDO;MR01;1;22/10/2025;31/10/2025;octubre;10134115;10;1;22/10/2025;22/10/2025;PCO;;0;;0;;;;;;;;0;1;0;0;;;;0;0;;;;;0;0;;;;;;;;;0;;;;;;0;;0;0;0;0;0;0;0;0;0;0;0;0;0;;;;1;;1;;;0;5;;;5;;SIN GC
00007 COMERCIAL OF LICITACION;4000006158;10;ZPIN;58/25 -DUPLICAR NORT;;0;10;4;3/11/2025;GBACCELLI;1012799;Switch Ethernet Cisco IE3000-4TC;1;Materiales genericos;CUMPLIDO;MR01;1;22/10/2025;31/10/2025;octubre;10134116;10;1;22/10/2025;22/10/2025;PCO;;0;;0;;;;;;;;0;1;0;0;;;;0;0;;;;;0;0;;;;;;;;;0;;;;;;0;;0;0;0;0;0;0;0;0;0;0;0;0;0;;;;1;;;1;3;0;12;;;12;;SIN GC
00008 ABASTECIMIENTO;4000006162;10;ZPIN;ZPIN S/ ADJUNTO;;0;10;4;14/11/2025;ASIGNORELLI;1012896;MAZA VOLEO 7KG C/CABO MADERA;1;Materiales genericos;CUMPLIDO;MR01;1;23/10/2025;30/10/2025;octubre;10134180;10;1;23/10/2025;23/10/2025;C27;;0;;0;;;;;;;;0;1;0;0;;;;0;0;;;;;0;0;;;;;;;;;0;;;;;;0;;0;0;0;0;0;0;0;0;0;0;0;0;0;;;;1;;;1;15;0;22;;;22;;COMPRAS ABASTECIMIENTO
00005 TALLER;4000006166;10;ZPIN;PEDIDO INF - 46824;;0;10;4;28/10/2025;SFLORES;1015947;AT360385 - BOMBA HIDRAULICA;1;Materiales genericos;CUMPLIDO;MR01;1;24/10/2025;24/10/2025;octubre;10134254;10;1;24/10/2025;24/10/2025;C03;;0;;0;;;;;;;;0;1;0;0;;;;0;0;;;;;0;0;;;;;;;;;0;;;;;;0;;0;0;0;0;0;0;0;0;0;0;0;0;0;;;;1;;;1;4;0;4;;;4;;COMPRAS EQUIPOS
00007 COMERCIAL OF LICITACION;4000006167;10;ZPIN;25.60 OLDELVAL-Salit;;0;10;4;11/11/2025;LAFFATATO;1011483;Caseta;1;Materiales usuales;CUMPLIDO;MR01;1;24/10/2025;3/11/2025;noviembre;10134259;10;1;24/10/2025;24/10/2025;PCO;;0;;0;;;;;;;;0;1;0;0;;;;0;0;;;;;0;0;;;;;;;;;0;;;;;;0;;0;0;0;0;0;0;0;0;0;0;0;0;0;;;;1;;;1;8;0;18;;;18;;SIN GC
00008 ABASTECIMIENTO;4000006168;10;ZPIN;FLETE P/ URGENCIAS;;0;10;4;26/12/2025;ASIGNORELLI;1012981;FLETE DE SEDE ROSARIO A BASE SALTA;1;Servicios;CUMPLIDO;MR01;1;24/10/2025;10/11/2025;noviembre;10134264;10;1;24/10/2025;24/10/2025;C15;;0;;0;;;;;;;;0;1;0;0;;;;0;0;;;;;0;0;;;;;;;;;0;;;;;;0;;0;0;0;0;0;0;0;0;0;0;0;0;0;;;;1;;;1;46;0;63;;;63;;COMPRAS ABASTECIMIENTO
0004 SERVICIO TECNICO PROYECTO;4000006169;10;ZPIN;83002 - CONSULTA TEC;;0;10;4;27/10/2025;REGONZALEZ;1015947;Tecla Levantavidrios Derecho MBZ Atego;1;Materiales genericos;CUMPLIDO;MR01;1;24/10/2025;24/10/2025;octubre;10134276;10;1;24/10/2025;24/10/2025;C03;;0;;0;;;;;;;;0;1;0;0;;;;0;0;;;;;0;0;;;;;;;;;0;;;;;;0;;0;0;0;0;0;0;0;0;0;0;0;0;0;;;;1;;;1;3;0;3;;;3;;COMPRAS EQUIPOS
00007 COMERCIAL OF LICITACION;4000006170;10;ZPIN;25.60 - OLDELVAL Cam;;0;10;4;31/10/2025;EPAONE;1012896;"MANTAS TERMOCONTRAIBLES Ø14"" HTLP60/B";135;Materiales genericos;CUMPLIDO;MR01;1;24/10/2025;7/11/2025;noviembre;10134278;10;1;24/10/2025;24/10/2025;PCO;;0;;0;;;;;;;;0;135;0;0;;;;0;0;;;;;0;0;;;;;;;;;0;;;;;;0;;0;0;0;0;0;0;0;0;0;0;0;0;0;;;;1;;1;;;0;7;;;7;;SIN GC
00007 COMERCIAL OF LICITACION;4000006171;10;ZPIN;25.60 - OLDELVAL Cam;;0;10;4;31/10/2025;EPAONE;1022295;PLANTA TRATAMIENTO DE EFLUENTES CLOACAL;1;Servicios;CUMPLIDO;MR01;1;24/10/2025;7/11/2025;noviembre;10134283;10;1;24/10/2025;24/10/2025;PCO;;0;;0;;;;;;;;0;1;0;0;;;;0;0;;;;;0;0;;;;;;;;;0;;;;;;0;;0;0;0;0;0;0;0;0;0;0;0;0;0;;;;1;;1;;;0;7;;;7;;SIN GC
00007 COMERCIAL OF LICITACION;4000006172;10;ZPIN;25.60 - OLDELVAL Cam;;0;10;4;3/11/2025;EBENSI;1042362;SUBCONTRATO CRUCE DIRIGIDO HDD;1;Servicios;CUMPLIDO;MR01;1;24/10/2025;7/11/2025;noviembre;10134289;10;1;24/10/2025;24/10/2025;PCO;;0;;0;;;;;;;;0;1;0;0;;;;0;0;;;;;0;0;;;;;;;;;0;;;;;;0;;0;0;0;0;0;0;0;0;0;0;0;0;0;;;;1;;1;;;0;10;;;10;;SIN GC
00007 COMERCIAL OF LICITACION;4000006175;10;ZPIN;25.60 - OLDELVAL Cam;;0;10;4;31/10/2025;EPAONE;1022295;SERVICIO TRANSPORTE SEMIREMOLQUE;6;Servicios;CUMPLIDO;MR01;1;27/10/2025;7/11/2025;noviembre;10134431;10;1;27/10/2025;27/10/2025;PCO;;0;;0;;;;;;;;0;6;0;0;;;;0;0;;;;;0;0;;;;;;;;;0;;;;;;0;;0;0;0;0;0;0;0;0;0;0;0;0;0;;;;1;;1;;;0;4;;;4;;SIN GC
00007 COMERCIAL OF LICITACION;4000006177;10;ZPIN;25.60 - OLDELVAL Cam;;0;10;4;5/11/2025;EPAONE;1022295;MODULOS OFICINAS;2;Servicios;CUMPLIDO;MR01;1;28/10/2025;7/11/2025;noviembre;10134498;10;1;28/10/2025;28/10/2025;C03;;0;;0;;;;;;;;0;2;0;0;;;;0;0;;;;;0;0;;;;;;;;;0;;;;;;0;;0;0;0;0;0;0;0;0;0;0;0;0;0;;;;1;;1;;;0;8;;;8;;COMPRAS EQUIPOS
00007 COMERCIAL OF LICITACION;4000006178;10;ZPIN;25.61 - Fenix TX - S;;0;10;4;3/11/2025;NCARUSO;1010160;Suelo Seleccionado p/relleno(135000m3);95000;Materiales usuales;CUMPLIDO;MR01;1;28/10/2025;4/11/2025;noviembre;10134523;10;1;28/10/2025;28/10/2025;PCO;;0;;0;;;;;;;;0;95000;0;0;;;;0;0;;;;;0;0;;;;;;;;;0;;;;;;0;;0;0;0;0;0;0;0;0;0;0;0;0;0;;;;1;;1;;;0;6;;;6;;SIN GC
00005 TALLER;4000006179;10;ZPIN;PEDIDO INF - 44021;;0;10;4;31/10/2025;SFLORES;1043531;TAPA DE COJINETE;1;Materiales Stock;CUMPLIDO;MR01;1;28/10/2025;28/10/2025;octubre;10134528;10;1;28/10/2025;28/10/2025;C03;;0;;0;;;;;;;;0;1;0;0;;;;0;0;;;;;0;0;;;;;;;;;0;;;;;;0;;0;0;0;0;0;0;0;0;0;0;0;0;0;;;;1;;;1;3;0;3;;;3;;COMPRAS EQUIPOS
00007 COMERCIAL OF LICITACION;4000006180;10;ZPIN;25.57 Newmont - Cerr;;0;10;4;3/11/2025;LAFFATATO;1012986;Cerco olímpico s/especificaciones;1;Servicios;CUMPLIDO;MR01;1;28/10/2025;31/10/2025;octubre;10134579;10;1;28/10/2025;28/10/2025;PCO;;0;;0;;;;;;;;0;1;0;0;;;;0;0;;;;;0;0;;;;;;;;;0;;;;;;0;;0;0;0;0;0;0;0;0;0;0;0;0;0;;;;1;;;1;3;0;6;;;6;;SIN GC
00007 COMERCIAL OF LICITACION;4000006182;10;ZPIN;59-25 Explotación Ca;;0;10;4;30/10/2025;MBALAUZ;1001782;GASOIL P OBRA XLT;1;Materiales Stock;CUMPLIDO;MR01;1;29/10/2025;31/10/2025;octubre;10134658;10;1;29/10/2025;29/10/2025;C21;;0;;0;;;;;;;;0;1;0;0;;;;0;0;;;;;0;0;;;;;;;;;0;;;;;;0;;0;0;0;0;0;0;0;0;0;0;0;0;0;;;;1;;1;;;0;1;;;1;;COMPRAS ABASTECIMIENTO
00007 COMERCIAL OF LICITACION;4000006184;10;ZPIN;25.60 - OLDELVAL Cam;;0;10;4;11/11/2025;EPAONE;1022295;VIANDAS;40;Servicios;CUMPLIDO;MR01;1;29/10/2025;7/11/2025;noviembre;10134684;10;1;29/10/2025;29/10/2025;PCO;;0;;0;;;;;;;;0;40;0;0;;;;0;0;;;;;0;0;;;;;;;;;0;;;;;;0;;0;0;0;0;0;0;0;0;0;0;0;0;0;;;;1;;;1;4;0;13;;;13;;SIN GC
00007 COMERCIAL OF LICITACION;4000006185;10;ZPIN;25.60 - OLDELVAL Cam;;0;10;4;11/11/2025;EPAONE;1022295;BIDON AGUA 20 LITRO;75;Servicios;CUMPLIDO;MR01;1;29/10/2025;7/11/2025;noviembre;10134688;10;1;29/10/2025;29/10/2025;PCO;;0;;0;;;;;;;;0;75;0;0;;;;0;0;;;;;0;0;;;;;;;;;0;;;;;;0;;0;0;0;0;0;0;0;0;0;0;0;0;0;;;;1;;;1;4;0;13;;;13;;SIN GC
00007 COMERCIAL OF LICITACION;4000006186;10;ZPIN;25.60 - OLDELVAL Cam;;0;10;4;31/10/2025;EPAONE;1022295;EXAMENES PREOCUPACIONALES;40;Servicios;CUMPLIDO;MR01;1;29/10/2025;7/11/2025;noviembre;10134690;10;1;29/10/2025;29/10/2025;PCO;;0;;0;;;;;;;;0;40;0;0;;;;0;0;;;;;0;0;;;;;;;;;0;;;;;;0;;0;0;0;0;0;0;0;0;0;0;0;0;0;;;;1;;1;;;0;2;;;2;;SIN GC
00007 COMERCIAL OF LICITACION;4000006187;10;ZPIN;25.60 - OLDELVAL Cam;;0;10;4;11/11/2025;EPAONE;1022295;TRANSPORTE DE PERSONAL;1;Servicios;CUMPLIDO;MR01;1;29/10/2025;7/11/2025;noviembre;10134691;10;1;29/10/2025;29/10/2025;PCO;;0;;0;;;;;;;;0;1;0;0;;;;0;0;;;;;0;0;;;;;;;;;0;;;;;;0;;0;0;0;0;0;0;0;0;0;0;0;0;0;;;;1;;;1;4;0;13;;;13;;SIN GC
00007 COMERCIAL OF LICITACION;4000006189;10;ZPIN;25.60 - OLDELVAL Cam;;0;10;4;11/11/2025;EPAONE;1012782;MATERIALES PIPING S/ADJUNTO;1;Materiales genericos;CUMPLIDO;MR01;1;29/10/2025;7/11/2025;noviembre;10134693;10;1;29/10/2025;29/10/2025;PCO;;0;;0;;;;;;;;0;1;0;0;;;;0;0;;;;;0;0;;;;;;;;;0;;;;;;0;;0;0;0;0;0;0;0;0;0;0;0;0;0;;;;1;;;1;4;0;13;;;13;;SIN GC
00007 COMERCIAL OF LICITACION;4000006191;10;ZPIN;25.61 - Fenix TX - S;;0;10;4;3/11/2025;NCARUSO;1025934;Ver Adjunto Baño Quimico;16;Servicios;CUMPLIDO;MR01;1;30/10/2025;4/11/2025;noviembre;10134710;10;1;30/10/2025;30/10/2025;PCO;;0;;0;;;;;;;;0;16;0;0;;;;0;0;;;;;0;0;;;;;;;;;0;;;;;;0;;0;0;0;0;0;0;0;0;0;0;0;0;0;;;;1;;1;;;0;4;;;4;;SIN GC
00005 TALLER;4000006194;10;ZPIN;CHECK POINT EQP VIAL;;0;10;4;11/11/2025;EDVEDOVA;1015947;VER ANEXO;1;Materiales genericos;CUMPLIDO;MR01;1;30/10/2025;30/10/2025;octubre;10134788;10;1;30/10/2025;30/10/2025;C03;;0;;0;;;;;;;;0;1;0;0;;;;0;0;;;;;0;0;;;;;;;;;0;;;;;;0;;0;0;0;0;0;0;0;0;0;0;0;0;0;;;;1;;;1;12;0;12;;;12;;COMPRAS EQUIPOS
00007 COMERCIAL OF LICITACION;4000006197;10;ZPIN;25.60 - OLDELVAL Cam;;0;10;4;3/11/2025;EPAONE;1022295;SERVICIO TRANSPORTE SEMIREMOLQUE;4;Servicios;CUMPLIDO;MR01;1;31/10/2025;7/11/2025;noviembre;10134889;10;1;31/10/2025;31/10/2025;PCO;;0;;0;;;;;;;;0;4;0;0;;;;0;0;;;;;0;0;;;;;;;;;0;;;;;;0;;0;0;0;0;0;0;0;0;0;0;0;0;0;;;;1;;1;;;0;3;;;3;;SIN GC
00005 TALLER;4000006202;10;ZPIN;PEDIDO INF - 71188;;0;10;4;5/11/2025;SFLORES;1015947;RGR7373000159 - JUEGO CILINDRO;1;Materiales genericos;CUMPLIDO;MR01;1;3/11/2025;3/11/2025;noviembre;10134952;10;1;3/11/2025;3/11/2025;C03;;0;;0;;;;;;;;0;1;0;0;;;;0;0;;;;;0;0;;;;;;;;;0;;;;;;0;;0;0;0;0;0;0;0;0;0;0;0;0;0;;;;1;;;1;2;0;2;;;2;;COMPRAS EQUIPOS
00007 COMERCIAL OF LICITACION;4000006203;10;ZPIN;25.60 - OLDELVAL Cam;;0;10;4;14/11/2025;EPAONE;1012995;ENSAYOS NO DESTRUCTIVOS;1;Servicios;CUMPLIDO;MR01;1;3/11/2025;7/11/2025;noviembre;10135022;10;1;3/11/2025;3/11/2025;PCO;;0;;0;;;;;;;;0;1;0;0;;;;0;0;;;;;0;0;;;;;;;;;0;;;;;;0;;0;0;0;0;0;0;0;0;0;0;0;0;0;;;;1;;;1;7;0;11;;;11;;SIN GC
00014 SISTEMAS;4000006204;10;ZPIN;Compra de impresoras;;0;10;4;4/11/2025;JBIONDI;1013315;Ricoh IM460F;1;Materiales Sistemas;CUMPLIDO;MR01;1;3/11/2025;3/11/2025;noviembre;10135037;10;1;3/11/2025;3/11/2025;C05;;0;;0;;;;;;;;0;1;0;0;;;;0;0;;;;;0;0;;;;;;;;;0;;;;;;0;;0;0;0;0;0;0;0;0;0;0;0;0;0;;;;1;;;1;1;0;1;;;1;;SIN GC
00005 TALLER;4000006208;10;ZPIN;INF - PR TURBO 46824;;0;10;4;21/11/2025;SFLORES;1047819;REP.TURBOCOMPRESOR JD;1;Materiales Stock;CUMPLIDO;MR01;1;4/11/2025;4/11/2025;noviembre;10135111;10;1;4/11/2025;4/11/2025;C38;;0;;0;;;;;;;;0;1;0;0;;;;0;0;;;;;0;0;;;;;;;;;0;;;;;;0;;0;0;0;0;0;0;0;0;0;0;0;0;0;;;;1;;;1;17;0;17;;;17;;COMPRAS EQUIPOS
00008 ABASTECIMIENTO;4000006211;10;ZPIN;DESARROLLAR PROVEEDO;;0;10;4;7/11/2025;GHERNANDEZ;1013141;SERVICIO DE INTERNET XDIA;360;Servicios;CUMPLIDO;MR01;1;4/11/2025;4/12/2025;diciembre;10135157;10;1;4/11/2025;4/11/2025;PCO;;0;;0;;;;;;;;0;360;0;0;;;;0;0;;;;;0;0;;;;;;;;;0;;;;;;0;;0;0;0;0;0;0;0;0;0;0;0;0;0;;;;1;;1;;;0;3;;;3;;SIN GC
00014 SISTEMAS;4000006215;10;ZPIN;Cotizacion de PC y m;;0;10;4;10/11/2025;JBIONDI;1013320;Monitor 22 pulgadas Lenovo o Samsung;1;Materiales Sistemas;CUMPLIDO;MR01;1;5/11/2025;5/11/2025;noviembre;10135250;10;1;5/11/2025;5/11/2025;C05;;0;;0;;;;;;;;0;1;0;0;;;;0;0;;;;;0;0;;;;;;;;;0;;;;;;0;;0;0;0;0;0;0;0;0;0;0;0;0;0;;;;1;;;1;5;0;5;;;5;;SIN GC
"00001 GENERAL SEDE&#160;";4000006218;10;ZPIN;;;0;10;4;19/11/2025;DYANEZ;1013104;ALQUILER DE CONTENEDORES RESIDUOS;24;Servicios;CUMPLIDO;MM01;1;6/11/2025;20/11/2025;noviembre;10135282;10;1;6/11/2025;6/11/2025;C24;;0;;0;;;;;;;;0;24;0;0;;;;0;0;;;;;0;0;;;;;;;;;0;;;;;;0;;0;0;0;0;0;0;0;0;0;0;0;0;0;;;;1;;1;;;0;13;;;13;;COMPRAS ABASTECIMIENTO
00007 COMERCIAL OF LICITACION;4000006219;10;ZPIN;63-25 EXPLOTACION DE;;0;10;4;7/11/2025;EBLASI;1013116;VIANDA ALMUERZO PUESTA EN OBRA XUN;5808;Servicios;CUMPLIDO;MR01;1;6/11/2025;11/11/2025;noviembre;10135301;10;1;6/11/2025;6/11/2025;PCO;;0;;0;;;;;;;;0;5808;0;0;;;;0;0;;;;;0;0;;;;;;;;;0;;;;;;0;;0;0;0;0;0;0;0;0;0;0;0;0;0;;;;1;;1;;;0;1;;;1;;SIN GC
00007 COMERCIAL OF LICITACION;4000006221;10;ZPIN;63-25 EXPLOTACION DE;;0;10;4;11/11/2025;EBLASI;1011236;GASOIL DIESEL 500;1;Materiales usuales;CUMPLIDO;MR01;1;6/11/2025;11/11/2025;noviembre;10135316;10;1;6/11/2025;6/11/2025;PCO;;0;;0;;;;;;;;0;1;0;0;;;;0;0;;;;;0;0;;;;;;;;;0;;;;;;0;;0;0;0;0;0;0;0;0;0;0;0;0;0;;;;1;;1;;;0;5;;;5;;SIN GC
00007 COMERCIAL OF LICITACION;4000006222;10;ZPIN;63-25 EXPLOTACION DE;;0;10;4;7/11/2025;EBLASI;1001773;CHALECOMICROPERFAMARILLOCONREFLECTIVO;44;Materiales Stock;CUMPLIDO;MR01;1;6/11/2025;11/11/2025;noviembre;10135317;10;1;6/11/2025;6/11/2025;C28;;0;;0;;;;;;;;0;44;0;0;;;;0;0;;;;;0;0;;;;;;;;;0;;;;;;0;;0;0;0;0;0;0;0;0;0;0;0;0;0;;;;1;;1;;;0;1;;;1;;COMPRAS ABASTECIMIENTO
00007 COMERCIAL OF LICITACION;4000006223;10;ZPIN;63-25 EXPLOTACION DE;;0;10;4;7/11/2025;EBLASI;1013047;INSTALACION PLANTA DE EFLUENTES;1;Servicios;CUMPLIDO;MR01;1;6/11/2025;11/11/2025;noviembre;10135318;10;1;6/11/2025;6/11/2025;PCO;;0;;0;;;;;;;;0;1;0;0;;;;0;0;;;;;0;0;;;;;;;;;0;;;;;;0;;0;0;0;0;0;0;0;0;0;0;0;0;0;;;;1;;1;;;0;1;;;1;;SIN GC
00007 COMERCIAL OF LICITACION;4000006224;10;ZPIN;63-25 EXPLOTACION DE;;0;10;4;7/11/2025;EBLASI;1013133;ALQUILER BANO QUIMICO SIN LAVAMANOS XDIA;730;Servicios;CUMPLIDO;MR01;1;6/11/2025;6/11/2025;noviembre;10135319;10;1;6/11/2025;6/11/2025;PCO;;0;;0;;;;;;;;0;730;0;0;;;;0;0;;;;;0;0;;;;;;;;;0;;;;;;0;;0;0;0;0;0;0;0;0;0;0;0;0;0;;;;1;;;1;1;0;1;;;1;;SIN GC
00007 COMERCIAL OF LICITACION;4000006225;10;ZPIN;63-25 EXPLOTACION DE;;0;10;4;7/11/2025;EBLASI;1013141;SERVICIO DE INTERNET XDIA;365;Servicios;CUMPLIDO;MR01;1;6/11/2025;11/11/2025;noviembre;10135322;10;1;6/11/2025;6/11/2025;PCO;;0;;0;;;;;;;;0;365;0;0;;;;0;0;;;;;0;0;;;;;;;;;0;;;;;;0;;0;0;0;0;0;0;0;0;0;0;0;0;0;;;;1;;1;;;0;1;;;1;;SIN GC
00005 TALLER;4000006226;10;ZPIN;PEDIDO INF - 71188;;0;10;1;11/11/2025;SFLORES;1015947;RAMPA DE INYECCION;1;Materiales genericos;CUMPLIDO;MR01;1;6/11/2025;6/11/2025;noviembre;10135340;10;1;6/11/2025;6/11/2025;C03;;0;;0;;;;;;;;0;1;0;0;;;;0;0;;;;;0;0;;;;;;;;;0;;;;;;0;;0;0;0;0;0;0;0;0;0;0;0;0;0;;;;1;;;1;5;0;5;;;5;;COMPRAS EQUIPOS
00007 COMERCIAL OF LICITACION;4000006227;10;ZPIN;25.57 Newmont - Cerr;;0;10;4;7/11/2025;LAFFATATO;1011268;Ensayos de geomembrana HDPE 1,5mm;1;Materiales usuales;CUMPLIDO;MR01;1;6/11/2025;12/11/2025;noviembre;10135341;10;1;6/11/2025;6/11/2025;PCO;;0;;0;;;;;;;;0;1;0;0;;;;0;0;;;;;0;0;;;;;;;;;0;;;;;;0;;0;0;0;0;0;0;0;0;0;0;0;0;0;;;;1;;1;;;0;1;;;1;;SIN GC
00005 TALLER;4000006228;10;ZPIN;PEDIDO INF - 33024;;0;10;4;11/11/2025;SFLORES;1047847;TUBO PRESION DE COMBUSTIBLE;1;Materiales Stock;CUMPLIDO;MR01;1;6/11/2025;6/11/2025;noviembre;10135342;10;1;6/11/2025;6/11/2025;C03;;0;;0;;;;;;;;0;1;0;0;;;;0;0;;;;;0;0;;;;;;;;;0;;;;;;0;;0;0;0;0;0;0;0;0;0;0;0;0;0;;;;1;;;1;5;0;5;;;5;;COMPRAS EQUIPOS
00007 COMERCIAL OF LICITACION;4000006229;10;ZPIN;25.57 Newmont - Cerr;;0;10;4;14/11/2025;LAFFATATO;1012611;Cabezal y estructura de descarga s/plano;1;Materiales genericos;CUMPLIDO;MR01;1;6/11/2025;12/11/2025;noviembre;10135353;10;1;6/11/2025;6/11/2025;PCO;;0;;0;;;;;;;;0;1;0;0;;;;0;0;;;;;0;0;;;;;;;;;0;;;;;;0;;0;0;0;0;0;0;0;0;0;0;0;0;0;;;;1;;;1;2;0;8;;;8;;SIN GC
"00001 GENERAL SEDE&#160;";4000006230;10;ZPIN;PM 101 692 ANALISIS;;0;10;4;3/12/2025;DYANEZ;1013049;ANALISIS PLANTA DE EFLUENTES;1;Servicios;CUMPLIDO;MM01;1;7/11/2025;15/12/2025;diciembre;10135434;10;1;7/11/2025;7/11/2025;C25;;0;;0;;;;;;;;0;1;0;0;;;;0;0;;;;;0;0;;;;;;;;;0;;;;;;0;;0;0;0;0;0;0;0;0;0;0;0;0;0;;;;1;;1;;;0;26;;;26;;COMPRAS ABASTECIMIENTO
00005 TALLER;4000006232;10;ZPIN;PEDIDO INF - GRUA TE;;0;10;4;11/11/2025;SFLORES;1015947;NRPTX7086449 - FILTRO HIDRAULICO TEREX R;1;Materiales genericos;CUMPLIDO;MR01;1;8/11/2025;8/11/2025;noviembre;10135487;10;1;8/11/2025;8/11/2025;C03;;0;;0;;;;;;;;0;1;0;0;;;;0;0;;;;;0;0;;;;;;;;;0;;;;;;0;;0;0;0;0;0;0;0;0;0;0;0;0;0;;;;1;;;1;3;0;3;;;3;;COMPRAS EQUIPOS
00005 TALLER;4000006235;10;ZPIN;PEDIDO INF 46824 - E;;0;10;4;21/11/2025;SFLORES;1015947;EVALUAR REPARAC. DIFERENCIAL(AGRONORTE);1;Materiales genericos;CUMPLIDO;MR01;1;10/11/2025;10/11/2025;noviembre;10135530;10;1;10/11/2025;10/11/2025;C38;;0;;0;;;;;;;;0;1;0;0;;;;0;0;;;;;0;0;;;;;;;;;0;;;;;;0;;0;0;0;0;0;0;0;0;0;0;0;0;0;;;;1;;;1;11;0;11;;;11;;COMPRAS EQUIPOS
00007 COMERCIAL OF LICITACION;4000006237;10;ZPIN;Perforación y Carga;;0;10;4;11/11/2025;MBALAUZ;1013141;SERVICIO DE INTERNET XDIA;1;Servicios;CUMPLIDO;MR01;1;10/11/2025;12/11/2025;noviembre;10135566;10;1;10/11/2025;10/11/2025;PCO;;0;;0;;;;;;;;0;1;0;0;;;;0;0;;;;;0;0;;;;;;;;;0;;;;;;0;;0;0;0;0;0;0;0;0;0;0;0;0;0;;;;1;;1;;;0;1;;;1;;SIN GC
00005 TALLER;4000006239;10;ZPIN;PEDIDO INF - MOTOR 4;;0;10;4;11/11/2025;SFLORES;1015947;225-5501 - BULON TAPA DE CILINDRO;10;Materiales genericos;CUMPLIDO;MR01;1;10/11/2025;10/11/2025;noviembre;10135589;10;1;10/11/2025;10/11/2025;C03;;0;;0;;;;;;;;0;10;0;0;;;;0;0;;;;;0;0;;;;;;;;;0;;;;;;0;;0;0;0;0;0;0;0;0;0;0;0;0;0;;;;1;;;1;1;0;1;;;1;;COMPRAS EQUIPOS
00007 COMERCIAL OF LICITACION;4000006242;10;ZPIN;PARACEL;;0;10;4;27/11/2025;LAFFATATO;1027400;Cañería s/planilla anexa;1;Materiales usuales;CUMPLIDO;MR01;1;10/11/2025;20/11/2025;noviembre;10135601;10;1;10/11/2025;10/11/2025;PCO;;0;;0;;;;;;;;0;1;0;0;;;;0;0;;;;;0;0;;;;;;;;;0;;;;;;0;;0;0;0;0;0;0;0;0;0;0;0;0;0;;;;1;;;1;7;0;17;;;17;;SIN GC
00007 COMERCIAL OF LICITACION;4000006243;10;ZPIN;25.60 - OLDELVAL Cam;;0;10;4;20/11/2025;EPAONE;1022295;SERVICIO DE VIGILANCIA;1;Servicios;CUMPLIDO;MR01;1;10/11/2025;17/11/2025;noviembre;10135611;10;1;10/11/2025;10/11/2025;PCO;;0;;0;;;;;;;;0;1;0;0;;;;0;0;;;;;0;0;;;;;;;;;0;;;;;;0;;0;0;0;0;0;0;0;0;0;0;0;0;0;;;;1;;;1;3;0;10;;;10;;SIN GC
00007 COMERCIAL OF LICITACION;4000006244;10;ZPIN;;;0;10;4;12/11/2025;NCARUSO;1011263;Geotextil no tejido: 200gr/cm2 - 100% po;14600;Materiales usuales;CUMPLIDO;MR01;1;10/11/2025;17/11/2025;noviembre;10135612;10;1;10/11/2025;10/11/2025;PCO;;0;;0;;;;;;;;0;14600;0;0;;;;0;0;;;;;0;0;;;;;;;;;0;;;;;;0;;0;0;0;0;0;0;0;0;0;0;0;0;0;;;;1;;1;;;0;2;;;2;;SIN GC
00007 COMERCIAL OF LICITACION;4000006246;10;ZPIN;25.60 - OLDELVAL Cam;;0;10;4;20/11/2025;EPAONE;1022295;SERVICIO DE AMBULANCIA;1;Servicios;CUMPLIDO;MR01;1;10/11/2025;18/11/2025;noviembre;10135617;10;1;10/11/2025;10/11/2025;PCO;;0;;0;;;;;;;;0;1;0;0;;;;0;0;;;;;0;0;;;;;;;;;0;;;;;;0;;0;0;0;0;0;0;0;0;0;0;0;0;0;;;;1;;;1;2;0;10;;;10;;SIN GC
00007 COMERCIAL OF LICITACION;4000006247;10;ZPIN;;;0;10;4;12/11/2025;NCARUSO;1022295;Pilotes hincados premoldeados;57;Servicios;CUMPLIDO;MR01;1;10/11/2025;17/11/2025;noviembre;10135618;10;1;10/11/2025;10/11/2025;PCO;;0;;0;;;;;;;;0;57;0;0;;;;0;0;;;;;0;0;;;;;;;;;0;;;;;;0;;0;0;0;0;0;0;0;0;0;0;0;0;0;;;;1;;1;;;0;2;;;2;;SIN GC
00010 LOGISTICA;4000006250;10;ZPIN;PLACAS IDENTIFICATOR;;0;10;4;28/11/2025;LMANSILLA;1015947;PLACA IDENT GRABADOS LASER - GUINDOLA;10;Materiales genericos;CUMPLIDO;MR01;1;11/11/2025;11/11/2025;noviembre;10135660;10;1;11/11/2025;11/11/2025;C03;;0;;0;;;;;;;;0;10;0;0;;;;0;0;;;;;0;0;;;;;;;;;0;;;;;;0;;0;0;0;0;0;0;0;0;0;0;0;0;0;;;;1;;;1;17;0;17;;;17;;COMPRAS EQUIPOS
00006 CONSTRUCTORA;4000006251;10;ZPIN;3° LOOP YPF;;0;10;4;12/11/2025;GLOPEZ;1013007;SUBC. DE INGENIERIA;1;Servicios;CUMPLIDO;MR01;1;11/11/2025;13/11/2025;noviembre;10135707;10;1;11/11/2025;11/11/2025;PCO;;0;;0;;;;;;;;0;1;0;0;;;;0;0;;;;;0;0;;;;;;;;;0;;;;;;0;;0;0;0;0;0;0;0;0;0;0;0;0;0;;;;1;;1;;;0;1;;;1;;SIN GC
00007 COMERCIAL OF LICITACION;4000006252;10;ZPIN;25.50 - Techint - Fe;;0;10;4;18/11/2025;NCARUSO;1012894;Lamina de polietileno e menor a 0.25mm;54600;Materiales genericos;CUMPLIDO;MR01;1;11/11/2025;17/11/2025;noviembre;10135725;10;1;11/11/2025;11/11/2025;C27;;0;;0;;;;;;;;0;54600;0;0;;;;0;0;;;;;0;0;;;;;;;;;0;;;;;;0;;0;0;0;0;0;0;0;0;0;0;0;0;0;;;;1;;;1;1;0;7;;;7;;COMPRAS ABASTECIMIENTO
00006 CONSTRUCTORA;4000006253;10;ZPIN;3° LOOP YPF;;0;10;4;12/11/2025;GLOPEZ;1012807;CAUDALÍMETRO MÁSICO CORIOLIS CLIPONT;2;Materiales genericos;CUMPLIDO;MR01;1;11/11/2025;13/11/2025;noviembre;10135726;10;1;11/11/2025;11/11/2025;PCO;;0;;0;;;;;;;;0;2;0;0;;;;0;0;;;;;0;0;;;;;;;;;0;;;;;;0;;0;0;0;0;0;0;0;0;0;0;0;0;0;;;;1;;1;;;0;1;;;1;;SIN GC
00007 COMERCIAL OF LICITACION;4000006254;10;ZPIN;25.50 - Techint - Fe;;0;10;4;18/11/2025;NCARUSO;1012818;ver detalle;40;Materiales genericos;CUMPLIDO;MR01;1;11/11/2025;17/11/2025;noviembre;10135727;10;1;11/11/2025;11/11/2025;PCO;;0;;0;;;;;;;;0;40;0;0;;;;0;0;;;;;0;0;;;;;;;;;0;;;;;;0;;0;0;0;0;0;0;0;0;0;0;0;0;0;;;;1;;;1;1;0;7;;;7;;SIN GC
00007 COMERCIAL OF LICITACION;4000006256;10;ZPIN;25.60 - OLDELVAL Cam;;0;10;4;26/11/2025;EBENSI;1012995;SUBCONTRATO VAPORIZADO CAÑERIAS;1;Servicios;CUMPLIDO;MR01;1;12/11/2025;18/11/2025;noviembre;10135776;10;1;12/11/2025;12/11/2025;PCO;;0;;0;;;;;;;;0;1;0;0;;;;0;0;;;;;0;0;;;;;;;;;0;;;;;;0;;0;0;0;0;0;0;0;0;0;0;0;0;0;;;;1;;;1;8;0;14;;;14;;SIN GC
00008 ABASTECIMIENTO;4000006257;10;ZPIN;CONTENCION ALMACEN S;;0;10;4;23/1/2026;PAPPELLA;1034248;EXTENSION BARANDA ALMACEN PA S/DETALLE;1;Servicios;CUMPLIDO;MR01;1;12/11/2025;26/11/2025;noviembre;10135797;10;1;12/11/2025;12/11/2025;C26;;0;;0;;;;;;;;0;1;0;0;;;;0;0;;;;;0;0;;;;;;;;;0;;;;;;0;;0;0;0;0;0;0;0;0;0;0;0;0;0;;;;1;;;1;58;0;72;;;72;;COMPRAS ABASTECIMIENTO
00007 COMERCIAL OF LICITACION;4000006258;10;ZPIN;PARACEL;;0;10;4;11/12/2025;LAFFATATO;1009725;Acero s/planilla anexa;1;Materiales usuales;CUMPLIDO;MR01;1;12/11/2025;24/11/2025;noviembre;10135843;10;1;12/11/2025;12/11/2025;PCO;;0;;0;;;;;;;;0;1;0;0;;;;0;0;;;;;0;0;;;;;;;;;0;;;;;;0;;0;0;0;0;0;0;0;0;0;0;0;0;0;;;;1;;;1;17;0;29;;;29;;SIN GC
00007 COMERCIAL OF LICITACION;4000006260;10;ZPIN;PARACEL;;0;10;4;4/12/2025;LAFFATATO;1042362;Subcontrato s/anexo;1;Servicios;CUMPLIDO;MR01;1;12/11/2025;26/11/2025;noviembre;10135848;10;1;12/11/2025;12/11/2025;PCO;;0;;0;;;;;;;;0;1;0;0;;;;0;0;;;;;0;0;;;;;;;;;0;;;;;;0;;0;0;0;0;0;0;0;0;0;0;0;0;0;;;;1;;;1;8;0;22;;;22;;SIN GC
"00001 GENERAL SEDE&#160;";4000006261;10;ZPIN;PM 101 695 Y9;;0;10;4;1/12/2025;DYANEZ;1013095;RECOLECCION DE RESIDUOS PELIGROSOS Y9 LT;20000;Servicios;CUMPLIDO;MM01;1;12/11/2025;26/11/2025;noviembre;10135850;10;1;12/11/2025;12/11/2025;C24;;0;;0;;;;;;;;0;20000;0;0;;;;0;0;;;;;0;0;;;;;;;;;0;;;;;;0;;0;0;0;0;0;0;0;0;0;0;0;0;0;;;;1;;;1;5;0;19;;;19;;COMPRAS ABASTECIMIENTO
00007 COMERCIAL OF LICITACION;4000006262;10;ZPIN;PARACEL;;0;10;4;28/11/2025;LAFFATATO;1012632;Adoquines de H° s/anexo;1;Materiales genericos;CUMPLIDO;MR01;1;13/11/2025;26/11/2025;noviembre;10135882;10;1;13/11/2025;13/11/2025;PCO;;0;;0;;;;;;;;0;1;0;0;;;;0;0;;;;;0;0;;;;;;;;;0;;;;;;0;;0;0;0;0;0;0;0;0;0;0;0;0;0;;;;1;;;1;2;0;15;;;15;;SIN GC
00007 COMERCIAL OF LICITACION;4000006264;10;ZPIN;25.60 - OLDELVAL Cam;;0;10;4;27/11/2025;EPAONE;1022295;SERVICIO OBRA S DETALLE XUN;1;Servicios;CUMPLIDO;MR01;1;13/11/2025;18/11/2025;noviembre;10135913;10;1;13/11/2025;13/11/2025;PCO;;0;;0;;;;;;;;0;1;0;0;;;;0;0;;;;;0;0;;;;;;;;;0;;;;;;0;;0;0;0;0;0;0;0;0;0;0;0;0;0;;;;1;;;1;9;0;14;;;14;;SIN GC
00007 COMERCIAL OF LICITACION;4000006266;10;ZPIN;25.60 - OLDELVAL Cam;;0;10;4;18/11/2025;EBENSI;1022295;ALQUILER ENTIBADOS CIMTRONIC BOX-100;1;Servicios;CUMPLIDO;MR01;1;13/11/2025;18/11/2025;noviembre;10135926;10;1;13/11/2025;13/11/2025;PCO;;0;;0;;;;;;;;0;1;0;0;;;;0;0;;;;;0;0;;;;;;;;;0;;;;;;0;;0;0;0;0;0;0;0;0;0;0;0;0;0;;;;1;;1;;;0;5;;;5;;SIN GC
00007 COMERCIAL OF LICITACION;4000006267;10;ZPIN;25.60 - OLDELVAL Cam;;0;10;4;18/11/2025;EPAONE;1022295;AGUA POTABLE A GRANEL 5000 M3;1;Servicios;CUMPLIDO;MR01;1;13/11/2025;18/11/2025;noviembre;10135928;10;1;13/11/2025;13/11/2025;PCO;;0;;0;;;;;;;;0;1;0;0;;;;0;0;;;;;0;0;;;;;;;;;0;;;;;;0;;0;0;0;0;0;0;0;0;0;0;0;0;0;;;;1;;1;;;0;5;;;5;;SIN GC
00007 COMERCIAL OF LICITACION;4000006270;10;ZPIN;Oldelval cambio de;;0;10;4;14/11/2025;EPAONE;1012892;MANGUERAS S/ADJUNTOS;8;Materiales genericos;CUMPLIDO;MR01;1;14/11/2025;18/11/2025;noviembre;10135963;10;1;14/11/2025;14/11/2025;PCO;;0;;0;;;;;;;;0;8;0;0;;;;0;0;;;;;0;0;;;;;;;;;0;;;;;;0;;0;0;0;0;0;0;0;0;0;0;0;0;0;;;;1;;1;;;0;0;;;;;SIN GC
00007 COMERCIAL OF LICITACION;4000006271;10;ZPIN;Oldelval cambio de t;;0;10;4;18/11/2025;EPAONE;1042097;CAMIÓN VACTOR 30 M3;2;Servicios;CUMPLIDO;MR01;1;14/11/2025;18/11/2025;noviembre;10135967;10;1;14/11/2025;14/11/2025;PCO;;0;;0;;;;;;;;0;2;0;0;;;;0;0;;;;;0;0;;;;;;;;;0;;;;;;0;;0;0;0;0;0;0;0;0;0;0;0;0;0;;;;1;;1;;;0;4;;;4;;SIN GC
00007 COMERCIAL OF LICITACION;4000006272;10;ZPIN;Oldelval cambio de;;0;10;4;11/12/2025;EPAONE;1022295;NITROGENO EN BATERIA;2;Servicios;CUMPLIDO;MR01;1;14/11/2025;18/11/2025;noviembre;10135969;10;1;14/11/2025;14/11/2025;PCO;;0;;0;;;;;;;;0;2;0;0;;;;0;0;;;;;0;0;;;;;;;;;0;;;;;;0;;0;0;0;0;0;0;0;0;0;0;0;0;0;;;;1;;;1;23;0;27;;;27;;SIN GC
00007 COMERCIAL OF LICITACION;4000006274;10;ZPIN;Oldelval cambio de;;0;10;4;18/11/2025;EPAONE;1022295;PLANOS DE MENSURA S/ADJUNTO;1;Servicios;CUMPLIDO;MR01;1;14/11/2025;18/11/2025;noviembre;10135993;10;1;14/11/2025;14/11/2025;PCO;;0;;0;;;;;;;;0;1;0;0;;;;0;0;;;;;0;0;;;;;;;;;0;;;;;;0;;0;0;0;0;0;0;0;0;0;0;0;0;0;;;;1;;1;;;0;4;;;4;;SIN GC
00007 COMERCIAL OF LICITACION;4000006283;10;ZPIN;Oldelval cambio de;;0;10;4;20/11/2025;EPAONE;1012782;ACCESORIOS PH S/ADJUNTO;1;Materiales genericos;CUMPLIDO;MR01;1;17/11/2025;21/11/2025;noviembre;10136121;10;1;17/11/2025;17/11/2025;PCO;;0;;0;;;;;;;;0;1;0;0;;;;0;0;;;;;0;0;;;;;;;;;0;;;;;;0;;0;0;0;0;0;0;0;0;0;0;0;0;0;;;;1;;1;;;0;3;;;3;;SIN GC
00007 COMERCIAL OF LICITACION;4000006285;10;ZPIN;Oldelval cambio de;;0;10;4;25/11/2025;EPAONE;1022295;TRATAMIENTO DE RESIDUOS PELIGROSOS;1;Servicios;CUMPLIDO;MR01;1;18/11/2025;25/11/2025;noviembre;10136234;10;1;18/11/2025;18/11/2025;PCO;;0;;0;;;;;;;;0;1;0;0;;;;0;0;;;;;0;0;;;;;;;;;0;;;;;;0;;0;0;0;0;0;0;0;0;0;0;0;0;0;;;;1;;1;;;0;7;;;7;;SIN GC
00007 COMERCIAL OF LICITACION;4000006288;10;ZPIN;Oldelval cambio de t;;0;10;4;25/11/2025;EPAONE;1022295;"CORTE EN FRIO DE CAÑERIA 14""";1;Servicios;CUMPLIDO;MR01;1;19/11/2025;25/11/2025;noviembre;10136297;10;1;19/11/2025;19/11/2025;PCO;;0;;0;;;;;;;;0;1;0;0;;;;0;0;;;;;0;0;;;;;;;;;0;;;;;;0;;0;0;0;0;0;0;0;0;0;0;0;0;0;;;;1;;1;;;0;6;;;6;;SIN GC
"00001 GENERAL SEDE&#160;";4000006291;10;ZPIN;RECERTIFICACIÓN MSA+;;0;10;4;9/12/2025;VHEREÑU;1034462;AUDITORIA RE CERTIFICACIÓN ISO;1;Servicios;CUMPLIDO;MR01;1;20/11/2025;5/12/2025;diciembre;10136454;10;1;20/11/2025;20/11/2025;C24;;0;;0;;;;;;;;0;1;0;0;;;;0;0;;;;;0;0;;;;;;;;;0;;;;;;0;;0;0;0;0;0;0;0;0;0;0;0;0;0;;;;1;;;1;4;0;19;;;19;;COMPRAS ABASTECIMIENTO
00014 SISTEMAS;4000006292;10;ZPIN;Cotizacion de notebo;;0;10;4;1/12/2025;JBIONDI;1013326;Lenovo ThinkPad P16s;1;Materiales Sistemas;CUMPLIDO;MR01;1;20/11/2025;20/11/2025;noviembre;10136467;10;1;20/11/2025;20/11/2025;C05;;0;;0;;;;;;;;0;1;0;0;;;;0;0;;;;;0;0;;;;;;;;;0;;;;;;0;;0;0;0;0;0;0;0;0;0;0;0;0;0;;;;1;;;1;11;0;11;;;11;;SIN GC
00014 SISTEMAS;4000006293;10;ZPIN;Reparacion de impres;;0;10;4;13/1/2026;JBIONDI;1013031;Reparacion HP1102;6;Servicios;CUMPLIDO;MR01;1;21/11/2025;15/12/2025;diciembre;10136570;10;1;21/11/2025;21/11/2025;C23;;0;;0;;;;;;;;0;6;0;0;;;;0;0;;;;;0;0;;;;;;;;;0;;;;;;0;;0;0;0;0;0;0;0;0;0;0;0;0;0;;;;1;;;1;29;0;53;;;53;;COMPRAS ABASTECIMIENTO
00014 SISTEMAS;4000006300;10;ZPIN;Cotizacion de impres;;20;10;4;1/12/2025;JBIONDI;1013314;Multifuncion A4;2;Materiales Sistemas;CUMPLIDO;MR01;1;26/11/2025;3/12/2025;diciembre;10136807;10;1;26/11/2025;26/11/2025;C05;;0;;0;;;;;;;;0;2;0;0;;;;0;0;;;;;0;0;;;;;;;;;0;;;;;;0;;0;0;0;0;0;0;0;0;0;0;0;0;0;;;;1;;1;;;0;5;;;5;;SIN GC
00005 TALLER;4000006309;10;ZPIN;PEDIDO INF - CILIND;;0;10;4;2/12/2025;SFLORES;1015947;NT3902 CILINDRO TELESCOPICO BINOTTO;1;Materiales genericos;CUMPLIDO;MR01;1;1/12/2025;1/12/2025;diciembre;10137117;10;1;1/12/2025;1/12/2025;C03;;0;;0;;;;;;;;0;1;0;0;;;;0;0;;;;;0;0;;;;;;;;;0;;;;;;0;;0;0;0;0;0;0;0;0;0;0;0;0;0;;;;1;;;1;1;0;1;;;1;;COMPRAS EQUIPOS
00298 Añelo;4000006310;10;ZPIN;BAJA DE SERVICIO INT;;0;10;1;6/1/2026;LCARRIL;1025931;BAJA SERIVICO DE INTERNET BASE AÑELO;1;Servicios;CUMPLIDO;MR01;2;1/12/2025;1/12/2025;diciembre;10137119;10;1;1/12/2025;1/12/2025;C25;;0;;0;;;;;;;;0;1;0;0;;;;0;0;;;;;0;0;;;;;;;;;0;;;;;;0;;0;0;0;0;0;0;0;0;0;0;0;0;0;;;;1;;;1;36;0;36;;;36;;COMPRAS ABASTECIMIENTO
00014 SISTEMAS;4000006324;10;ZPIN;Cotizacion de notebo;;0;10;4;10/12/2025;JBIONDI;1013326;Notebook Lenovo ThinkBook 16p G6;1;Materiales Sistemas;CUMPLIDO;MR01;1;5/12/2025;12/12/2025;diciembre;10137581;10;1;5/12/2025;5/12/2025;C05;;0;;0;;;;;;;;0;1;0;0;;;;0;0;;;;;0;0;;;;;;;;;0;;;;;;0;;0;0;0;0;0;0;0;0;0;0;0;0;0;;;;1;;1;;;0;5;;;5;;SIN GC
00014 SISTEMAS;4000006329;10;ZPIN;Cotizacion server;;0;10;4;10/12/2025;JBIONDI;1013334;HPE ProLiant ML350 GEN11;1;Materiales Sistemas;CUMPLIDO;MR01;1;9/12/2025;19/12/2025;diciembre;10137714;10;1;9/12/2025;9/12/2025;C05;;0;;0;;;;;;;;0;1;0;0;;;;0;0;;;;;0;0;;;;;;;;;0;;;;;;0;;0;0;0;0;0;0;0;0;0;0;0;0;0;;;;1;;1;;;0;1;;;1;;SIN GC
00040-Comunic y Sustentabilidad;4000005808;10;ZPIN;Donación día del niñ;1000071901;0;;4;7/8/2025;MZUPEL;1010722;ALFAJOR XUN (270 alfajores);1;Materiales usuales;PROCESADO;MR01;1;24/7/2025;12/8/2025;agosto;10126843;10;1;24/7/2025;24/7/2025;C17;;0;;0;;;;;;;;0;1;0;0;;;;0;0;;;;;0;0;;;;;;;;;0;;;;;;0;;0;0;0;0;0;0;0;0;0;0;0;0;0;1000071901;10;11/8/2025;1;;1;;;0;14;4;;14;4;COMPRAS ABASTECIMIENTO
00040-Comunic y Sustentabilidad;4000005808;20;ZPIN;Donación día del niñ;1000071901;0;;4;7/8/2025;MZUPEL;1010722;25 gaseosas de 2,5litros;1;Materiales usuales;PROCESADO;MR01;1;24/7/2025;12/8/2025;agosto;10126843;20;1;24/7/2025;24/7/2025;C17;;0;;0;;;;;;;;0;1;0;0;;;;0;0;;;;;0;0;;;;;;;;;0;;;;;;0;;0;0;0;0;0;0;0;0;0;0;0;0;0;1000071901;20;11/8/2025;1;;1;;;0;14;4;;14;4;COMPRAS ABASTECIMIENTO
00007 COMERCIAL OF LICITACION;4000005824;50;ZPIN;25.37 - TR - OC Pta;;0;10;4;4/8/2025;NCARUSO;1016480;PROTECTOR SOLAR DE LABIO x UN;8000;Materiales Stock C/Devol;CUMPLIDO;MR01;1;29/7/2025;5/8/2025;agosto;10127141;50;1;29/7/2025;29/7/2025;PCO;;0;;0;;;;;;;;0;8000;0;0;;;;0;0;;;;;0;0;;;;;;;;;0;;;;;;0;;0;0;0;0;0;0;0;0;0;0;0;0;0;;;;1;;1;;;0;6;;;6;;SIN GC
00007 COMERCIAL OF LICITACION;4000005829;50;ZPIN;42.25 Essential;;0;10;4;7/8/2025;JBAUTISTA;1011246;HORMIGON ELABORADO H21;1;Materiales usuales;CUMPLIDO;MR01;1;29/7/2025;15/8/2025;agosto;10127164;50;1;29/7/2025;29/7/2025;PCO;;0;;0;;;;;;;;0;1;0;0;;;;0;0;;;;;0;0;;;;;;;;;0;;;;;;0;;0;0;0;0;0;0;0;0;0;0;0;0;0;;;;1;;1;;;0;9;;;9;;SIN GC
00007 COMERCIAL OF LICITACION;4000005831;50;ZPIN;24.61 - PE HUCALITO;;25;10;4;4/8/2025;MBALAUZ;1011243;HORMIGON ELABORADO H15;1;Materiales usuales;CUMPLIDO;MR01;1;29/7/2025;1/8/2025;agosto;10127173;50;1;29/7/2025;29/7/2025;PCO;;0;;0;;;;;;;;0;1;0;0;;;;0;0;;;;;0;0;;;;;;;;;0;;;;;;0;;0;0;0;0;0;0;0;0;0;0;0;0;0;;;;1;;;1;3;0;6;;;6;;SIN GC
00007 COMERCIAL OF LICITACION;4000005868;50;ZPIN;Hucalito BOP Eléctri;;0;10;4;18/8/2025;GBACCELLI;1012801;Conjunto terminal cable MT 630 mm2;8;Materiales genericos;CUMPLIDO;MR01;1;11/8/2025;18/8/2025;agosto;10128265;50;1;11/8/2025;11/8/2025;PCO;;0;;0;;;;;;;;0;8;0;0;;;;0;0;;;;;0;0;;;;;;;;;0;;;;;;0;;0;0;0;0;0;0;0;0;0;0;0;0;0;;;;1;;1;;;0;7;;;7;;SIN GC
00007 COMERCIAL OF LICITACION;4000005874;50;ZPIN;EIC CGA Jujuy;;0;10;3;25/8/2025;GBACCELLI;1012806;Cable subterráneo IRAM 2178-1 4x6 mm2;3250;Materiales genericos;CUMPLIDO;MR01;1;13/8/2025;20/8/2025;agosto;10128433;50;1;13/8/2025;13/8/2025;PCO;;0;;0;;;;;;;;0;3250;0;0;;;;0;0;;;;;0;0;;;;;;;;;0;;;;;;0;;0;0;0;0;0;0;0;0;0;0;0;0;0;;;;1;;;1;5;0;12;;;12;;SIN GC
00005 TALLER;4000005903;50;ZPIN;INSUMO HERRERIA- SF-;;0;10;4;29/8/2025;SFLORES;1033458;PROTECTORES LATERALES;2;Materiales Stock;CUMPLIDO;MR01;1;25/8/2025;25/8/2025;agosto;10129328;50;1;25/8/2025;25/8/2025;C03;;0;;0;;;;;;;;0;2;0;0;;;;0;0;;;;;0;0;;;;;;;;;0;;;;;;0;;0;0;0;0;0;0;0;0;0;0;0;0;0;;;;1;;;1;4;0;4;;;4;;COMPRAS EQUIPOS
00007 COMERCIAL OF LICITACION;4000005905;50;ZPIN;47/25 - CPSA PE;;25;10;4;10/9/2025;LCANNELLI;1009684;PIEDRA PARTIDA GRANITICA 6-20 GRANZA;1;Materiales usuales;CUMPLIDO;MR01;1;25/8/2025;10/9/2025;septiembre;10129366;50;1;25/8/2025;25/8/2025;PCO;;0;;0;;;;;;;;0;1;0;0;;;;0;0;;;;;0;0;;;;;;;;;0;;;;;;0;;0;0;0;0;0;0;0;0;0;0;0;0;0;;;;1;;1;;;0;16;;;16;;SIN GC
00007 COMERCIAL OF LICITACION;4000005936;50;ZPIN;48/25 - OLEODUCTO 3º;;0;10;4;15/9/2025;EBENSI;1012782;"TEE PARTIDA 30""x8"" #600 T.D. WILLIAMSON";12;Materiales genericos;CUMPLIDO;MR01;1;2/9/2025;12/9/2025;septiembre;10130053;50;1;2/9/2025;2/9/2025;C09;;0;;0;;;;;;;;0;12;0;0;;;;0;0;;;;;0;0;;;;;;;;;0;;;;;;0;;0;0;0;0;0;0;0;0;0;0;0;0;0;;;;1;;;1;3;0;13;;;13;;COMPRAS ABASTECIMIENTO
00007 COMERCIAL OF LICITACION;4000005953;50;ZPIN;48/25 - OLEODUCTO 3º;;0;10;4;15/9/2025;EBENSI;1012782;"VALVULA ESFERICA Ø4"" #600 S/ESPEC.";3;Materiales genericos;CUMPLIDO;MR01;1;4/9/2025;15/9/2025;septiembre;10130304;50;1;4/9/2025;4/9/2025;C09;;0;;0;;;;;;;;0;3;0;0;;;;0;0;;;;;0;0;;;;;;;;;0;;;;;;0;;0;0;0;0;0;0;0;0;0;0;0;0;0;;;;1;;1;;;0;11;;;11;;COMPRAS ABASTECIMIENTO
00005 TALLER;4000005983;50;ZPIN;COTIZ/77002 REPUESTO;;0;10;4;15/9/2025;GSPINELLI;1015947;MANGUERAS REFRIGERANTES(VER NOTA);1;Materiales genericos;CUMPLIDO;MR01;1;11/9/2025;11/9/2025;septiembre;10130757;50;1;11/9/2025;11/9/2025;C03;;0;;0;;;;;;;;0;1;0;0;;;;0;0;;;;;0;0;;;;;;;;;0;;;;;;0;;0;0;0;0;0;0;0;0;0;0;0;0;0;;;;1;;;1;4;0;4;;;4;;COMPRAS EQUIPOS
00005 TALLER;4000005987;50;ZPIN;COTIZACION PINTURA -;;0;10;4;17/9/2025;SFLORES;1012853;PINT.POL 2/1 GRIS - RAL7038;1;Materiales genericos;CUMPLIDO;MR01;1;11/9/2025;22/9/2025;septiembre;10130810;50;1;11/9/2025;11/9/2025;C22;;0;;0;;;;;;;;0;1;0;0;;;;0;0;;;;;0;0;;;;;;;;;0;;;;;;0;;0;0;0;0;0;0;0;0;0;0;0;0;0;;;;1;;1;;;0;6;;;6;;COMPRAS ABASTECIMIENTO
00007 COMERCIAL OF LICITACION;4000005990;50;ZPIN;48/25 - OLEODUCTO 3º;;0;10;4;16/9/2025;EBENSI;1012786;"SOMBRERETE Ø6"" P/VENTEO Ø4""";2;Materiales genericos;CUMPLIDO;MR01;1;11/9/2025;17/9/2025;septiembre;10130824;50;1;11/9/2025;11/9/2025;C09;;0;;0;;;;;;;;0;2;0;0;;;;0;0;;;;;0;0;;;;;;;;;0;;;;;;0;;0;0;0;0;0;0;0;0;0;0;0;0;0;;;;1;;1;;;0;5;;;5;;COMPRAS ABASTECIMIENTO
00007 COMERCIAL OF LICITACION;4000006005;50;ZPIN;48/25 - OLEODUCTO 3º;;0;10;4;19/9/2025;EBENSI;1010666;SIKA ANTISOL NORMALIZADO X20L;6;Materiales usuales;CUMPLIDO;MR01;1;12/9/2025;17/9/2025;septiembre;10130933;50;1;12/9/2025;12/9/2025;PCO;;0;;0;;;;;;;;0;6;0;0;;;;0;0;;;;;0;0;;;;;;;;;0;;;;;;0;;0;0;0;0;0;0;0;0;0;0;0;0;0;;;;1;;;1;2;0;7;;;7;;SIN GC
00005 TALLER;4000006043;50;ZPIN;PEDIDO INF - 44013;;0;10;4;26/9/2025;SFLORES;1046625;PERNO ESPEJO;2;Materiales Stock;CUMPLIDO;MR01;1;23/9/2025;23/9/2025;septiembre;10131644;50;1;23/9/2025;23/9/2025;C03;;0;;0;;;;;;;;0;2;0;0;;;;0;0;;;;;0;0;;;;;;;;;0;;;;;;0;;0;0;0;0;0;0;0;0;0;0;0;0;0;;;;1;;;1;3;0;3;;;3;;COMPRAS EQUIPOS
00005 TALLER;4000006045;50;ZPIN;PEDIDO INF - 46824;;0;10;4;26/9/2025;SFLORES;1023618;MEDIDOR DE COMBUSTIBLE;1;Materiales Stock;CUMPLIDO;MR01;1;24/9/2025;24/9/2025;septiembre;10131716;50;1;24/9/2025;24/9/2025;C03;;0;;0;;;;;;;;0;1;0;0;;;;0;0;;;;;0;0;;;;;;;;;0;;;;;;0;;0;0;0;0;0;0;0;0;0;0;0;0;0;;;;1;;;1;2;0;2;;;2;;COMPRAS EQUIPOS
00005 TALLER;4000006054;50;ZPIN;PEDIDO INF - 44013 -;;0;10;4;29/9/2025;SFLORES;1046625;PERNO ESPEJO;2;Materiales Stock;CUMPLIDO;MR01;1;26/9/2025;26/9/2025;septiembre;10131975;50;1;26/9/2025;26/9/2025;C03;;0;;0;;;;;;;;0;2;0;0;;;;0;0;;;;;0;0;;;;;;;;;0;;;;;;0;;0;0;0;0;0;0;0;0;0;0;0;0;0;;;;1;;;1;3;0;3;;;3;;COMPRAS EQUIPOS
00007 COMERCIAL OF LICITACION;4000006063;50;ZPIN;53-25 - ET Cerro Pol;;0;10;4;6/10/2025;MBALAUZ;1009728;HIERRO NERVADO ADN420 DIAM 20MM;1;Materiales usuales;CUMPLIDO;MR01;1;29/9/2025;6/10/2025;octubre;10132070;50;1;29/9/2025;29/9/2025;PCO;;0;;0;;;;;;;;0;1;0;0;;;;0;0;;;;;0;0;;;;;;;;;0;;;;;;0;;0;0;0;0;0;0;0;0;0;0;0;0;0;;;;1;;1;;;0;7;;;7;;SIN GC
00007 COMERCIAL OF LICITACION;4000006064;50;ZPIN;53-25 - ET Cerro Pol;;0;10;4;9/10/2025;MBALAUZ;1011118;CEMENTO CPC40;1;Materiales usuales;CUMPLIDO;MR01;1;29/9/2025;6/10/2025;octubre;10132077;50;1;29/9/2025;29/9/2025;PCO;;0;;0;;;;;;;;0;1;0;0;;;;0;0;;;;;0;0;;;;;;;;;0;;;;;;0;;0;0;0;0;0;0;0;0;0;0;0;0;0;;;;1;;;1;3;0;10;;;10;;SIN GC
00007 COMERCIAL OF LICITACION;4000006065;50;ZPIN;53-25 - ET Cerro Pol;;0;10;4;16/10/2025;MBALAUZ;1012614;Ø 30 cm;88;Materiales genericos;CUMPLIDO;MR01;1;29/9/2025;6/10/2025;octubre;10132078;50;1;29/9/2025;29/9/2025;PCO;;0;;0;;;;;;;;0;88;0;0;;;;0;0;;;;;0;0;;;;;;;;;0;;;;;;0;;0;0;0;0;0;0;0;0;0;0;0;0;0;;;;1;;;1;10;0;17;;;17;;SIN GC
00007 COMERCIAL OF LICITACION;4000006066;50;ZPIN;53-25 - ET Cerro Pol;;0;10;4;14/10/2025;MBALAUZ;1013121;VIANDA ALMUERZO XUN;1;Servicios;CUMPLIDO;MR01;1;29/9/2025;6/10/2025;octubre;10132079;50;1;29/9/2025;29/9/2025;PCO;;0;;0;;;;;;;;0;1;0;0;;;;0;0;;;;;0;0;;;;;;;;;0;;;;;;0;;0;0;0;0;0;0;0;0;0;0;0;0;0;;;;1;;;1;8;0;15;;;15;;SIN GC
00005 TALLER;4000006070;50;ZPIN;PEDIDO INF - 44013 -;;0;10;4;6/10/2025;SFLORES;1046625;PERNO ESPEJO;2;Materiales Stock;CUMPLIDO;MR01;1;30/9/2025;30/9/2025;septiembre;10132127;50;1;30/9/2025;30/9/2025;C03;;0;;0;;;;;;;;0;2;0;0;;;;0;0;;;;;0;0;;;;;;;;;0;;;;;;0;;0;0;0;0;0;0;0;0;0;0;0;0;0;;;;1;;;1;6;0;6;;;6;;COMPRAS EQUIPOS
00007 COMERCIAL OF LICITACION;4000006075;50;ZPIN;53/25 - ET Cerro Pol;;0;10;4;8/10/2025;GBACCELLI;1012809;Carga soldadura 200;150;Materiales genericos;CUMPLIDO;MR01;1;30/9/2025;8/10/2025;octubre;10132239;50;1;30/9/2025;30/9/2025;PCO;;0;;0;;;;;;;;0;150;0;0;;;;0;0;;;;;0;0;;;;;;;;;0;;;;;;0;;0;0;0;0;0;0;0;0;0;0;0;0;0;;;;1;;1;;;0;8;;;8;;SIN GC
00005 TALLER;4000006106;50;ZPIN;PEDIDO INF MODULAR -;;0;10;4;13/10/2025;SFLORES;1012888;MAQUINA SOLDAR MULTIPROCESO;1;Materiales genericos;CUMPLIDO;MR01;1;6/10/2025;6/10/2025;octubre;10132685;50;1;6/10/2025;6/10/2025;C27;;0;;0;;;;;;;;0;1;0;0;;;;0;0;;;;;0;0;;;;;;;;;0;;;;;;0;;0;0;0;0;0;0;0;0;0;0;0;0;0;;;;1;;;1;7;0;7;;;7;;COMPRAS ABASTECIMIENTO
00007 COMERCIAL OF LICITACION;4000006156;50;ZPIN;58/25 -DUPLICAR NORT;;0;10;4;27/10/2025;GBACCELLI;1012799;Borne Phoenix Contact UKK 5-HESI;40;Materiales genericos;CUMPLIDO;MR01;1;22/10/2025;31/10/2025;octubre;10134113;50;1;22/10/2025;22/10/2025;PCO;;0;;0;;;;;;;;0;40;0;0;;;;0;0;;;;;0;0;;;;;;;;;0;;;;;;0;;0;0;0;0;0;0;0;0;0;0;0;0;0;;;;1;;1;;;0;5;;;5;;SIN GC
00007 COMERCIAL OF LICITACION;4000006157;50;ZPIN;58/25 -DUPLICAR NORT;;0;10;4;27/10/2025;GBACCELLI;1012799;Fuente ControlLogix 1756-PB72. 19.2 - 32;1;Materiales genericos;CUMPLIDO;MR01;1;22/10/2025;31/10/2025;octubre;10134115;50;1;22/10/2025;22/10/2025;PCO;;0;;0;;;;;;;;0;1;0;0;;;;0;0;;;;;0;0;;;;;;;;;0;;;;;;0;;0;0;0;0;0;0;0;0;0;0;0;0;0;;;;1;;1;;;0;5;;;5;;SIN GC
00008 ABASTECIMIENTO;4000006162;50;ZPIN;ZPIN S/ ADJUNTO;;0;10;4;14/11/2025;ASIGNORELLI;1012896;MAZA S/CABO MADERA 2 KG;1;Materiales genericos;CUMPLIDO;MR01;1;23/10/2025;30/10/2025;octubre;10134180;50;1;23/10/2025;23/10/2025;C27;;0;;0;;;;;;;;0;1;0;0;;;;0;0;;;;;0;0;;;;;;;;;0;;;;;;0;;0;0;0;0;0;0;0;0;0;0;0;0;0;;;;1;;;1;15;0;22;;;22;;COMPRAS ABASTECIMIENTO
00007 COMERCIAL OF LICITACION;4000006167;50;ZPIN;25.60 OLDELVAL-Salit;;0;10;4;11/11/2025;LAFFATATO;1027798;Puerta s/especificaciones;1;Materiales usuales;CUMPLIDO;MR01;1;24/10/2025;3/11/2025;noviembre;10134259;50;1;24/10/2025;24/10/2025;PCO;;0;;0;;;;;;;;0;1;0;0;;;;0;0;;;;;0;0;;;;;;;;;0;;;;;;0;;0;0;0;0;0;0;0;0;0;0;0;0;0;;;;1;;;1;8;0;18;;;18;;SIN GC
00008 ABASTECIMIENTO;4000006168;50;ZPIN;FLETE P/ URGENCIAS;;0;10;4;26/12/2025;ASIGNORELLI;1012981;FLETE DE SEDE ROSARIO A SEDE SAN JUAN;1;Servicios;CUMPLIDO;MR01;1;24/10/2025;10/11/2025;noviembre;10134264;50;1;24/10/2025;24/10/2025;C15;;0;;0;;;;;;;;0;1;0;0;;;;0;0;;;;;0;0;;;;;;;;;0;;;;;;0;;0;0;0;0;0;0;0;0;0;0;0;0;0;;;;1;;;1;46;0;63;;;63;;COMPRAS ABASTECIMIENTO
00005 TALLER;4000006179;50;ZPIN;PEDIDO INF - 44021;;0;10;4;31/10/2025;SFLORES;1043533;TUERCA CUADRADA;2;Materiales Stock;CUMPLIDO;MR01;1;28/10/2025;28/10/2025;octubre;10134528;50;1;28/10/2025;28/10/2025;C03;;0;;0;;;;;;;;0;2;0;0;;;;0;0;;;;;0;0;;;;;;;;;0;;;;;;0;;0;0;0;0;0;0;0;0;0;0;0;0;0;;;;1;;;1;3;0;3;;;3;;COMPRAS EQUIPOS
00008 ABASTECIMIENTO;4000006211;50;ZPIN;DESARROLLAR PROVEEDO;;0;10;4;7/11/2025;GHERNANDEZ;1013113;TRANSPORTE DE PERSONAL XVIAJE;1;Servicios;CUMPLIDO;MR01;1;4/11/2025;4/12/2025;diciembre;10135157;50;1;4/11/2025;4/11/2025;PCO;;0;;0;;;;;;;;0;1;0;0;;;;0;0;;;;;0;0;;;;;;;;;0;;;;;;0;;0;0;0;0;0;0;0;0;0;0;0;0;0;;;;1;;1;;;0;3;;;3;;SIN GC
00007 COMERCIAL OF LICITACION;4000006219;50;ZPIN;63-25 EXPLOTACION DE;;0;10;4;7/11/2025;EBLASI;1010725;BIDON DE AGUA 20 L.;1;Materiales usuales;CUMPLIDO;MR01;1;6/11/2025;11/11/2025;noviembre;10135301;50;1;6/11/2025;6/11/2025;PCO;;0;;0;;;;;;;;0;1;0;0;;;;0;0;;;;;0;0;;;;;;;;;0;;;;;;0;;0;0;0;0;0;0;0;0;0;0;0;0;0;;;;1;;1;;;0;1;;;1;;SIN GC
00005 TALLER;4000006228;50;ZPIN;PEDIDO INF - 33024;;0;10;4;11/11/2025;SFLORES;1034636;VALVULA MAGNETICA;1;Materiales Stock;CUMPLIDO;MR01;1;6/11/2025;6/11/2025;noviembre;10135342;50;1;6/11/2025;6/11/2025;C03;;0;;0;;;;;;;;0;1;0;0;;;;0;0;;;;;0;0;;;;;;;;;0;;;;;;0;;0;0;0;0;0;0;0;0;0;0;0;0;0;;;;1;;;1;5;0;5;;;5;;COMPRAS EQUIPOS
00005 TALLER;4000006232;50;ZPIN;PEDIDO INF - GRUA TE;;0;10;4;11/11/2025;SFLORES;1015947;RPTX222686 - FILTRO DE AIRE 2° DE TEREX;1;Materiales genericos;CUMPLIDO;MR01;1;8/11/2025;8/11/2025;noviembre;10135487;50;1;8/11/2025;8/11/2025;C03;;0;;0;;;;;;;;0;1;0;0;;;;0;0;;;;;0;0;;;;;;;;;0;;;;;;0;;0;0;0;0;0;0;0;0;0;0;0;0;0;;;;1;;;1;3;0;3;;;3;;COMPRAS EQUIPOS
00007 COMERCIAL OF LICITACION;4000006237;50;ZPIN;Perforación y Carga;;0;10;4;11/11/2025;MBALAUZ;1013133;ALQUILER BANO QUIMICO SIN LAVAMANOS XDIA;1;Servicios;CUMPLIDO;MR01;1;10/11/2025;12/11/2025;noviembre;10135566;50;1;10/11/2025;10/11/2025;PCO;;0;;0;;;;;;;;0;1;0;0;;;;0;0;;;;;0;0;;;;;;;;;0;;;;;;0;;0;0;0;0;0;0;0;0;0;0;0;0;0;;;;1;;1;;;0;1;;;1;;SIN GC
00007 COMERCIAL OF LICITACION;4000006244;50;ZPIN;;;0;10;4;26/11/2025;NCARUSO;1012779;Caño de PVC φ610 mm clase 4 - e: 3,2 JE;1029;Materiales genericos;CUMPLIDO;MR01;1;10/11/2025;17/11/2025;noviembre;10135612;50;1;10/11/2025;10/11/2025;PCO;;0;;0;;;;;;;;0;1029;0;0;;;;0;0;;;;;0;0;;;;;;;;;0;;;;;;0;;0;0;0;0;0;0;0;0;0;0;0;0;0;;;;1;;;1;9;0;16;;;16;;SIN GC
00007 COMERCIAL OF LICITACION;4000006247;50;ZPIN;;;0;10;4;12/11/2025;NCARUSO;1012781;Cañerias de acero al carbono;13;Materiales genericos;CUMPLIDO;MR01;1;10/11/2025;17/11/2025;noviembre;10135618;50;1;10/11/2025;10/11/2025;PCO;;0;;0;;;;;;;;0;13;0;0;;;;0;0;;;;;0;0;;;;;;;;;0;;;;;;0;;0;0;0;0;0;0;0;0;0;0;0;0;0;;;;1;;1;;;0;2;;;2;;SIN GC
00007 COMERCIAL OF LICITACION;4000006254;50;ZPIN;25.50 - Techint - Fe;;0;10;4;12/11/2025;NCARUSO;1012852;PINTURA EPOXI S ESPECIFICACION XLT;200;Materiales genericos;CUMPLIDO;MR01;1;11/11/2025;17/11/2025;noviembre;10135727;50;1;11/11/2025;11/11/2025;PCO;;0;;0;;;;;;;;0;200;0;0;;;;0;0;;;;;0;0;;;;;;;;;0;;;;;;0;;0;0;0;0;0;0;0;0;0;0;0;0;0;;;;1;;1;;;0;1;;;1;;SIN GC
00007 COMERCIAL OF LICITACION;4000005829;20;ZPIN;42.25 Essential;;0;10;4;7/8/2025;JBAUTISTA;1011248;HORMIGON ELABORADO H30;1;Materiales usuales;CUMPLIDO;MR01;1;29/7/2025;15/8/2025;agosto;10127164;20;1;29/7/2025;29/7/2025;PCO;;0;;0;;;;;;;;0;1;0;0;;;;0;0;;;;;0;0;;;;;;;;;0;;;;;;0;;0;0;0;0;0;0;0;0;0;0;0;0;0;;;;1;;1;;;0;9;;;9;;SIN GC
00007 COMERCIAL OF LICITACION;4000005831;20;ZPIN;24.61 - PE HUCALITO;;25;10;4;4/8/2025;MBALAUZ;1012830;CEMENTO CAH40;1;Materiales genericos;CUMPLIDO;MR01;1;29/7/2025;1/8/2025;agosto;10127173;20;1;29/7/2025;29/7/2025;PCO;;0;;0;;;;;;;;0;1;0;0;;;;0;0;;;;;0;0;;;;;;;;;0;;;;;;0;;0;0;0;0;0;0;0;0;0;0;0;0;0;;;;1;;;1;3;0;6;;;6;;SIN GC
00007 COMERCIAL OF LICITACION;4000005833;20;ZPIN;42.25 Essential;;0;10;4;8/8/2025;JBAUTISTA;1013130;EXAMEN PREOCUPACIONAL BASICO XUN;1;Servicios;CUMPLIDO;MR01;1;30/7/2025;15/8/2025;agosto;10127212;20;1;30/7/2025;30/7/2025;PCO;;0;;0;;;;;;;;0;1;0;0;;;;0;0;;;;;0;0;;;;;;;;;0;;;;;;0;;0;0;0;0;0;0;0;0;0;0;0;0;0;;;;1;;1;;;0;9;;;9;;SIN GC
00007 COMERCIAL OF LICITACION;4000005843;20;ZPIN;38/25 -YPF Vinculaci;;0;10;4;6/8/2025;EPAONE;1012896;ELECTRODO  E-9010 Ø5mm x kg;5220;Materiales genericos;CUMPLIDO;MR01;1;31/7/2025;4/8/2025;agosto;10127334;20;1;31/7/2025;31/7/2025;PCO;;0;;0;;;;;;;;0;5220;0;0;;;;0;0;;;;;0;0;;;;;;;;;0;;;;;;0;;0;0;0;0;0;0;0;0;0;0;0;0;0;;;;1;;;1;2;0;6;;;6;;SIN GC
00007 COMERCIAL OF LICITACION;4000005849;20;ZPIN;NEWMONT-Adicionales;;0;10;4;7/8/2025;LAFFATATO;1012773;Material granular s/especificaciones;1;Materiales genericos;CUMPLIDO;MR01;1;4/8/2025;7/8/2025;agosto;10127642;20;1;4/8/2025;4/8/2025;PCO;;0;;0;;;;;;;;0;1;0;0;;;;0;0;;;;;0;0;;;;;;;;;0;;;;;;0;;0;0;0;0;0;0;0;0;0;0;0;0;0;;;;1;;1;;;0;3;;;3;;SIN GC
00014 SISTEMAS;4000005864;20;ZPIN;Serv Tec 8950 pañol;;0;10;4;27/8/2025;EVILLEGAS;1013031;Serv Tec 1102 para Germio 374;1;Servicios;CUMPLIDO;MR01;1;11/8/2025;11/8/2025;agosto;10128239;20;1;11/8/2025;11/8/2025;C23;;0;;0;;;;;;;;0;1;0;0;;;;0;0;;;;;0;0;;;;;;;;;0;;;;;;0;;0;0;0;0;0;0;0;0;0;0;0;0;0;;;;1;;;1;16;0;16;;;16;;COMPRAS ABASTECIMIENTO
00007 COMERCIAL OF LICITACION;4000005868;20;ZPIN;Hucalito BOP Eléctri;;0;10;4;18/8/2025;GBACCELLI;1012801;Conjunto terminal cable MT 240mm2;16;Materiales genericos;CUMPLIDO;MR01;1;11/8/2025;18/8/2025;agosto;10128265;20;1;11/8/2025;11/8/2025;PCO;;0;;0;;;;;;;;0;16;0;0;;;;0;0;;;;;0;0;;;;;;;;;0;;;;;;0;;0;0;0;0;0;0;0;0;0;0;0;0;0;;;;1;;1;;;0;7;;;7;;SIN GC
00007 COMERCIAL OF LICITACION;4000005874;20;ZPIN;EIC CGA Jujuy;;0;10;4;25/8/2025;GBACCELLI;1012806;Cable subterráneo IRAM 2178-1 5x50mm2;300;Materiales genericos;CUMPLIDO;MR01;1;13/8/2025;20/8/2025;agosto;10128433;20;1;13/8/2025;13/8/2025;PCO;;0;;0;;;;;;;;0;300;0;0;;;;0;0;;;;;0;0;;;;;;;;;0;;;;;;0;;0;0;0;0;0;0;0;0;0;0;0;0;0;;;;1;;;1;5;0;12;;;12;;SIN GC
00007 COMERCIAL OF LICITACION;4000005875;20;ZPIN;EIC CGA Jujuy;;0;10;4;20/8/2025;GBACCELLI;1012799;Columna iluminación 8metros;4;Materiales genericos;CUMPLIDO;MR01;1;13/8/2025;20/8/2025;agosto;10128434;20;1;13/8/2025;13/8/2025;PCO;;0;;0;;;;;;;;0;4;0;0;;;;0;0;;;;;0;0;;;;;;;;;0;;;;;;0;;0;0;0;0;0;0;0;0;0;0;0;0;0;;;;1;;1;;;0;7;;;7;;SIN GC
00007 COMERCIAL OF LICITACION;4000005876;20;ZPIN;EIC CGA Jujuy;;0;10;4;26/8/2025;GBACCELLI;1012799;Proyector led 65W;8;Materiales genericos;CUMPLIDO;MR01;1;13/8/2025;20/8/2025;agosto;10128436;20;1;13/8/2025;13/8/2025;PCO;;0;;0;;;;;;;;0;8;0;0;;;;0;0;;;;;0;0;;;;;;;;;0;;;;;;0;;0;0;0;0;0;0;0;0;0;0;0;0;0;;;;1;;;1;6;0;13;;;13;;SIN GC
"00001 GENERAL SEDE&#160;";4000005880;20;ZPIN;PI 101 652  SERV. CO;;0;10;4;22/8/2025;DYANEZ;1013139;SS CONTROL FITOSANITARIO CERCO VERDE XUN;6;Servicios;CUMPLIDO;MM01;1;15/8/2025;29/8/2025;agosto;10128595;20;1;15/8/2025;15/8/2025;C25;;0;;0;;;;;;;;0;6;0;0;;;;0;0;;;;;0;0;;;;;;;;;0;;;;;;0;;0;0;0;0;0;0;0;0;0;0;0;0;0;;;;1;;1;;;0;7;;;7;;COMPRAS ABASTECIMIENTO
00004 LEGALES ROSARIO;4000005895;20;ZPIN;LICITACIÓN POLIZAS D;;0;10;4;18/9/2025;NLAFORNARO;1012959;POLIZA TODO RIESGO OPERATIVO DEVOL;1;Servicios;CUMPLIDO;MR01;1;21/8/2025;23/9/2025;septiembre;10129038;20;1;21/8/2025;21/8/2025;C16;;0;;0;;;;;;;;0;1;0;0;;;;0;0;;;;;0;0;;;;;;;;;0;;;;;;0;;0;0;0;0;0;0;0;0;0;0;0;0;0;;;;1;;1;;;0;28;;;28;;COMPRAS ABASTECIMIENTO
00005 TALLER;4000005897;20;ZPIN;COTIZACION INFORME V;;0;10;4;26/8/2025;SFLORES;1015947;CAMBIO ACEITE REDUCTORES EN PG 7T/25Tn;1;Materiales genericos;CUMPLIDO;MR01;1;21/8/2025;21/8/2025;agosto;10129085;20;1;21/8/2025;21/8/2025;C38;;0;;0;;;;;;;;0;1;0;0;;;;0;0;;;;;0;0;;;;;;;;;0;;;;;;0;;0;0;0;0;0;0;0;0;0;0;0;0;0;;;;1;;;1;5;0;5;;;5;;COMPRAS EQUIPOS
00005 TALLER;4000005899;20;ZPIN;HERRAMIENTA CAT -SF;;0;10;4;28/8/2025;SFLORES;1015947;R6V-7830 - HERRAMIENTA P/ CALIBRAR TETRA;1;Materiales genericos;CUMPLIDO;MR01;1;22/8/2025;22/8/2025;agosto;10129190;20;1;22/8/2025;22/8/2025;C03;;0;;0;;;;;;;;0;1;0;0;;;;0;0;;;;;0;0;;;;;;;;;0;;;;;;0;;0;0;0;0;0;0;0;0;0;0;0;0;0;;;;1;;;1;6;0;6;;;6;;COMPRAS EQUIPOS
00005 TALLER;4000005903;20;ZPIN;INSUMO HERRERIA- SF-;;0;10;4;29/8/2025;SFLORES;1033454;PORTA UÑA DERECHO;1;Materiales Stock;CUMPLIDO;MR01;1;25/8/2025;25/8/2025;agosto;10129328;20;1;25/8/2025;25/8/2025;C03;;0;;0;;;;;;;;0;1;0;0;;;;0;0;;;;;0;0;;;;;;;;;0;;;;;;0;;0;0;0;0;0;0;0;0;0;0;0;0;0;;;;1;;;1;4;0;4;;;4;;COMPRAS EQUIPOS
00007 COMERCIAL OF LICITACION;4000005905;20;ZPIN;47/25 - CPSA PE;;25;10;4;10/9/2025;LCANNELLI;1026120;SERV DE PROV DE AGUA NO POTABLE EN OBRA;1;Servicios;CUMPLIDO;MR01;1;25/8/2025;10/9/2025;septiembre;10129366;20;1;25/8/2025;25/8/2025;PCO;;0;;0;;;;;;;;0;1;0;0;;;;0;0;;;;;0;0;;;;;;;;;0;;;;;;0;;0;0;0;0;0;0;0;0;0;0;0;0;0;;;;1;;1;;;0;16;;;16;;SIN GC
00007 COMERCIAL OF LICITACION;4000005909;20;ZPIN;EIC CGA Jujuy;;0;10;4;3/9/2025;GBACCELLI;1012798;Cable subterráneo IRAM 2178-1 3x35/16mm2;300;Materiales genericos;CUMPLIDO;MR01;1;27/8/2025;3/9/2025;septiembre;10129588;20;1;27/8/2025;27/8/2025;PCO;;0;;0;;;;;;;;0;300;0;0;;;;0;0;;;;;0;0;;;;;;;;;0;;;;;;0;;0;0;0;0;0;0;0;0;0;0;0;0;0;;;;1;;1;;;0;7;;;7;;SIN GC
00007 COMERCIAL OF LICITACION;4000005912;20;ZPIN;45/25 -YPF GTO PLOPE;;0;10;4;10/9/2025;EPAONE;1012896;"MANTAS TERMOCONTRAIBLES Ø10""";290;Materiales genericos;CUMPLIDO;MR01;1;28/8/2025;10/9/2025;septiembre;10129659;20;1;28/8/2025;28/8/2025;PCO;;0;;0;;;;;;;;0;290;0;0;;;;0;0;;;;;0;0;;;;;;;;;0;;;;;;0;;0;0;0;0;0;0;0;0;0;0;0;0;0;;;;1;;1;;;0;13;;;13;;SIN GC
00007 COMERCIAL OF LICITACION;4000005936;20;ZPIN;48/25 - OLEODUCTO 3º;;0;10;4;15/9/2025;EBENSI;1012782;"TEE PARTIDA 18""x8"" #600 T.D. WILLIAMSON";2;Materiales genericos;CUMPLIDO;MR01;1;2/9/2025;12/9/2025;septiembre;10130053;20;1;2/9/2025;2/9/2025;C09;;0;;0;;;;;;;;0;2;0;0;;;;0;0;;;;;0;0;;;;;;;;;0;;;;;;0;;0;0;0;0;0;0;0;0;0;0;0;0;0;;;;1;;;1;3;0;13;;;13;;COMPRAS ABASTECIMIENTO
00007 COMERCIAL OF LICITACION;4000005938;20;ZPIN;48/25 - OLEODUCTO 3º;;0;10;4;15/9/2025;EBENSI;1012782;"VALVULA ESFERICA Ø12"" #600 RF PT, S/DET";6;Materiales genericos;CUMPLIDO;MR01;1;2/9/2025;12/9/2025;septiembre;10130089;20;1;2/9/2025;2/9/2025;C09;;0;;0;;;;;;;;0;6;0;0;;;;0;0;;;;;0;0;;;;;;;;;0;;;;;;0;;0;0;0;0;0;0;0;0;0;0;0;0;0;;;;1;;;1;3;0;13;;;13;;COMPRAS ABASTECIMIENTO
00005 TALLER;4000005949;20;ZPIN;MASCARA FULL FACE AI;;0;10;4;12/9/2025;EGUEVARA;1012896;FILTRO AIR P3R - F700VGP3;1;Materiales genericos;CUMPLIDO;MM01;1;4/9/2025;14/9/2025;septiembre;10130237;20;1;4/9/2025;4/9/2025;C13;;0;;0;;;;;;;;0;1;0;0;;;;0;0;;;;;0;0;;;;;;;;;0;;;;;;0;;0;0;0;0;0;0;0;0;0;0;0;0;0;;;;1;;1;;;0;8;;;8;;COMPRAS ABASTECIMIENTO
00007 COMERCIAL OF LICITACION;4000005953;20;ZPIN;48/25 - OLEODUCTO 3º;;0;10;4;15/9/2025;EBENSI;1012782;"VALVULA ESCLUSA Ø8"" #600 S/ESPEC.";4;Materiales genericos;CUMPLIDO;MR01;1;4/9/2025;15/9/2025;septiembre;10130304;20;1;4/9/2025;4/9/2025;C09;;0;;0;;;;;;;;0;4;0;0;;;;0;0;;;;;0;0;;;;;;;;;0;;;;;;0;;0;0;0;0;0;0;0;0;0;0;0;0;0;;;;1;;1;;;0;11;;;11;;COMPRAS ABASTECIMIENTO
00007 COMERCIAL OF LICITACION;4000005967;20;ZPIN;25.47 - CPSA-PE Los;;25;10;4;10/9/2025;LCANNELLI;1013111;ALQUILER HOTEL XDIA;30;Servicios;CUMPLIDO;MR01;1;9/9/2025;9/9/2025;septiembre;10130616;20;1;9/9/2025;9/9/2025;PCO;;0;;0;;;;;;;;0;30;0;0;;;;0;0;;;;;0;0;;;;;;;;;0;;;;;;0;;0;0;0;0;0;0;0;0;0;0;0;0;0;;;;1;;;1;1;0;1;;;1;;SIN GC
00007 COMERCIAL OF LICITACION;4000005972;20;ZPIN;48/25 - OLEODUCTO 3º;;0;10;4;22/9/2025;EBENSI;1018238;SUBCONTRATO SOLDADURA/REVESTIMIENTO ML;1236;Servicios;CUMPLIDO;MR01;1;10/9/2025;17/9/2025;septiembre;10130673;20;1;10/9/2025;10/9/2025;PCO;;0;;0;;;;;;;;0;1236;0;0;;;;0;0;;;;;0;0;;;;;;;;;0;;;;;;0;;0;0;0;0;0;0;0;0;0;0;0;0;0;;;;1;;;1;5;0;12;;;12;;SIN GC
00005 TALLER;4000005983;20;ZPIN;COTIZ/77002 REPUESTO;;0;10;4;15/9/2025;GSPINELLI;1015947;RETEN DE POLEA DISTRIBUCION(VER NOTA);1;Materiales genericos;CUMPLIDO;MR01;1;11/9/2025;11/9/2025;septiembre;10130757;20;1;11/9/2025;11/9/2025;C03;;0;;0;;;;;;;;0;1;0;0;;;;0;0;;;;;0;0;;;;;;;;;0;;;;;;0;;0;0;0;0;0;0;0;0;0;0;0;0;0;;;;1;;;1;4;0;4;;;4;;COMPRAS EQUIPOS
00005 TALLER;4000005987;20;ZPIN;COTIZACION PINTURA -;;0;10;4;17/9/2025;SFLORES;1012853;PINT.POL 2/1 GRIS VOLVO SATIN - P2676;1;Materiales genericos;CUMPLIDO;MR01;1;11/9/2025;22/9/2025;septiembre;10130810;20;1;11/9/2025;11/9/2025;C22;;0;;0;;;;;;;;0;1;0;0;;;;0;0;;;;;0;0;;;;;;;;;0;;;;;;0;;0;0;0;0;0;0;0;0;0;0;0;0;0;;;;1;;1;;;0;6;;;6;;COMPRAS ABASTECIMIENTO
00007 COMERCIAL OF LICITACION;4000005989;20;ZPIN;48/25 - OLEODUCTO 3º;;0;10;4;19/9/2025;EPAONE;1012896;ELECTRODO  E-8010-P Ø5mm x kg;8500;Materiales genericos;CUMPLIDO;MR01;1;11/9/2025;17/9/2025;septiembre;10130820;20;1;11/9/2025;11/9/2025;PCO;;0;;0;;;;;;;;0;8500;0;0;;;;0;0;;;;;0;0;;;;;;;;;0;;;;;;0;;0;0;0;0;0;0;0;0;0;0;0;0;0;;;;1;;;1;2;0;8;;;8;;SIN GC
00007 COMERCIAL OF LICITACION;4000005990;20;ZPIN;48/25 - OLEODUCTO 3º;;0;10;4;18/9/2025;EBENSI;1012785;"CODO 90° RL Ø4"" Sch. 40, ASTM A234 WPB";7;Materiales genericos;CUMPLIDO;MR01;1;11/9/2025;17/9/2025;septiembre;10130824;20;1;11/9/2025;11/9/2025;C09;;0;;0;;;;;;;;0;7;0;0;;;;0;0;;;;;0;0;;;;;;;;;0;;;;;;0;;0;0;0;0;0;0;0;0;0;0;0;0;0;;;;1;;;1;1;0;7;;;7;;COMPRAS ABASTECIMIENTO
"00001 GENERAL SEDE&#160;";4000005997;20;ZPIN;PI 101 666  MEMBRANA;;0;10;4;17/9/2025;DYANEZ;1012896;EMULSION ASFALTICA CAJA X 18KG  AMATECH;55;Materiales genericos;CUMPLIDO;MM01;1;11/9/2025;25/9/2025;septiembre;10130849;20;1;11/9/2025;11/9/2025;C13;;0;;0;;;;;;;;0;55;0;0;;;;0;0;;;;;0;0;;;;;;;;;0;;;;;;0;;0;0;0;0;0;0;0;0;0;0;0;0;0;;;;1;;1;;;0;6;;;6;;COMPRAS ABASTECIMIENTO
00007 COMERCIAL OF LICITACION;4000006005;20;ZPIN;48/25 - OLEODUCTO 3º;;0;10;4;19/9/2025;EBENSI;1012831;HORMIGON ELABORADO H15 S/DET;46;Materiales genericos;CUMPLIDO;MR01;1;12/9/2025;17/9/2025;septiembre;10130933;20;1;12/9/2025;12/9/2025;PCO;;0;;0;;;;;;;;0;46;0;0;;;;0;0;;;;;0;0;;;;;;;;;0;;;;;;0;;0;0;0;0;0;0;0;0;0;0;0;0;0;;;;1;;;1;2;0;7;;;7;;SIN GC
00007 COMERCIAL OF LICITACION;4000006006;20;ZPIN;48/25 - OLEODUCTO 3º;;0;10;4;19/9/2025;EBENSI;1012585;MATERIALES P/SOPORTERIA S/DETALLE;1;Materiales genericos;CUMPLIDO;MR01;1;12/9/2025;17/9/2025;septiembre;10130938;20;1;12/9/2025;12/9/2025;PCO;;0;;0;;;;;;;;0;1;0;0;;;;0;0;;;;;0;0;;;;;;;;;0;;;;;;0;;0;0;0;0;0;0;0;0;0;0;0;0;0;;;;1;;;1;2;0;7;;;7;;SIN GC
0004 SERVICIO TECNICO PROYECTO;4000006014;20;ZPIN;BOMBA P/ CARGADOR 98;;0;10;4;19/9/2025;LNUNEZ;1015947;177-1405 RESORTE;1;Materiales genericos;CUMPLIDO;MR01;1;16/9/2025;16/9/2025;septiembre;10131090;20;1;16/9/2025;16/9/2025;C03;;0;;0;;;;;;;;0;1;0;0;;;;0;0;;;;;0;0;;;;;;;;;0;;;;;;0;;0;0;0;0;0;0;0;0;0;0;0;0;0;;;;1;;;1;3;0;3;;;3;;COMPRAS EQUIPOS
00014 SISTEMAS;4000006025;20;ZPIN;Reparacion de impres;;0;10;4;1/10/2025;JBIONDI;1013031;Reparacion Brother L6900;1;Servicios;CUMPLIDO;MR01;1;17/9/2025;30/9/2025;septiembre;10131279;20;1;17/9/2025;17/9/2025;C23;;0;;0;;;;;;;;0;1;0;0;;;;0;0;;;;;0;0;;;;;;;;;0;;;;;;0;;0;0;0;0;0;0;0;0;0;0;0;0;0;;;;1;;;1;1;0;14;;;14;;COMPRAS ABASTECIMIENTO
00005 TALLER;4000006043;20;ZPIN;PEDIDO INF - 44013;;0;10;4;26/9/2025;SFLORES;1046622;PERNO BRAZO INCLINACION/DADO;2;Materiales Stock;CUMPLIDO;MR01;1;23/9/2025;23/9/2025;septiembre;10131644;20;1;23/9/2025;23/9/2025;C03;;0;;0;;;;;;;;0;2;0;0;;;;0;0;;;;;0;0;;;;;;;;;0;;;;;;0;;0;0;0;0;0;0;0;0;0;0;0;0;0;;;;1;;;1;3;0;3;;;3;;COMPRAS EQUIPOS
00005 TALLER;4000006045;20;ZPIN;PEDIDO INF - 46824;;0;10;4;26/9/2025;SFLORES;1023423;KIT DE SELLOS CIL DE LEVANTE;4;Materiales Stock;CUMPLIDO;MR01;1;24/9/2025;24/9/2025;septiembre;10131716;20;1;24/9/2025;24/9/2025;C03;;0;;0;;;;;;;;0;4;0;0;;;;0;0;;;;;0;0;;;;;;;;;0;;;;;;0;;0;0;0;0;0;0;0;0;0;0;0;0;0;;;;1;;;1;2;0;2;;;2;;COMPRAS EQUIPOS
00005 TALLER;4000006046;20;ZPIN;ZPI - BANDEJA;;0;10;4;29/9/2025;SFLORES;1017380;BANDEJA ANTIDERRAME S/FOTO;1;Materiales usuales;CUMPLIDO;MR01;1;24/9/2025;24/9/2025;septiembre;10131727;20;1;24/9/2025;24/9/2025;C17;;0;;0;;;;;;;;0;1;0;0;;;;0;0;;;;;0;0;;;;;;;;;0;;;;;;0;;0;0;0;0;0;0;0;0;0;0;0;0;0;;;;1;;;1;5;0;5;;;5;;COMPRAS ABASTECIMIENTO
00005 TALLER;4000006049;20;ZPIN;PEDIDO INF - 46005;;0;10;4;13/10/2025;SFLORES;1015947;EVALUACION DE COMPONENTES CONVERT//46005;1;Materiales genericos;CUMPLIDO;MR01;1;25/9/2025;25/9/2025;septiembre;10131858;20;1;25/9/2025;25/9/2025;C38;;0;;0;;;;;;;;0;1;0;0;;;;0;0;;;;;0;0;;;;;;;;;0;;;;;;0;;0;0;0;0;0;0;0;0;0;0;0;0;0;;;;1;;;1;18;0;18;;;18;;COMPRAS EQUIPOS
00005 TALLER;4000006054;20;ZPIN;PEDIDO INF - 44013 -;;0;10;4;29/9/2025;SFLORES;1046622;PERNO BRAZO INCLINACION/DADO;2;Materiales Stock;CUMPLIDO;MR01;1;26/9/2025;26/9/2025;septiembre;10131975;20;1;26/9/2025;26/9/2025;C03;;0;;0;;;;;;;;0;2;0;0;;;;0;0;;;;;0;0;;;;;;;;;0;;;;;;0;;0;0;0;0;0;0;0;0;0;0;0;0;0;;;;1;;;1;3;0;3;;;3;;COMPRAS EQUIPOS
00007 COMERCIAL OF LICITACION;4000006063;20;ZPIN;53-25 - ET Cerro Pol;;0;10;4;6/10/2025;MBALAUZ;1009725;HIERRO NERVADO ADN420 DIAM10MM;1;Materiales usuales;CUMPLIDO;MR01;1;29/9/2025;6/10/2025;octubre;10132070;20;1;29/9/2025;29/9/2025;PCO;;0;;0;;;;;;;;0;1;0;0;;;;0;0;;;;;0;0;;;;;;;;;0;;;;;;0;;0;0;0;0;0;0;0;0;0;0;0;0;0;;;;1;;1;;;0;7;;;7;;SIN GC
00007 COMERCIAL OF LICITACION;4000006064;20;ZPIN;53-25 - ET Cerro Pol;;0;10;4;16/10/2025;MBALAUZ;1010160;SUELO SELECCIONADO;1;Materiales usuales;CUMPLIDO;MR01;1;29/9/2025;6/10/2025;octubre;10132077;20;1;29/9/2025;29/9/2025;PCO;;0;;0;;;;;;;;0;1;0;0;;;;0;0;;;;;0;0;;;;;;;;;0;;;;;;0;;0;0;0;0;0;0;0;0;0;0;0;0;0;;;;1;;;1;10;0;17;;;17;;SIN GC
00007 COMERCIAL OF LICITACION;4000006065;20;ZPIN;53-25 - ET Cerro Pol;;0;10;4;16/10/2025;MBALAUZ;1012614;Ø 15 cm;500;Materiales genericos;CUMPLIDO;MR01;1;29/9/2025;6/10/2025;octubre;10132078;20;1;29/9/2025;29/9/2025;PCO;;0;;0;;;;;;;;0;500;0;0;;;;0;0;;;;;0;0;;;;;;;;;0;;;;;;0;;0;0;0;0;0;0;0;0;0;0;0;0;0;;;;1;;;1;10;0;17;;;17;;SIN GC
00007 COMERCIAL OF LICITACION;4000006066;20;ZPIN;53-25 - ET Cerro Pol;;0;10;4;7/10/2025;MBALAUZ;1013127;SS AMBULANCIA MEDIA COMPLEJIDAD XDIA;1;Servicios;CUMPLIDO;MR01;1;29/9/2025;6/10/2025;octubre;10132079;20;1;29/9/2025;29/9/2025;PCO;;0;;0;;;;;;;;0;1;0;0;;;;0;0;;;;;0;0;;;;;;;;;0;;;;;;0;;0;0;0;0;0;0;0;0;0;0;0;0;0;;;;1;;;1;1;0;8;;;8;;SIN GC
00005 TALLER;4000006067;20;ZPIN;PEDIDO INF - PINTURA;;0;10;4;6/10/2025;SFLORES;1012853;CATALIZADOR PARA PINT POLIU DTM X LT;1;Materiales genericos;CUMPLIDO;MR01;1;29/9/2025;29/9/2025;septiembre;10132107;20;1;29/9/2025;29/9/2025;C22;;0;;0;;;;;;;;0;1;0;0;;;;0;0;;;;;0;0;;;;;;;;;0;;;;;;0;;0;0;0;0;0;0;0;0;0;0;0;0;0;;;;1;;;1;7;0;7;;;7;;COMPRAS ABASTECIMIENTO
00007 COMERCIAL OF LICITACION;4000006069;20;ZPIN;CBI - Puerto Galvan;;0;10;4;8/10/2025;NCARUSO;1011249;Hormigon Segun especificacion;14500;Materiales usuales;CUMPLIDO;MR01;1;29/9/2025;15/10/2025;octubre;10132123;20;1;29/9/2025;29/9/2025;PCO;;0;;0;;;;;;;;0;14500;0;0;;;;0;0;;;;;0;0;;;;;;;;;0;;;;;;0;;0;0;0;0;0;0;0;0;0;0;0;0;0;;;;1;;1;;;0;9;;;9;;SIN GC
00005 TALLER;4000006070;20;ZPIN;PEDIDO INF - 44013 -;;0;10;4;6/10/2025;SFLORES;1046622;PERNO BRAZO INCLINACION/DADO;2;Materiales Stock;CUMPLIDO;MR01;1;30/9/2025;30/9/2025;septiembre;10132127;20;1;30/9/2025;30/9/2025;C03;;0;;0;;;;;;;;0;2;0;0;;;;0;0;;;;;0;0;;;;;;;;;0;;;;;;0;;0;0;0;0;0;0;0;0;0;0;0;0;0;;;;1;;;1;6;0;6;;;6;;COMPRAS EQUIPOS
00007 COMERCIAL OF LICITACION;4000006075;20;ZPIN;53/25 - ET Cerro Pol;;0;10;4;8/10/2025;GBACCELLI;1012809;Caja Inspección;30;Materiales genericos;CUMPLIDO;MR01;1;30/9/2025;8/10/2025;octubre;10132239;20;1;30/9/2025;30/9/2025;PCO;;0;;0;;;;;;;;0;30;0;0;;;;0;0;;;;;0;0;;;;;;;;;0;;;;;;0;;0;0;0;0;0;0;0;0;0;0;0;0;0;;;;1;;1;;;0;8;;;8;;SIN GC
00005 TALLER;4000006106;20;ZPIN;PEDIDO INF MODULAR -;;0;10;4;13/10/2025;SFLORES;1012888;TALADRO DE BANCO BARBETO S/DETALLE;1;Materiales genericos;CUMPLIDO;MR01;1;6/10/2025;6/10/2025;octubre;10132685;20;1;6/10/2025;6/10/2025;C27;;0;;0;;;;;;;;0;1;0;0;;;;0;0;;;;;0;0;;;;;;;;;0;;;;;;0;;0;0;0;0;0;0;0;0;0;0;0;0;0;;;;1;;;1;7;0;7;;;7;;COMPRAS ABASTECIMIENTO
00014 SISTEMAS;4000006107;20;ZPIN;Reparacion de impres;;0;10;4;13/1/2026;JBIONDI;1013031;Reparacion Epson L3110;1;Servicios;CUMPLIDO;MR01;1;6/10/2025;15/12/2025;diciembre;10132689;20;1;6/10/2025;6/10/2025;C23;;0;;0;;;;;;;;0;1;0;0;;;;0;0;;;;;0;0;;;;;;;;;0;;;;;;0;;0;0;0;0;0;0;0;0;0;0;0;0;0;;;;1;;;1;29;0;99;;;99;;COMPRAS ABASTECIMIENTO
"00001 GENERAL SEDE&#160;";4000006110;20;ZPIN;ZPI 101 679 ALQ. DIS;;0;10;4;29/10/2025;DYANEZ;1025992;ALQUILER DISPENSER FRIO CALOR x MES;8;Servicios;CUMPLIDO;MM01;1;7/10/2025;21/10/2025;octubre;10132837;20;1;7/10/2025;7/10/2025;C24;;0;;0;;;;;;;;0;8;0;0;;;;0;0;;;;;0;0;;;;;;;;;0;;;;;;0;;0;0;0;0;0;0;0;0;0;0;0;0;0;;;;1;;;1;8;0;22;;;22;;COMPRAS ABASTECIMIENTO
00007 COMERCIAL OF LICITACION;4000006156;20;ZPIN;58/25 -DUPLICAR NORT;;0;10;4;27/10/2025;GBACCELLI;1012799;Borne Phoenix Contact UT 4-PE;1;Materiales genericos;CUMPLIDO;MR01;1;22/10/2025;31/10/2025;octubre;10134113;20;1;22/10/2025;22/10/2025;PCO;;0;;0;;;;;;;;0;1;0;0;;;;0;0;;;;;0;0;;;;;;;;;0;;;;;;0;;0;0;0;0;0;0;0;0;0;0;0;0;0;;;;1;;1;;;0;5;;;5;;SIN GC
00007 COMERCIAL OF LICITACION;4000006157;20;ZPIN;58/25 -DUPLICAR NORT;;0;10;4;27/10/2025;GBACCELLI;1012799;Módulo CompactLogix 1769-IF16;1;Materiales genericos;CUMPLIDO;MR01;1;22/10/2025;31/10/2025;octubre;10134115;20;1;22/10/2025;22/10/2025;PCO;;0;;0;;;;;;;;0;1;0;0;;;;0;0;;;;;0;0;;;;;;;;;0;;;;;;0;;0;0;0;0;0;0;0;0;0;0;0;0;0;;;;1;;1;;;0;5;;;5;;SIN GC
00007 COMERCIAL OF LICITACION;4000006158;20;ZPIN;58/25 -DUPLICAR NORT;;0;10;4;3/11/2025;GBACCELLI;1012799;Fuente Cisco PWR-IE50W-AC-L;1;Materiales genericos;CUMPLIDO;MR01;1;22/10/2025;31/10/2025;octubre;10134116;20;1;22/10/2025;22/10/2025;PCO;;0;;0;;;;;;;;0;1;0;0;;;;0;0;;;;;0;0;;;;;;;;;0;;;;;;0;;0;0;0;0;0;0;0;0;0;0;0;0;0;;;;1;;;1;3;0;12;;;12;;SIN GC
00008 ABASTECIMIENTO;4000006162;20;ZPIN;ZPIN S/ ADJUNTO;;0;10;4;14/11/2025;ASIGNORELLI;1012896;MAZA VOLEO 7 KG S/CABO;1;Materiales genericos;CUMPLIDO;MR01;1;23/10/2025;30/10/2025;octubre;10134180;20;1;23/10/2025;23/10/2025;C27;;0;;0;;;;;;;;0;1;0;0;;;;0;0;;;;;0;0;;;;;;;;;0;;;;;;0;;0;0;0;0;0;0;0;0;0;0;0;0;0;;;;1;;;1;15;0;22;;;22;;COMPRAS ABASTECIMIENTO
00007 COMERCIAL OF LICITACION;4000006167;20;ZPIN;25.60 OLDELVAL-Salit;;0;10;4;11/11/2025;LAFFATATO;1012611;Cámara prefaricada de H°;1;Materiales genericos;CUMPLIDO;MR01;1;24/10/2025;3/11/2025;noviembre;10134259;20;1;24/10/2025;24/10/2025;PCO;;0;;0;;;;;;;;0;1;0;0;;;;0;0;;;;;0;0;;;;;;;;;0;;;;;;0;;0;0;0;0;0;0;0;0;0;0;0;0;0;;;;1;;;1;8;0;18;;;18;;SIN GC
00008 ABASTECIMIENTO;4000006168;20;ZPIN;FLETE P/ URGENCIAS;;0;10;4;26/12/2025;ASIGNORELLI;1012981;FLETE DE SEDE ROSARIO A OB374;1;Servicios;CUMPLIDO;MR01;1;24/10/2025;10/11/2025;noviembre;10134264;20;1;24/10/2025;24/10/2025;C15;;0;;0;;;;;;;;0;1;0;0;;;;0;0;;;;;0;0;;;;;;;;;0;;;;;;0;;0;0;0;0;0;0;0;0;0;0;0;0;0;;;;1;;;1;46;0;63;;;63;;COMPRAS ABASTECIMIENTO
0004 SERVICIO TECNICO PROYECTO;4000006169;20;ZPIN;83002 - CONSULTA TEC;;0;10;4;27/10/2025;REGONZALEZ;1015947;Comando Calefaccion MBZ Atego;1;Materiales genericos;CUMPLIDO;MR01;1;24/10/2025;24/10/2025;octubre;10134276;20;1;24/10/2025;24/10/2025;C03;;0;;0;;;;;;;;0;1;0;0;;;;0;0;;;;;0;0;;;;;;;;;0;;;;;;0;;0;0;0;0;0;0;0;0;0;0;0;0;0;;;;1;;;1;3;0;3;;;3;;COMPRAS EQUIPOS
00007 COMERCIAL OF LICITACION;4000006171;20;ZPIN;25.60 - OLDELVAL Cam;;0;10;4;31/10/2025;EPAONE;1022295;MODULO SANITARIOS;1;Servicios;CUMPLIDO;MR01;1;24/10/2025;7/11/2025;noviembre;10134283;20;1;24/10/2025;24/10/2025;PCO;;0;;0;;;;;;;;0;1;0;0;;;;0;0;;;;;0;0;;;;;;;;;0;;;;;;0;;0;0;0;0;0;0;0;0;0;0;0;0;0;;;;1;;1;;;0;7;;;7;;SIN GC
00007 COMERCIAL OF LICITACION;4000006177;20;ZPIN;25.60 - OLDELVAL Cam;;0;10;4;31/10/2025;EPAONE;1022295;BAÑOS QUIMICOS;4;Servicios;CUMPLIDO;MR01;1;28/10/2025;7/11/2025;noviembre;10134498;20;1;28/10/2025;28/10/2025;PCO;;0;;0;;;;;;;;0;4;0;0;;;;0;0;;;;;0;0;;;;;;;;;0;;;;;;0;;0;0;0;0;0;0;0;0;0;0;0;0;0;;;;1;;1;;;0;3;;;3;;SIN GC
00007 COMERCIAL OF LICITACION;4000006178;20;ZPIN;25.61 - Fenix TX - S;;0;10;4;3/11/2025;NCARUSO;1022294;Alquiler de batea por dia con chofer;60;Servicios;CUMPLIDO;MR01;1;28/10/2025;4/11/2025;noviembre;10134523;20;1;28/10/2025;28/10/2025;PCO;;0;;0;;;;;;;;0;60;0;0;;;;0;0;;;;;0;0;;;;;;;;;0;;;;;;0;;0;0;0;0;0;0;0;0;0;0;0;0;0;;;;1;;1;;;0;6;;;6;;SIN GC
00005 TALLER;4000006179;20;ZPIN;PEDIDO INF - 44021;;0;10;4;31/10/2025;SFLORES;1015947;1J-6740 - CONJUNTO DE COJINETE;1;Materiales genericos;CUMPLIDO;MR01;1;28/10/2025;28/10/2025;octubre;10134528;20;1;28/10/2025;28/10/2025;C03;;0;;0;;;;;;;;0;1;0;0;;;;0;0;;;;;0;0;;;;;;;;;0;;;;;;0;;0;0;0;0;0;0;0;0;0;0;0;0;0;;;;1;;;1;3;0;3;;;3;;COMPRAS EQUIPOS
00007 COMERCIAL OF LICITACION;4000006185;20;ZPIN;25.60 - OLDELVAL Cam;;0;10;4;4/11/2025;EPAONE;1022295;BOLSA DE HIELO 10 KILOS;75;Servicios;CUMPLIDO;MR01;1;29/10/2025;7/11/2025;noviembre;10134688;20;1;29/10/2025;29/10/2025;PCO;;0;;0;;;;;;;;0;75;0;0;;;;0;0;;;;;0;0;;;;;;;;;0;;;;;;0;;0;0;0;0;0;0;0;0;0;0;0;0;0;;;;1;;1;;;0;6;;;6;;SIN GC
00007 COMERCIAL OF LICITACION;4000006191;20;ZPIN;25.61 - Fenix TX - S;;0;10;4;31/10/2025;NCARUSO;1035446;Ver Adjunto Tte de Personal;4;Servicios;CUMPLIDO;MR01;1;30/10/2025;4/11/2025;noviembre;10134710;20;1;30/10/2025;30/10/2025;PCO;;0;;0;;;;;;;;0;4;0;0;;;;0;0;;;;;0;0;;;;;;;;;0;;;;;;0;;0;0;0;0;0;0;0;0;0;0;0;0;0;;;;1;;1;;;0;1;;;1;;SIN GC
00005 TALLER;4000006202;20;ZPIN;PEDIDO INF - 71188;;0;10;4;5/11/2025;SFLORES;1015947;6689100036 - PERNO CILINDRO DIRECCION;2;Materiales genericos;CUMPLIDO;MR01;1;3/11/2025;3/11/2025;noviembre;10134952;20;1;3/11/2025;3/11/2025;C03;;0;;0;;;;;;;;0;2;0;0;;;;0;0;;;;;0;0;;;;;;;;;0;;;;;;0;;0;0;0;0;0;0;0;0;0;0;0;0;0;;;;1;;;1;2;0;2;;;2;;COMPRAS EQUIPOS
00014 SISTEMAS;4000006204;20;ZPIN;Compra de impresoras;;0;10;4;4/11/2025;JBIONDI;1013312;Brother MFC-j6955DW;1;Materiales Sistemas;CUMPLIDO;MR01;1;3/11/2025;3/11/2025;noviembre;10135037;20;1;3/11/2025;3/11/2025;C05;;0;;0;;;;;;;;0;1;0;0;;;;0;0;;;;;0;0;;;;;;;;;0;;;;;;0;;0;0;0;0;0;0;0;0;0;0;0;0;0;;;;1;;;1;1;0;1;;;1;;SIN GC
00008 ABASTECIMIENTO;4000006211;20;ZPIN;DESARROLLAR PROVEEDO;;0;10;4;7/11/2025;GHERNANDEZ;1013137;ALQUILER DISPENSER FRIO CALOR XDIA;1;Servicios;CUMPLIDO;MR01;1;4/11/2025;4/12/2025;diciembre;10135157;20;1;4/11/2025;4/11/2025;PCO;;0;;0;;;;;;;;0;1;0;0;;;;0;0;;;;;0;0;;;;;;;;;0;;;;;;0;;0;0;0;0;0;0;0;0;0;0;0;0;0;;;;1;;1;;;0;3;;;3;;SIN GC
00029-AMPLIACION SEDE ROSARIO;4000006212;20;ZPIN;LIMPIEZA;;0;10;4;12/11/2025;AFORTUNA;1022652;SERVICIO LIMPIEZA SEDE X MES;1;Servicios;CUMPLIDO;MR01;1;4/11/2025;11/11/2025;noviembre;10135162;20;1;4/11/2025;4/11/2025;C24;;0;;0;;;;;;;;0;1;0;0;;;;0;0;;;;;0;0;;;;;;;;;0;;;;;;0;;0;0;0;0;0;0;0;0;0;0;0;0;0;;;;1;;;1;1;0;8;;;8;;COMPRAS ABASTECIMIENTO
00014 SISTEMAS;4000006215;20;ZPIN;Cotizacion de PC y m;;0;10;4;10/11/2025;JBIONDI;1013329;PC Lenovo ThinkCentre Neo 50q;1;Materiales Sistemas;CUMPLIDO;MR01;1;5/11/2025;5/11/2025;noviembre;10135250;20;1;5/11/2025;5/11/2025;C05;;0;;0;;;;;;;;0;1;0;0;;;;0;0;;;;;0;0;;;;;;;;;0;;;;;;0;;0;0;0;0;0;0;0;0;0;0;0;0;0;;;;1;;;1;5;0;5;;;5;;SIN GC
"00001 GENERAL SEDE&#160;";4000006218;20;ZPIN;;;0;10;4;19/11/2025;DYANEZ;1036089;FLETE TTE CAMION RES PELIGROSOS SEDE;60;Servicios;CUMPLIDO;MM01;1;6/11/2025;20/11/2025;noviembre;10135282;20;1;6/11/2025;6/11/2025;C24;;0;;0;;;;;;;;0;60;0;0;;;;0;0;;;;;0;0;;;;;;;;;0;;;;;;0;;0;0;0;0;0;0;0;0;0;0;0;0;0;;;;1;;1;;;0;13;;;13;;COMPRAS ABASTECIMIENTO
00007 COMERCIAL OF LICITACION;4000006219;20;ZPIN;63-25 EXPLOTACION DE;;0;10;4;10/11/2025;EBLASI;1013113;TRANSPORTE DE PERSONAL XVIAJE;11616;Servicios;CUMPLIDO;MR01;1;6/11/2025;11/11/2025;noviembre;10135301;20;1;6/11/2025;6/11/2025;PCO;;0;;0;;;;;;;;0;11616;0;0;;;;0;0;;;;;0;0;;;;;;;;;0;;;;;;0;;0;0;0;0;0;0;0;0;0;0;0;0;0;;;;1;;1;;;0;4;;;4;;SIN GC
00007 COMERCIAL OF LICITACION;4000006222;20;ZPIN;63-25 EXPLOTACION DE;;0;10;4;7/11/2025;EBLASI;1001707;CHALECOGRAFANARANJACONREFLETIVOT.XLC2;44;Materiales Stock;CUMPLIDO;MR01;1;6/11/2025;11/11/2025;noviembre;10135317;20;1;6/11/2025;6/11/2025;C28;;0;;0;;;;;;;;0;44;0;0;;;;0;0;;;;;0;0;;;;;;;;;0;;;;;;0;;0;0;0;0;0;0;0;0;0;0;0;0;0;;;;1;;1;;;0;1;;;1;;COMPRAS ABASTECIMIENTO
00007 COMERCIAL OF LICITACION;4000006224;20;ZPIN;63-25 EXPLOTACION DE;;0;10;4;7/11/2025;EBLASI;1013134;ALQUILER BANO QUIMICO CON LAVAMANOS XDIA;730;Servicios;CUMPLIDO;MR01;1;6/11/2025;6/11/2025;noviembre;10135319;20;1;6/11/2025;6/11/2025;PCO;;0;;0;;;;;;;;0;730;0;0;;;;0;0;;;;;0;0;;;;;;;;;0;;;;;;0;;0;0;0;0;0;0;0;0;0;0;0;0;0;;;;1;;;1;1;0;1;;;1;;SIN GC
00005 TALLER;4000006228;20;ZPIN;PEDIDO INF - 33024;;0;10;4;11/11/2025;SFLORES;1047848;TRANSMISOR DE PRESION;1;Materiales Stock;CUMPLIDO;MR01;1;6/11/2025;6/11/2025;noviembre;10135342;20;1;6/11/2025;6/11/2025;C03;;0;;0;;;;;;;;0;1;0;0;;;;0;0;;;;;0;0;;;;;;;;;0;;;;;;0;;0;0;0;0;0;0;0;0;0;0;0;0;0;;;;1;;;1;5;0;5;;;5;;COMPRAS EQUIPOS
00005 TALLER;4000006232;20;ZPIN;PEDIDO INF - GRUA TE;;0;10;4;11/11/2025;SFLORES;1015947;RPSAN60115081 - FILTRO SEPARADOR;1;Materiales genericos;CUMPLIDO;MR01;1;8/11/2025;8/11/2025;noviembre;10135487;20;1;8/11/2025;8/11/2025;C03;;0;;0;;;;;;;;0;1;0;0;;;;0;0;;;;;0;0;;;;;;;;;0;;;;;;0;;0;0;0;0;0;0;0;0;0;0;0;0;0;;;;1;;;1;3;0;3;;;3;;COMPRAS EQUIPOS
00007 COMERCIAL OF LICITACION;4000006237;20;ZPIN;Perforación y Carga;;0;10;4;11/11/2025;MBALAUZ;1013113;TRANSPORTE DE PERSONAL XVIAJE;1;Servicios;CUMPLIDO;MR01;1;10/11/2025;12/11/2025;noviembre;10135566;20;1;10/11/2025;10/11/2025;PCO;;0;;0;;;;;;;;0;1;0;0;;;;0;0;;;;;0;0;;;;;;;;;0;;;;;;0;;0;0;0;0;0;0;0;0;0;0;0;0;0;;;;1;;1;;;0;1;;;1;;SIN GC
00007 COMERCIAL OF LICITACION;4000006244;20;ZPIN;;;0;10;4;26/11/2025;NCARUSO;1012779;Caño de PVC φ110 mm -clase 4 - e: 3,2 JE;375;Materiales genericos;CUMPLIDO;MR01;1;10/11/2025;17/11/2025;noviembre;10135612;20;1;10/11/2025;10/11/2025;PCO;;0;;0;;;;;;;;0;375;0;0;;;;0;0;;;;;0;0;;;;;;;;;0;;;;;;0;;0;0;0;0;0;0;0;0;0;0;0;0;0;;;;1;;;1;9;0;16;;;16;;SIN GC
00007 COMERCIAL OF LICITACION;4000006247;20;ZPIN;;;0;10;4;12/11/2025;NCARUSO;1022295;Pilotes hincados premoldeados;57;Servicios;CUMPLIDO;MR01;1;10/11/2025;17/11/2025;noviembre;10135618;20;1;10/11/2025;10/11/2025;PCO;;0;;0;;;;;;;;0;57;0;0;;;;0;0;;;;;0;0;;;;;;;;;0;;;;;;0;;0;0;0;0;0;0;0;0;0;0;0;0;0;;;;1;;1;;;0;2;;;2;;SIN GC
00010 LOGISTICA;4000006250;20;ZPIN;PLACAS IDENTIFICATOR;;0;10;4;28/11/2025;LMANSILLA;1015947;PLACA IDENT GRABADOS LASER - CAPACHO;10;Materiales genericos;CUMPLIDO;MR01;1;11/11/2025;11/11/2025;noviembre;10135660;20;1;11/11/2025;11/11/2025;C03;;0;;0;;;;;;;;0;10;0;0;;;;0;0;;;;;0;0;;;;;;;;;0;;;;;;0;;0;0;0;0;0;0;0;0;0;0;0;0;0;;;;1;;;1;17;0;17;;;17;;COMPRAS EQUIPOS
00006 CONSTRUCTORA;4000006253;20;ZPIN;3° LOOP YPF;;0;10;4;14/11/2025;GLOPEZ;1012807;TRANSMISOR DE PRESION C/SELLO REMOTO;13;Materiales genericos;CUMPLIDO;MR01;1;11/11/2025;13/11/2025;noviembre;10135726;20;1;11/11/2025;11/11/2025;PCO;;0;;0;;;;;;;;0;13;0;0;;;;0;0;;;;;0;0;;;;;;;;;0;;;;;;0;;0;0;0;0;0;0;0;0;0;0;0;0;0;;;;1;;;1;1;0;3;;;3;;SIN GC
00007 COMERCIAL OF LICITACION;4000006254;20;ZPIN;25.50 - Techint - Fe;;0;10;4;12/11/2025;NCARUSO;1012818;Membrana HDPE;9000;Materiales genericos;CUMPLIDO;MR01;1;11/11/2025;17/11/2025;noviembre;10135727;20;1;11/11/2025;11/11/2025;PCO;;0;;0;;;;;;;;0;9000;0;0;;;;0;0;;;;;0;0;;;;;;;;;0;;;;;;0;;0;0;0;0;0;0;0;0;0;0;0;0;0;;;;1;;1;;;0;1;;;1;;SIN GC
00008 ABASTECIMIENTO;4000006257;20;ZPIN;CONTENCION ALMACEN S;;0;10;4;23/1/2026;PAPPELLA;1034248;COLOCACION RED CONTENCION ALMACEN PA S/D;1;Servicios;CUMPLIDO;MR01;1;12/11/2025;26/11/2025;noviembre;10135797;20;1;12/11/2025;12/11/2025;C26;;0;;0;;;;;;;;0;1;0;0;;;;0;0;;;;;0;0;;;;;;;;;0;;;;;;0;;0;0;0;0;0;0;0;0;0;0;0;0;0;;;;1;;;1;58;0;72;;;72;;COMPRAS ABASTECIMIENTO
00007 COMERCIAL OF LICITACION;4000006262;20;ZPIN;PARACEL;;0;10;4;16/12/2025;LAFFATATO;1012873;Lubricante y combustible;1;Materiales genericos;CUMPLIDO;MR01;1;13/11/2025;26/11/2025;noviembre;10135882;20;1;13/11/2025;13/11/2025;PCO;;0;;0;;;;;;;;0;1;0;0;;;;0;0;;;;;0;0;;;;;;;;;0;;;;;;0;;0;0;0;0;0;0;0;0;0;0;0;0;0;;;;1;;;1;20;0;33;;;33;;SIN GC
00007 COMERCIAL OF LICITACION;4000006264;20;ZPIN;25.60 - OLDELVAL Cam;;0;10;4;27/11/2025;EPAONE;1022295;SERVICIO OBRA S DETALLE XUN;1;Servicios;CUMPLIDO;MR01;1;13/11/2025;18/11/2025;noviembre;10135913;20;1;13/11/2025;13/11/2025;PCO;;0;;0;;;;;;;;0;1;0;0;;;;0;0;;;;;0;0;;;;;;;;;0;;;;;;0;;0;0;0;0;0;0;0;0;0;0;0;0;0;;;;1;;;1;9;0;14;;;14;;SIN GC
00014 SISTEMAS;4000006293;20;ZPIN;Reparacion de impres;;0;10;4;13/1/2026;JBIONDI;1013031;Reparacion HP 127;2;Servicios;CUMPLIDO;MR01;1;21/11/2025;15/12/2025;diciembre;10136570;20;1;21/11/2025;21/11/2025;C23;;0;;0;;;;;;;;0;2;0;0;;;;0;0;;;;;0;0;;;;;;;;;0;;;;;;0;;0;0;0;0;0;0;0;0;0;0;0;0;0;;;;1;;;1;29;0;53;;;53;;COMPRAS ABASTECIMIENTO
00014 SISTEMAS;4000006329;20;ZPIN;Cotizacion server;;0;10;4;17/12/2025;JBIONDI;1013343;WIN SERVER STD 2025 SPANISH 1pk;1;Materiales Sistemas;CUMPLIDO;MR01;1;9/12/2025;19/12/2025;diciembre;10137714;20;1;9/12/2025;9/12/2025;C24;;0;;0;;;;;;;;0;1;0;0;;;;0;0;;;;;0;0;;;;;;;;;0;;;;;;0;;0;0;0;0;0;0;0;0;0;0;0;0;0;;;;1;;1;;;0;8;;;8;;COMPRAS ABASTECIMIENTO
00007 COMERCIAL OF LICITACION;4000005829;30;ZPIN;42.25 Essential;;0;10;4;7/8/2025;JBAUTISTA;1011243;HORMIGON ELABORADO H15;1;Materiales usuales;CUMPLIDO;MR01;1;29/7/2025;15/8/2025;agosto;10127164;30;1;29/7/2025;29/7/2025;PCO;;0;;0;;;;;;;;0;1;0;0;;;;0;0;;;;;0;0;;;;;;;;;0;;;;;;0;;0;0;0;0;0;0;0;0;0;0;0;0;0;;;;1;;1;;;0;9;;;9;;SIN GC
00007 COMERCIAL OF LICITACION;4000005831;30;ZPIN;24.61 - PE HUCALITO;;25;10;4;31/7/2025;MBALAUZ;1012590;Aditivo DARACEM 19;1;Materiales genericos;CUMPLIDO;MR01;1;29/7/2025;1/8/2025;agosto;10127173;30;1;29/7/2025;29/7/2025;PCO;;0;;0;;;;;;;;0;1;0;0;;;;0;0;;;;;0;0;;;;;;;;;0;;;;;;0;;0;0;0;0;0;0;0;0;0;0;0;0;0;;;;1;;1;;;0;2;;;2;;SIN GC
00007 COMERCIAL OF LICITACION;4000005833;30;ZPIN;42.25 Essential;;0;10;4;8/8/2025;JBAUTISTA;1013113;TRANSPORTE DE PERSONAL XVIAJE;1;Servicios;CUMPLIDO;MR01;1;30/7/2025;15/8/2025;agosto;10127212;30;1;30/7/2025;30/7/2025;PCO;;0;;0;;;;;;;;0;1;0;0;;;;0;0;;;;;0;0;;;;;;;;;0;;;;;;0;;0;0;0;0;0;0;0;0;0;0;0;0;0;;;;1;;1;;;0;9;;;9;;SIN GC
00007 COMERCIAL OF LICITACION;4000005868;30;ZPIN;Hucalito BOP Eléctri;;0;10;4;18/8/2025;GBACCELLI;1012801;Conjunto terminal cable MT 400mm2;6;Materiales genericos;CUMPLIDO;MR01;1;11/8/2025;18/8/2025;agosto;10128265;30;1;11/8/2025;11/8/2025;PCO;;0;;0;;;;;;;;0;6;0;0;;;;0;0;;;;;0;0;;;;;;;;;0;;;;;;0;;0;0;0;0;0;0;0;0;0;0;0;0;0;;;;1;;1;;;0;7;;;7;;SIN GC
00007 COMERCIAL OF LICITACION;4000005874;30;ZPIN;EIC CGA Jujuy;;0;10;4;25/8/2025;GBACCELLI;1012806;Cable subterráneo IRAM 2178-1 5x10 mm2;800;Materiales genericos;CUMPLIDO;MR01;1;13/8/2025;20/8/2025;agosto;10128433;30;1;13/8/2025;13/8/2025;PCO;;0;;0;;;;;;;;0;800;0;0;;;;0;0;;;;;0;0;;;;;;;;;0;;;;;;0;;0;0;0;0;0;0;0;0;0;0;0;0;0;;;;1;;;1;5;0;12;;;12;;SIN GC
00004 LEGALES ROSARIO;4000005895;30;ZPIN;LICITACIÓN POLIZAS D;;0;10;4;18/9/2025;NLAFORNARO;1012962;POLIZA TRANSPORTE DEVOL;1;Servicios;CUMPLIDO;MR01;1;21/8/2025;23/9/2025;septiembre;10129038;30;1;21/8/2025;21/8/2025;C16;;0;;0;;;;;;;;0;1;0;0;;;;0;0;;;;;0;0;;;;;;;;;0;;;;;;0;;0;0;0;0;0;0;0;0;0;0;0;0;0;;;;1;;1;;;0;28;;;28;;COMPRAS ABASTECIMIENTO
00005 TALLER;4000005897;30;ZPIN;COTIZACION INFORME V;;0;10;4;26/8/2025;SFLORES;1015947;ENGRASE Y LIMP EN PUENTE GRUA 7Tn/25Tn;1;Materiales genericos;CUMPLIDO;MR01;1;21/8/2025;21/8/2025;agosto;10129085;30;1;21/8/2025;21/8/2025;C38;;0;;0;;;;;;;;0;1;0;0;;;;0;0;;;;;0;0;;;;;;;;;0;;;;;;0;;0;0;0;0;0;0;0;0;0;0;0;0;0;;;;1;;;1;5;0;5;;;5;;COMPRAS EQUIPOS
00005 TALLER;4000005903;30;ZPIN;INSUMO HERRERIA- SF-;;0;10;4;29/8/2025;SFLORES;1033455;PORTAUÑAS CENTRAL;8;Materiales Stock;CUMPLIDO;MR01;1;25/8/2025;25/8/2025;agosto;10129328;30;1;25/8/2025;25/8/2025;C03;;0;;0;;;;;;;;0;8;0;0;;;;0;0;;;;;0;0;;;;;;;;;0;;;;;;0;;0;0;0;0;0;0;0;0;0;0;0;0;0;;;;1;;;1;4;0;4;;;4;;COMPRAS EQUIPOS
00007 COMERCIAL OF LICITACION;4000005905;30;ZPIN;47/25 - CPSA PE;;25;10;4;10/9/2025;LCANNELLI;1009673;ARENA DE RIO 0-6;1;Materiales usuales;CUMPLIDO;MR01;1;25/8/2025;10/9/2025;septiembre;10129366;30;1;25/8/2025;25/8/2025;PCO;;0;;0;;;;;;;;0;1;0;0;;;;0;0;;;;;0;0;;;;;;;;;0;;;;;;0;;0;0;0;0;0;0;0;0;0;0;0;0;0;;;;1;;1;;;0;16;;;16;;SIN GC
00007 COMERCIAL OF LICITACION;4000005909;30;ZPIN;EIC CGA Jujuy;;0;10;4;3/9/2025;GBACCELLI;1012798;Cable subterráneo IRAM 2178-1 4x16mm2;300;Materiales genericos;CUMPLIDO;MR01;1;27/8/2025;3/9/2025;septiembre;10129588;30;1;27/8/2025;27/8/2025;PCO;;0;;0;;;;;;;;0;300;0;0;;;;0;0;;;;;0;0;;;;;;;;;0;;;;;;0;;0;0;0;0;0;0;0;0;0;0;0;0;0;;;;1;;1;;;0;7;;;7;;SIN GC
00007 COMERCIAL OF LICITACION;4000005936;30;ZPIN;48/25 - OLEODUCTO 3º;;0;10;4;15/9/2025;EBENSI;1012782;"TEE PARTIDA 30""x16"" #600 T.D. WILLIAMSON";6;Materiales genericos;CUMPLIDO;MR01;1;2/9/2025;12/9/2025;septiembre;10130053;30;1;2/9/2025;2/9/2025;C09;;0;;0;;;;;;;;0;6;0;0;;;;0;0;;;;;0;0;;;;;;;;;0;;;;;;0;;0;0;0;0;0;0;0;0;0;0;0;0;0;;;;1;;;1;3;0;13;;;13;;COMPRAS ABASTECIMIENTO
00007 COMERCIAL OF LICITACION;4000005938;30;ZPIN;48/25 - OLEODUCTO 3º;;0;10;4;15/9/2025;EBENSI;1012782;"VALVULA ESFERICA Ø16"" #600 RF PT, S/DET";6;Materiales genericos;CUMPLIDO;MR01;1;2/9/2025;12/9/2025;septiembre;10130089;30;1;2/9/2025;2/9/2025;C09;;0;;0;;;;;;;;0;6;0;0;;;;0;0;;;;;0;0;;;;;;;;;0;;;;;;0;;0;0;0;0;0;0;0;0;0;0;0;0;0;;;;1;;;1;3;0;13;;;13;;COMPRAS ABASTECIMIENTO
00007 COMERCIAL OF LICITACION;4000005953;30;ZPIN;48/25 - OLEODUCTO 3º;;0;10;4;15/9/2025;EBENSI;1012782;"VALVULA ESFERICA Ø4"" #150 S/ESPEC.";5;Materiales genericos;CUMPLIDO;MR01;1;4/9/2025;15/9/2025;septiembre;10130304;30;1;4/9/2025;4/9/2025;C09;;0;;0;;;;;;;;0;5;0;0;;;;0;0;;;;;0;0;;;;;;;;;0;;;;;;0;;0;0;0;0;0;0;0;0;0;0;0;0;0;;;;1;;1;;;0;11;;;11;;COMPRAS ABASTECIMIENTO
00007 COMERCIAL OF LICITACION;4000005967;30;ZPIN;25.47 - CPSA-PE Los;;25;10;4;17/9/2025;LCANNELLI;1013116;VIANDA ALMUERZO PUESTA EN OBRA XUN;90;Servicios;CUMPLIDO;MR01;1;9/9/2025;9/9/2025;septiembre;10130616;30;1;9/9/2025;9/9/2025;PCO;;0;;0;;;;;;;;0;90;0;0;;;;0;0;;;;;0;0;;;;;;;;;0;;;;;;0;;0;0;0;0;0;0;0;0;0;0;0;0;0;;;;1;;;1;8;0;8;;;8;;SIN GC
00005 TALLER;4000005983;30;ZPIN;COTIZ/77002 REPUESTO;;0;10;4;15/9/2025;GSPINELLI;1015947;RETEN DE BANCADA(VER NOTA);1;Materiales genericos;CUMPLIDO;MR01;1;11/9/2025;11/9/2025;septiembre;10130757;30;1;11/9/2025;11/9/2025;C03;;0;;0;;;;;;;;0;1;0;0;;;;0;0;;;;;0;0;;;;;;;;;0;;;;;;0;;0;0;0;0;0;0;0;0;0;0;0;0;0;;;;1;;;1;4;0;4;;;4;;COMPRAS EQUIPOS
00005 TALLER;4000005987;30;ZPIN;COTIZACION PINTURA -;;0;10;4;17/9/2025;SFLORES;1012853;PINT.POL2/1 VERD MEDIO DEUTZ SATIN-P2940;1;Materiales genericos;CUMPLIDO;MR01;1;11/9/2025;22/9/2025;septiembre;10130810;30;1;11/9/2025;11/9/2025;C22;;0;;0;;;;;;;;0;1;0;0;;;;0;0;;;;;0;0;;;;;;;;;0;;;;;;0;;0;0;0;0;0;0;0;0;0;0;0;0;0;;;;1;;1;;;0;6;;;6;;COMPRAS ABASTECIMIENTO
00007 COMERCIAL OF LICITACION;4000005990;30;ZPIN;48/25 - OLEODUCTO 3º;;0;10;4;16/9/2025;EBENSI;1012784;"COLLAR SEPARADOR CAÑO CAMISA 30""X24""";23;Materiales genericos;CUMPLIDO;MR01;1;11/9/2025;17/9/2025;septiembre;10130824;30;1;11/9/2025;11/9/2025;C09;;0;;0;;;;;;;;0;23;0;0;;;;0;0;;;;;0;0;;;;;;;;;0;;;;;;0;;0;0;0;0;0;0;0;0;0;0;0;0;0;;;;1;;1;;;0;5;;;5;;COMPRAS ABASTECIMIENTO
00007 COMERCIAL OF LICITACION;4000006005;30;ZPIN;48/25 - OLEODUCTO 3º;;0;10;4;19/9/2025;EBENSI;1009726;HIERRO NERVADO ADN420 DIAM 12MM;22320;Materiales usuales;CUMPLIDO;MR01;1;12/9/2025;17/9/2025;septiembre;10130933;30;1;12/9/2025;12/9/2025;PCO;;0;;0;;;;;;;;0;22320;0;0;;;;0;0;;;;;0;0;;;;;;;;;0;;;;;;0;;0;0;0;0;0;0;0;0;0;0;0;0;0;;;;1;;;1;2;0;7;;;7;;SIN GC
0004 SERVICIO TECNICO PROYECTO;4000006014;30;ZPIN;BOMBA P/ CARGADOR 98;;0;10;4;19/9/2025;LNUNEZ;1015947;263-7732 CONJUNTO DE CAJA;1;Materiales genericos;CUMPLIDO;MR01;1;16/9/2025;16/9/2025;septiembre;10131090;30;1;16/9/2025;16/9/2025;C03;;0;;0;;;;;;;;0;1;0;0;;;;0;0;;;;;0;0;;;;;;;;;0;;;;;;0;;0;0;0;0;0;0;0;0;0;0;0;0;0;;;;1;;;1;3;0;3;;;3;;COMPRAS EQUIPOS
00014 SISTEMAS;4000006025;30;ZPIN;Reparacion de impres;;0;10;4;1/10/2025;JBIONDI;1013031;Reparacion Brother 8950;1;Servicios;CUMPLIDO;MR01;1;17/9/2025;30/9/2025;septiembre;10131279;30;1;17/9/2025;17/9/2025;C23;;0;;0;;;;;;;;0;1;0;0;;;;0;0;;;;;0;0;;;;;;;;;0;;;;;;0;;0;0;0;0;0;0;0;0;0;0;0;0;0;;;;1;;;1;1;0;14;;;14;;COMPRAS ABASTECIMIENTO
00005 TALLER;4000006043;30;ZPIN;PEDIDO INF - 44013;;0;10;4;26/9/2025;SFLORES;1046623;PERNO BRAZO/CILINDRO INCLINACION;2;Materiales Stock;CUMPLIDO;MR01;1;23/9/2025;23/9/2025;septiembre;10131644;30;1;23/9/2025;23/9/2025;C03;;0;;0;;;;;;;;0;2;0;0;;;;0;0;;;;;0;0;;;;;;;;;0;;;;;;0;;0;0;0;0;0;0;0;0;0;0;0;0;0;;;;1;;;1;3;0;3;;;3;;COMPRAS EQUIPOS
00005 TALLER;4000006045;30;ZPIN;PEDIDO INF - 46824;;0;10;4;26/9/2025;SFLORES;1041950;KIT DE SELLO DE BALDE;2;Materiales Stock;CUMPLIDO;MR01;1;24/9/2025;24/9/2025;septiembre;10131716;30;1;24/9/2025;24/9/2025;C03;;0;;0;;;;;;;;0;2;0;0;;;;0;0;;;;;0;0;;;;;;;;;0;;;;;;0;;0;0;0;0;0;0;0;0;0;0;0;0;0;;;;1;;;1;2;0;2;;;2;;COMPRAS EQUIPOS
00005 TALLER;4000006049;30;ZPIN;PEDIDO INF - 46005;;0;10;4;13/10/2025;SFLORES;1015947;COLOCACION DE CONVERTIDOR;1;Materiales genericos;CUMPLIDO;MR01;1;25/9/2025;25/9/2025;septiembre;10131858;30;1;25/9/2025;25/9/2025;C38;;0;;0;;;;;;;;0;1;0;0;;;;0;0;;;;;0;0;;;;;;;;;0;;;;;;0;;0;0;0;0;0;0;0;0;0;0;0;0;0;;;;1;;;1;18;0;18;;;18;;COMPRAS EQUIPOS
00005 TALLER;4000006054;30;ZPIN;PEDIDO INF - 44013 -;;0;10;4;29/9/2025;SFLORES;1046623;PERNO BRAZO/CILINDRO INCLINACION;2;Materiales Stock;CUMPLIDO;MR01;1;26/9/2025;26/9/2025;septiembre;10131975;30;1;26/9/2025;26/9/2025;C03;;0;;0;;;;;;;;0;2;0;0;;;;0;0;;;;;0;0;;;;;;;;;0;;;;;;0;;0;0;0;0;0;0;0;0;0;0;0;0;0;;;;1;;;1;3;0;3;;;3;;COMPRAS EQUIPOS
00007 COMERCIAL OF LICITACION;4000006063;30;ZPIN;53-25 - ET Cerro Pol;;0;10;4;6/10/2025;MBALAUZ;1009726;HIERRO NERVADO ADN420 DIAM 12MM;1;Materiales usuales;CUMPLIDO;MR01;1;29/9/2025;6/10/2025;octubre;10132070;30;1;29/9/2025;29/9/2025;PCO;;0;;0;;;;;;;;0;1;0;0;;;;0;0;;;;;0;0;;;;;;;;;0;;;;;;0;;0;0;0;0;0;0;0;0;0;0;0;0;0;;;;1;;1;;;0;7;;;7;;SIN GC
00007 COMERCIAL OF LICITACION;4000006064;30;ZPIN;53-25 - ET Cerro Pol;;0;10;4;16/10/2025;MBALAUZ;1009673;ARENA DE RIO 0-6;1;Materiales usuales;CUMPLIDO;MR01;1;29/9/2025;6/10/2025;octubre;10132077;30;1;29/9/2025;29/9/2025;PCO;;0;;0;;;;;;;;0;1;0;0;;;;0;0;;;;;0;0;;;;;;;;;0;;;;;;0;;0;0;0;0;0;0;0;0;0;0;0;0;0;;;;1;;;1;10;0;17;;;17;;SIN GC
00007 COMERCIAL OF LICITACION;4000006065;30;ZPIN;53-25 - ET Cerro Pol;;0;10;4;16/10/2025;MBALAUZ;1012614;Ø 20 cm;288;Materiales genericos;CUMPLIDO;MR01;1;29/9/2025;6/10/2025;octubre;10132078;30;1;29/9/2025;29/9/2025;PCO;;0;;0;;;;;;;;0;288;0;0;;;;0;0;;;;;0;0;;;;;;;;;0;;;;;;0;;0;0;0;0;0;0;0;0;0;0;0;0;0;;;;1;;;1;10;0;17;;;17;;SIN GC
00007 COMERCIAL OF LICITACION;4000006066;30;ZPIN;53-25 - ET Cerro Pol;;0;10;4;7/10/2025;MBALAUZ;1013113;TRANSPORTE DE PERSONAL XVIAJE;1;Servicios;CUMPLIDO;MR01;1;29/9/2025;6/10/2025;octubre;10132079;30;1;29/9/2025;29/9/2025;PCO;;0;;0;;;;;;;;0;1;0;0;;;;0;0;;;;;0;0;;;;;;;;;0;;;;;;0;;0;0;0;0;0;0;0;0;0;0;0;0;0;;;;1;;;1;1;0;8;;;8;;SIN GC
00005 TALLER;4000006067;30;ZPIN;PEDIDO INF - PINTURA;;0;10;4;6/10/2025;SFLORES;1012853;PRIMER EPOXI CINZA(08976);1;Materiales genericos;CUMPLIDO;MR01;1;29/9/2025;29/9/2025;septiembre;10132107;30;1;29/9/2025;29/9/2025;C22;;0;;0;;;;;;;;0;1;0;0;;;;0;0;;;;;0;0;;;;;;;;;0;;;;;;0;;0;0;0;0;0;0;0;0;0;0;0;0;0;;;;1;;;1;7;0;7;;;7;;COMPRAS ABASTECIMIENTO
00007 COMERCIAL OF LICITACION;4000006069;30;ZPIN;CBI - Puerto Galvan;;0;10;4;9/10/2025;NCARUSO;1009727;Acero CyD - Pedir Lista de Ø;1500;Materiales usuales;CUMPLIDO;MR01;1;29/9/2025;15/10/2025;octubre;10132123;30;1;29/9/2025;29/9/2025;PCO;;0;;0;;;;;;;;0;1500;0;0;;;;0;0;;;;;0;0;;;;;;;;;0;;;;;;0;;0;0;0;0;0;0;0;0;0;0;0;0;0;;;;1;;1;;;0;10;;;10;;SIN GC
00005 TALLER;4000006070;30;ZPIN;PEDIDO INF - 44013 -;;0;10;4;6/10/2025;SFLORES;1046623;PERNO BRAZO/CILINDRO INCLINACION;2;Materiales Stock;CUMPLIDO;MR01;1;30/9/2025;30/9/2025;septiembre;10132127;30;1;30/9/2025;30/9/2025;C03;;0;;0;;;;;;;;0;2;0;0;;;;0;0;;;;;0;0;;;;;;;;;0;;;;;;0;;0;0;0;0;0;0;0;0;0;0;0;0;0;;;;1;;;1;6;0;6;;;6;;COMPRAS EQUIPOS
00007 COMERCIAL OF LICITACION;4000006075;30;ZPIN;53/25 - ET Cerro Pol;;0;10;4;8/10/2025;GBACCELLI;1012809;Conector a compresión;300;Materiales genericos;CUMPLIDO;MR01;1;30/9/2025;8/10/2025;octubre;10132239;30;1;30/9/2025;30/9/2025;PCO;;0;;0;;;;;;;;0;300;0;0;;;;0;0;;;;;0;0;;;;;;;;;0;;;;;;0;;0;0;0;0;0;0;0;0;0;0;0;0;0;;;;1;;1;;;0;8;;;8;;SIN GC
00005 TALLER;4000006106;30;ZPIN;PEDIDO INF MODULAR -;;0;10;4;13/10/2025;SFLORES;1012888;COMPRESOR A PISTON 300lts TRIFASICO;1;Materiales genericos;CUMPLIDO;MR01;1;6/10/2025;6/10/2025;octubre;10132685;30;1;6/10/2025;6/10/2025;C27;;0;;0;;;;;;;;0;1;0;0;;;;0;0;;;;;0;0;;;;;;;;;0;;;;;;0;;0;0;0;0;0;0;0;0;0;0;0;0;0;;;;1;;;1;7;0;7;;;7;;COMPRAS ABASTECIMIENTO
00014 SISTEMAS;4000006107;30;ZPIN;Reparacion de impres;;0;10;4;13/1/2026;JBIONDI;1013031;Reparacion Epson L3110;1;Servicios;CUMPLIDO;MR01;1;6/10/2025;15/12/2025;diciembre;10132689;30;1;21/11/2025;21/11/2025;C23;;0;;0;;;;;;;;0;1;0;0;;;;0;0;;;;;0;0;;;;;;;;;0;;;;;;0;;0;0;0;0;0;0;0;0;0;0;0;0;0;;;;1;;;1;29;46;53;;1;53;;COMPRAS ABASTECIMIENTO
00007 COMERCIAL OF LICITACION;4000006138;30;ZPIN;25.57 Newmont - Cerr;;0;10;4;23/10/2025;LAFFATATO;1012748;Cartelería;1;Materiales genericos;CUMPLIDO;MR01;1;16/10/2025;28/10/2025;octubre;10133533;30;1;16/10/2025;16/10/2025;PCO;;0;;0;;;;;;;;0;1;0;0;;;;0;0;;;;;0;0;;;;;;;;;0;;;;;;0;;0;0;0;0;0;0;0;0;0;0;0;0;0;;;;1;;1;;;0;7;;;7;;SIN GC
00007 COMERCIAL OF LICITACION;4000006156;30;ZPIN;58/25 -DUPLICAR NORT;;0;10;4;27/10/2025;GBACCELLI;1012799;Borne Phoenix Contact TB 4-HESI I MS;40;Materiales genericos;CUMPLIDO;MR01;1;22/10/2025;31/10/2025;octubre;10134113;30;1;22/10/2025;22/10/2025;PCO;;0;;0;;;;;;;;0;40;0;0;;;;0;0;;;;;0;0;;;;;;;;;0;;;;;;0;;0;0;0;0;0;0;0;0;0;0;0;0;0;;;;1;;1;;;0;5;;;5;;SIN GC
00007 COMERCIAL OF LICITACION;4000006157;30;ZPIN;58/25 -DUPLICAR NORT;;0;10;4;27/10/2025;GBACCELLI;1012799;Terminal CompactBus 1769-ECR;1;Materiales genericos;CUMPLIDO;MR01;1;22/10/2025;31/10/2025;octubre;10134115;30;1;22/10/2025;22/10/2025;PCO;;0;;0;;;;;;;;0;1;0;0;;;;0;0;;;;;0;0;;;;;;;;;0;;;;;;0;;0;0;0;0;0;0;0;0;0;0;0;0;0;;;;1;;1;;;0;5;;;5;;SIN GC
00008 ABASTECIMIENTO;4000006162;30;ZPIN;ZPIN S/ ADJUNTO;;0;10;4;14/11/2025;ASIGNORELLI;1012896;MAZA C/CABO MADERA 1 KG;1;Materiales genericos;CUMPLIDO;MR01;1;23/10/2025;30/10/2025;octubre;10134180;30;1;23/10/2025;23/10/2025;C27;;0;;0;;;;;;;;0;1;0;0;;;;0;0;;;;;0;0;;;;;;;;;0;;;;;;0;;0;0;0;0;0;0;0;0;0;0;0;0;0;;;;1;;;1;15;0;22;;;22;;COMPRAS ABASTECIMIENTO
00007 COMERCIAL OF LICITACION;4000006167;30;ZPIN;25.60 OLDELVAL-Salit;;0;10;4;11/11/2025;LAFFATATO;1012585;Estructura metálica;1;Materiales genericos;CUMPLIDO;MR01;1;24/10/2025;3/11/2025;noviembre;10134259;30;1;24/10/2025;24/10/2025;PCO;;0;;0;;;;;;;;0;1;0;0;;;;0;0;;;;;0;0;;;;;;;;;0;;;;;;0;;0;0;0;0;0;0;0;0;0;0;0;0;0;;;;1;;;1;8;0;18;;;18;;SIN GC
00008 ABASTECIMIENTO;4000006168;30;ZPIN;FLETE P/ URGENCIAS;;0;10;4;26/12/2025;ASIGNORELLI;1012981;FLETE DE SEDE ROSARIO A OB368;1;Servicios;CUMPLIDO;MR01;1;24/10/2025;10/11/2025;noviembre;10134264;30;1;24/10/2025;24/10/2025;C15;;0;;0;;;;;;;;0;1;0;0;;;;0;0;;;;;0;0;;;;;;;;;0;;;;;;0;;0;0;0;0;0;0;0;0;0;0;0;0;0;;;;1;;;1;46;0;63;;;63;;COMPRAS ABASTECIMIENTO
0004 SERVICIO TECNICO PROYECTO;4000006169;30;ZPIN;83002 - CONSULTA TEC;;0;10;4;27/10/2025;REGONZALEZ;1015947;Boton de navegacion de pantalla MBZ Ateg;1;Materiales genericos;CUMPLIDO;MR01;1;24/10/2025;24/10/2025;octubre;10134276;30;1;24/10/2025;24/10/2025;C03;;0;;0;;;;;;;;0;1;0;0;;;;0;0;;;;;0;0;;;;;;;;;0;;;;;;0;;0;0;0;0;0;0;0;0;0;0;0;0;0;;;;1;;;1;3;0;3;;;3;;COMPRAS EQUIPOS
00007 COMERCIAL OF LICITACION;4000006171;30;ZPIN;25.60 - OLDELVAL Cam;;0;10;4;11/11/2025;EPAONE;1022295;CONTENEDOR  RESIDUOS CON TAPA  5/7 M3;2;Servicios;CUMPLIDO;MR01;1;24/10/2025;7/11/2025;noviembre;10134283;30;1;24/10/2025;24/10/2025;PCO;;0;;0;;;;;;;;0;2;0;0;;;;0;0;;;;;0;0;;;;;;;;;0;;;;;;0;;0;0;0;0;0;0;0;0;0;0;0;0;0;;;;1;;;1;4;0;18;;;18;;SIN GC
00007 COMERCIAL OF LICITACION;4000006178;30;ZPIN;25.61 - Fenix TX - S;;0;10;4;3/11/2025;NCARUSO;1022294;Disposicion final de suelo (71000m³);1;Servicios;CUMPLIDO;MR01;1;28/10/2025;4/11/2025;noviembre;10134523;30;1;28/10/2025;28/10/2025;PCO;;0;;0;;;;;;;;0;1;0;0;;;;0;0;;;;;0;0;;;;;;;;;0;;;;;;0;;0;0;0;0;0;0;0;0;0;0;0;0;0;;;;1;;1;;;0;6;;;6;;SIN GC
00005 TALLER;4000006179;30;ZPIN;PEDIDO INF - 44021;;0;10;4;31/10/2025;SFLORES;1043532;TORNILLO;2;Materiales Stock;CUMPLIDO;MR01;1;28/10/2025;28/10/2025;octubre;10134528;30;1;28/10/2025;28/10/2025;C03;;0;;0;;;;;;;;0;2;0;0;;;;0;0;;;;;0;0;;;;;;;;;0;;;;;;0;;0;0;0;0;0;0;0;0;0;0;0;0;0;;;;1;;;1;3;0;3;;;3;;COMPRAS EQUIPOS
00007 COMERCIAL OF LICITACION;4000006191;30;ZPIN;25.61 - Fenix TX - S;;0;10;4;31/10/2025;NCARUSO;1013130;Ver Adjunto Preocupacional;80;Servicios;CUMPLIDO;MR01;1;30/10/2025;4/11/2025;noviembre;10134710;30;1;30/10/2025;30/10/2025;PCO;;0;;0;;;;;;;;0;80;0;0;;;;0;0;;;;;0;0;;;;;;;;;0;;;;;;0;;0;0;0;0;0;0;0;0;0;0;0;0;0;;;;1;;1;;;0;1;;;1;;SIN GC
00005 TALLER;4000006202;30;ZPIN;PEDIDO INF - 71188;;0;10;4;5/11/2025;SFLORES;1015947;7246100476 - CABLE DE ACERO TRABA GIRO;1;Materiales genericos;CUMPLIDO;MR01;1;3/11/2025;3/11/2025;noviembre;10134952;30;1;3/11/2025;3/11/2025;C03;;0;;0;;;;;;;;0;1;0;0;;;;0;0;;;;;0;0;;;;;;;;;0;;;;;;0;;0;0;0;0;0;0;0;0;0;0;0;0;0;;;;1;;;1;2;0;2;;;2;;COMPRAS EQUIPOS
00008 ABASTECIMIENTO;4000006211;30;ZPIN;DESARROLLAR PROVEEDO;;0;10;4;10/11/2025;GHERNANDEZ;1025934;ALQUILER BANO QUIMICO CON LAVAMANOS XMES;1;Servicios;CUMPLIDO;MR01;1;4/11/2025;4/12/2025;diciembre;10135157;30;1;4/11/2025;4/11/2025;PCO;;0;;0;;;;;;;;0;1;0;0;;;;0;0;;;;;0;0;;;;;;;;;0;;;;;;0;;0;0;0;0;0;0;0;0;0;0;0;0;0;;;;1;;1;;;0;6;;;6;;SIN GC
00007 COMERCIAL OF LICITACION;4000006219;30;ZPIN;63-25 EXPLOTACION DE;;0;10;4;7/11/2025;EBLASI;1013130;EXAMEN PREOCUPACIONAL BASICO XUN;22;Servicios;CUMPLIDO;MR01;1;6/11/2025;11/11/2025;noviembre;10135301;30;1;6/11/2025;6/11/2025;PCO;;0;;0;;;;;;;;0;22;0;0;;;;0;0;;;;;0;0;;;;;;;;;0;;;;;;0;;0;0;0;0;0;0;0;0;0;0;0;0;0;;;;1;;1;;;0;1;;;1;;SIN GC
00007 COMERCIAL OF LICITACION;4000006222;30;ZPIN;63-25 EXPLOTACION DE;;0;10;4;7/11/2025;EBLASI;1001741;BARBIJO 2 TELAS TIPO BOLSILLO;76;Materiales Stock;CUMPLIDO;MR01;1;6/11/2025;11/11/2025;noviembre;10135317;30;1;6/11/2025;6/11/2025;C28;;0;;0;;;;;;;;0;76;0;0;;;;0;0;;;;;0;0;;;;;;;;;0;;;;;;0;;0;0;0;0;0;0;0;0;0;0;0;0;0;;;;1;;1;;;0;1;;;1;;COMPRAS ABASTECIMIENTO
00005 TALLER;4000006228;30;ZPIN;PEDIDO INF - 33024;;0;10;4;11/11/2025;SFLORES;1034638;VALVULA DE REBOSE;1;Materiales Stock;CUMPLIDO;MR01;1;6/11/2025;6/11/2025;noviembre;10135342;30;1;6/11/2025;6/11/2025;C03;;0;;0;;;;;;;;0;1;0;0;;;;0;0;;;;;0;0;;;;;;;;;0;;;;;;0;;0;0;0;0;0;0;0;0;0;0;0;0;0;;;;1;;;1;5;0;5;;;5;;COMPRAS EQUIPOS
00005 TALLER;4000006232;30;ZPIN;PEDIDO INF - GRUA TE;;0;10;4;11/11/2025;SFLORES;1015947;NRPTX218033 - FILTRO ACEITE MOTOR TEREX;1;Materiales genericos;CUMPLIDO;MR01;1;8/11/2025;8/11/2025;noviembre;10135487;30;1;8/11/2025;8/11/2025;C03;;0;;0;;;;;;;;0;1;0;0;;;;0;0;;;;;0;0;;;;;;;;;0;;;;;;0;;0;0;0;0;0;0;0;0;0;0;0;0;0;;;;1;;;1;3;0;3;;;3;;COMPRAS EQUIPOS
00007 COMERCIAL OF LICITACION;4000006237;30;ZPIN;Perforación y Carga;;0;10;4;11/11/2025;MBALAUZ;1013130;EXAMEN PREOCUPACIONAL BASICO XUN;1;Servicios;CUMPLIDO;MR01;1;10/11/2025;12/11/2025;noviembre;10135566;30;1;10/11/2025;10/11/2025;PCO;;0;;0;;;;;;;;0;1;0;0;;;;0;0;;;;;0;0;;;;;;;;;0;;;;;;0;;0;0;0;0;0;0;0;0;0;0;0;0;0;;;;1;;1;;;0;1;;;1;;SIN GC
00007 COMERCIAL OF LICITACION;4000006244;30;ZPIN;;;0;10;4;26/11/2025;NCARUSO;1012779;Caño de PVC φ310 mm -clase 4 - e: 3,2 JE;738;Materiales genericos;CUMPLIDO;MR01;1;10/11/2025;17/11/2025;noviembre;10135612;30;1;10/11/2025;10/11/2025;PCO;;0;;0;;;;;;;;0;738;0;0;;;;0;0;;;;;0;0;;;;;;;;;0;;;;;;0;;0;0;0;0;0;0;0;0;0;0;0;0;0;;;;1;;;1;9;0;16;;;16;;SIN GC
00007 COMERCIAL OF LICITACION;4000006247;30;ZPIN;;;0;10;4;12/11/2025;NCARUSO;1022295;Pilotes hincados premoldeados;16;Servicios;CUMPLIDO;MR01;1;10/11/2025;17/11/2025;noviembre;10135618;30;1;10/11/2025;10/11/2025;PCO;;0;;0;;;;;;;;0;16;0;0;;;;0;0;;;;;0;0;;;;;;;;;0;;;;;;0;;0;0;0;0;0;0;0;0;0;0;0;0;0;;;;1;;1;;;0;2;;;2;;SIN GC
00006 CONSTRUCTORA;4000006253;30;ZPIN;3° LOOP YPF;;0;10;4;14/11/2025;GLOPEZ;1012807;TRANSMISOR DE TEMPERATURA C/RTD;3;Materiales genericos;CUMPLIDO;MR01;1;11/11/2025;13/11/2025;noviembre;10135726;30;1;11/11/2025;11/11/2025;PCO;;0;;0;;;;;;;;0;3;0;0;;;;0;0;;;;;0;0;;;;;;;;;0;;;;;;0;;0;0;0;0;0;0;0;0;0;0;0;0;0;;;;1;;;1;1;0;3;;;3;;SIN GC
00007 COMERCIAL OF LICITACION;4000006254;30;ZPIN;25.50 - Techint - Fe;;0;10;4;12/11/2025;NCARUSO;1011809;MALLA DE ADV SUBT ROJA AT 15CMX100MT;3;Materiales usuales;CUMPLIDO;MR01;1;11/11/2025;17/11/2025;noviembre;10135727;30;1;11/11/2025;11/11/2025;PCO;;0;;0;;;;;;;;0;3;0;0;;;;0;0;;;;;0;0;;;;;;;;;0;;;;;;0;;0;0;0;0;0;0;0;0;0;0;0;0;0;;;;1;;1;;;0;1;;;1;;SIN GC
00007 COMERCIAL OF LICITACION;4000006264;30;ZPIN;25.60 - OLDELVAL Cam;;0;10;4;27/11/2025;EPAONE;1022295;SERVICIO OBRA S DETALLE XUN;1;Servicios;CUMPLIDO;MR01;1;13/11/2025;18/11/2025;noviembre;10135913;30;1;13/11/2025;13/11/2025;PCO;;0;;0;;;;;;;;0;1;0;0;;;;0;0;;;;;0;0;;;;;;;;;0;;;;;;0;;0;0;0;0;0;0;0;0;0;0;0;0;0;;;;1;;;1;9;0;14;;;14;;SIN GC
00014 SISTEMAS;4000006293;30;ZPIN;Reparacion de impres;;0;10;4;13/1/2026;JBIONDI;1013031;Reparacion HP 132;1;Servicios;CUMPLIDO;MR01;1;21/11/2025;15/12/2025;diciembre;10136570;30;1;21/11/2025;21/11/2025;C23;;0;;0;;;;;;;;0;1;0;0;;;;0;0;;;;;0;0;;;;;;;;;0;;;;;;0;;0;0;0;0;0;0;0;0;0;0;0;0;0;;;;1;;;1;29;0;53;;;53;;COMPRAS ABASTECIMIENTO
00007 COMERCIAL OF LICITACION;4000005829;40;ZPIN;42.25 Essential;;0;10;4;7/8/2025;JBAUTISTA;1011241;HORMIGON ELABORADO H8;1;Materiales usuales;CUMPLIDO;MR01;1;29/7/2025;15/8/2025;agosto;10127164;40;1;29/7/2025;29/7/2025;PCO;;0;;0;;;;;;;;0;1;0;0;;;;0;0;;;;;0;0;;;;;;;;;0;;;;;;0;;0;0;0;0;0;0;0;0;0;0;0;0;0;;;;1;;1;;;0;9;;;9;;SIN GC
00007 COMERCIAL OF LICITACION;4000005831;40;ZPIN;24.61 - PE HUCALITO;;25;10;4;31/7/2025;MBALAUZ;1012590;Aditivo MIRA 418;1;Materiales genericos;CUMPLIDO;MR01;1;29/7/2025;1/8/2025;agosto;10127173;40;1;29/7/2025;29/7/2025;PCO;;0;;0;;;;;;;;0;1;0;0;;;;0;0;;;;;0;0;;;;;;;;;0;;;;;;0;;0;0;0;0;0;0;0;0;0;0;0;0;0;;;;1;;1;;;0;2;;;2;;SIN GC
00007 COMERCIAL OF LICITACION;4000005868;40;ZPIN;Hucalito BOP Eléctri;;0;10;4;18/8/2025;GBACCELLI;1012801;Conjunto terminal cable MT 500 mm2;8;Materiales genericos;CUMPLIDO;MR01;1;11/8/2025;18/8/2025;agosto;10128265;40;1;11/8/2025;11/8/2025;PCO;;0;;0;;;;;;;;0;8;0;0;;;;0;0;;;;;0;0;;;;;;;;;0;;;;;;0;;0;0;0;0;0;0;0;0;0;0;0;0;0;;;;1;;1;;;0;7;;;7;;SIN GC
00007 COMERCIAL OF LICITACION;4000005874;40;ZPIN;EIC CGA Jujuy;;0;10;4;25/8/2025;GBACCELLI;1012806;Cable subterráneo IRAM 2178-1 4x10 mm2;4050;Materiales genericos;CUMPLIDO;MR01;1;13/8/2025;20/8/2025;agosto;10128433;40;1;13/8/2025;13/8/2025;PCO;;0;;0;;;;;;;;0;4050;0;0;;;;0;0;;;;;0;0;;;;;;;;;0;;;;;;0;;0;0;0;0;0;0;0;0;0;0;0;0;0;;;;1;;;1;5;0;12;;;12;;SIN GC
00004 LEGALES ROSARIO;4000005895;40;ZPIN;LICITACIÓN POLIZAS D;;0;10;4;18/9/2025;NLAFORNARO;1012957;POLIZA DE RESPONSABILIDAD CIVIL DEVOL;1;Servicios;CUMPLIDO;MR01;1;21/8/2025;23/9/2025;septiembre;10129038;40;1;21/8/2025;21/8/2025;C16;;0;;0;;;;;;;;0;1;0;0;;;;0;0;;;;;0;0;;;;;;;;;0;;;;;;0;;0;0;0;0;0;0;0;0;0;0;0;0;0;;;;1;;1;;;0;28;;;28;;COMPRAS ABASTECIMIENTO
00005 TALLER;4000005903;40;ZPIN;INSUMO HERRERIA- SF-;;0;10;4;29/8/2025;SFLORES;1033457;PORTAUÑAS IZQUIERDO;1;Materiales Stock;CUMPLIDO;MR01;1;25/8/2025;25/8/2025;agosto;10129328;40;1;25/8/2025;25/8/2025;C03;;0;;0;;;;;;;;0;1;0;0;;;;0;0;;;;;0;0;;;;;;;;;0;;;;;;0;;0;0;0;0;0;0;0;0;0;0;0;0;0;;;;1;;;1;4;0;4;;;4;;COMPRAS EQUIPOS
00007 COMERCIAL OF LICITACION;4000005905;40;ZPIN;47/25 - CPSA PE;;25;10;4;10/9/2025;LCANNELLI;1009675;ARENA DE TRITURACION LAVADA 0-6;1;Materiales usuales;CUMPLIDO;MR01;1;25/8/2025;10/9/2025;septiembre;10129366;40;1;25/8/2025;25/8/2025;PCO;;0;;0;;;;;;;;0;1;0;0;;;;0;0;;;;;0;0;;;;;;;;;0;;;;;;0;;0;0;0;0;0;0;0;0;0;0;0;0;0;;;;1;;1;;;0;16;;;16;;SIN GC
00007 COMERCIAL OF LICITACION;4000005936;40;ZPIN;48/25 - OLEODUCTO 3º;;0;10;4;15/9/2025;EBENSI;1012782;"TEE PARTIDA 30""x12"" #600 T.D. WILLIAMSON";6;Materiales genericos;CUMPLIDO;MR01;1;2/9/2025;12/9/2025;septiembre;10130053;40;1;2/9/2025;2/9/2025;C09;;0;;0;;;;;;;;0;6;0;0;;;;0;0;;;;;0;0;;;;;;;;;0;;;;;;0;;0;0;0;0;0;0;0;0;0;0;0;0;0;;;;1;;;1;3;0;13;;;13;;COMPRAS ABASTECIMIENTO
00007 COMERCIAL OF LICITACION;4000005953;40;ZPIN;48/25 - OLEODUCTO 3º;;0;10;4;15/9/2025;EBENSI;1012782;"VALVULA ESFERICA Ø2"" #600 S/ESPEC.";23;Materiales genericos;CUMPLIDO;MR01;1;4/9/2025;15/9/2025;septiembre;10130304;40;1;4/9/2025;4/9/2025;C09;;0;;0;;;;;;;;0;23;0;0;;;;0;0;;;;;0;0;;;;;;;;;0;;;;;;0;;0;0;0;0;0;0;0;0;0;0;0;0;0;;;;1;;1;;;0;11;;;11;;COMPRAS ABASTECIMIENTO
00007 COMERCIAL OF LICITACION;4000005967;40;ZPIN;25.47 - CPSA-PE Los;;25;10;4;10/9/2025;LCANNELLI;1013123;VIANDA CENA XUN;20;Servicios;CUMPLIDO;MR01;1;9/9/2025;9/9/2025;septiembre;10130616;40;1;9/9/2025;9/9/2025;PCO;;0;;0;;;;;;;;0;20;0;0;;;;0;0;;;;;0;0;;;;;;;;;0;;;;;;0;;0;0;0;0;0;0;0;0;0;0;0;0;0;;;;1;;;1;1;0;1;;;1;;SIN GC
00005 TALLER;4000005983;40;ZPIN;COTIZ/77002 REPUESTO;;0;10;4;15/9/2025;GSPINELLI;1015947;TACOS DE MOTOR DELANTEROS(VER NOTA);1;Materiales genericos;CUMPLIDO;MR01;1;11/9/2025;11/9/2025;septiembre;10130757;40;1;11/9/2025;11/9/2025;C03;;0;;0;;;;;;;;0;1;0;0;;;;0;0;;;;;0;0;;;;;;;;;0;;;;;;0;;0;0;0;0;0;0;0;0;0;0;0;0;0;;;;1;;;1;4;0;4;;;4;;COMPRAS EQUIPOS
00005 TALLER;4000005987;40;ZPIN;COTIZACION PINTURA -;;0;10;4;17/9/2025;SFLORES;1012853;PINT.POL 2/1 AMARILLO JD VIAL - P2340;1;Materiales genericos;CUMPLIDO;MR01;1;11/9/2025;22/9/2025;septiembre;10130810;40;1;11/9/2025;11/9/2025;C22;;0;;0;;;;;;;;0;1;0;0;;;;0;0;;;;;0;0;;;;;;;;;0;;;;;;0;;0;0;0;0;0;0;0;0;0;0;0;0;0;;;;1;;1;;;0;6;;;6;;COMPRAS ABASTECIMIENTO
00007 COMERCIAL OF LICITACION;4000005990;40;ZPIN;48/25 - OLEODUCTO 3º;;0;10;4;16/9/2025;EBENSI;1012784;"SELLO Z P/EXTREMOS CAÑO CAMISA 30""X24""";2;Materiales genericos;CUMPLIDO;MR01;1;11/9/2025;17/9/2025;septiembre;10130824;40;1;11/9/2025;11/9/2025;C09;;0;;0;;;;;;;;0;2;0;0;;;;0;0;;;;;0;0;;;;;;;;;0;;;;;;0;;0;0;0;0;0;0;0;0;0;0;0;0;0;;;;1;;1;;;0;5;;;5;;COMPRAS ABASTECIMIENTO
00007 COMERCIAL OF LICITACION;4000006005;40;ZPIN;48/25 - OLEODUCTO 3º;;0;10;4;19/9/2025;EBENSI;1012509;AGROPOL 200 MIC 4X50 MTS;6;Materiales usuales;CUMPLIDO;MR01;1;12/9/2025;17/9/2025;septiembre;10130933;40;1;12/9/2025;12/9/2025;PCO;;0;;0;;;;;;;;0;6;0;0;;;;0;0;;;;;0;0;;;;;;;;;0;;;;;;0;;0;0;0;0;0;0;0;0;0;0;0;0;0;;;;1;;;1;2;0;7;;;7;;SIN GC
0004 SERVICIO TECNICO PROYECTO;4000006014;40;ZPIN;BOMBA P/ CARGADOR 98;;0;10;4;19/9/2025;LNUNEZ;1015947;346-6095 BOMBA HIDRAULICA;1;Materiales genericos;CUMPLIDO;MR01;1;16/9/2025;16/9/2025;septiembre;10131090;40;1;16/9/2025;16/9/2025;C03;;0;;0;;;;;;;;0;1;0;0;;;;0;0;;;;;0;0;;;;;;;;;0;;;;;;0;;0;0;0;0;0;0;0;0;0;0;0;0;0;;;;1;;;1;3;0;3;;;3;;COMPRAS EQUIPOS
00014 SISTEMAS;4000006025;40;ZPIN;Reparacion de impres;;0;10;4;1/10/2025;JBIONDI;1013031;Reparacion Brother 7065;1;Servicios;CUMPLIDO;MR01;1;17/9/2025;30/9/2025;septiembre;10131279;40;1;17/9/2025;17/9/2025;C23;;0;;0;;;;;;;;0;1;0;0;;;;0;0;;;;;0;0;;;;;;;;;0;;;;;;0;;0;0;0;0;0;0;0;0;0;0;0;0;0;;;;1;;;1;1;0;14;;;14;;COMPRAS ABASTECIMIENTO
00005 TALLER;4000006043;40;ZPIN;PEDIDO INF - 44013;;0;10;4;26/9/2025;SFLORES;1046624;BUJE ESPEJO;4;Materiales Stock;CUMPLIDO;MR01;1;23/9/2025;23/9/2025;septiembre;10131644;40;1;23/9/2025;23/9/2025;C03;;0;;0;;;;;;;;0;4;0;0;;;;0;0;;;;;0;0;;;;;;;;;0;;;;;;0;;0;0;0;0;0;0;0;0;0;0;0;0;0;;;;1;;;1;3;0;3;;;3;;COMPRAS EQUIPOS
00005 TALLER;4000006045;40;ZPIN;PEDIDO INF - 46824;;0;10;4;26/9/2025;SFLORES;1041951;KIT DE SELLO DE BALDE;1;Materiales Stock;CUMPLIDO;MR01;1;24/9/2025;24/9/2025;septiembre;10131716;40;1;24/9/2025;24/9/2025;C03;;0;;0;;;;;;;;0;1;0;0;;;;0;0;;;;;0;0;;;;;;;;;0;;;;;;0;;0;0;0;0;0;0;0;0;0;0;0;0;0;;;;1;;;1;2;0;2;;;2;;COMPRAS EQUIPOS
00005 TALLER;4000006054;40;ZPIN;PEDIDO INF - 44013 -;;0;10;4;29/9/2025;SFLORES;1046624;BUJE ESPEJO;4;Materiales Stock;CUMPLIDO;MR01;1;26/9/2025;26/9/2025;septiembre;10131975;40;1;26/9/2025;26/9/2025;C03;;0;;0;;;;;;;;0;4;0;0;;;;0;0;;;;;0;0;;;;;;;;;0;;;;;;0;;0;0;0;0;0;0;0;0;0;0;0;0;0;;;;1;;;1;3;0;3;;;3;;COMPRAS EQUIPOS
00007 COMERCIAL OF LICITACION;4000006063;40;ZPIN;53-25 - ET Cerro Pol;;0;10;4;6/10/2025;MBALAUZ;1009727;HIERRO NERVADO ADN420 DIAM 16MM;1;Materiales usuales;CUMPLIDO;MR01;1;29/9/2025;6/10/2025;octubre;10132070;40;1;29/9/2025;29/9/2025;PCO;;0;;0;;;;;;;;0;1;0;0;;;;0;0;;;;;0;0;;;;;;;;;0;;;;;;0;;0;0;0;0;0;0;0;0;0;0;0;0;0;;;;1;;1;;;0;7;;;7;;SIN GC
00007 COMERCIAL OF LICITACION;4000006064;40;ZPIN;53-25 - ET Cerro Pol;;0;10;4;9/10/2025;MBALAUZ;1010154;CAL HIDRATADA;1;Materiales usuales;CUMPLIDO;MR01;1;29/9/2025;6/10/2025;octubre;10132077;40;1;29/9/2025;29/9/2025;PCO;;0;;0;;;;;;;;0;1;0;0;;;;0;0;;;;;0;0;;;;;;;;;0;;;;;;0;;0;0;0;0;0;0;0;0;0;0;0;0;0;;;;1;;;1;3;0;10;;;10;;SIN GC
00007 COMERCIAL OF LICITACION;4000006065;40;ZPIN;53-25 - ET Cerro Pol;;0;10;4;16/10/2025;MBALAUZ;1012614;Ø 25 cm;139;Materiales genericos;CUMPLIDO;MR01;1;29/9/2025;6/10/2025;octubre;10132078;40;1;29/9/2025;29/9/2025;PCO;;0;;0;;;;;;;;0;139;0;0;;;;0;0;;;;;0;0;;;;;;;;;0;;;;;;0;;0;0;0;0;0;0;0;0;0;0;0;0;0;;;;1;;;1;10;0;17;;;17;;SIN GC
00007 COMERCIAL OF LICITACION;4000006066;40;ZPIN;53-25 - ET Cerro Pol;;0;10;4;7/10/2025;MBALAUZ;1013130;EXAMEN PREOCUPACIONAL BASICO XUN;1;Servicios;CUMPLIDO;MR01;1;29/9/2025;6/10/2025;octubre;10132079;40;1;29/9/2025;29/9/2025;PCO;;0;;0;;;;;;;;0;1;0;0;;;;0;0;;;;;0;0;;;;;;;;;0;;;;;;0;;0;0;0;0;0;0;0;0;0;0;0;0;0;;;;1;;;1;1;0;8;;;8;;SIN GC
00005 TALLER;4000006067;40;ZPIN;PEDIDO INF - PINTURA;;0;10;4;6/10/2025;SFLORES;1012853;CATALIZADOR PARA EPOXI CINZA (08976);1;Materiales genericos;CUMPLIDO;MR01;1;29/9/2025;29/9/2025;septiembre;10132107;40;1;29/9/2025;29/9/2025;C22;;0;;0;;;;;;;;0;1;0;0;;;;0;0;;;;;0;0;;;;;;;;;0;;;;;;0;;0;0;0;0;0;0;0;0;0;0;0;0;0;;;;1;;;1;7;0;7;;;7;;COMPRAS ABASTECIMIENTO
00007 COMERCIAL OF LICITACION;4000006069;40;ZPIN;CBI - Puerto Galvan;;0;10;4;27/10/2025;NCARUSO;1035474;Encofrado ind - 2700m²;2700;Servicios;CUMPLIDO;MR01;1;29/9/2025;15/10/2025;octubre;10132123;40;1;29/9/2025;29/9/2025;PCO;;0;;0;;;;;;;;0;2700;0;0;;;;0;0;;;;;0;0;;;;;;;;;0;;;;;;0;;0;0;0;0;0;0;0;0;0;0;0;0;0;;;;1;;;1;12;0;28;;;28;;SIN GC
00007 COMERCIAL OF LICITACION;4000006075;40;ZPIN;53/25 - ET Cerro Pol;;0;10;4;8/10/2025;GBACCELLI;1012809;Carga soldadura 150;150;Materiales genericos;CUMPLIDO;MR01;1;30/9/2025;8/10/2025;octubre;10132239;40;1;30/9/2025;30/9/2025;PCO;;0;;0;;;;;;;;0;150;0;0;;;;0;0;;;;;0;0;;;;;;;;;0;;;;;;0;;0;0;0;0;0;0;0;0;0;0;0;0;0;;;;1;;1;;;0;8;;;8;;SIN GC
00005 TALLER;4000006106;40;ZPIN;PEDIDO INF MODULAR -;;0;10;4;13/10/2025;SFLORES;1012888;KIT PARA COMPRESOR AIRE STANLEY 8 PIEZAS;1;Materiales genericos;CUMPLIDO;MR01;1;6/10/2025;6/10/2025;octubre;10132685;40;1;6/10/2025;6/10/2025;C27;;0;;0;;;;;;;;0;1;0;0;;;;0;0;;;;;0;0;;;;;;;;;0;;;;;;0;;0;0;0;0;0;0;0;0;0;0;0;0;0;;;;1;;;1;7;0;7;;;7;;COMPRAS ABASTECIMIENTO
00014 SISTEMAS;4000006107;40;ZPIN;Reparacion de impres;;0;10;4;13/1/2026;JBIONDI;1013031;Reparacion Epson L3110;1;Servicios;CUMPLIDO;MR01;1;6/10/2025;15/12/2025;diciembre;10132689;40;1;21/11/2025;21/11/2025;C23;;0;;0;;;;;;;;0;1;0;0;;;;0;0;;;;;0;0;;;;;;;;;0;;;;;;0;;0;0;0;0;0;0;0;0;0;0;0;0;0;;;;1;;;1;29;46;53;;1;53;;COMPRAS ABASTECIMIENTO
00007 COMERCIAL OF LICITACION;4000006156;40;ZPIN;58/25 -DUPLICAR NORT;;0;10;4;27/10/2025;GBACCELLI;1012799;Borne Phoenix Contact TB 4-HESILED I MS;11;Materiales genericos;CUMPLIDO;MR01;1;22/10/2025;31/10/2025;octubre;10134113;40;1;22/10/2025;22/10/2025;PCO;;0;;0;;;;;;;;0;11;0;0;;;;0;0;;;;;0;0;;;;;;;;;0;;;;;;0;;0;0;0;0;0;0;0;0;0;0;0;0;0;;;;1;;1;;;0;5;;;5;;SIN GC
00007 COMERCIAL OF LICITACION;4000006157;40;ZPIN;58/25 -DUPLICAR NORT;;0;10;4;27/10/2025;GBACCELLI;1012799;Chasis ControlLogic 1756-A13;1;Materiales genericos;CUMPLIDO;MR01;1;22/10/2025;31/10/2025;octubre;10134115;40;1;22/10/2025;22/10/2025;PCO;;0;;0;;;;;;;;0;1;0;0;;;;0;0;;;;;0;0;;;;;;;;;0;;;;;;0;;0;0;0;0;0;0;0;0;0;0;0;0;0;;;;1;;1;;;0;5;;;5;;SIN GC
00008 ABASTECIMIENTO;4000006162;40;ZPIN;ZPIN S/ ADJUNTO;;0;10;4;14/11/2025;ASIGNORELLI;1012896;MAZA S/CABO 1 KG;1;Materiales genericos;CUMPLIDO;MR01;1;23/10/2025;30/10/2025;octubre;10134180;40;1;23/10/2025;23/10/2025;C27;;0;;0;;;;;;;;0;1;0;0;;;;0;0;;;;;0;0;;;;;;;;;0;;;;;;0;;0;0;0;0;0;0;0;0;0;0;0;0;0;;;;1;;;1;15;0;22;;;22;;COMPRAS ABASTECIMIENTO
00007 COMERCIAL OF LICITACION;4000006167;40;ZPIN;25.60 OLDELVAL-Salit;;0;10;4;11/11/2025;LAFFATATO;1012585;Tapa metálica de cámara;1;Materiales genericos;CUMPLIDO;MR01;1;24/10/2025;3/11/2025;noviembre;10134259;40;1;24/10/2025;24/10/2025;PCO;;0;;0;;;;;;;;0;1;0;0;;;;0;0;;;;;0;0;;;;;;;;;0;;;;;;0;;0;0;0;0;0;0;0;0;0;0;0;0;0;;;;1;;;1;8;0;18;;;18;;SIN GC
00008 ABASTECIMIENTO;4000006168;40;ZPIN;FLETE P/ URGENCIAS;;0;10;4;26/12/2025;ASIGNORELLI;1012981;FLETE DE SEDE ROSARIO A OB375;1;Servicios;CUMPLIDO;MR01;1;24/10/2025;10/11/2025;noviembre;10134264;40;1;24/10/2025;24/10/2025;C15;;0;;0;;;;;;;;0;1;0;0;;;;0;0;;;;;0;0;;;;;;;;;0;;;;;;0;;0;0;0;0;0;0;0;0;0;0;0;0;0;;;;1;;;1;46;0;63;;;63;;COMPRAS ABASTECIMIENTO
00005 TALLER;4000006179;40;ZPIN;PEDIDO INF - 44021;;0;10;4;31/10/2025;SFLORES;1043534;ARANDELA;2;Materiales Stock;CUMPLIDO;MR01;1;28/10/2025;28/10/2025;octubre;10134528;40;1;28/10/2025;28/10/2025;C03;;0;;0;;;;;;;;0;2;0;0;;;;0;0;;;;;0;0;;;;;;;;;0;;;;;;0;;0;0;0;0;0;0;0;0;0;0;0;0;0;;;;1;;;1;3;0;3;;;3;;COMPRAS EQUIPOS
00007 COMERCIAL OF LICITACION;4000006191;40;ZPIN;25.61 - Fenix TX - S;;0;10;4;3/11/2025;NCARUSO;1013121;Ver Adjunto Vianda;8000;Servicios;CUMPLIDO;MR01;1;30/10/2025;4/11/2025;noviembre;10134710;40;1;30/10/2025;30/10/2025;PCO;;0;;0;;;;;;;;0;8000;0;0;;;;0;0;;;;;0;0;;;;;;;;;0;;;;;;0;;0;0;0;0;0;0;0;0;0;0;0;0;0;;;;1;;1;;;0;4;;;4;;SIN GC
00008 ABASTECIMIENTO;4000006211;40;ZPIN;DESARROLLAR PROVEEDO;;0;10;4;7/11/2025;GHERNANDEZ;1001781;GASOIL DE CISTERNA (CENTRAL) XLT;1;Materiales Stock;CUMPLIDO;MR01;1;4/11/2025;4/12/2025;diciembre;10135157;40;1;4/11/2025;4/11/2025;PCO;;0;;0;;;;;;;;0;1;0;0;;;;0;0;;;;;0;0;;;;;;;;;0;;;;;;0;;0;0;0;0;0;0;0;0;0;0;0;0;0;;;;1;;1;;;0;3;;;3;;SIN GC
00007 COMERCIAL OF LICITACION;4000006219;40;ZPIN;63-25 EXPLOTACION DE;;0;10;4;7/11/2025;EBLASI;1013131;EXAMEN PREOCUPACIONAL ADICIONALES XUN;12;Servicios;CUMPLIDO;MR01;1;6/11/2025;11/11/2025;noviembre;10135301;40;1;6/11/2025;6/11/2025;PCO;;0;;0;;;;;;;;0;12;0;0;;;;0;0;;;;;0;0;;;;;;;;;0;;;;;;0;;0;0;0;0;0;0;0;0;0;0;0;0;0;;;;1;;1;;;0;1;;;1;;SIN GC
00007 COMERCIAL OF LICITACION;4000006222;40;ZPIN;63-25 EXPLOTACION DE;;0;10;4;7/11/2025;EBLASI;1001740;BARBIJOS 3 CAPAS DE TELA;264;Materiales Stock;CUMPLIDO;MR01;1;6/11/2025;11/11/2025;noviembre;10135317;40;1;6/11/2025;6/11/2025;C28;;0;;0;;;;;;;;0;264;0;0;;;;0;0;;;;;0;0;;;;;;;;;0;;;;;;0;;0;0;0;0;0;0;0;0;0;0;0;0;0;;;;1;;1;;;0;1;;;1;;COMPRAS ABASTECIMIENTO
00005 TALLER;4000006228;40;ZPIN;PEDIDO INF - 33024;;0;10;4;11/11/2025;SFLORES;1047849;ANILLO OBTURADOR;1;Materiales Stock;CUMPLIDO;MR01;1;6/11/2025;6/11/2025;noviembre;10135342;40;1;6/11/2025;6/11/2025;C03;;0;;0;;;;;;;;0;1;0;0;;;;0;0;;;;;0;0;;;;;;;;;0;;;;;;0;;0;0;0;0;0;0;0;0;0;0;0;0;0;;;;1;;;1;5;0;5;;;5;;COMPRAS EQUIPOS
00005 TALLER;4000006232;40;ZPIN;PEDIDO INF - GRUA TE;;0;10;4;11/11/2025;SFLORES;1015947;NRPTX3979344 - CORREA ALTERNADOR RT555-1;1;Materiales genericos;CUMPLIDO;MR01;1;8/11/2025;8/11/2025;noviembre;10135487;40;1;8/11/2025;8/11/2025;C03;;0;;0;;;;;;;;0;1;0;0;;;;0;0;;;;;0;0;;;;;;;;;0;;;;;;0;;0;0;0;0;0;0;0;0;0;0;0;0;0;;;;1;;;1;3;0;3;;;3;;COMPRAS EQUIPOS
00007 COMERCIAL OF LICITACION;4000006237;40;ZPIN;Perforación y Carga;;0;10;4;11/11/2025;MBALAUZ;1013121;VIANDA ALMUERZO XUN;1;Servicios;CUMPLIDO;MR01;1;10/11/2025;12/11/2025;noviembre;10135566;40;1;10/11/2025;10/11/2025;PCO;;0;;0;;;;;;;;0;1;0;0;;;;0;0;;;;;0;0;;;;;;;;;0;;;;;;0;;0;0;0;0;0;0;0;0;0;0;0;0;0;;;;1;;1;;;0;1;;;1;;SIN GC
00007 COMERCIAL OF LICITACION;4000006244;40;ZPIN;;;0;10;4;26/11/2025;NCARUSO;1012779;Caño de PVC φ450 mm- clase 4 - e: 3,2 JE;1029;Materiales genericos;CUMPLIDO;MR01;1;10/11/2025;17/11/2025;noviembre;10135612;40;1;10/11/2025;10/11/2025;PCO;;0;;0;;;;;;;;0;1029;0;0;;;;0;0;;;;;0;0;;;;;;;;;0;;;;;;0;;0;0;0;0;0;0;0;0;0;0;0;0;0;;;;1;;;1;9;0;16;;;16;;SIN GC
00007 COMERCIAL OF LICITACION;4000006247;40;ZPIN;;;0;10;4;18/11/2025;NCARUSO;1012611;0.60x 0.60 x 0.60 e=0.10;11;Materiales genericos;CUMPLIDO;MR01;1;10/11/2025;17/11/2025;noviembre;10135618;40;1;10/11/2025;10/11/2025;PCO;;0;;0;;;;;;;;0;11;0;0;;;;0;0;;;;;0;0;;;;;;;;;0;;;;;;0;;0;0;0;0;0;0;0;0;0;0;0;0;0;;;;1;;;1;1;0;8;;;8;;SIN GC
00006 CONSTRUCTORA;4000006253;40;ZPIN;3° LOOP YPF;;0;10;4;14/11/2025;GLOPEZ;1012807;DETECTOR DE PASO DE SCRAPPER;5;Materiales genericos;CUMPLIDO;MR01;1;11/11/2025;13/11/2025;noviembre;10135726;40;1;11/11/2025;11/11/2025;PCO;;0;;0;;;;;;;;0;5;0;0;;;;0;0;;;;;0;0;;;;;;;;;0;;;;;;0;;0;0;0;0;0;0;0;0;0;0;0;0;0;;;;1;;;1;1;0;3;;;3;;SIN GC
00007 COMERCIAL OF LICITACION;4000006254;40;ZPIN;25.50 - Techint - Fe;;0;10;4;12/11/2025;NCARUSO;1012852;PINTURA EPOXI S ESPECIFICACION XLT;1200;Materiales genericos;CUMPLIDO;MR01;1;11/11/2025;17/11/2025;noviembre;10135727;40;1;11/11/2025;11/11/2025;PCO;;0;;0;;;;;;;;0;1200;0;0;;;;0;0;;;;;0;0;;;;;;;;;0;;;;;;0;;0;0;0;0;0;0;0;0;0;0;0;0;0;;;;1;;1;;;0;1;;;1;;SIN GC
00007 COMERCIAL OF LICITACION;4000005829;60;ZPIN;42.25 Essential;;0;10;4;7/8/2025;JBAUTISTA;1009726;HIERRO NERVADO ADN420 DIAM 12MM;1;Materiales usuales;CUMPLIDO;MR01;1;29/7/2025;15/8/2025;agosto;10127164;60;1;29/7/2025;29/7/2025;PCO;;0;;0;;;;;;;;0;1;0;0;;;;0;0;;;;;0;0;;;;;;;;;0;;;;;;0;;0;0;0;0;0;0;0;0;0;0;0;0;0;;;;1;;1;;;0;9;;;9;;SIN GC
00007 COMERCIAL OF LICITACION;4000005831;60;ZPIN;24.61 - PE HUCALITO;;25;10;4;4/8/2025;MBALAUZ;1011248;HORMIGON ELABORADO H30;1;Materiales usuales;CUMPLIDO;MR01;1;29/7/2025;1/8/2025;agosto;10127173;60;1;29/7/2025;29/7/2025;PCO;;0;;0;;;;;;;;0;1;0;0;;;;0;0;;;;;0;0;;;;;;;;;0;;;;;;0;;0;0;0;0;0;0;0;0;0;0;0;0;0;;;;1;;;1;3;0;6;;;6;;SIN GC
00007 COMERCIAL OF LICITACION;4000005868;60;ZPIN;Hucalito BOP Eléctri;;0;10;4;18/8/2025;GBACCELLI;1012801;Conjunto empalme cable MT 120 mm2;30;Materiales genericos;CUMPLIDO;MR01;1;11/8/2025;18/8/2025;agosto;10128265;60;1;11/8/2025;11/8/2025;PCO;;0;;0;;;;;;;;0;30;0;0;;;;0;0;;;;;0;0;;;;;;;;;0;;;;;;0;;0;0;0;0;0;0;0;0;0;0;0;0;0;;;;1;;1;;;0;7;;;7;;SIN GC
00007 COMERCIAL OF LICITACION;4000005874;60;ZPIN;EIC CGA Jujuy;;0;10;4;25/8/2025;GBACCELLI;1012806;Cable cobre desnudo IRAM 2004 35 mm2;2400;Materiales genericos;CUMPLIDO;MR01;1;13/8/2025;20/8/2025;agosto;10128433;60;1;13/8/2025;13/8/2025;PCO;;0;;0;;;;;;;;0;2400;0;0;;;;0;0;;;;;0;0;;;;;;;;;0;;;;;;0;;0;0;0;0;0;0;0;0;0;0;0;0;0;;;;1;;;1;5;0;12;;;12;;SIN GC
00005 TALLER;4000005903;60;ZPIN;INSUMO HERRERIA- SF-;;0;10;4;29/8/2025;SFLORES;1033450;UÑA WA600;10;Materiales Stock;CUMPLIDO;MR01;1;25/8/2025;25/8/2025;agosto;10129328;60;1;25/8/2025;25/8/2025;C03;;0;;0;;;;;;;;0;10;0;0;;;;0;0;;;;;0;0;;;;;;;;;0;;;;;;0;;0;0;0;0;0;0;0;0;0;0;0;0;0;;;;1;;;1;4;0;4;;;4;;COMPRAS EQUIPOS
00007 COMERCIAL OF LICITACION;4000005905;60;ZPIN;47/25 - CPSA PE;;25;10;4;10/9/2025;LCANNELLI;1009685;PIEDRA PARTIDA GRANITICA 10-30;1;Materiales usuales;CUMPLIDO;MR01;1;25/8/2025;10/9/2025;septiembre;10129366;60;1;25/8/2025;25/8/2025;PCO;;0;;0;;;;;;;;0;1;0;0;;;;0;0;;;;;0;0;;;;;;;;;0;;;;;;0;;0;0;0;0;0;0;0;0;0;0;0;0;0;;;;1;;1;;;0;16;;;16;;SIN GC
00007 COMERCIAL OF LICITACION;4000005953;60;ZPIN;48/25 - OLEODUCTO 3º;;0;10;4;15/9/2025;EBENSI;1012782;"VALVULA ESFERICA Ø1/2"" WOG 2000 S/ESPEC.";14;Materiales genericos;CUMPLIDO;MR01;1;4/9/2025;15/9/2025;septiembre;10130304;60;1;4/9/2025;4/9/2025;C09;;0;;0;;;;;;;;0;14;0;0;;;;0;0;;;;;0;0;;;;;;;;;0;;;;;;0;;0;0;0;0;0;0;0;0;0;0;0;0;0;;;;1;;1;;;0;11;;;11;;COMPRAS ABASTECIMIENTO
00005 TALLER;4000005983;60;ZPIN;COTIZ/77002 REPUESTO;;0;10;4;15/9/2025;GSPINELLI;1015947;DEPOSITO DE REFRIGERANTE(VER NOTA);1;Materiales genericos;CUMPLIDO;MR01;1;11/9/2025;11/9/2025;septiembre;10130757;60;1;11/9/2025;11/9/2025;C03;;0;;0;;;;;;;;0;1;0;0;;;;0;0;;;;;0;0;;;;;;;;;0;;;;;;0;;0;0;0;0;0;0;0;0;0;0;0;0;0;;;;1;;;1;4;0;4;;;4;;COMPRAS EQUIPOS
00005 TALLER;4000005987;60;ZPIN;COTIZACION PINTURA -;;0;10;4;17/9/2025;SFLORES;1012853;PINT.POL 2/1 GRIS JD - P2492;1;Materiales genericos;CUMPLIDO;MR01;1;11/9/2025;22/9/2025;septiembre;10130810;60;1;11/9/2025;11/9/2025;C22;;0;;0;;;;;;;;0;1;0;0;;;;0;0;;;;;0;0;;;;;;;;;0;;;;;;0;;0;0;0;0;0;0;0;0;0;0;0;0;0;;;;1;;1;;;0;6;;;6;;COMPRAS ABASTECIMIENTO
00007 COMERCIAL OF LICITACION;4000005990;60;ZPIN;48/25 - OLEODUCTO 3º;;0;10;4;16/9/2025;EBENSI;1012784;"SELLO LINKSEAL P/CAÑO CAMISA 30""X24""";2;Materiales genericos;CUMPLIDO;MR01;1;11/9/2025;17/9/2025;septiembre;10130824;60;1;11/9/2025;11/9/2025;C09;;0;;0;;;;;;;;0;2;0;0;;;;0;0;;;;;0;0;;;;;;;;;0;;;;;;0;;0;0;0;0;0;0;0;0;0;0;0;0;0;;;;1;;1;;;0;5;;;5;;COMPRAS ABASTECIMIENTO
00007 COMERCIAL OF LICITACION;4000006005;60;ZPIN;48/25 - OLEODUCTO 3º;;0;10;4;19/9/2025;EBENSI;1011419;FENOLICO COMUN 18MM 2.44X1.22 MTS;237;Materiales usuales;CUMPLIDO;MR01;1;12/9/2025;17/9/2025;septiembre;10130933;60;1;12/9/2025;12/9/2025;PCO;;0;;0;;;;;;;;0;237;0;0;;;;0;0;;;;;0;0;;;;;;;;;0;;;;;;0;;0;0;0;0;0;0;0;0;0;0;0;0;0;;;;1;;;1;2;0;7;;;7;;SIN GC
00005 TALLER;4000006045;60;ZPIN;PEDIDO INF - 46824;;0;10;4;26/9/2025;SFLORES;1046125;KIT DE LUCES;1;Materiales Stock;CUMPLIDO;MR01;1;24/9/2025;24/9/2025;septiembre;10131716;60;1;24/9/2025;24/9/2025;C03;;0;;0;;;;;;;;0;1;0;0;;;;0;0;;;;;0;0;;;;;;;;;0;;;;;;0;;0;0;0;0;0;0;0;0;0;0;0;0;0;;;;1;;;1;2;0;2;;;2;;COMPRAS EQUIPOS
00007 COMERCIAL OF LICITACION;4000006063;60;ZPIN;53-25 - ET Cerro Pol;;0;10;4;6/10/2025;MBALAUZ;1009729;HIERRO NERVADO ADN420 DIAM 25MM;1;Materiales usuales;CUMPLIDO;MR01;1;29/9/2025;6/10/2025;octubre;10132070;60;1;29/9/2025;29/9/2025;PCO;;0;;0;;;;;;;;0;1;0;0;;;;0;0;;;;;0;0;;;;;;;;;0;;;;;;0;;0;0;0;0;0;0;0;0;0;0;0;0;0;;;;1;;1;;;0;7;;;7;;SIN GC
00007 COMERCIAL OF LICITACION;4000006064;60;ZPIN;53-25 - ET Cerro Pol;;0;10;4;30/9/2025;MBALAUZ;1011419;FENOLICO COMUN 18MM 2.44X1.22 MTS;1;Materiales usuales;CUMPLIDO;MR01;1;29/9/2025;6/10/2025;octubre;10132077;60;1;29/9/2025;29/9/2025;PCO;;0;;0;;;;;;;;0;1;0;0;;;;0;0;;;;;0;0;;;;;;;;;0;;;;;;0;;0;0;0;0;0;0;0;0;0;0;0;0;0;;;;1;;1;;;0;1;;;1;;SIN GC
00007 COMERCIAL OF LICITACION;4000006065;60;ZPIN;53-25 - ET Cerro Pol;;0;10;4;16/10/2025;MBALAUZ;1012614;Ø 36 cm;70;Materiales genericos;CUMPLIDO;MR01;1;29/9/2025;6/10/2025;octubre;10132078;60;1;29/9/2025;29/9/2025;PCO;;0;;0;;;;;;;;0;70;0;0;;;;0;0;;;;;0;0;;;;;;;;;0;;;;;;0;;0;0;0;0;0;0;0;0;0;0;0;0;0;;;;1;;;1;10;0;17;;;17;;SIN GC
00007 COMERCIAL OF LICITACION;4000006066;60;ZPIN;53-25 - ET Cerro Pol;;0;10;4;16/10/2025;MBALAUZ;1013133;ALQUILER BANO QUIMICO SIN LAVAMANOS XDIA;1;Servicios;CUMPLIDO;MR01;1;29/9/2025;6/10/2025;octubre;10132079;60;1;29/9/2025;29/9/2025;PCO;;0;;0;;;;;;;;0;1;0;0;;;;0;0;;;;;0;0;;;;;;;;;0;;;;;;0;;0;0;0;0;0;0;0;0;0;0;0;0;0;;;;1;;;1;10;0;17;;;17;;SIN GC
00007 COMERCIAL OF LICITACION;4000006075;60;ZPIN;53/25 - ET Cerro Pol;;0;10;4;8/10/2025;GBACCELLI;1012809;Molde soldadura T;5;Materiales genericos;CUMPLIDO;MR01;1;30/9/2025;8/10/2025;octubre;10132239;60;1;30/9/2025;30/9/2025;PCO;;0;;0;;;;;;;;0;5;0;0;;;;0;0;;;;;0;0;;;;;;;;;0;;;;;;0;;0;0;0;0;0;0;0;0;0;0;0;0;0;;;;1;;1;;;0;8;;;8;;SIN GC
00005 TALLER;4000006106;60;ZPIN;PEDIDO INF MODULAR -;;0;10;4;13/10/2025;SFLORES;1012888;MORSA BARBERO N°5;1;Materiales genericos;CUMPLIDO;MR01;1;6/10/2025;6/10/2025;octubre;10132685;60;1;6/10/2025;6/10/2025;C27;;0;;0;;;;;;;;0;1;0;0;;;;0;0;;;;;0;0;;;;;;;;;0;;;;;;0;;0;0;0;0;0;0;0;0;0;0;0;0;0;;;;1;;;1;7;0;7;;;7;;COMPRAS ABASTECIMIENTO
00007 COMERCIAL OF LICITACION;4000006156;60;ZPIN;58/25 -DUPLICAR NORT;;0;10;4;27/10/2025;GBACCELLI;1012799;Relé Phoenix Contact PLC-RSC-230UC/21;1;Materiales genericos;CUMPLIDO;MR01;1;22/10/2025;31/10/2025;octubre;10134113;60;1;22/10/2025;22/10/2025;PCO;;0;;0;;;;;;;;0;1;0;0;;;;0;0;;;;;0;0;;;;;;;;;0;;;;;;0;;0;0;0;0;0;0;0;0;0;0;0;0;0;;;;1;;1;;;0;5;;;5;;SIN GC
00007 COMERCIAL OF LICITACION;4000006157;60;ZPIN;58/25 -DUPLICAR NORT;;0;10;4;27/10/2025;GBACCELLI;1012799;Módulo ControlLogix 1756-EN2TR;1;Materiales genericos;CUMPLIDO;MR01;1;22/10/2025;31/10/2025;octubre;10134115;60;1;22/10/2025;22/10/2025;PCO;;0;;0;;;;;;;;0;1;0;0;;;;0;0;;;;;0;0;;;;;;;;;0;;;;;;0;;0;0;0;0;0;0;0;0;0;0;0;0;0;;;;1;;1;;;0;5;;;5;;SIN GC
00008 ABASTECIMIENTO;4000006162;60;ZPIN;ZPIN S/ ADJUNTO;;0;10;4;14/11/2025;ASIGNORELLI;1012896;MAZA S/CABO 2 KG;1;Materiales genericos;CUMPLIDO;MR01;1;23/10/2025;30/10/2025;octubre;10134180;60;1;23/10/2025;23/10/2025;C27;;0;;0;;;;;;;;0;1;0;0;;;;0;0;;;;;0;0;;;;;;;;;0;;;;;;0;;0;0;0;0;0;0;0;0;0;0;0;0;0;;;;1;;;1;15;0;22;;;22;;COMPRAS ABASTECIMIENTO
00007 COMERCIAL OF LICITACION;4000006167;60;ZPIN;25.60 OLDELVAL-Salit;;0;10;4;11/11/2025;LAFFATATO;1012585;Tranquera;1;Materiales genericos;CUMPLIDO;MR01;1;24/10/2025;3/11/2025;noviembre;10134259;60;1;24/10/2025;24/10/2025;PCO;;0;;0;;;;;;;;0;1;0;0;;;;0;0;;;;;0;0;;;;;;;;;0;;;;;;0;;0;0;0;0;0;0;0;0;0;0;0;0;0;;;;1;;;1;8;0;18;;;18;;SIN GC
00008 ABASTECIMIENTO;4000006168;60;ZPIN;FLETE P/ URGENCIAS;;0;10;4;26/12/2025;ASIGNORELLI;1012981;FLETE DE SEDE SAN JUAN A BASE SALTA;1;Servicios;CUMPLIDO;MR01;1;24/10/2025;10/11/2025;noviembre;10134264;60;1;24/10/2025;24/10/2025;C15;;0;;0;;;;;;;;0;1;0;0;;;;0;0;;;;;0;0;;;;;;;;;0;;;;;;0;;0;0;0;0;0;0;0;0;0;0;0;0;0;;;;1;;;1;46;0;63;;;63;;COMPRAS ABASTECIMIENTO
00008 ABASTECIMIENTO;4000006211;60;ZPIN;DESARROLLAR PROVEEDO;;0;10;4;10/11/2025;GHERNANDEZ;1013099;TRATAMIENTO DE RESIDUOS;1;Servicios;CUMPLIDO;MR01;1;4/11/2025;4/12/2025;diciembre;10135157;80;1;5/11/2025;5/11/2025;PCO;;0;;0;;;;;;;;0;1;0;0;;;;0;0;;;;;0;0;;;;;;;;;0;;;;;;0;;0;0;0;0;0;0;0;0;0;0;0;0;0;;;;1;;1;;;1;5;;;5;;SIN GC
00005 TALLER;4000006232;60;ZPIN;PEDIDO INF - GRUA TE;;0;10;4;11/11/2025;SFLORES;1015947;RPSAN60115080 - FILTRO DE AIRE PRIMARIO;1;Materiales genericos;CUMPLIDO;MR01;1;8/11/2025;8/11/2025;noviembre;10135487;60;1;8/11/2025;8/11/2025;C03;;0;;0;;;;;;;;0;1;0;0;;;;0;0;;;;;0;0;;;;;;;;;0;;;;;;0;;0;0;0;0;0;0;0;0;0;0;0;0;0;;;;1;;;1;3;0;3;;;3;;COMPRAS EQUIPOS
00007 COMERCIAL OF LICITACION;4000006237;60;ZPIN;Perforación y Carga;;0;10;4;11/11/2025;MBALAUZ;1010725;BIDON DE AGUA 20 L.;1;Materiales usuales;CUMPLIDO;MR01;1;10/11/2025;12/11/2025;noviembre;10135566;60;1;10/11/2025;10/11/2025;PCO;;0;;0;;;;;;;;0;1;0;0;;;;0;0;;;;;0;0;;;;;;;;;0;;;;;;0;;0;0;0;0;0;0;0;0;0;0;0;0;0;;;;1;;1;;;0;1;;;1;;SIN GC
00007 COMERCIAL OF LICITACION;4000006244;60;ZPIN;;;0;10;4;26/11/2025;NCARUSO;1012779;Caño de PVC φ810 mm- clase 4 - e: 3,2 JE;290;Materiales genericos;CUMPLIDO;MR01;1;10/11/2025;17/11/2025;noviembre;10135612;60;1;10/11/2025;10/11/2025;PCO;;0;;0;;;;;;;;0;290;0;0;;;;0;0;;;;;0;0;;;;;;;;;0;;;;;;0;;0;0;0;0;0;0;0;0;0;0;0;0;0;;;;1;;;1;9;0;16;;;16;;SIN GC
00007 COMERCIAL OF LICITACION;4000006247;60;ZPIN;;;0;10;4;12/11/2025;NCARUSO;1012781;Cañerias de acero al carbono;11;Materiales genericos;CUMPLIDO;MR01;1;10/11/2025;17/11/2025;noviembre;10135618;60;1;10/11/2025;10/11/2025;PCO;;0;;0;;;;;;;;0;11;0;0;;;;0;0;;;;;0;0;;;;;;;;;0;;;;;;0;;0;0;0;0;0;0;0;0;0;0;0;0;0;;;;1;;1;;;0;2;;;2;;SIN GC
00007 COMERCIAL OF LICITACION;4000006254;60;ZPIN;25.50 - Techint - Fe;;0;10;4;12/11/2025;NCARUSO;1012852;PINTURA EPOXI S ESPECIFICACION XLT;200;Materiales genericos;CUMPLIDO;MR01;1;11/11/2025;17/11/2025;noviembre;10135727;60;1;11/11/2025;11/11/2025;PCO;;0;;0;;;;;;;;0;200;0;0;;;;0;0;;;;;0;0;;;;;;;;;0;;;;;;0;;0;0;0;0;0;0;0;0;0;0;0;0;0;;;;1;;1;;;0;1;;;1;;SIN GC
00007 COMERCIAL OF LICITACION;4000005829;70;ZPIN;42.25 Essential;;0;10;4;14/8/2025;JBAUTISTA;1010160;SUELO SELECCIONADO;1;Materiales usuales;CUMPLIDO;MR01;1;29/7/2025;15/8/2025;agosto;10127164;70;1;29/7/2025;29/7/2025;PCO;;0;;0;;;;;;;;0;1;0;0;;;;0;0;;;;;0;0;;;;;;;;;0;;;;;;0;;0;0;0;0;0;0;0;0;0;0;0;0;0;;;;1;;1;;;0;16;;;16;;SIN GC
00007 COMERCIAL OF LICITACION;4000005831;70;ZPIN;24.61 - PE HUCALITO;;25;10;4;4/8/2025;MBALAUZ;1011253;HORMIGON ELABORADO H50;1;Materiales usuales;CUMPLIDO;MR01;1;29/7/2025;1/8/2025;agosto;10127173;70;1;29/7/2025;29/7/2025;PCO;;0;;0;;;;;;;;0;1;0;0;;;;0;0;;;;;0;0;;;;;;;;;0;;;;;;0;;0;0;0;0;0;0;0;0;0;0;0;0;0;;;;1;;;1;3;0;6;;;6;;SIN GC
00007 COMERCIAL OF LICITACION;4000005868;70;ZPIN;Hucalito BOP Eléctri;;0;10;4;18/8/2025;GBACCELLI;1012801;Conjunto empalme cable MT 240mm2;30;Materiales genericos;CUMPLIDO;MR01;1;11/8/2025;18/8/2025;agosto;10128265;70;1;11/8/2025;11/8/2025;PCO;;0;;0;;;;;;;;0;30;0;0;;;;0;0;;;;;0;0;;;;;;;;;0;;;;;;0;;0;0;0;0;0;0;0;0;0;0;0;0;0;;;;1;;1;;;0;7;;;7;;SIN GC
00007 COMERCIAL OF LICITACION;4000005874;70;ZPIN;EIC CGA Jujuy;;0;10;4;25/8/2025;GBACCELLI;1012806;Cable subterráneo IRAM 62266 4X50mm2;300;Materiales genericos;CUMPLIDO;MR01;1;13/8/2025;20/8/2025;agosto;10128433;70;1;13/8/2025;13/8/2025;PCO;;0;;0;;;;;;;;0;300;0;0;;;;0;0;;;;;0;0;;;;;;;;;0;;;;;;0;;0;0;0;0;0;0;0;0;0;0;0;0;0;;;;1;;;1;5;0;12;;;12;;SIN GC
00007 COMERCIAL OF LICITACION;4000005905;70;ZPIN;47/25 - CPSA PE;;25;10;4;10/9/2025;LCANNELLI;1010650;Aditivo MIRA 353;1;Materiales usuales;CUMPLIDO;MR01;1;25/8/2025;10/9/2025;septiembre;10129366;70;1;25/8/2025;25/8/2025;PCO;;0;;0;;;;;;;;0;1;0;0;;;;0;0;;;;;0;0;;;;;;;;;0;;;;;;0;;0;0;0;0;0;0;0;0;0;0;0;0;0;;;;1;;1;;;0;16;;;16;;SIN GC
00007 COMERCIAL OF LICITACION;4000005953;70;ZPIN;48/25 - OLEODUCTO 3º;;0;10;4;15/9/2025;EBENSI;1012782;"VALVULA ESFERICA Ø3/4"" WOG 2000 S/ESPEC.";9;Materiales genericos;CUMPLIDO;MR01;1;4/9/2025;15/9/2025;septiembre;10130304;70;1;4/9/2025;4/9/2025;C09;;0;;0;;;;;;;;0;9;0;0;;;;0;0;;;;;0;0;;;;;;;;;0;;;;;;0;;0;0;0;0;0;0;0;0;0;0;0;0;0;;;;1;;1;;;0;11;;;11;;COMPRAS ABASTECIMIENTO
00005 TALLER;4000005983;70;ZPIN;COTIZ/77002 REPUESTO;;0;10;4;15/9/2025;GSPINELLI;1015947;CAÑO DE REFRIGERANTE(VER NOTA);1;Materiales genericos;CUMPLIDO;MR01;1;11/9/2025;11/9/2025;septiembre;10130757;70;1;11/9/2025;11/9/2025;C03;;0;;0;;;;;;;;0;1;0;0;;;;0;0;;;;;0;0;;;;;;;;;0;;;;;;0;;0;0;0;0;0;0;0;0;0;0;0;0;0;;;;1;;;1;4;0;4;;;4;;COMPRAS EQUIPOS
00005 TALLER;4000005987;70;ZPIN;COTIZACION PINTURA -;;0;10;4;17/9/2025;SFLORES;1012853;PINT.POL 2/1 AMARILLO KOMATSU P83533;1;Materiales genericos;CUMPLIDO;MR01;1;11/9/2025;22/9/2025;septiembre;10130810;70;1;11/9/2025;11/9/2025;C22;;0;;0;;;;;;;;0;1;0;0;;;;0;0;;;;;0;0;;;;;;;;;0;;;;;;0;;0;0;0;0;0;0;0;0;0;0;0;0;0;;;;1;;1;;;0;6;;;6;;COMPRAS ABASTECIMIENTO
00007 COMERCIAL OF LICITACION;4000005990;70;ZPIN;48/25 - OLEODUCTO 3º;;0;10;4;19/9/2025;EBENSI;1012748;CARTEL CHAPA S/DETALLE;2;Materiales genericos;CUMPLIDO;MR01;1;11/9/2025;17/9/2025;septiembre;10130824;70;1;11/9/2025;11/9/2025;PCO;;0;;0;;;;;;;;0;2;0;0;;;;0;0;;;;;0;0;;;;;;;;;0;;;;;;0;;0;0;0;0;0;0;0;0;0;0;0;0;0;;;;1;;;1;2;0;8;;;8;;SIN GC
00005 TALLER;4000006045;70;ZPIN;PEDIDO INF - 46824;;0;10;4;26/9/2025;SFLORES;1046126;GRUPO DE CABLES;1;Materiales Stock;CUMPLIDO;MR01;1;24/9/2025;24/9/2025;septiembre;10131716;70;1;24/9/2025;24/9/2025;C03;;0;;0;;;;;;;;0;1;0;0;;;;0;0;;;;;0;0;;;;;;;;;0;;;;;;0;;0;0;0;0;0;0;0;0;0;0;0;0;0;;;;1;;;1;2;0;2;;;2;;COMPRAS EQUIPOS
00007 COMERCIAL OF LICITACION;4000006063;70;ZPIN;53-25 - ET Cerro Pol;;0;10;4;6/10/2025;MBALAUZ;1009730;HIERRO NERVADO ADN420 DIAM 32MM;1;Materiales usuales;CUMPLIDO;MR01;1;29/9/2025;6/10/2025;octubre;10132070;70;1;29/9/2025;29/9/2025;PCO;;0;;0;;;;;;;;0;1;0;0;;;;0;0;;;;;0;0;;;;;;;;;0;;;;;;0;;0;0;0;0;0;0;0;0;0;0;0;0;0;;;;1;;1;;;0;7;;;7;;SIN GC
00007 COMERCIAL OF LICITACION;4000006064;70;ZPIN;53-25 - ET Cerro Pol;;0;10;4;30/9/2025;MBALAUZ;1011420;FENOLICO 1 CARA BUENA 18MM 2.44X1.22 MTS;1;Materiales usuales;CUMPLIDO;MR01;1;29/9/2025;6/10/2025;octubre;10132077;70;1;29/9/2025;29/9/2025;PCO;;0;;0;;;;;;;;0;1;0;0;;;;0;0;;;;;0;0;;;;;;;;;0;;;;;;0;;0;0;0;0;0;0;0;0;0;0;0;0;0;;;;1;;1;;;0;1;;;1;;SIN GC
00007 COMERCIAL OF LICITACION;4000006065;70;ZPIN;53-25 - ET Cerro Pol;;0;10;4;16/10/2025;MBALAUZ;1012614;Ø 41 cm;182;Materiales genericos;CUMPLIDO;MR01;1;29/9/2025;6/10/2025;octubre;10132078;70;1;29/9/2025;29/9/2025;PCO;;0;;0;;;;;;;;0;182;0;0;;;;0;0;;;;;0;0;;;;;;;;;0;;;;;;0;;0;0;0;0;0;0;0;0;0;0;0;0;0;;;;1;;;1;10;0;17;;;17;;SIN GC
00007 COMERCIAL OF LICITACION;4000006075;70;ZPIN;53/25 - ET Cerro Pol;;0;10;4;8/10/2025;GBACCELLI;1012809;Molde soldadura X;5;Materiales genericos;CUMPLIDO;MR01;1;30/9/2025;8/10/2025;octubre;10132239;70;1;30/9/2025;30/9/2025;PCO;;0;;0;;;;;;;;0;5;0;0;;;;0;0;;;;;0;0;;;;;;;;;0;;;;;;0;;0;0;0;0;0;0;0;0;0;0;0;0;0;;;;1;;1;;;0;8;;;8;;SIN GC
00007 COMERCIAL OF LICITACION;4000006156;70;ZPIN;58/25 -DUPLICAR NORT;;0;10;4;27/10/2025;GBACCELLI;1012799;Relé Phoenix Contact PLC-RSC-24DC/21;19;Materiales genericos;CUMPLIDO;MR01;1;22/10/2025;31/10/2025;octubre;10134113;70;1;22/10/2025;22/10/2025;PCO;;0;;0;;;;;;;;0;19;0;0;;;;0;0;;;;;0;0;;;;;;;;;0;;;;;;0;;0;0;0;0;0;0;0;0;0;0;0;0;0;;;;1;;1;;;0;5;;;5;;SIN GC
00007 COMERCIAL OF LICITACION;4000006157;70;ZPIN;58/25 -DUPLICAR NORT;;0;10;4;27/10/2025;GBACCELLI;1012799;Módulo ControlLogix 1756-IB32;1;Materiales genericos;CUMPLIDO;MR01;1;22/10/2025;31/10/2025;octubre;10134115;70;1;22/10/2025;22/10/2025;PCO;;0;;0;;;;;;;;0;1;0;0;;;;0;0;;;;;0;0;;;;;;;;;0;;;;;;0;;0;0;0;0;0;0;0;0;0;0;0;0;0;;;;1;;1;;;0;5;;;5;;SIN GC
00008 ABASTECIMIENTO;4000006162;70;ZPIN;ZPIN S/ ADJUNTO;;0;10;4;14/11/2025;ASIGNORELLI;1012896;MAZA MINERO 5 KD C/ CABO MADERA;1;Materiales genericos;CUMPLIDO;MR01;1;23/10/2025;30/10/2025;octubre;10134180;70;1;23/10/2025;23/10/2025;C27;;0;;0;;;;;;;;0;1;0;0;;;;0;0;;;;;0;0;;;;;;;;;0;;;;;;0;;0;0;0;0;0;0;0;0;0;0;0;0;0;;;;1;;;1;15;0;22;;;22;;COMPRAS ABASTECIMIENTO
00008 ABASTECIMIENTO;4000006168;70;ZPIN;FLETE P/ URGENCIAS;;0;10;4;26/12/2025;ASIGNORELLI;1012981;FLETE DE SEDE SAN JUAN A OB368;1;Servicios;CUMPLIDO;MR01;1;24/10/2025;10/11/2025;noviembre;10134264;70;1;24/10/2025;24/10/2025;C15;;0;;0;;;;;;;;0;1;0;0;;;;0;0;;;;;0;0;;;;;;;;;0;;;;;;0;;0;0;0;0;0;0;0;0;0;0;0;0;0;;;;1;;;1;46;0;63;;;63;;COMPRAS ABASTECIMIENTO
00008 ABASTECIMIENTO;4000006211;70;ZPIN;DESARROLLAR PROVEEDO;;0;10;4;10/11/2025;GHERNANDEZ;1012981;FLETE PAQUETERIA S DETALLE XUN;1;Servicios;CUMPLIDO;MR01;1;4/11/2025;4/12/2025;diciembre;10135157;70;1;4/11/2025;4/11/2025;PCO;;0;;0;;;;;;;;0;1;0;0;;;;0;0;;;;;0;0;;;;;;;;;0;;;;;;0;;0;0;0;0;0;0;0;0;0;0;0;0;0;;;;1;;1;;;0;6;;;6;;SIN GC
00005 TALLER;4000006232;70;ZPIN;PEDIDO INF - GRUA TE;;0;10;4;11/11/2025;SFLORES;1015947;RPMP.25659.B222100000443 FILTRO;1;Materiales genericos;CUMPLIDO;MR01;1;8/11/2025;8/11/2025;noviembre;10135487;70;1;8/11/2025;8/11/2025;C03;;0;;0;;;;;;;;0;1;0;0;;;;0;0;;;;;0;0;;;;;;;;;0;;;;;;0;;0;0;0;0;0;0;0;0;0;0;0;0;0;;;;1;;;1;3;0;3;;;3;;COMPRAS EQUIPOS
00007 COMERCIAL OF LICITACION;4000006244;70;ZPIN;;;0;10;4;26/11/2025;NCARUSO;1012779;Caño de PVC φ1000 mm clase 4 - e: 3,2 JE;290;Materiales genericos;CUMPLIDO;MR01;1;10/11/2025;17/11/2025;noviembre;10135612;70;1;10/11/2025;10/11/2025;PCO;;0;;0;;;;;;;;0;290;0;0;;;;0;0;;;;;0;0;;;;;;;;;0;;;;;;0;;0;0;0;0;0;0;0;0;0;0;0;0;0;;;;1;;;1;9;0;16;;;16;;SIN GC
00007 COMERCIAL OF LICITACION;4000006247;70;ZPIN;;;0;10;4;12/11/2025;NCARUSO;1012781;"HD Conduit DN6""";7656;Materiales genericos;CUMPLIDO;MR01;1;10/11/2025;17/11/2025;noviembre;10135618;70;1;10/11/2025;10/11/2025;PCO;;0;;0;;;;;;;;0;7656;0;0;;;;0;0;;;;;0;0;;;;;;;;;0;;;;;;0;;0;0;0;0;0;0;0;0;0;0;0;0;0;;;;1;;1;;;0;2;;;2;;SIN GC
00007 COMERCIAL OF LICITACION;4000006254;70;ZPIN;25.50 - Techint - Fe;;0;10;4;12/11/2025;NCARUSO;1012852;PINTURA EPOXI S ESPECIFICACION XLT;100;Materiales genericos;CUMPLIDO;MR01;1;11/11/2025;17/11/2025;noviembre;10135727;70;1;11/11/2025;11/11/2025;PCO;;0;;0;;;;;;;;0;100;0;0;;;;0;0;;;;;0;0;;;;;;;;;0;;;;;;0;;0;0;0;0;0;0;0;0;0;0;0;0;0;;;;1;;1;;;0;1;;;1;;SIN GC
00007 COMERCIAL OF LICITACION;4000005829;80;ZPIN;42.25 Essential;;0;10;4;4/8/2025;JBAUTISTA;1011445;CAL HIDRATADA BOLSA X 25KG;1;Materiales usuales;CUMPLIDO;MR01;1;29/7/2025;15/8/2025;agosto;10127164;80;1;29/7/2025;29/7/2025;PCO;;0;;0;;;;;;;;0;1;0;0;;;;0;0;;;;;0;0;;;;;;;;;0;;;;;;0;;0;0;0;0;0;0;0;0;0;0;0;0;0;;;;1;;1;;;0;6;;;6;;SIN GC
00007 COMERCIAL OF LICITACION;4000005868;80;ZPIN;Hucalito BOP Eléctri;;0;10;4;18/8/2025;GBACCELLI;1012801;Cnjunto empalme cable MT 400mm2;75;Materiales genericos;CUMPLIDO;MR01;1;11/8/2025;18/8/2025;agosto;10128265;80;1;11/8/2025;11/8/2025;PCO;;0;;0;;;;;;;;0;75;0;0;;;;0;0;;;;;0;0;;;;;;;;;0;;;;;;0;;0;0;0;0;0;0;0;0;0;0;0;0;0;;;;1;;1;;;0;7;;;7;;SIN GC
00007 COMERCIAL OF LICITACION;4000005874;80;ZPIN;EIC CGA Jujuy;;0;10;4;25/8/2025;GBACCELLI;1012806;Cable subterráneo IRAM 62266 4X10mm2;4050;Materiales genericos;CUMPLIDO;MR01;1;13/8/2025;20/8/2025;agosto;10128433;80;1;13/8/2025;13/8/2025;PCO;;0;;0;;;;;;;;0;4050;0;0;;;;0;0;;;;;0;0;;;;;;;;;0;;;;;;0;;0;0;0;0;0;0;0;0;0;0;0;0;0;;;;1;;;1;5;0;12;;;12;;SIN GC
00007 COMERCIAL OF LICITACION;4000005905;80;ZPIN;47/25 - CPSA PE;;25;10;4;10/9/2025;LCANNELLI;1010649;ADITIVO DARACEM 19 XKG;1;Materiales usuales;CUMPLIDO;MR01;1;25/8/2025;10/9/2025;septiembre;10129366;80;1;25/8/2025;25/8/2025;PCO;;0;;0;;;;;;;;0;1;0;0;;;;0;0;;;;;0;0;;;;;;;;;0;;;;;;0;;0;0;0;0;0;0;0;0;0;0;0;0;0;;;;1;;1;;;0;16;;;16;;SIN GC
00007 COMERCIAL OF LICITACION;4000005953;80;ZPIN;48/25 - OLEODUCTO 3º;;0;10;4;15/9/2025;EBENSI;1012782;"VALVULA ESFERICA Ø1"" WOG 2000 S/ESPEC.";2;Materiales genericos;CUMPLIDO;MR01;1;4/9/2025;15/9/2025;septiembre;10130304;80;1;4/9/2025;4/9/2025;C09;;0;;0;;;;;;;;0;2;0;0;;;;0;0;;;;;0;0;;;;;;;;;0;;;;;;0;;0;0;0;0;0;0;0;0;0;0;0;0;0;;;;1;;1;;;0;11;;;11;;COMPRAS ABASTECIMIENTO
00005 TALLER;4000005983;80;ZPIN;COTIZ/77002 REPUESTO;;0;10;4;15/9/2025;GSPINELLI;1015947;BOMBA DE AGUA(VER NOTA);1;Materiales genericos;CUMPLIDO;MR01;1;11/9/2025;11/9/2025;septiembre;10130757;80;1;11/9/2025;11/9/2025;C03;;0;;0;;;;;;;;0;1;0;0;;;;0;0;;;;;0;0;;;;;;;;;0;;;;;;0;;0;0;0;0;0;0;0;0;0;0;0;0;0;;;;1;;;1;4;0;4;;;4;;COMPRAS EQUIPOS
00005 TALLER;4000005987;80;ZPIN;COTIZACION PINTURA -;;0;10;4;17/9/2025;SFLORES;1012853;PINT.POL 2/1 GRIS KOMATSU - P1375;1;Materiales genericos;CUMPLIDO;MR01;1;11/9/2025;22/9/2025;septiembre;10130810;80;1;11/9/2025;11/9/2025;C22;;0;;0;;;;;;;;0;1;0;0;;;;0;0;;;;;0;0;;;;;;;;;0;;;;;;0;;0;0;0;0;0;0;0;0;0;0;0;0;0;;;;1;;1;;;0;6;;;6;;COMPRAS ABASTECIMIENTO
00005 TALLER;4000006045;80;ZPIN;PEDIDO INF - 46824;;0;10;4;26/9/2025;SFLORES;1046127;MANGO;1;Materiales Stock;CUMPLIDO;MR01;1;24/9/2025;24/9/2025;septiembre;10131716;80;1;24/9/2025;24/9/2025;C03;;0;;0;;;;;;;;0;1;0;0;;;;0;0;;;;;0;0;;;;;;;;;0;;;;;;0;;0;0;0;0;0;0;0;0;0;0;0;0;0;;;;1;;;1;2;0;2;;;2;;COMPRAS EQUIPOS
00007 COMERCIAL OF LICITACION;4000006063;80;ZPIN;53-25 - ET Cerro Pol;;0;10;4;6/10/2025;MBALAUZ;1009702;MALLA Q335 DIAM 8MM;1;Materiales usuales;CUMPLIDO;MR01;1;29/9/2025;6/10/2025;octubre;10132070;80;1;29/9/2025;29/9/2025;PCO;;0;;0;;;;;;;;0;1;0;0;;;;0;0;;;;;0;0;;;;;;;;;0;;;;;;0;;0;0;0;0;0;0;0;0;0;0;0;0;0;;;;1;;1;;;0;7;;;7;;SIN GC
00007 COMERCIAL OF LICITACION;4000006064;80;ZPIN;53-25 - ET Cerro Pol;;0;10;4;30/9/2025;MBALAUZ;1011433;TIRANTE 3PGX6PGX3 MTS;1;Materiales usuales;CUMPLIDO;MR01;1;29/9/2025;6/10/2025;octubre;10132077;80;1;29/9/2025;29/9/2025;PCO;;0;;0;;;;;;;;0;1;0;0;;;;0;0;;;;;0;0;;;;;;;;;0;;;;;;0;;0;0;0;0;0;0;0;0;0;0;0;0;0;;;;1;;1;;;0;1;;;1;;SIN GC
00007 COMERCIAL OF LICITACION;4000006065;80;ZPIN;53-25 - ET Cerro Pol;;0;10;4;16/10/2025;MBALAUZ;1012614;Ø 46 cm;79;Materiales genericos;CUMPLIDO;MR01;1;29/9/2025;6/10/2025;octubre;10132078;80;1;29/9/2025;29/9/2025;PCO;;0;;0;;;;;;;;0;79;0;0;;;;0;0;;;;;0;0;;;;;;;;;0;;;;;;0;;0;0;0;0;0;0;0;0;0;0;0;0;0;;;;1;;;1;10;0;17;;;17;;SIN GC
00007 COMERCIAL OF LICITACION;4000006066;80;ZPIN;53-25 - ET Cerro Pol;;0;10;4;14/10/2025;MBALAUZ;1012986;Olimpico - 1360 m;1;Servicios;CUMPLIDO;MR01;1;29/9/2025;6/10/2025;octubre;10132079;70;1;29/9/2025;29/9/2025;C26;;0;;0;;;;;;;;0;1;0;0;;;;0;0;;;;;0;0;;;;;;;;;0;;;;;;0;;0;0;0;0;0;0;0;0;0;0;0;0;0;;;;1;;;1;8;0;15;;;15;;COMPRAS ABASTECIMIENTO
00007 COMERCIAL OF LICITACION;4000006075;80;ZPIN;53/25 - ET Cerro Pol;;0;10;4;8/10/2025;GBACCELLI;1012809;Manija para molde soldadura;2;Materiales genericos;CUMPLIDO;MR01;1;30/9/2025;8/10/2025;octubre;10132239;80;1;30/9/2025;30/9/2025;PCO;;0;;0;;;;;;;;0;2;0;0;;;;0;0;;;;;0;0;;;;;;;;;0;;;;;;0;;0;0;0;0;0;0;0;0;0;0;0;0;0;;;;1;;1;;;0;8;;;8;;SIN GC
00007 COMERCIAL OF LICITACION;4000006156;80;ZPIN;58/25 -DUPLICAR NORT;;0;10;4;27/10/2025;GBACCELLI;1012799;Barrera intrínseca zener EATON - MTL 778;1;Materiales genericos;CUMPLIDO;MR01;1;22/10/2025;31/10/2025;octubre;10134113;80;1;22/10/2025;22/10/2025;PCO;;0;;0;;;;;;;;0;1;0;0;;;;0;0;;;;;0;0;;;;;;;;;0;;;;;;0;;0;0;0;0;0;0;0;0;0;0;0;0;0;;;;1;;1;;;0;5;;;5;;SIN GC
00007 COMERCIAL OF LICITACION;4000006157;80;ZPIN;58/25 -DUPLICAR NORT;;0;10;4;27/10/2025;GBACCELLI;1012799;Bloque ControlLogix 1756-TBCH;4;Materiales genericos;CUMPLIDO;MR01;1;22/10/2025;31/10/2025;octubre;10134115;80;1;22/10/2025;22/10/2025;PCO;;0;;0;;;;;;;;0;4;0;0;;;;0;0;;;;;0;0;;;;;;;;;0;;;;;;0;;0;0;0;0;0;0;0;0;0;0;0;0;0;;;;1;;1;;;0;5;;;5;;SIN GC
00008 ABASTECIMIENTO;4000006162;80;ZPIN;ZPIN S/ ADJUNTO;;0;10;4;14/11/2025;ASIGNORELLI;1012896;MAZA S/CABO 5 KG;1;Materiales genericos;CUMPLIDO;MR01;1;23/10/2025;30/10/2025;octubre;10134180;80;1;23/10/2025;23/10/2025;C27;;0;;0;;;;;;;;0;1;0;0;;;;0;0;;;;;0;0;;;;;;;;;0;;;;;;0;;0;0;0;0;0;0;0;0;0;0;0;0;0;;;;1;;;1;15;0;22;;;22;;COMPRAS ABASTECIMIENTO
00008 ABASTECIMIENTO;4000006168;80;ZPIN;FLETE P/ URGENCIAS;;0;10;4;26/12/2025;ASIGNORELLI;1012981;FLETE DE SEDE SAN JUAN A OB374;1;Servicios;CUMPLIDO;MR01;1;24/10/2025;10/11/2025;noviembre;10134264;80;1;24/10/2025;24/10/2025;C15;;0;;0;;;;;;;;0;1;0;0;;;;0;0;;;;;0;0;;;;;;;;;0;;;;;;0;;0;0;0;0;0;0;0;0;0;0;0;0;0;;;;1;;;1;46;0;63;;;63;;COMPRAS ABASTECIMIENTO
00008 ABASTECIMIENTO;4000006211;80;ZPIN;DESARROLLAR PROVEEDO;;0;10;4;10/11/2025;GHERNANDEZ;1012974;FLETE SEMIRREMOLQUE 14,5MT XVIAJE;1;Servicios;CUMPLIDO;MR01;1;4/11/2025;4/12/2025;diciembre;10135157;90;1;5/11/2025;5/11/2025;PCO;;0;;0;;;;;;;;0;1;0;0;;;;0;0;;;;;0;0;;;;;;;;;0;;;;;;0;;0;0;0;0;0;0;0;0;0;0;0;0;0;;;;1;;1;;;1;5;;;5;;SIN GC
00005 TALLER;4000006232;80;ZPIN;PEDIDO INF - GRUA TE;;0;10;4;11/11/2025;SFLORES;1015947;NRPTX104Z712 - FILTRO ACEITE TRX;1;Materiales genericos;CUMPLIDO;MR01;1;8/11/2025;8/11/2025;noviembre;10135487;80;1;8/11/2025;8/11/2025;C03;;0;;0;;;;;;;;0;1;0;0;;;;0;0;;;;;0;0;;;;;;;;;0;;;;;;0;;0;0;0;0;0;0;0;0;0;0;0;0;0;;;;1;;;1;3;0;3;;;3;;COMPRAS EQUIPOS
00007 COMERCIAL OF LICITACION;4000006244;80;ZPIN;;;0;10;4;26/11/2025;NCARUSO;1036517;ver detalle;16;Materiales usuales;CUMPLIDO;MR01;1;10/11/2025;17/11/2025;noviembre;10135612;80;1;10/11/2025;10/11/2025;PCO;;0;;0;;;;;;;;0;16;0;0;;;;0;0;;;;;0;0;;;;;;;;;0;;;;;;0;;0;0;0;0;0;0;0;0;0;0;0;0;0;;;;1;;;1;9;0;16;;;16;;SIN GC
00007 COMERCIAL OF LICITACION;4000006247;80;ZPIN;;;0;10;4;12/11/2025;NCARUSO;1011807;CINTA DE ADVERTENCIA GASODUCTO S ESPECIF;2380;Materiales usuales;CUMPLIDO;MR01;1;10/11/2025;17/11/2025;noviembre;10135618;80;1;10/11/2025;10/11/2025;PCO;;0;;0;;;;;;;;0;2380;0;0;;;;0;0;;;;;0;0;;;;;;;;;0;;;;;;0;;0;0;0;0;0;0;0;0;0;0;0;0;0;;;;1;;1;;;0;2;;;2;;SIN GC
00007 COMERCIAL OF LICITACION;4000006254;80;ZPIN;25.50 - Techint - Fe;;0;10;4;12/11/2025;NCARUSO;1022295;SC provision y colocacion de asfaltoCA30;42000;Servicios;CUMPLIDO;MR01;1;11/11/2025;17/11/2025;noviembre;10135727;80;1;11/11/2025;11/11/2025;PCO;;0;;0;;;;;;;;0;42000;0;0;;;;0;0;;;;;0;0;;;;;;;;;0;;;;;;0;;0;0;0;0;0;0;0;0;0;0;0;0;0;;;;1;;1;;;0;1;;;1;;SIN GC
00007 COMERCIAL OF LICITACION;4000005868;90;ZPIN;Hucalito BOP Eléctri;;0;10;4;18/8/2025;GBACCELLI;1012801;Conjunto empalme cable MT 500 mm2;30;Materiales genericos;CUMPLIDO;MR01;1;11/8/2025;18/8/2025;agosto;10128265;90;1;11/8/2025;11/8/2025;PCO;;0;;0;;;;;;;;0;30;0;0;;;;0;0;;;;;0;0;;;;;;;;;0;;;;;;0;;0;0;0;0;0;0;0;0;0;0;0;0;0;;;;1;;1;;;0;7;;;7;;SIN GC
00007 COMERCIAL OF LICITACION;4000005874;90;ZPIN;EIC CGA Jujuy;;0;10;4;25/8/2025;GBACCELLI;1012806;Cable subterráneo IRAM 62266 4X6mm2;3250;Materiales genericos;CUMPLIDO;MR01;1;13/8/2025;20/8/2025;agosto;10128433;90;1;13/8/2025;13/8/2025;PCO;;0;;0;;;;;;;;0;3250;0;0;;;;0;0;;;;;0;0;;;;;;;;;0;;;;;;0;;0;0;0;0;0;0;0;0;0;0;0;0;0;;;;1;;;1;5;0;12;;;12;;SIN GC
00007 COMERCIAL OF LICITACION;4000005905;90;ZPIN;47/25 - CPSA PE;;25;10;4;10/9/2025;LCANNELLI;1009735;HIERRO NERVADO SOLDABLE ADN420 DIAM 12MM;1;Materiales usuales;CUMPLIDO;MR01;1;25/8/2025;10/9/2025;septiembre;10129366;90;1;25/8/2025;25/8/2025;PCO;;0;;0;;;;;;;;0;1;0;0;;;;0;0;;;;;0;0;;;;;;;;;0;;;;;;0;;0;0;0;0;0;0;0;0;0;0;0;0;0;;;;1;;1;;;0;16;;;16;;SIN GC
00007 COMERCIAL OF LICITACION;4000005953;90;ZPIN;48/25 - OLEODUCTO 3º;;0;10;4;15/9/2025;EBENSI;1012782;"VALVULA GLOBO Ø2"" #600 S/ESPEC.";2;Materiales genericos;CUMPLIDO;MR01;1;4/9/2025;15/9/2025;septiembre;10130304;90;1;4/9/2025;4/9/2025;C09;;0;;0;;;;;;;;0;2;0;0;;;;0;0;;;;;0;0;;;;;;;;;0;;;;;;0;;0;0;0;0;0;0;0;0;0;0;0;0;0;;;;1;;1;;;0;11;;;11;;COMPRAS ABASTECIMIENTO
00005 TALLER;4000005983;90;ZPIN;COTIZ/77002 REPUESTO;;0;10;4;15/9/2025;GSPINELLI;1015947;RADIADOR DE ACEITE(VER NOTA);1;Materiales genericos;CUMPLIDO;MR01;1;11/9/2025;11/9/2025;septiembre;10130757;90;1;11/9/2025;11/9/2025;C03;;0;;0;;;;;;;;0;1;0;0;;;;0;0;;;;;0;0;;;;;;;;;0;;;;;;0;;0;0;0;0;0;0;0;0;0;0;0;0;0;;;;1;;;1;4;0;4;;;4;;COMPRAS EQUIPOS
00005 TALLER;4000005987;90;ZPIN;COTIZACION PINTURA -;;0;10;4;17/9/2025;SFLORES;1012853;PINT.POL 2/1 AMARILLO CAT - P0599;1;Materiales genericos;CUMPLIDO;MR01;1;11/9/2025;22/9/2025;septiembre;10130810;90;1;11/9/2025;11/9/2025;C22;;0;;0;;;;;;;;0;1;0;0;;;;0;0;;;;;0;0;;;;;;;;;0;;;;;;0;;0;0;0;0;0;0;0;0;0;0;0;0;0;;;;1;;1;;;0;6;;;6;;COMPRAS ABASTECIMIENTO
00005 TALLER;4000006045;90;ZPIN;PEDIDO INF - 46824;;0;10;4;26/9/2025;SFLORES;1025609;BUJE CIL. DE DIRECCION;4;Materiales Stock;CUMPLIDO;MR01;1;24/9/2025;24/9/2025;septiembre;10131716;90;1;24/9/2025;24/9/2025;C03;;0;;0;;;;;;;;0;4;0;0;;;;0;0;;;;;0;0;;;;;;;;;0;;;;;;0;;0;0;0;0;0;0;0;0;0;0;0;0;0;;;;1;;;1;2;0;2;;;2;;COMPRAS EQUIPOS
00007 COMERCIAL OF LICITACION;4000006063;90;ZPIN;53-25 - ET Cerro Pol;;0;10;4;6/10/2025;MBALAUZ;1009698;MALLA Q188 DIAM 6MM;1;Materiales usuales;CUMPLIDO;MR01;1;29/9/2025;6/10/2025;octubre;10132070;90;1;29/9/2025;29/9/2025;PCO;;0;;0;;;;;;;;0;1;0;0;;;;0;0;;;;;0;0;;;;;;;;;0;;;;;;0;;0;0;0;0;0;0;0;0;0;0;0;0;0;;;;1;;1;;;0;7;;;7;;SIN GC
00007 COMERCIAL OF LICITACION;4000006064;90;ZPIN;53-25 - ET Cerro Pol;;0;10;4;30/9/2025;MBALAUZ;1011434;TIRANTE 1PGX6PGX3 MTS;1;Materiales usuales;CUMPLIDO;MR01;1;29/9/2025;6/10/2025;octubre;10132077;90;1;29/9/2025;29/9/2025;PCO;;0;;0;;;;;;;;0;1;0;0;;;;0;0;;;;;0;0;;;;;;;;;0;;;;;;0;;0;0;0;0;0;0;0;0;0;0;0;0;0;;;;1;;1;;;0;1;;;1;;SIN GC
00007 COMERCIAL OF LICITACION;4000006065;90;ZPIN;53-25 - ET Cerro Pol;;0;10;4;16/10/2025;MBALAUZ;1012614;Ø 51 cm;89;Materiales genericos;CUMPLIDO;MR01;1;29/9/2025;6/10/2025;octubre;10132078;90;1;29/9/2025;29/9/2025;PCO;;0;;0;;;;;;;;0;89;0;0;;;;0;0;;;;;0;0;;;;;;;;;0;;;;;;0;;0;0;0;0;0;0;0;0;0;0;0;0;0;;;;1;;;1;10;0;17;;;17;;SIN GC
00007 COMERCIAL OF LICITACION;4000006066;90;ZPIN;53-25 - ET Cerro Pol;;0;10;4;14/10/2025;MBALAUZ;1012986;Rural - 1500 m;1;Servicios;CUMPLIDO;MR01;1;29/9/2025;6/10/2025;octubre;10132079;80;1;29/9/2025;29/9/2025;C26;;0;;0;;;;;;;;0;1;0;0;;;;0;0;;;;;0;0;;;;;;;;;0;;;;;;0;;0;0;0;0;0;0;0;0;0;0;0;0;0;;;;1;;;1;8;0;15;;;15;;COMPRAS ABASTECIMIENTO
00007 COMERCIAL OF LICITACION;4000006156;90;ZPIN;58/25 -DUPLICAR NORT;;0;10;4;27/10/2025;GBACCELLI;1012799;Descargador Phoenix Contact VAL-MS-T1/T2;1;Materiales genericos;CUMPLIDO;MR01;1;22/10/2025;31/10/2025;octubre;10134113;90;1;22/10/2025;22/10/2025;PCO;;0;;0;;;;;;;;0;1;0;0;;;;0;0;;;;;0;0;;;;;;;;;0;;;;;;0;;0;0;0;0;0;0;0;0;0;0;0;0;0;;;;1;;1;;;0;5;;;5;;SIN GC
00007 COMERCIAL OF LICITACION;4000006157;90;ZPIN;58/25 -DUPLICAR NORT;;0;10;4;27/10/2025;GBACCELLI;1012799;Módulo ControlLogix 1756-OB32;1;Materiales genericos;CUMPLIDO;MR01;1;22/10/2025;31/10/2025;octubre;10134115;90;1;22/10/2025;22/10/2025;PCO;;0;;0;;;;;;;;0;1;0;0;;;;0;0;;;;;0;0;;;;;;;;;0;;;;;;0;;0;0;0;0;0;0;0;0;0;0;0;0;0;;;;1;;1;;;0;5;;;5;;SIN GC
00008 ABASTECIMIENTO;4000006162;90;ZPIN;ZPIN S/ ADJUNTO;;0;10;4;14/11/2025;ASIGNORELLI;1012896;MAZA S/CABO MADERA 10 KG;1;Materiales genericos;CUMPLIDO;MR01;1;23/10/2025;30/10/2025;octubre;10134180;90;1;23/10/2025;23/10/2025;C27;;0;;0;;;;;;;;0;1;0;0;;;;0;0;;;;;0;0;;;;;;;;;0;;;;;;0;;0;0;0;0;0;0;0;0;0;0;0;0;0;;;;1;;;1;15;0;22;;;22;;COMPRAS ABASTECIMIENTO
00008 ABASTECIMIENTO;4000006168;90;ZPIN;FLETE P/ URGENCIAS;;0;10;4;26/12/2025;ASIGNORELLI;1012981;FLETE DE SEDE SAN JUAN A OB375;1;Servicios;CUMPLIDO;MR01;1;24/10/2025;10/11/2025;noviembre;10134264;90;1;24/10/2025;24/10/2025;C15;;0;;0;;;;;;;;0;1;0;0;;;;0;0;;;;;0;0;;;;;;;;;0;;;;;;0;;0;0;0;0;0;0;0;0;0;0;0;0;0;;;;1;;;1;46;0;63;;;63;;COMPRAS ABASTECIMIENTO
00008 ABASTECIMIENTO;4000006211;90;ZPIN;DESARROLLAR PROVEEDO;;0;10;4;10/11/2025;GHERNANDEZ;1013148;GARITA DE SEGURIDAD XDIA;1;Servicios;CUMPLIDO;MR01;1;4/11/2025;4/12/2025;diciembre;10135157;100;1;5/11/2025;5/11/2025;PCO;;0;;0;;;;;;;;0;1;0;0;;;;0;0;;;;;0;0;;;;;;;;;0;;;;;;0;;0;0;0;0;0;0;0;0;0;0;0;0;0;;;;1;;1;;;1;5;;;5;;SIN GC
00005 TALLER;4000006232;90;ZPIN;PEDIDO INF - GRUA TE;;0;10;4;11/11/2025;SFLORES;1015947;RPTX218025 - FILTRO ACEITE TRX;1;Materiales genericos;CUMPLIDO;MR01;1;8/11/2025;8/11/2025;noviembre;10135487;90;1;8/11/2025;8/11/2025;C03;;0;;0;;;;;;;;0;1;0;0;;;;0;0;;;;;0;0;;;;;;;;;0;;;;;;0;;0;0;0;0;0;0;0;0;0;0;0;0;0;;;;1;;;1;3;0;3;;;3;;COMPRAS EQUIPOS
00007 COMERCIAL OF LICITACION;4000006244;90;ZPIN;;;0;10;4;26/11/2025;NCARUSO;1022295;Tacos de expansión M12 x 120 (0.30 TON);1;Servicios;CUMPLIDO;MR01;1;10/11/2025;17/11/2025;noviembre;10135612;90;1;10/11/2025;10/11/2025;PCO;;0;;0;;;;;;;;0;1;0;0;;;;0;0;;;;;0;0;;;;;;;;;0;;;;;;0;;0;0;0;0;0;0;0;0;0;0;0;0;0;;;;1;;;1;9;0;16;;;16;;SIN GC
00007 COMERCIAL OF LICITACION;4000006247;90;ZPIN;;;0;10;4;12/11/2025;NCARUSO;1011807;CINTA DE ADVERTENCIA GASODUCTO S ESPECIF;783;Materiales usuales;CUMPLIDO;MR01;1;10/11/2025;17/11/2025;noviembre;10135618;90;1;10/11/2025;10/11/2025;PCO;;0;;0;;;;;;;;0;783;0;0;;;;0;0;;;;;0;0;;;;;;;;;0;;;;;;0;;0;0;0;0;0;0;0;0;0;0;0;0;0;;;;1;;1;;;0;2;;;2;;SIN GC
00007 COMERCIAL OF LICITACION;4000006254;90;ZPIN;25.50 - Techint - Fe;;0;10;4;12/11/2025;NCARUSO;1022295;Señaliz. Horizontal ver detalle;1;Servicios;CUMPLIDO;MR01;1;11/11/2025;17/11/2025;noviembre;10135727;90;1;11/11/2025;11/11/2025;PCO;;0;;0;;;;;;;;0;1;0;0;;;;0;0;;;;;0;0;;;;;;;;;0;;;;;;0;;0;0;0;0;0;0;0;0;0;0;0;0;0;;;;1;;1;;;0;1;;;1;;SIN GC
00007 COMERCIAL OF LICITACION;4000005868;100;ZPIN;Hucalito BOP Eléctri;;0;10;4;18/8/2025;GBACCELLI;1012801;Conjunto empalme cable MT 630 mm2;90;Materiales genericos;CUMPLIDO;MR01;1;11/8/2025;18/8/2025;agosto;10128265;100;1;11/8/2025;11/8/2025;PCO;;0;;0;;;;;;;;0;90;0;0;;;;0;0;;;;;0;0;;;;;;;;;0;;;;;;0;;0;0;0;0;0;0;0;0;0;0;0;0;0;;;;1;;1;;;0;7;;;7;;SIN GC
00007 COMERCIAL OF LICITACION;4000005874;100;ZPIN;EIC CGA Jujuy;;0;10;4;25/8/2025;GBACCELLI;1012806;Cable preensamblado IRAM 2263 3x1x25/25;6500;Materiales genericos;CUMPLIDO;MR01;1;13/8/2025;20/8/2025;agosto;10128433;100;1;13/8/2025;13/8/2025;PCO;;0;;0;;;;;;;;0;6500;0;0;;;;0;0;;;;;0;0;;;;;;;;;0;;;;;;0;;0;0;0;0;0;0;0;0;0;0;0;0;0;;;;1;;;1;5;0;12;;;12;;SIN GC
00007 COMERCIAL OF LICITACION;4000005905;100;ZPIN;47/25 - CPSA PE;;25;10;4;10/9/2025;LCANNELLI;1012949;SERVICIO CYD SOBRE ADN420 DIAM 12;1;Materiales usuales;CUMPLIDO;MR01;1;25/8/2025;10/9/2025;septiembre;10129366;100;1;25/8/2025;25/8/2025;PCO;;0;;0;;;;;;;;0;1;0;0;;;;0;0;;;;;0;0;;;;;;;;;0;;;;;;0;;0;0;0;0;0;0;0;0;0;0;0;0;0;;;;1;;1;;;0;16;;;16;;SIN GC
00007 COMERCIAL OF LICITACION;4000005953;100;ZPIN;48/25 - OLEODUCTO 3º;;0;10;4;15/9/2025;EBENSI;1012782;"VALVULA RETENCION CLAPETA Ø2"" #600 S/ESP";3;Materiales genericos;CUMPLIDO;MR01;1;4/9/2025;15/9/2025;septiembre;10130304;100;1;4/9/2025;4/9/2025;C09;;0;;0;;;;;;;;0;3;0;0;;;;0;0;;;;;0;0;;;;;;;;;0;;;;;;0;;0;0;0;0;0;0;0;0;0;0;0;0;0;;;;1;;1;;;0;11;;;11;;COMPRAS ABASTECIMIENTO
00005 TALLER;4000005983;100;ZPIN;COTIZ/77002 REPUESTO;;0;10;4;15/9/2025;GSPINELLI;1015947;MANGUERA DE DRENAJE ACEITE DE TURBO;1;Materiales genericos;CUMPLIDO;MR01;1;11/9/2025;11/9/2025;septiembre;10130757;100;1;11/9/2025;11/9/2025;C03;;0;;0;;;;;;;;0;1;0;0;;;;0;0;;;;;0;0;;;;;;;;;0;;;;;;0;;0;0;0;0;0;0;0;0;0;0;0;0;0;;;;1;;;1;4;0;4;;;4;;COMPRAS EQUIPOS
00005 TALLER;4000005987;100;ZPIN;COTIZACION PINTURA -;;0;10;4;17/9/2025;SFLORES;1012853;CATALIZADOR - P0064;1;Materiales genericos;CUMPLIDO;MR01;1;11/9/2025;22/9/2025;septiembre;10130810;100;1;11/9/2025;11/9/2025;C22;;0;;0;;;;;;;;0;1;0;0;;;;0;0;;;;;0;0;;;;;;;;;0;;;;;;0;;0;0;0;0;0;0;0;0;0;0;0;0;0;;;;1;;1;;;0;6;;;6;;COMPRAS ABASTECIMIENTO
00005 TALLER;4000006045;100;ZPIN;PEDIDO INF - 46824;;0;10;4;26/9/2025;SFLORES;1024157;RETEN CILINDROS DE DIRECCION;16;Materiales Stock;CUMPLIDO;MR01;1;24/9/2025;24/9/2025;septiembre;10131716;100;1;24/9/2025;24/9/2025;C03;;0;;0;;;;;;;;0;16;0;0;;;;0;0;;;;;0;0;;;;;;;;;0;;;;;;0;;0;0;0;0;0;0;0;0;0;0;0;0;0;;;;1;;;1;2;0;2;;;2;;COMPRAS EQUIPOS
00007 COMERCIAL OF LICITACION;4000006063;100;ZPIN;53-25 - ET Cerro Pol;;0;10;4;6/10/2025;MBALAUZ;1009719;TRILOGIC T10 6M XUN;1;Materiales usuales;CUMPLIDO;MR01;1;29/9/2025;6/10/2025;octubre;10132070;100;1;29/9/2025;29/9/2025;PCO;;0;;0;;;;;;;;0;1;0;0;;;;0;0;;;;;0;0;;;;;;;;;0;;;;;;0;;0;0;0;0;0;0;0;0;0;0;0;0;0;;;;1;;1;;;0;7;;;7;;SIN GC
00007 COMERCIAL OF LICITACION;4000006064;100;ZPIN;53-25 - ET Cerro Pol;;0;10;4;30/9/2025;MBALAUZ;1011435;TIRANTE 4PGX2PGX3 MTS;1;Materiales usuales;CUMPLIDO;MR01;1;29/9/2025;6/10/2025;octubre;10132077;100;1;29/9/2025;29/9/2025;PCO;;0;;0;;;;;;;;0;1;0;0;;;;0;0;;;;;0;0;;;;;;;;;0;;;;;;0;;0;0;0;0;0;0;0;0;0;0;0;0;0;;;;1;;1;;;0;1;;;1;;SIN GC
00007 COMERCIAL OF LICITACION;4000006065;100;ZPIN;53-25 - ET Cerro Pol;;0;10;4;9/10/2025;MBALAUZ;1012611;1,00 X 1,00;5;Materiales genericos;CUMPLIDO;MR01;1;29/9/2025;6/10/2025;octubre;10132078;100;1;29/9/2025;29/9/2025;PCO;;0;;0;;;;;;;;0;5;0;0;;;;0;0;;;;;0;0;;;;;;;;;0;;;;;;0;;0;0;0;0;0;0;0;0;0;0;0;0;0;;;;1;;;1;3;0;10;;;10;;SIN GC
00007 COMERCIAL OF LICITACION;4000006066;100;ZPIN;53-25 - ET Cerro Pol;;0;10;4;30/9/2025;MBALAUZ;1004470;"Perno Anclaje Ø 5/8""";1;Materiales Stock;CUMPLIDO;MR01;1;29/9/2025;6/10/2025;octubre;10132079;90;1;29/9/2025;29/9/2025;G05;;0;;0;;;;;;;;0;1;0;0;;;;0;0;;;;;0;0;;;;;;;;;0;;;;;;0;;0;0;0;0;0;0;0;0;0;0;0;0;0;;;;1;;1;;;0;1;;;1;;COMPRAS EQUIPOS
00007 COMERCIAL OF LICITACION;4000006156;100;ZPIN;58/25 -DUPLICAR NORT;;0;10;4;27/10/2025;GBACCELLI;1012799;Fuente Phoenix Contact QUINT4-PS/1AC/24D;1;Materiales genericos;CUMPLIDO;MR01;1;22/10/2025;31/10/2025;octubre;10134113;100;1;22/10/2025;22/10/2025;PCO;;0;;0;;;;;;;;0;1;0;0;;;;0;0;;;;;0;0;;;;;;;;;0;;;;;;0;;0;0;0;0;0;0;0;0;0;0;0;0;0;;;;1;;1;;;0;5;;;5;;SIN GC
00007 COMERCIAL OF LICITACION;4000006157;100;ZPIN;58/25 -DUPLICAR NORT;;0;10;4;27/10/2025;GBACCELLI;1012799;Módulo ControlLogix 1756-IF16H;2;Materiales genericos;CUMPLIDO;MR01;1;22/10/2025;31/10/2025;octubre;10134115;100;1;22/10/2025;22/10/2025;PCO;;0;;0;;;;;;;;0;2;0;0;;;;0;0;;;;;0;0;;;;;;;;;0;;;;;;0;;0;0;0;0;0;0;0;0;0;0;0;0;0;;;;1;;1;;;0;5;;;5;;SIN GC
00008 ABASTECIMIENTO;4000006162;100;ZPIN;ZPIN S/ ADJUNTO;;0;10;4;14/11/2025;ASIGNORELLI;1012896;MAZA C/CABO MADERA 10 KG;1;Materiales genericos;CUMPLIDO;MR01;1;23/10/2025;30/10/2025;octubre;10134180;100;1;23/10/2025;23/10/2025;C27;;0;;0;;;;;;;;0;1;0;0;;;;0;0;;;;;0;0;;;;;;;;;0;;;;;;0;;0;0;0;0;0;0;0;0;0;0;0;0;0;;;;1;;;1;15;0;22;;;22;;COMPRAS ABASTECIMIENTO
00008 ABASTECIMIENTO;4000006168;100;ZPIN;FLETE P/ URGENCIAS;;0;10;4;26/12/2025;ASIGNORELLI;1012981;FLETE DE SEDE SAN JUAN A SEDE ROSARIO;1;Servicios;CUMPLIDO;MR01;1;24/10/2025;10/11/2025;noviembre;10134264;100;1;24/10/2025;24/10/2025;C15;;0;;0;;;;;;;;0;1;0;0;;;;0;0;;;;;0;0;;;;;;;;;0;;;;;;0;;0;0;0;0;0;0;0;0;0;0;0;0;0;;;;1;;;1;46;0;63;;;63;;COMPRAS ABASTECIMIENTO
00008 ABASTECIMIENTO;4000006211;100;ZPIN;DESARROLLAR PROVEEDO;;0;10;4;10/11/2025;GHERNANDEZ;1013129;SERVICIO DE AREA PROTEGIDA XDIA;1;Servicios;CUMPLIDO;MR01;1;4/11/2025;4/12/2025;diciembre;10135157;110;1;5/11/2025;5/11/2025;PCO;;0;;0;;;;;;;;0;1;0;0;;;;0;0;;;;;0;0;;;;;;;;;0;;;;;;0;;0;0;0;0;0;0;0;0;0;0;0;0;0;;;;1;;1;;;1;5;;;5;;SIN GC
00005 TALLER;4000006232;100;ZPIN;PEDIDO INF - GRUA TE;;0;10;4;11/11/2025;SFLORES;1015947;RPTX7170882 - PESA CORTE PASTECA;1;Materiales genericos;CUMPLIDO;MR01;1;8/11/2025;8/11/2025;noviembre;10135487;100;1;8/11/2025;8/11/2025;C03;;0;;0;;;;;;;;0;1;0;0;;;;0;0;;;;;0;0;;;;;;;;;0;;;;;;0;;0;0;0;0;0;0;0;0;0;0;0;0;0;;;;1;;;1;3;0;3;;;3;;COMPRAS EQUIPOS
00007 COMERCIAL OF LICITACION;4000005905;110;ZPIN;47/25 - CPSA PE;;25;10;4;10/9/2025;LCANNELLI;1012955;FLETE ACEROS;1;Materiales usuales;CUMPLIDO;MR01;1;25/8/2025;10/9/2025;septiembre;10129366;110;1;25/8/2025;25/8/2025;PCO;;0;;0;;;;;;;;0;1;0;0;;;;0;0;;;;;0;0;;;;;;;;;0;;;;;;0;;0;0;0;0;0;0;0;0;0;0;0;0;0;;;;1;;1;;;0;16;;;16;;SIN GC
00005 TALLER;4000005983;110;ZPIN;COTIZ/77002 REPUESTO;;0;10;4;15/9/2025;GSPINELLI;1015947;CUERPO DE TERMOSTATO(VER NOTA);1;Materiales genericos;CUMPLIDO;MR01;1;11/9/2025;11/9/2025;septiembre;10130757;110;1;11/9/2025;11/9/2025;C03;;0;;0;;;;;;;;0;1;0;0;;;;0;0;;;;;0;0;;;;;;;;;0;;;;;;0;;0;0;0;0;0;0;0;0;0;0;0;0;0;;;;1;;;1;4;0;4;;;4;;COMPRAS EQUIPOS
00005 TALLER;4000005987;110;ZPIN;COTIZACION PINTURA -;;0;10;4;17/9/2025;SFLORES;1012853;PINT. POL 2/1 GRIS ASTRA - P2843;1;Materiales genericos;CUMPLIDO;MR01;1;11/9/2025;22/9/2025;septiembre;10130810;110;1;11/9/2025;11/9/2025;C22;;0;;0;;;;;;;;0;1;0;0;;;;0;0;;;;;0;0;;;;;;;;;0;;;;;;0;;0;0;0;0;0;0;0;0;0;0;0;0;0;;;;1;;1;;;0;6;;;6;;COMPRAS ABASTECIMIENTO
00005 TALLER;4000006045;110;ZPIN;PEDIDO INF - 46824;;0;10;4;26/9/2025;SFLORES;1025680;BUJES CILINDRO DE VUELCO;2;Materiales Stock;CUMPLIDO;MR01;1;24/9/2025;24/9/2025;septiembre;10131716;110;1;24/9/2025;24/9/2025;C03;;0;;0;;;;;;;;0;2;0;0;;;;0;0;;;;;0;0;;;;;;;;;0;;;;;;0;;0;0;0;0;0;0;0;0;0;0;0;0;0;;;;1;;;1;2;0;2;;;2;;COMPRAS EQUIPOS
00007 COMERCIAL OF LICITACION;4000006063;110;ZPIN;53-25 - ET Cerro Pol;;0;10;4;6/10/2025;MBALAUZ;1009720;TRILOGIC T15 6M XUN;1;Materiales usuales;CUMPLIDO;MR01;1;29/9/2025;6/10/2025;octubre;10132070;110;1;29/9/2025;29/9/2025;PCO;;0;;0;;;;;;;;0;1;0;0;;;;0;0;;;;;0;0;;;;;;;;;0;;;;;;0;;0;0;0;0;0;0;0;0;0;0;0;0;0;;;;1;;1;;;0;7;;;7;;SIN GC
00007 COMERCIAL OF LICITACION;4000006064;110;ZPIN;53-25 - ET Cerro Pol;;0;10;4;30/9/2025;MBALAUZ;1011428;TABLA 1PGX3PGX3MTS;1;Materiales usuales;CUMPLIDO;MR01;1;29/9/2025;6/10/2025;octubre;10132077;110;1;29/9/2025;29/9/2025;PCO;;0;;0;;;;;;;;0;1;0;0;;;;0;0;;;;;0;0;;;;;;;;;0;;;;;;0;;0;0;0;0;0;0;0;0;0;0;0;0;0;;;;1;;1;;;0;1;;;1;;SIN GC
00007 COMERCIAL OF LICITACION;4000006065;110;ZPIN;53-25 - ET Cerro Pol;;0;10;4;9/10/2025;MBALAUZ;1012611;0,60 X 0,60;53;Materiales genericos;CUMPLIDO;MR01;1;29/9/2025;6/10/2025;octubre;10132078;110;1;29/9/2025;29/9/2025;PCO;;0;;0;;;;;;;;0;53;0;0;;;;0;0;;;;;0;0;;;;;;;;;0;;;;;;0;;0;0;0;0;0;0;0;0;0;0;0;0;0;;;;1;;;1;3;0;10;;;10;;SIN GC
00007 COMERCIAL OF LICITACION;4000006066;110;ZPIN;53-25 - ET Cerro Pol;;0;10;4;7/10/2025;MBALAUZ;1012585;ESTRUCTURA METALICA SEGUN PLANO;16800;Materiales genericos;CUMPLIDO;MR01;1;29/9/2025;6/10/2025;octubre;10132079;100;1;29/9/2025;29/9/2025;PCO;;0;;0;;;;;;;;0;16800;0;0;;;;0;0;;;;;0;0;;;;;;;;;0;;;;;;0;;0;0;0;0;0;0;0;0;0;0;0;0;0;;;;1;;;1;1;0;8;;;8;;SIN GC
00007 COMERCIAL OF LICITACION;4000006156;110;ZPIN;58/25 -DUPLICAR NORT;;0;10;4;27/10/2025;GBACCELLI;1012799;Gabinete metálico estanco  600X900X320;1;Materiales genericos;CUMPLIDO;MR01;1;22/10/2025;31/10/2025;octubre;10134113;110;1;22/10/2025;22/10/2025;PCO;;0;;0;;;;;;;;0;1;0;0;;;;0;0;;;;;0;0;;;;;;;;;0;;;;;;0;;0;0;0;0;0;0;0;0;0;0;0;0;0;;;;1;;1;;;0;5;;;5;;SIN GC
00007 COMERCIAL OF LICITACION;4000006157;110;ZPIN;58/25 -DUPLICAR NORT;;0;10;4;27/10/2025;GBACCELLI;1012799;Cubierta para slots Allen Bradley 1756-N;8;Materiales genericos;CUMPLIDO;MR01;1;22/10/2025;31/10/2025;octubre;10134115;110;1;22/10/2025;22/10/2025;PCO;;0;;0;;;;;;;;0;8;0;0;;;;0;0;;;;;0;0;;;;;;;;;0;;;;;;0;;0;0;0;0;0;0;0;0;0;0;0;0;0;;;;1;;1;;;0;5;;;5;;SIN GC
00008 ABASTECIMIENTO;4000006162;110;ZPIN;ZPIN S/ ADJUNTO;;0;10;4;14/11/2025;ASIGNORELLI;1012896;MAZA 5 KG C/ CABO MADERA LARGO;1;Materiales genericos;CUMPLIDO;MR01;1;23/10/2025;30/10/2025;octubre;10134180;110;1;23/10/2025;23/10/2025;C27;;0;;0;;;;;;;;0;1;0;0;;;;0;0;;;;;0;0;;;;;;;;;0;;;;;;0;;0;0;0;0;0;0;0;0;0;0;0;0;0;;;;1;;;1;15;0;22;;;22;;COMPRAS ABASTECIMIENTO
00008 ABASTECIMIENTO;4000006211;110;ZPIN;DESARROLLAR PROVEEDO;;0;10;4;26/11/2025;GHERNANDEZ;1047829;SERVICIO DE ALQUILER FOTOCOPIADORA;1;Servicios;CUMPLIDO;MR01;1;4/11/2025;4/12/2025;diciembre;10135157;140;1;5/11/2025;5/11/2025;PCO;;0;;0;;;;;;;;0;1;0;0;;;;0;0;;;;;0;0;;;;;;;;;0;;;;;;0;;0;0;0;0;0;0;0;0;0;0;0;0;0;;;;1;;1;;;1;21;;;21;;SIN GC
00005 TALLER;4000006232;110;ZPIN;PEDIDO INF - GRUA TE;;0;10;4;11/11/2025;SFLORES;1015947;RPTX4422201 - SWITCH RT 230;1;Materiales genericos;CUMPLIDO;MR01;1;8/11/2025;8/11/2025;noviembre;10135487;110;1;8/11/2025;8/11/2025;C03;;0;;0;;;;;;;;0;1;0;0;;;;0;0;;;;;0;0;;;;;;;;;0;;;;;;0;;0;0;0;0;0;0;0;0;0;0;0;0;0;;;;1;;;1;3;0;3;;;3;;COMPRAS EQUIPOS
00007 COMERCIAL OF LICITACION;4000005905;120;ZPIN;47/25 - CPSA PE;;25;10;4;17/9/2025;LCANNELLI;1010160;SUELO TOSCA;1;Materiales usuales;CUMPLIDO;MR01;1;25/8/2025;10/9/2025;septiembre;10129366;120;1;25/8/2025;25/8/2025;PCO;;0;;0;;;;;;;;0;1;0;0;;;;0;0;;;;;0;0;;;;;;;;;0;;;;;;0;;0;0;0;0;0;0;0;0;0;0;0;0;0;;;;1;;;1;7;0;23;;;23;;SIN GC
00005 TALLER;4000005983;120;ZPIN;COTIZ/77002 REPUESTO;;0;10;4;15/9/2025;GSPINELLI;1015947;TERMOSTATO(VER NOTA);1;Materiales genericos;CUMPLIDO;MR01;1;11/9/2025;11/9/2025;septiembre;10130757;120;1;11/9/2025;11/9/2025;C03;;0;;0;;;;;;;;0;1;0;0;;;;0;0;;;;;0;0;;;;;;;;;0;;;;;;0;;0;0;0;0;0;0;0;0;0;0;0;0;0;;;;1;;;1;4;0;4;;;4;;COMPRAS EQUIPOS
00005 TALLER;4000005987;120;ZPIN;COTIZACION PINTURA -;;0;10;4;17/9/2025;SFLORES;1012853;PINT. POL 2/1 AMARILLO CARRETON - P1452;1;Materiales genericos;CUMPLIDO;MR01;1;11/9/2025;22/9/2025;septiembre;10130810;120;1;11/9/2025;11/9/2025;C22;;0;;0;;;;;;;;0;1;0;0;;;;0;0;;;;;0;0;;;;;;;;;0;;;;;;0;;0;0;0;0;0;0;0;0;0;0;0;0;0;;;;1;;1;;;0;6;;;6;;COMPRAS ABASTECIMIENTO
00005 TALLER;4000006045;120;ZPIN;PEDIDO INF - 46824;;0;10;4;26/9/2025;SFLORES;1025693;BUJES DE LA H AGUILON Y CIL LEVANT;4;Materiales Stock;CUMPLIDO;MR01;1;24/9/2025;24/9/2025;septiembre;10131716;120;1;24/9/2025;24/9/2025;C03;;0;;0;;;;;;;;0;4;0;0;;;;0;0;;;;;0;0;;;;;;;;;0;;;;;;0;;0;0;0;0;0;0;0;0;0;0;0;0;0;;;;1;;;1;2;0;2;;;2;;COMPRAS EQUIPOS
00007 COMERCIAL OF LICITACION;4000006063;120;ZPIN;53-25 - ET Cerro Pol;;0;10;4;6/10/2025;MBALAUZ;1009721;TRILOGIC T20 6M XUN;1;Materiales usuales;CUMPLIDO;MR01;1;29/9/2025;6/10/2025;octubre;10132070;120;1;29/9/2025;29/9/2025;PCO;;0;;0;;;;;;;;0;1;0;0;;;;0;0;;;;;0;0;;;;;;;;;0;;;;;;0;;0;0;0;0;0;0;0;0;0;0;0;0;0;;;;1;;1;;;0;7;;;7;;SIN GC
00007 COMERCIAL OF LICITACION;4000006064;120;ZPIN;53-25 - ET Cerro Pol;;0;10;4;30/9/2025;MBALAUZ;1011429;TABLA 1PGX4PGX3MTS;1;Materiales usuales;CUMPLIDO;MR01;1;29/9/2025;6/10/2025;octubre;10132077;120;1;29/9/2025;29/9/2025;PCO;;0;;0;;;;;;;;0;1;0;0;;;;0;0;;;;;0;0;;;;;;;;;0;;;;;;0;;0;0;0;0;0;0;0;0;0;0;0;0;0;;;;1;;1;;;0;1;;;1;;SIN GC
00007 COMERCIAL OF LICITACION;4000006065;120;ZPIN;53-25 - ET Cerro Pol;;0;10;4;16/10/2025;MBALAUZ;1012779;Caño PVC Ø 200 mm;200;Materiales genericos;CUMPLIDO;MR01;1;29/9/2025;6/10/2025;octubre;10132078;120;1;29/9/2025;29/9/2025;PCO;;0;;0;;;;;;;;0;200;0;0;;;;0;0;;;;;0;0;;;;;;;;;0;;;;;;0;;0;0;0;0;0;0;0;0;0;0;0;0;0;;;;1;;;1;10;0;17;;;17;;SIN GC
00007 COMERCIAL OF LICITACION;4000006156;120;ZPIN;58/25 -DUPLICAR NORT;;0;10;4;27/10/2025;GBACCELLI;1012799;Gabinete metálico estanco 900X1200X210;1;Materiales genericos;CUMPLIDO;MR01;1;22/10/2025;31/10/2025;octubre;10134113;120;1;22/10/2025;22/10/2025;PCO;;0;;0;;;;;;;;0;1;0;0;;;;0;0;;;;;0;0;;;;;;;;;0;;;;;;0;;0;0;0;0;0;0;0;0;0;0;0;0;0;;;;1;;1;;;0;5;;;5;;SIN GC
00007 COMERCIAL OF LICITACION;4000006157;120;ZPIN;58/25 -DUPLICAR NORT;;0;10;4;27/10/2025;GBACCELLI;1012799;Fuente Allen Bradley 1606-XLE48E;1;Materiales genericos;CUMPLIDO;MR01;1;22/10/2025;31/10/2025;octubre;10134115;120;1;22/10/2025;22/10/2025;PCO;;0;;0;;;;;;;;0;1;0;0;;;;0;0;;;;;0;0;;;;;;;;;0;;;;;;0;;0;0;0;0;0;0;0;0;0;0;0;0;0;;;;1;;1;;;0;5;;;5;;SIN GC
00008 ABASTECIMIENTO;4000006162;120;ZPIN;ZPIN S/ ADJUNTO;;0;10;4;14/11/2025;ASIGNORELLI;1012896;MAZA DE BROCE 5 KG C/ CABO Y S/ CABO;1;Materiales genericos;CUMPLIDO;MR01;1;23/10/2025;30/10/2025;octubre;10134180;120;1;23/10/2025;23/10/2025;C27;;0;;0;;;;;;;;0;1;0;0;;;;0;0;;;;;0;0;;;;;;;;;0;;;;;;0;;0;0;0;0;0;0;0;0;0;0;0;0;0;;;;1;;;1;15;0;22;;;22;;COMPRAS ABASTECIMIENTO
00008 ABASTECIMIENTO;4000006211;120;ZPIN;DESARROLLAR PROVEEDO;;0;10;4;7/11/2025;GHERNANDEZ;1013130;EXAMEN PREOCUPACIONAL BASICO XUN;100;Servicios;CUMPLIDO;MR01;1;4/11/2025;4/12/2025;diciembre;10135157;130;1;5/11/2025;5/11/2025;PCO;;0;;0;;;;;;;;0;100;0;0;;;;0;0;;;;;0;0;;;;;;;;;0;;;;;;0;;0;0;0;0;0;0;0;0;0;0;0;0;0;;;;1;;1;;;1;2;;;2;;SIN GC
00005 TALLER;4000006232;120;ZPIN;PEDIDO INF - GRUA TE;;0;10;4;11/11/2025;SFLORES;1015947;RPTX1223879 - TECLA DESEMPAÑADOR RT780;1;Materiales genericos;CUMPLIDO;MR01;1;8/11/2025;8/11/2025;noviembre;10135487;120;1;8/11/2025;8/11/2025;C03;;0;;0;;;;;;;;0;1;0;0;;;;0;0;;;;;0;0;;;;;;;;;0;;;;;;0;;0;0;0;0;0;0;0;0;0;0;0;0;0;;;;1;;;1;3;0;3;;;3;;COMPRAS EQUIPOS
00007 COMERCIAL OF LICITACION;4000005905;130;ZPIN;47/25 - CPSA PE;;25;10;4;10/9/2025;LCANNELLI;1010658;O CARACTERISTICAS SIMILARES;1;Materiales usuales;CUMPLIDO;MR01;1;25/8/2025;10/9/2025;septiembre;10129366;130;1;25/8/2025;25/8/2025;PCO;;0;;0;;;;;;;;0;1;0;0;;;;0;0;;;;;0;0;;;;;;;;;0;;;;;;0;;0;0;0;0;0;0;0;0;0;0;0;0;0;;;;1;;1;;;0;16;;;16;;SIN GC
00005 TALLER;4000005983;130;ZPIN;COTIZ/77002 REPUESTO;;0;10;4;15/9/2025;GSPINELLI;1015947;CORREAS Y TENSORES(VER NOTA);1;Materiales genericos;CUMPLIDO;MR01;1;11/9/2025;11/9/2025;septiembre;10130757;130;1;11/9/2025;11/9/2025;C03;;0;;0;;;;;;;;0;1;0;0;;;;0;0;;;;;0;0;;;;;;;;;0;;;;;;0;;0;0;0;0;0;0;0;0;0;0;0;0;0;;;;1;;;1;4;0;4;;;4;;COMPRAS EQUIPOS
00005 TALLER;4000005987;130;ZPIN;COTIZACION PINTURA -;;0;10;4;17/9/2025;SFLORES;1012853;PINT. POL 2/1 TURQUESA POWERSCREEN-P2949;1;Materiales genericos;CUMPLIDO;MR01;1;11/9/2025;22/9/2025;septiembre;10130810;130;1;11/9/2025;11/9/2025;C22;;0;;0;;;;;;;;0;1;0;0;;;;0;0;;;;;0;0;;;;;;;;;0;;;;;;0;;0;0;0;0;0;0;0;0;0;0;0;0;0;;;;1;;1;;;0;6;;;6;;COMPRAS ABASTECIMIENTO
00005 TALLER;4000006045;130;ZPIN;PEDIDO INF - 46824;;0;10;4;26/9/2025;SFLORES;1023878;PERNO CILINDRO DE LEVANTE;2;Materiales Stock;CUMPLIDO;MR01;1;24/9/2025;24/9/2025;septiembre;10131716;130;1;24/9/2025;24/9/2025;C03;;0;;0;;;;;;;;0;2;0;0;;;;0;0;;;;;0;0;;;;;;;;;0;;;;;;0;;0;0;0;0;0;0;0;0;0;0;0;0;0;;;;1;;;1;2;0;2;;;2;;COMPRAS EQUIPOS
00007 COMERCIAL OF LICITACION;4000006065;130;ZPIN;53-25 - ET Cerro Pol;;0;10;4;21/10/2025;MBALAUZ;1011243;HORMIGON ELABORADO H15;1;Materiales usuales;CUMPLIDO;MR01;1;29/9/2025;6/10/2025;octubre;10132078;130;1;29/9/2025;29/9/2025;PCO;;0;;0;;;;;;;;0;1;0;0;;;;0;0;;;;;0;0;;;;;;;;;0;;;;;;0;;0;0;0;0;0;0;0;0;0;0;0;0;0;;;;1;;;1;15;0;22;;;22;;SIN GC
00007 COMERCIAL OF LICITACION;4000006156;130;ZPIN;58/25 -DUPLICAR NORT;;0;10;4;27/10/2025;GBACCELLI;1012799;Gabinete metálico estanco 900X2000X600;1;Materiales genericos;CUMPLIDO;MR01;1;22/10/2025;31/10/2025;octubre;10134113;130;1;22/10/2025;22/10/2025;PCO;;0;;0;;;;;;;;0;1;0;0;;;;0;0;;;;;0;0;;;;;;;;;0;;;;;;0;;0;0;0;0;0;0;0;0;0;0;0;0;0;;;;1;;1;;;0;5;;;5;;SIN GC
00007 COMERCIAL OF LICITACION;4000006157;130;ZPIN;58/25 -DUPLICAR NORT;;0;10;4;27/10/2025;GBACCELLI;1012799;Procesador CompactLogix 5380;1;Materiales genericos;CUMPLIDO;MR01;1;22/10/2025;31/10/2025;octubre;10134115;130;1;22/10/2025;22/10/2025;PCO;;0;;0;;;;;;;;0;1;0;0;;;;0;0;;;;;0;0;;;;;;;;;0;;;;;;0;;0;0;0;0;0;0;0;0;0;0;0;0;0;;;;1;;1;;;0;5;;;5;;SIN GC
00008 ABASTECIMIENTO;4000006162;130;ZPIN;ZPIN S/ ADJUNTO;;0;10;4;14/11/2025;ASIGNORELLI;1012896;MAZA DE BROCE 3 KG C/ CABO Y S/ CABO;1;Materiales genericos;CUMPLIDO;MR01;1;23/10/2025;30/10/2025;octubre;10134180;130;1;23/10/2025;23/10/2025;C27;;0;;0;;;;;;;;0;1;0;0;;;;0;0;;;;;0;0;;;;;;;;;0;;;;;;0;;0;0;0;0;0;0;0;0;0;0;0;0;0;;;;1;;;1;15;0;22;;;22;;COMPRAS ABASTECIMIENTO
00008 ABASTECIMIENTO;4000006211;130;ZPIN;DESARROLLAR PROVEEDO;;0;10;4;26/11/2025;GHERNANDEZ;1013125;SERVICIO ENFERMERIA XDIA;1;Servicios;CUMPLIDO;MR01;1;4/11/2025;4/12/2025;diciembre;10135157;150;1;17/11/2025;17/11/2025;PCO;;0;;0;;;;;;;;0;1;0;0;;;;0;0;;;;;0;0;;;;;;;;;0;;;;;;0;;0;0;0;0;0;0;0;0;0;0;0;0;0;;;;1;;1;;;13;9;;1;9;;SIN GC
00005 TALLER;4000006232;130;ZPIN;PEDIDO INF - GRUA TE;;0;10;4;11/11/2025;SFLORES;1015947;RPTX7097821 - SWITCH DE FINAL DE CARRERA;1;Materiales genericos;CUMPLIDO;MR01;1;8/11/2025;8/11/2025;noviembre;10135487;130;1;8/11/2025;8/11/2025;C03;;0;;0;;;;;;;;0;1;0;0;;;;0;0;;;;;0;0;;;;;;;;;0;;;;;;0;;0;0;0;0;0;0;0;0;0;0;0;0;0;;;;1;;;1;3;0;3;;;3;;COMPRAS EQUIPOS
00007 COMERCIAL OF LICITACION;4000005905;140;ZPIN;47/25 - CPSA PE;;25;10;4;10/9/2025;LCANNELLI;1011243;Solicitar con ARS;1;Materiales usuales;CUMPLIDO;MR01;1;25/8/2025;10/9/2025;septiembre;10129366;140;1;25/8/2025;25/8/2025;PCO;;0;;0;;;;;;;;0;1;0;0;;;;0;0;;;;;0;0;;;;;;;;;0;;;;;;0;;0;0;0;0;0;0;0;0;0;0;0;0;0;;;;1;;1;;;0;16;;;16;;SIN GC
00005 TALLER;4000005983;140;ZPIN;COTIZ/77002 REPUESTO;;0;10;4;15/9/2025;GSPINELLI;1015947;BOMBIN DE EMBRAGUE(VER NOTA);1;Materiales genericos;CUMPLIDO;MR01;1;11/9/2025;11/9/2025;septiembre;10130757;140;1;11/9/2025;11/9/2025;C03;;0;;0;;;;;;;;0;1;0;0;;;;0;0;;;;;0;0;;;;;;;;;0;;;;;;0;;0;0;0;0;0;0;0;0;0;0;0;0;0;;;;1;;;1;4;0;4;;;4;;COMPRAS EQUIPOS
00005 TALLER;4000005987;140;ZPIN;COTIZACION PINTURA -;;0;10;4;17/9/2025;SFLORES;1012853;PINT. POL 2/1 VERDE CUMMINS - P2323;1;Materiales genericos;CUMPLIDO;MR01;1;11/9/2025;22/9/2025;septiembre;10130810;140;1;11/9/2025;11/9/2025;C22;;0;;0;;;;;;;;0;1;0;0;;;;0;0;;;;;0;0;;;;;;;;;0;;;;;;0;;0;0;0;0;0;0;0;0;0;0;0;0;0;;;;1;;1;;;0;6;;;6;;COMPRAS ABASTECIMIENTO
00005 TALLER;4000006045;140;ZPIN;PEDIDO INF - 46824;;0;10;4;26/9/2025;SFLORES;1025695;BUJES DE LA H CIL DE LEVANTE;2;Materiales Stock;CUMPLIDO;MR01;1;24/9/2025;24/9/2025;septiembre;10131716;140;1;24/9/2025;24/9/2025;C03;;0;;0;;;;;;;;0;2;0;0;;;;0;0;;;;;0;0;;;;;;;;;0;;;;;;0;;0;0;0;0;0;0;0;0;0;0;0;0;0;;;;1;;;1;2;0;2;;;2;;COMPRAS EQUIPOS
00007 COMERCIAL OF LICITACION;4000006065;140;ZPIN;53-25 - ET Cerro Pol;;0;10;4;21/10/2025;MBALAUZ;1011247;HORMIGON ELABORADO H25;1;Materiales usuales;CUMPLIDO;MR01;1;29/9/2025;6/10/2025;octubre;10132078;140;1;29/9/2025;29/9/2025;PCO;;0;;0;;;;;;;;0;1;0;0;;;;0;0;;;;;0;0;;;;;;;;;0;;;;;;0;;0;0;0;0;0;0;0;0;0;0;0;0;0;;;;1;;;1;15;0;22;;;22;;SIN GC
00007 COMERCIAL OF LICITACION;4000006157;140;ZPIN;58/25 -DUPLICAR NORT;;0;10;4;27/10/2025;GBACCELLI;1012799;Panel View Rockwell 2711P-T12W21D8S;1;Materiales genericos;CUMPLIDO;MR01;1;22/10/2025;31/10/2025;octubre;10134115;140;1;22/10/2025;22/10/2025;PCO;;0;;0;;;;;;;;0;1;0;0;;;;0;0;;;;;0;0;;;;;;;;;0;;;;;;0;;0;0;0;0;0;0;0;0;0;0;0;0;0;;;;1;;1;;;0;5;;;5;;SIN GC
00008 ABASTECIMIENTO;4000006162;140;ZPIN;ZPIN S/ ADJUNTO;;0;10;4;14/11/2025;ASIGNORELLI;1012896;MAZA DE BROCE 1 KG C/ CABO Y S/ CABO;1;Materiales genericos;CUMPLIDO;MR01;1;23/10/2025;30/10/2025;octubre;10134180;140;1;23/10/2025;23/10/2025;C27;;0;;0;;;;;;;;0;1;0;0;;;;0;0;;;;;0;0;;;;;;;;;0;;;;;;0;;0;0;0;0;0;0;0;0;0;0;0;0;0;;;;1;;;1;15;0;22;;;22;;COMPRAS ABASTECIMIENTO
00005 TALLER;4000006232;140;ZPIN;PEDIDO INF - GRUA TE;;0;10;4;11/11/2025;SFLORES;1015947;RPTX1245-42 - SENSOR DE NIVEL COMBUSTIBL;1;Materiales genericos;CUMPLIDO;MR01;1;8/11/2025;8/11/2025;noviembre;10135487;140;1;8/11/2025;8/11/2025;C03;;0;;0;;;;;;;;0;1;0;0;;;;0;0;;;;;0;0;;;;;;;;;0;;;;;;0;;0;0;0;0;0;0;0;0;0;0;0;0;0;;;;1;;;1;3;0;3;;;3;;COMPRAS EQUIPOS
00007 COMERCIAL OF LICITACION;4000005905;150;ZPIN;47/25 - CPSA PE;;25;10;4;10/9/2025;LCANNELLI;1011247;Solicitar con ARS;1;Materiales usuales;CUMPLIDO;MR01;1;25/8/2025;10/9/2025;septiembre;10129366;150;1;25/8/2025;25/8/2025;PCO;;0;;0;;;;;;;;0;1;0;0;;;;0;0;;;;;0;0;;;;;;;;;0;;;;;;0;;0;0;0;0;0;0;0;0;0;0;0;0;0;;;;1;;1;;;0;16;;;16;;SIN GC
00005 TALLER;4000005983;150;ZPIN;COTIZ/77002 REPUESTO;;0;10;4;15/9/2025;GSPINELLI;1015947;CRUCETAS(VER NOTA);1;Materiales genericos;CUMPLIDO;MR01;1;11/9/2025;11/9/2025;septiembre;10130757;150;1;11/9/2025;11/9/2025;C03;;0;;0;;;;;;;;0;1;0;0;;;;0;0;;;;;0;0;;;;;;;;;0;;;;;;0;;0;0;0;0;0;0;0;0;0;0;0;0;0;;;;1;;;1;4;0;4;;;4;;COMPRAS EQUIPOS
00005 TALLER;4000005987;150;ZPIN;COTIZACION PINTURA -;;0;10;4;17/9/2025;SFLORES;1012853;PINT. POL 2/1 AMARILLO JD AGRICOLA-P2432;1;Materiales genericos;CUMPLIDO;MR01;1;11/9/2025;22/9/2025;septiembre;10130810;150;1;11/9/2025;11/9/2025;C22;;0;;0;;;;;;;;0;1;0;0;;;;0;0;;;;;0;0;;;;;;;;;0;;;;;;0;;0;0;0;0;0;0;0;0;0;0;0;0;0;;;;1;;1;;;0;6;;;6;;COMPRAS ABASTECIMIENTO
00005 TALLER;4000006045;150;ZPIN;PEDIDO INF - 46824;;0;10;4;26/9/2025;SFLORES;1025138;RETEN DE LA H;4;Materiales Stock;CUMPLIDO;MR01;1;24/9/2025;24/9/2025;septiembre;10131716;150;1;24/9/2025;24/9/2025;C03;;0;;0;;;;;;;;0;4;0;0;;;;0;0;;;;;0;0;;;;;;;;;0;;;;;;0;;0;0;0;0;0;0;0;0;0;0;0;0;0;;;;1;;;1;2;0;2;;;2;;COMPRAS EQUIPOS
00007 COMERCIAL OF LICITACION;4000006065;150;ZPIN;53-25 - ET Cerro Pol;;0;10;4;21/10/2025;MBALAUZ;1011248;HORMIGON ELABORADO H30;1;Materiales usuales;CUMPLIDO;MR01;1;29/9/2025;6/10/2025;octubre;10132078;150;1;29/9/2025;29/9/2025;PCO;;0;;0;;;;;;;;0;1;0;0;;;;0;0;;;;;0;0;;;;;;;;;0;;;;;;0;;0;0;0;0;0;0;0;0;0;0;0;0;0;;;;1;;;1;15;0;22;;;22;;SIN GC
00008 ABASTECIMIENTO;4000006162;150;ZPIN;ZPIN S/ ADJUNTO;;0;10;4;14/11/2025;ASIGNORELLI;1012896;MAZA DE BROCE 2 KG C/ CABO Y S/ CABO;1;Materiales genericos;CUMPLIDO;MR01;1;23/10/2025;30/10/2025;octubre;10134180;150;1;23/10/2025;23/10/2025;C27;;0;;0;;;;;;;;0;1;0;0;;;;0;0;;;;;0;0;;;;;;;;;0;;;;;;0;;0;0;0;0;0;0;0;0;0;0;0;0;0;;;;1;;;1;15;0;22;;;22;;COMPRAS ABASTECIMIENTO
00005 TALLER;4000006232;150;ZPIN;PEDIDO INF - GRUA TE;;0;10;4;11/11/2025;SFLORES;1015947;RPTX1245130 - TACOMETRO RT780;1;Materiales genericos;CUMPLIDO;MR01;1;8/11/2025;8/11/2025;noviembre;10135487;150;1;8/11/2025;8/11/2025;C03;;0;;0;;;;;;;;0;1;0;0;;;;0;0;;;;;0;0;;;;;;;;;0;;;;;;0;;0;0;0;0;0;0;0;0;0;0;0;0;0;;;;1;;;1;3;0;3;;;3;;COMPRAS EQUIPOS
00007 COMERCIAL OF LICITACION;4000005905;160;ZPIN;47/25 - CPSA PE;;25;10;4;10/9/2025;LCANNELLI;1011249;Solicitar con ARS;1;Materiales usuales;CUMPLIDO;MR01;1;25/8/2025;10/9/2025;septiembre;10129366;160;1;25/8/2025;25/8/2025;PCO;;0;;0;;;;;;;;0;1;0;0;;;;0;0;;;;;0;0;;;;;;;;;0;;;;;;0;;0;0;0;0;0;0;0;0;0;0;0;0;0;;;;1;;1;;;0;16;;;16;;SIN GC
00005 TALLER;4000005983;160;ZPIN;COTIZ/77002 REPUESTO;;0;10;4;15/9/2025;GSPINELLI;1015947;PUENTE DE CARDAN(VER NOTA);1;Materiales genericos;CUMPLIDO;MR01;1;11/9/2025;11/9/2025;septiembre;10130757;160;1;11/9/2025;11/9/2025;C03;;0;;0;;;;;;;;0;1;0;0;;;;0;0;;;;;0;0;;;;;;;;;0;;;;;;0;;0;0;0;0;0;0;0;0;0;0;0;0;0;;;;1;;;1;4;0;4;;;4;;COMPRAS EQUIPOS
00005 TALLER;4000006045;160;ZPIN;PEDIDO INF - 46824;;0;10;4;26/9/2025;SFLORES;1025691;BUJES DE LA H AGUILON LADO DEL BASTIDOR;2;Materiales Stock;CUMPLIDO;MR01;1;24/9/2025;24/9/2025;septiembre;10131716;160;1;24/9/2025;24/9/2025;C03;;0;;0;;;;;;;;0;2;0;0;;;;0;0;;;;;0;0;;;;;;;;;0;;;;;;0;;0;0;0;0;0;0;0;0;0;0;0;0;0;;;;1;;;1;2;0;2;;;2;;COMPRAS EQUIPOS
00007 COMERCIAL OF LICITACION;4000006065;160;ZPIN;53-25 - ET Cerro Pol;;0;10;4;3/10/2025;MBALAUZ;1012509;AGROPOL 200 MIC 4X50 MTS;1;Materiales usuales;CUMPLIDO;MR01;1;29/9/2025;6/10/2025;octubre;10132078;160;1;29/9/2025;29/9/2025;PCO;;0;;0;;;;;;;;0;1;0;0;;;;0;0;;;;;0;0;;;;;;;;;0;;;;;;0;;0;0;0;0;0;0;0;0;0;0;0;0;0;;;;1;;1;;;0;4;;;4;;SIN GC
00008 ABASTECIMIENTO;4000006162;160;ZPIN;ZPIN S/ ADJUNTO;;0;10;4;14/11/2025;ASIGNORELLI;1012896;MAZA 1KG C/ CABO  FIBRA DE VIDRIO;1;Materiales genericos;CUMPLIDO;MR01;1;23/10/2025;30/10/2025;octubre;10134180;160;1;23/10/2025;23/10/2025;C27;;0;;0;;;;;;;;0;1;0;0;;;;0;0;;;;;0;0;;;;;;;;;0;;;;;;0;;0;0;0;0;0;0;0;0;0;0;0;0;0;;;;1;;;1;15;0;22;;;22;;COMPRAS ABASTECIMIENTO
00005 TALLER;4000006232;160;ZPIN;PEDIDO INF - GRUA TE;;0;10;4;11/11/2025;SFLORES;1015947;NRPCU396725100 - SENSOR PRESION ACEITE;1;Materiales genericos;CUMPLIDO;MR01;1;8/11/2025;8/11/2025;noviembre;10135487;160;1;8/11/2025;8/11/2025;C03;;0;;0;;;;;;;;0;1;0;0;;;;0;0;;;;;0;0;;;;;;;;;0;;;;;;0;;0;0;0;0;0;0;0;0;0;0;0;0;0;;;;1;;;1;3;0;3;;;3;;COMPRAS EQUIPOS
00007 COMERCIAL OF LICITACION;4000005905;170;ZPIN;47/25 - CPSA PE;;25;10;4;10/9/2025;LCANNELLI;1011252;Solicitar con ARS;1;Materiales usuales;CUMPLIDO;MR01;1;25/8/2025;10/9/2025;septiembre;10129366;170;1;25/8/2025;25/8/2025;PCO;;0;;0;;;;;;;;0;1;0;0;;;;0;0;;;;;0;0;;;;;;;;;0;;;;;;0;;0;0;0;0;0;0;0;0;0;0;0;0;0;;;;1;;1;;;0;16;;;16;;SIN GC
00005 TALLER;4000005983;170;ZPIN;COTIZ/77002 REPUESTO;;0;10;4;15/9/2025;GSPINELLI;1015947;ROTULA DE PALANCA DE CAMBIOS(VER NOTA);1;Materiales genericos;CUMPLIDO;MR01;1;11/9/2025;11/9/2025;septiembre;10130757;170;1;11/9/2025;11/9/2025;C03;;0;;0;;;;;;;;0;1;0;0;;;;0;0;;;;;0;0;;;;;;;;;0;;;;;;0;;0;0;0;0;0;0;0;0;0;0;0;0;0;;;;1;;;1;4;0;4;;;4;;COMPRAS EQUIPOS
00005 TALLER;4000006045;170;ZPIN;PEDIDO INF - 46824;;0;10;4;26/9/2025;SFLORES;1046149;PALANCA DE MANDO;1;Materiales Stock;CUMPLIDO;MR01;1;24/9/2025;24/9/2025;septiembre;10131716;170;1;24/9/2025;24/9/2025;C03;;0;;0;;;;;;;;0;1;0;0;;;;0;0;;;;;0;0;;;;;;;;;0;;;;;;0;;0;0;0;0;0;0;0;0;0;0;0;0;0;;;;1;;;1;2;0;2;;;2;;COMPRAS EQUIPOS
00007 COMERCIAL OF LICITACION;4000006065;170;ZPIN;53-25 - ET Cerro Pol;;0;10;4;16/10/2025;MBALAUZ;1010664;SIKA ANTISOL BLANCO X20L;1;Materiales usuales;CUMPLIDO;MR01;1;29/9/2025;6/10/2025;octubre;10132078;170;1;29/9/2025;29/9/2025;PCO;;0;;0;;;;;;;;0;1;0;0;;;;0;0;;;;;0;0;;;;;;;;;0;;;;;;0;;0;0;0;0;0;0;0;0;0;0;0;0;0;;;;1;;;1;10;0;17;;;17;;SIN GC
00008 ABASTECIMIENTO;4000006162;170;ZPIN;ZPIN S/ ADJUNTO;;0;10;4;14/11/2025;ASIGNORELLI;1012896;MAZA 2KG C/ CABO  FIBRA DE VIDRIO;1;Materiales genericos;CUMPLIDO;MR01;1;23/10/2025;30/10/2025;octubre;10134180;170;1;23/10/2025;23/10/2025;C27;;0;;0;;;;;;;;0;1;0;0;;;;0;0;;;;;0;0;;;;;;;;;0;;;;;;0;;0;0;0;0;0;0;0;0;0;0;0;0;0;;;;1;;;1;15;0;22;;;22;;COMPRAS ABASTECIMIENTO
00005 TALLER;4000006232;170;ZPIN;PEDIDO INF - GRUA TE;;0;10;4;11/11/2025;SFLORES;1015947;NRPDIX0002 - BALIZA LED DE 24V PARA PLAT;1;Materiales genericos;CUMPLIDO;MR01;1;8/11/2025;8/11/2025;noviembre;10135487;170;1;8/11/2025;8/11/2025;C03;;0;;0;;;;;;;;0;1;0;0;;;;0;0;;;;;0;0;;;;;;;;;0;;;;;;0;;0;0;0;0;0;0;0;0;0;0;0;0;0;;;;1;;;1;3;0;3;;;3;;COMPRAS EQUIPOS
00005 TALLER;4000005983;180;ZPIN;COTIZ/77002 REPUESTO;;0;10;4;15/9/2025;GSPINELLI;1015947;RETEN SALIDA DE CAJA(VER NOTA);1;Materiales genericos;CUMPLIDO;MR01;1;11/9/2025;11/9/2025;septiembre;10130757;180;1;11/9/2025;11/9/2025;C03;;0;;0;;;;;;;;0;1;0;0;;;;0;0;;;;;0;0;;;;;;;;;0;;;;;;0;;0;0;0;0;0;0;0;0;0;0;0;0;0;;;;1;;;1;4;0;4;;;4;;COMPRAS EQUIPOS
00005 TALLER;4000006045;180;ZPIN;PEDIDO INF - 46824;;0;10;4;26/9/2025;SFLORES;1042026;CRUCETA;6;Materiales Stock;CUMPLIDO;MR01;1;24/9/2025;24/9/2025;septiembre;10131716;180;1;24/9/2025;24/9/2025;C03;;0;;0;;;;;;;;0;6;0;0;;;;0;0;;;;;0;0;;;;;;;;;0;;;;;;0;;0;0;0;0;0;0;0;0;0;0;0;0;0;;;;1;;;1;2;0;2;;;2;;COMPRAS EQUIPOS
00007 COMERCIAL OF LICITACION;4000006065;180;ZPIN;53-25 - ET Cerro Pol;;0;10;4;16/10/2025;MBALAUZ;1010695;SIKAFLEX 1A PLUS GRIS CARTUCHO X300ML;1;Materiales usuales;CUMPLIDO;MR01;1;29/9/2025;6/10/2025;octubre;10132078;180;1;29/9/2025;29/9/2025;PCO;;0;;0;;;;;;;;0;1;0;0;;;;0;0;;;;;0;0;;;;;;;;;0;;;;;;0;;0;0;0;0;0;0;0;0;0;0;0;0;0;;;;1;;;1;10;0;17;;;17;;SIN GC
00008 ABASTECIMIENTO;4000006162;180;ZPIN;ZPIN S/ ADJUNTO;;0;10;4;14/11/2025;ASIGNORELLI;1012896;MAZA 3KG C/ CABO  FIBRA DE VIDRIO;1;Materiales genericos;CUMPLIDO;MR01;1;23/10/2025;30/10/2025;octubre;10134180;180;1;23/10/2025;23/10/2025;C27;;0;;0;;;;;;;;0;1;0;0;;;;0;0;;;;;0;0;;;;;;;;;0;;;;;;0;;0;0;0;0;0;0;0;0;0;0;0;0;0;;;;1;;;1;15;0;22;;;22;;COMPRAS ABASTECIMIENTO
00005 TALLER;4000006232;180;ZPIN;PEDIDO INF - GRUA TE;;0;10;4;11/11/2025;SFLORES;1015947;RPTX216745 - ESCOBILLA LIMPIA PARABRISA;1;Materiales genericos;CUMPLIDO;MR01;1;8/11/2025;8/11/2025;noviembre;10135487;180;1;8/11/2025;8/11/2025;C03;;0;;0;;;;;;;;0;1;0;0;;;;0;0;;;;;0;0;;;;;;;;;0;;;;;;0;;0;0;0;0;0;0;0;0;0;0;0;0;0;;;;1;;;1;3;0;3;;;3;;COMPRAS EQUIPOS
00005 TALLER;4000005983;190;ZPIN;COTIZ/77002 REPUESTO;;0;10;4;15/9/2025;GSPINELLI;1015947;PULMONES DE FRENO TRASEROS(VER NOTA);1;Materiales genericos;CUMPLIDO;MR01;1;11/9/2025;11/9/2025;septiembre;10130757;190;1;11/9/2025;11/9/2025;C03;;0;;0;;;;;;;;0;1;0;0;;;;0;0;;;;;0;0;;;;;;;;;0;;;;;;0;;0;0;0;0;0;0;0;0;0;0;0;0;0;;;;1;;;1;4;0;4;;;4;;COMPRAS EQUIPOS
00005 TALLER;4000006045;190;ZPIN;PEDIDO INF - 46824;;0;10;4;26/9/2025;SFLORES;1022964;ESCOBILLA DELANTERA;1;Materiales Stock;CUMPLIDO;MR01;1;24/9/2025;24/9/2025;septiembre;10131716;190;1;24/9/2025;24/9/2025;C03;;0;;0;;;;;;;;0;1;0;0;;;;0;0;;;;;0;0;;;;;;;;;0;;;;;;0;;0;0;0;0;0;0;0;0;0;0;0;0;0;;;;1;;;1;2;0;2;;;2;;COMPRAS EQUIPOS
00007 COMERCIAL OF LICITACION;4000006065;190;ZPIN;53-25 - ET Cerro Pol;;0;10;4;16/10/2025;MBALAUZ;1010712;SIKAROD 3 8PG X1000M;1;Materiales usuales;CUMPLIDO;MR01;1;29/9/2025;6/10/2025;octubre;10132078;190;1;29/9/2025;29/9/2025;PCO;;0;;0;;;;;;;;0;1;0;0;;;;0;0;;;;;0;0;;;;;;;;;0;;;;;;0;;0;0;0;0;0;0;0;0;0;0;0;0;0;;;;1;;;1;10;0;17;;;17;;SIN GC
00008 ABASTECIMIENTO;4000006162;190;ZPIN;ZPIN S/ ADJUNTO;;0;10;4;14/11/2025;ASIGNORELLI;1012896;MAZA 5KG C/ CABO  FIBRA DE VIDRIO;1;Materiales genericos;CUMPLIDO;MR01;1;23/10/2025;30/10/2025;octubre;10134180;190;1;23/10/2025;23/10/2025;C27;;0;;0;;;;;;;;0;1;0;0;;;;0;0;;;;;0;0;;;;;;;;;0;;;;;;0;;0;0;0;0;0;0;0;0;0;0;0;0;0;;;;1;;;1;15;0;22;;;22;;COMPRAS ABASTECIMIENTO
00005 TALLER;4000006232;190;ZPIN;PEDIDO INF - GRUA TE;;0;10;4;11/11/2025;SFLORES;1015947;RPMA947388 - TAPA DEL RADIADOR LINEA;1;Materiales genericos;CUMPLIDO;MR01;1;8/11/2025;8/11/2025;noviembre;10135487;190;1;8/11/2025;8/11/2025;C03;;0;;0;;;;;;;;0;1;0;0;;;;0;0;;;;;0;0;;;;;;;;;0;;;;;;0;;0;0;0;0;0;0;0;0;0;0;0;0;0;;;;1;;;1;3;0;3;;;3;;COMPRAS EQUIPOS
00005 TALLER;4000005983;200;ZPIN;COTIZ/77002 REPUESTO;;0;10;4;15/9/2025;GSPINELLI;1015947;RULEMANES DE MAZA DELANTERA(VER NOTA);1;Materiales genericos;CUMPLIDO;MR01;1;11/9/2025;11/9/2025;septiembre;10130757;200;1;11/9/2025;11/9/2025;C03;;0;;0;;;;;;;;0;1;0;0;;;;0;0;;;;;0;0;;;;;;;;;0;;;;;;0;;0;0;0;0;0;0;0;0;0;0;0;0;0;;;;1;;;1;4;0;4;;;4;;COMPRAS EQUIPOS
00005 TALLER;4000006045;200;ZPIN;PEDIDO INF - 46824;;0;10;4;26/9/2025;SFLORES;1043431;PESTILLO;1;Materiales Stock;CUMPLIDO;MR01;1;24/9/2025;24/9/2025;septiembre;10131716;200;1;24/9/2025;24/9/2025;C03;;0;;0;;;;;;;;0;1;0;0;;;;0;0;;;;;0;0;;;;;;;;;0;;;;;;0;;0;0;0;0;0;0;0;0;0;0;0;0;0;;;;1;;;1;2;0;2;;;2;;COMPRAS EQUIPOS
00008 ABASTECIMIENTO;4000006162;200;ZPIN;ZPIN S/ ADJUNTO;;0;10;4;14/11/2025;ASIGNORELLI;1012896;MAZA 10KG C/ CABO  FIBRA DE VIDRIO;1;Materiales genericos;CUMPLIDO;MR01;1;23/10/2025;30/10/2025;octubre;10134180;200;1;23/10/2025;23/10/2025;C27;;0;;0;;;;;;;;0;1;0;0;;;;0;0;;;;;0;0;;;;;;;;;0;;;;;;0;;0;0;0;0;0;0;0;0;0;0;0;0;0;;;;1;;;1;15;0;22;;;22;;COMPRAS ABASTECIMIENTO
00005 TALLER;4000006232;200;ZPIN;PEDIDO INF - GRUA TE;;0;10;4;11/11/2025;SFLORES;1015947;RPTX216854 - ESCOBILLA LIMPIA PARABRISA;1;Materiales genericos;CUMPLIDO;MR01;1;8/11/2025;8/11/2025;noviembre;10135487;200;1;8/11/2025;8/11/2025;C03;;0;;0;;;;;;;;0;1;0;0;;;;0;0;;;;;0;0;;;;;;;;;0;;;;;;0;;0;0;0;0;0;0;0;0;0;0;0;0;0;;;;1;;;1;3;0;3;;;3;;COMPRAS EQUIPOS
00005 TALLER;4000005983;210;ZPIN;COTIZ/77002 REPUESTO;;0;10;4;15/9/2025;GSPINELLI;1015947;RETENES DE MAZA TRASERA(VER NOTA);1;Materiales genericos;CUMPLIDO;MR01;1;11/9/2025;11/9/2025;septiembre;10130757;210;1;11/9/2025;11/9/2025;C03;;0;;0;;;;;;;;0;1;0;0;;;;0;0;;;;;0;0;;;;;;;;;0;;;;;;0;;0;0;0;0;0;0;0;0;0;0;0;0;0;;;;1;;;1;4;0;4;;;4;;COMPRAS EQUIPOS
00005 TALLER;4000006045;210;ZPIN;PEDIDO INF - 46824;;0;10;4;26/9/2025;SFLORES;1036358;BOMBA DE COMBUSTIBLE;1;Materiales Stock;CUMPLIDO;MR01;1;24/9/2025;24/9/2025;septiembre;10131716;210;1;24/9/2025;24/9/2025;C03;;0;;0;;;;;;;;0;1;0;0;;;;0;0;;;;;0;0;;;;;;;;;0;;;;;;0;;0;0;0;0;0;0;0;0;0;0;0;0;0;;;;1;;;1;2;0;2;;;2;;COMPRAS EQUIPOS
00008 ABASTECIMIENTO;4000006162;210;ZPIN;ZPIN S/ ADJUNTO;;0;10;4;14/11/2025;ASIGNORELLI;1012896;CABO DE MADERA P/ MAZA;1;Materiales genericos;CUMPLIDO;MR01;1;23/10/2025;30/10/2025;octubre;10134180;210;1;23/10/2025;23/10/2025;C27;;0;;0;;;;;;;;0;1;0;0;;;;0;0;;;;;0;0;;;;;;;;;0;;;;;;0;;0;0;0;0;0;0;0;0;0;0;0;0;0;;;;1;;;1;15;0;22;;;22;;COMPRAS ABASTECIMIENTO
00005 TALLER;4000006232;210;ZPIN;PEDIDO INF - GRUA TE;;0;10;4;11/11/2025;SFLORES;1015947;RPTX4308844 - VALVULA SISTEMA SUSPENSION;1;Materiales genericos;CUMPLIDO;MR01;1;8/11/2025;8/11/2025;noviembre;10135487;210;1;8/11/2025;8/11/2025;C03;;0;;0;;;;;;;;0;1;0;0;;;;0;0;;;;;0;0;;;;;;;;;0;;;;;;0;;0;0;0;0;0;0;0;0;0;0;0;0;0;;;;1;;;1;3;0;3;;;3;;COMPRAS EQUIPOS
00005 TALLER;4000005983;220;ZPIN;COTIZ/77002 REPUESTO;;0;10;3;15/9/2025;GSPINELLI;1015947;BULONES DE RUEDA TRASERA(VER NOTA);1;Materiales genericos;CUMPLIDO;MR01;1;11/9/2025;11/9/2025;septiembre;10130757;220;1;11/9/2025;11/9/2025;C03;;0;;0;;;;;;;;0;1;0;0;;;;0;0;;;;;0;0;;;;;;;;;0;;;;;;0;;0;0;0;0;0;0;0;0;0;0;0;0;0;;;;1;;;1;4;0;4;;;4;;COMPRAS EQUIPOS
00005 TALLER;4000006045;220;ZPIN;PEDIDO INF - 46824;;0;10;4;26/9/2025;SFLORES;1046130;JUNTA;1;Materiales Stock;CUMPLIDO;MR01;1;24/9/2025;24/9/2025;septiembre;10131716;220;1;24/9/2025;24/9/2025;C03;;0;;0;;;;;;;;0;1;0;0;;;;0;0;;;;;0;0;;;;;;;;;0;;;;;;0;;0;0;0;0;0;0;0;0;0;0;0;0;0;;;;1;;;1;2;0;2;;;2;;COMPRAS EQUIPOS
00005 TALLER;4000006232;220;ZPIN;PEDIDO INF - GRUA TE;;0;10;4;11/11/2025;SFLORES;1015947;RPTX215681 - RETEN MOTOR HIDRAULICO;1;Materiales genericos;CUMPLIDO;MR01;1;8/11/2025;8/11/2025;noviembre;10135487;220;1;8/11/2025;8/11/2025;C03;;0;;0;;;;;;;;0;1;0;0;;;;0;0;;;;;0;0;;;;;;;;;0;;;;;;0;;0;0;0;0;0;0;0;0;0;0;0;0;0;;;;1;;;1;3;0;3;;;3;;COMPRAS EQUIPOS
00005 TALLER;4000005983;230;ZPIN;COTIZ/77002 REPUESTO;;0;10;4;15/9/2025;GSPINELLI;1015947;TUERCAS DE RUEDA TRASERA(VER NOTA);1;Materiales genericos;CUMPLIDO;MR01;1;11/9/2025;11/9/2025;septiembre;10130757;230;1;11/9/2025;11/9/2025;C03;;0;;0;;;;;;;;0;1;0;0;;;;0;0;;;;;0;0;;;;;;;;;0;;;;;;0;;0;0;0;0;0;0;0;0;0;0;0;0;0;;;;1;;;1;4;0;4;;;4;;COMPRAS EQUIPOS
00005 TALLER;4000006045;230;ZPIN;PEDIDO INF - 46824;;0;10;4;26/9/2025;SFLORES;1023293;JUNTA DE CARTER;1;Materiales Stock;CUMPLIDO;MR01;1;24/9/2025;24/9/2025;septiembre;10131716;230;1;24/9/2025;24/9/2025;C03;;0;;0;;;;;;;;0;1;0;0;;;;0;0;;;;;0;0;;;;;;;;;0;;;;;;0;;0;0;0;0;0;0;0;0;0;0;0;0;0;;;;1;;;1;2;0;2;;;2;;COMPRAS EQUIPOS
00005 TALLER;4000006232;230;ZPIN;PEDIDO INF - GRUA TE;;0;10;4;11/11/2025;SFLORES;1015947;RPTX224598 - KIT SELLO CILINDRO ELEV;1;Materiales genericos;CUMPLIDO;MR01;1;8/11/2025;8/11/2025;noviembre;10135487;230;1;8/11/2025;8/11/2025;C03;;0;;0;;;;;;;;0;1;0;0;;;;0;0;;;;;0;0;;;;;;;;;0;;;;;;0;;0;0;0;0;0;0;0;0;0;0;0;0;0;;;;1;;;1;3;0;3;;;3;;COMPRAS EQUIPOS
00005 TALLER;4000005983;240;ZPIN;COTIZ/77002 REPUESTO;;0;10;4;15/9/2025;GSPINELLI;1015947;RETEN SALIDA DE DIFERENCIAL(VER NOTA);1;Materiales genericos;CUMPLIDO;MR01;1;11/9/2025;11/9/2025;septiembre;10130757;240;1;11/9/2025;11/9/2025;C03;;0;;0;;;;;;;;0;1;0;0;;;;0;0;;;;;0;0;;;;;;;;;0;;;;;;0;;0;0;0;0;0;0;0;0;0;0;0;0;0;;;;1;;;1;4;0;4;;;4;;COMPRAS EQUIPOS
00005 TALLER;4000006045;240;ZPIN;PEDIDO INF - 46824;;0;10;4;26/9/2025;SFLORES;1023110;GRIFO DE VACIADO CARTER;1;Materiales Stock;CUMPLIDO;MR01;1;24/9/2025;24/9/2025;septiembre;10131716;240;1;24/9/2025;24/9/2025;C03;;0;;0;;;;;;;;0;1;0;0;;;;0;0;;;;;0;0;;;;;;;;;0;;;;;;0;;0;0;0;0;0;0;0;0;0;0;0;0;0;;;;1;;;1;2;0;2;;;2;;COMPRAS EQUIPOS
00005 TALLER;4000006232;240;ZPIN;PEDIDO INF - GRUA TE;;0;10;4;11/11/2025;SFLORES;1015947;NRPMA741397 - KIT DE SELLO CILINDRO BLOQ;1;Materiales genericos;CUMPLIDO;MR01;1;8/11/2025;8/11/2025;noviembre;10135487;240;1;8/11/2025;8/11/2025;C03;;0;;0;;;;;;;;0;1;0;0;;;;0;0;;;;;0;0;;;;;;;;;0;;;;;;0;;0;0;0;0;0;0;0;0;0;0;0;0;0;;;;1;;;1;3;0;3;;;3;;COMPRAS EQUIPOS
00005 TALLER;4000005983;250;ZPIN;COTIZ/77002 REPUESTO;;0;10;4;15/9/2025;GSPINELLI;1015947;COMPRESOR DE AIRE(VER NOTA);1;Materiales genericos;CUMPLIDO;MR01;1;11/9/2025;11/9/2025;septiembre;10130757;250;1;11/9/2025;11/9/2025;C03;;0;;0;;;;;;;;0;1;0;0;;;;0;0;;;;;0;0;;;;;;;;;0;;;;;;0;;0;0;0;0;0;0;0;0;0;0;0;0;0;;;;1;;;1;4;0;4;;;4;;COMPRAS EQUIPOS
00005 TALLER;4000006045;250;ZPIN;PEDIDO INF - 46824;;0;10;4;26/9/2025;SFLORES;1023747;ORING DE GRIFO CARTER;2;Materiales Stock;CUMPLIDO;MR01;1;24/9/2025;24/9/2025;septiembre;10131716;250;1;24/9/2025;24/9/2025;C03;;0;;0;;;;;;;;0;2;0;0;;;;0;0;;;;;0;0;;;;;;;;;0;;;;;;0;;0;0;0;0;0;0;0;0;0;0;0;0;0;;;;1;;;1;2;0;2;;;2;;COMPRAS EQUIPOS
00005 TALLER;4000006232;250;ZPIN;PEDIDO INF - GRUA TE;;0;10;4;11/11/2025;SFLORES;1015947;RPTX7180584 - VALVULA DE RETENCION RT780;1;Materiales genericos;CUMPLIDO;MR01;1;8/11/2025;8/11/2025;noviembre;10135487;250;1;8/11/2025;8/11/2025;C03;;0;;0;;;;;;;;0;1;0;0;;;;0;0;;;;;0;0;;;;;;;;;0;;;;;;0;;0;0;0;0;0;0;0;0;0;0;0;0;0;;;;1;;;1;3;0;3;;;3;;COMPRAS EQUIPOS
00040-Comunic y Sustentabilidad;4000005986;10;ZPIN;Pintura para donació;1000074157;0;;4;12/9/2025;MZUPEL;1012855;pintura latex blanca interior x lts.;100;Materiales genericos;PROCESADO;MR01;1;11/9/2025;19/9/2025;septiembre;10130770;10;1;11/9/2025;11/9/2025;C22;;0;;0;;;;;;;;0;100;0;0;;;;0;0;;;;;0;0;;;;;;;;;0;;;;;;0;;0;0;0;0;0;0;0;0;0;0;0;0;0;1000074157;10;16/9/2025;1;;1;;;0;1;4;;1;4;COMPRAS ABASTECIMIENTO
00005 TALLER;4000006045;260;ZPIN;PEDIDO INF - 46824;;0;10;4;26/9/2025;SFLORES;1024416;JUNTA TAPA DE VALVULA SUPERIOR;1;Materiales Stock;CUMPLIDO;MR01;1;24/9/2025;24/9/2025;septiembre;10131716;260;1;24/9/2025;24/9/2025;C03;;0;;0;;;;;;;;0;1;0;0;;;;0;0;;;;;0;0;;;;;;;;;0;;;;;;0;;0;0;0;0;0;0;0;0;0;0;0;0;0;;;;1;;;1;2;0;2;;;2;;COMPRAS EQUIPOS
00005 TALLER;4000006232;260;ZPIN;PEDIDO INF - GRUA TE;;0;10;4;11/11/2025;SFLORES;1015947;RPTX218899 JUEGO DE REPARACION;1;Materiales genericos;CUMPLIDO;MR01;1;8/11/2025;8/11/2025;noviembre;10135487;260;1;8/11/2025;8/11/2025;C03;;0;;0;;;;;;;;0;1;0;0;;;;0;0;;;;;0;0;;;;;;;;;0;;;;;;0;;0;0;0;0;0;0;0;0;0;0;0;0;0;;;;1;;;1;3;0;3;;;3;;COMPRAS EQUIPOS
00005 TALLER;4000006045;270;ZPIN;PEDIDO INF - 46824;;0;10;4;26/9/2025;SFLORES;1024172;RETEN DE CIGÜEÑAL;1;Materiales Stock;CUMPLIDO;MR01;1;24/9/2025;24/9/2025;septiembre;10131716;270;1;24/9/2025;24/9/2025;C03;;0;;0;;;;;;;;0;1;0;0;;;;0;0;;;;;0;0;;;;;;;;;0;;;;;;0;;0;0;0;0;0;0;0;0;0;0;0;0;0;;;;1;;;1;2;0;2;;;2;;COMPRAS EQUIPOS
00005 TALLER;4000006045;280;ZPIN;PEDIDO INF - 46824;;0;10;4;26/9/2025;SFLORES;1024150;RETEN TAPA DISTRIBUCION BOMBA DE AGUA;1;Materiales Stock;CUMPLIDO;MR01;1;24/9/2025;24/9/2025;septiembre;10131716;280;1;24/9/2025;24/9/2025;C03;;0;;0;;;;;;;;0;1;0;0;;;;0;0;;;;;0;0;;;;;;;;;0;;;;;;0;;0;0;0;0;0;0;0;0;0;0;0;0;0;;;;1;;;1;2;0;2;;;2;;COMPRAS EQUIPOS
00005 TALLER;4000006045;290;ZPIN;PEDIDO INF - 46824;;0;10;4;26/9/2025;SFLORES;1046131;MANGUITO REFRIGERANTE;1;Materiales Stock;CUMPLIDO;MR01;1;24/9/2025;24/9/2025;septiembre;10131716;290;1;24/9/2025;24/9/2025;C03;;0;;0;;;;;;;;0;1;0;0;;;;0;0;;;;;0;0;;;;;;;;;0;;;;;;0;;0;0;0;0;0;0;0;0;0;0;0;0;0;;;;1;;;1;2;0;2;;;2;;COMPRAS EQUIPOS
00005 TALLER;4000006045;300;ZPIN;PEDIDO INF - 46824;;0;10;4;26/9/2025;SFLORES;1046132;TUBERÍA DE ACEITE;1;Materiales Stock;CUMPLIDO;MR01;1;24/9/2025;24/9/2025;septiembre;10131716;300;1;24/9/2025;24/9/2025;C03;;0;;0;;;;;;;;0;1;0;0;;;;0;0;;;;;0;0;;;;;;;;;0;;;;;;0;;0;0;0;0;0;0;0;0;0;0;0;0;0;;;;1;;;1;2;0;2;;;2;;COMPRAS EQUIPOS
00005 TALLER;4000006045;310;ZPIN;PEDIDO INF - 46824;;0;10;4;26/9/2025;SFLORES;1041952;JUNTA SALIDA DE TURBOCOMPRESOR;1;Materiales Stock;CUMPLIDO;MR01;1;24/9/2025;24/9/2025;septiembre;10131716;310;1;24/9/2025;24/9/2025;C03;;0;;0;;;;;;;;0;1;0;0;;;;0;0;;;;;0;0;;;;;;;;;0;;;;;;0;;0;0;0;0;0;0;0;0;0;0;0;0;0;;;;1;;;1;2;0;2;;;2;;COMPRAS EQUIPOS
00005 TALLER;4000006045;320;ZPIN;PEDIDO INF - 46824;;0;10;4;26/9/2025;SFLORES;1025035;TURBOCOMPRESOR EGR;1;Materiales Stock;CUMPLIDO;MR01;1;24/9/2025;24/9/2025;septiembre;10131716;320;1;24/9/2025;24/9/2025;C03;;0;;0;;;;;;;;0;1;0;0;;;;0;0;;;;;0;0;;;;;;;;;0;;;;;;0;;0;0;0;0;0;0;0;0;0;0;0;0;0;;;;1;;;1;2;0;2;;;2;;COMPRAS EQUIPOS
00005 TALLER;4000006045;330;ZPIN;PEDIDO INF - 46824;;0;10;4;26/9/2025;SFLORES;1024904;TORNILLOS MULTIPLE DE ESCAPE;12;Materiales Stock;CUMPLIDO;MR01;1;24/9/2025;24/9/2025;septiembre;10131716;330;1;24/9/2025;24/9/2025;C03;;0;;0;;;;;;;;0;12;0;0;;;;0;0;;;;;0;0;;;;;;;;;0;;;;;;0;;0;0;0;0;0;0;0;0;0;0;0;0;0;;;;1;;;1;2;0;2;;;2;;COMPRAS EQUIPOS
00005 TALLER;4000006045;340;ZPIN;PEDIDO INF - 46824;;0;10;4;26/9/2025;SFLORES;1023342;JUNTA MULTIPLE DE ESCAPE;6;Materiales Stock;CUMPLIDO;MR01;1;24/9/2025;24/9/2025;septiembre;10131716;340;1;24/9/2025;24/9/2025;C03;;0;;0;;;;;;;;0;6;0;0;;;;0;0;;;;;0;0;;;;;;;;;0;;;;;;0;;0;0;0;0;0;0;0;0;0;0;0;0;0;;;;1;;;1;2;0;2;;;2;;COMPRAS EQUIPOS
00005 TALLER;4000006045;350;ZPIN;PEDIDO INF - 46824;;0;10;4;26/9/2025;SFLORES;1023455;KIT INYECTOR;6;Materiales Stock;CUMPLIDO;MR01;1;24/9/2025;24/9/2025;septiembre;10131716;350;1;24/9/2025;24/9/2025;C03;;0;;0;;;;;;;;0;6;0;0;;;;0;0;;;;;0;0;;;;;;;;;0;;;;;;0;;0;0;0;0;0;0;0;0;0;0;0;0;0;;;;1;;;1;2;0;2;;;2;;COMPRAS EQUIPOS
00005 TALLER;4000006045;360;ZPIN;PEDIDO INF - 46824;;0;10;4;26/9/2025;SFLORES;1025506;BOMBA DE INYECCION;1;Materiales Stock;CUMPLIDO;MR01;1;24/9/2025;24/9/2025;septiembre;10131716;360;1;24/9/2025;24/9/2025;C03;;0;;0;;;;;;;;0;1;0;0;;;;0;0;;;;;0;0;;;;;;;;;0;;;;;;0;;0;0;0;0;0;0;0;0;0;0;0;0;0;;;;1;;;1;2;0;2;;;2;;COMPRAS EQUIPOS
00005 TALLER;4000006045;370;ZPIN;PEDIDO INF - 46824;;0;10;4;26/9/2025;SFLORES;1041930;ANILLO TORICO BOMBA INYECTORA;1;Materiales Stock;CUMPLIDO;MR01;1;24/9/2025;24/9/2025;septiembre;10131716;370;1;24/9/2025;24/9/2025;C03;;0;;0;;;;;;;;0;1;0;0;;;;0;0;;;;;0;0;;;;;;;;;0;;;;;;0;;0;0;0;0;0;0;0;0;0;0;0;0;0;;;;1;;;1;2;0;2;;;2;;COMPRAS EQUIPOS
00005 TALLER;4000006045;380;ZPIN;PEDIDO INF - 46824;;0;10;4;26/9/2025;SFLORES;1024391;RETEN TERMOSTATO;4;Materiales Stock;CUMPLIDO;MR01;1;24/9/2025;24/9/2025;septiembre;10131716;380;1;24/9/2025;24/9/2025;C03;;0;;0;;;;;;;;0;4;0;0;;;;0;0;;;;;0;0;;;;;;;;;0;;;;;;0;;0;0;0;0;0;0;0;0;0;0;0;0;0;;;;1;;;1;2;0;2;;;2;;COMPRAS EQUIPOS
00005 TALLER;4000006045;390;ZPIN;PEDIDO INF - 46824;;0;10;4;26/9/2025;SFLORES;1024841;TERMOSTATO;1;Materiales Stock;CUMPLIDO;MR01;1;24/9/2025;24/9/2025;septiembre;10131716;390;1;24/9/2025;24/9/2025;C03;;0;;0;;;;;;;;0;1;0;0;;;;0;0;;;;;0;0;;;;;;;;;0;;;;;;0;;0;0;0;0;0;0;0;0;0;0;0;0;0;;;;1;;;1;2;0;2;;;2;;COMPRAS EQUIPOS
00005 TALLER;4000006045;400;ZPIN;PEDIDO INF - 46824;;0;10;4;26/9/2025;SFLORES;1024840;TERMOSTATO;2;Materiales Stock;CUMPLIDO;MR01;1;24/9/2025;24/9/2025;septiembre;10131716;400;1;24/9/2025;24/9/2025;C03;;0;;0;;;;;;;;0;2;0;0;;;;0;0;;;;;0;0;;;;;;;;;0;;;;;;0;;0;0;0;0;0;0;0;0;0;0;0;0;0;;;;1;;;1;2;0;2;;;2;;COMPRAS EQUIPOS
00005 TALLER;4000006045;410;ZPIN;PEDIDO INF - 46824;;0;10;4;26/9/2025;SFLORES;1035320;RACOR ACODADO PARA TAPA DE VALVULAS;1;Materiales Stock;CUMPLIDO;MR01;1;24/9/2025;24/9/2025;septiembre;10131716;410;1;24/9/2025;24/9/2025;C03;;0;;0;;;;;;;;0;1;0;0;;;;0;0;;;;;0;0;;;;;;;;;0;;;;;;0;;0;0;0;0;0;0;0;0;0;0;0;0;0;;;;1;;;1;2;0;2;;;2;;COMPRAS EQUIPOS
00005 TALLER;4000006045;420;ZPIN;PEDIDO INF - 46824;;0;10;4;26/9/2025;SFLORES;1035321;ANILLO TORICO;1;Materiales Stock;CUMPLIDO;MR01;1;24/9/2025;24/9/2025;septiembre;10131716;420;1;24/9/2025;24/9/2025;C03;;0;;0;;;;;;;;0;1;0;0;;;;0;0;;;;;0;0;;;;;;;;;0;;;;;;0;;0;0;0;0;0;0;0;0;0;0;0;0;0;;;;1;;;1;2;0;2;;;2;;COMPRAS EQUIPOS
00005 TALLER;4000006045;430;ZPIN;PEDIDO INF - 46824;;0;10;4;26/9/2025;SFLORES;1046133;TUBO;1;Materiales Stock;CUMPLIDO;MR01;1;24/9/2025;24/9/2025;septiembre;10131716;430;1;24/9/2025;24/9/2025;C03;;0;;0;;;;;;;;0;1;0;0;;;;0;0;;;;;0;0;;;;;;;;;0;;;;;;0;;0;0;0;0;0;0;0;0;0;0;0;0;0;;;;1;;;1;2;0;2;;;2;;COMPRAS EQUIPOS
00005 TALLER;4000006045;440;ZPIN;PEDIDO INF - 46824;;0;10;4;26/9/2025;SFLORES;1046137;TUBO;1;Materiales Stock;CUMPLIDO;MR01;1;24/9/2025;24/9/2025;septiembre;10131716;440;1;24/9/2025;24/9/2025;C03;;0;;0;;;;;;;;0;1;0;0;;;;0;0;;;;;0;0;;;;;;;;;0;;;;;;0;;0;0;0;0;0;0;0;0;0;0;0;0;0;;;;1;;;1;2;0;2;;;2;;COMPRAS EQUIPOS
00005 TALLER;4000006045;450;ZPIN;PEDIDO INF - 46824;;0;10;4;26/9/2025;SFLORES;1024162;RETEN SALIDA CAJA TERMOSTATO;2;Materiales Stock;CUMPLIDO;MR01;1;24/9/2025;24/9/2025;septiembre;10131716;450;1;24/9/2025;24/9/2025;C03;;0;;0;;;;;;;;0;2;0;0;;;;0;0;;;;;0;0;;;;;;;;;0;;;;;;0;;0;0;0;0;0;0;0;0;0;0;0;0;0;;;;1;;;1;2;0;2;;;2;;COMPRAS EQUIPOS
00005 TALLER;4000006045;460;ZPIN;PEDIDO INF - 46824;;0;10;4;26/9/2025;SFLORES;1025474;BOMBA DE AGUA;1;Materiales Stock;CUMPLIDO;MR01;1;24/9/2025;24/9/2025;septiembre;10131716;460;1;24/9/2025;24/9/2025;C03;;0;;0;;;;;;;;0;1;0;0;;;;0;0;;;;;0;0;;;;;;;;;0;;;;;;0;;0;0;0;0;0;0;0;0;0;0;0;0;0;;;;1;;;1;2;0;2;;;2;;COMPRAS EQUIPOS
00005 TALLER;4000006045;470;ZPIN;PEDIDO INF - 46824;;0;10;4;26/9/2025;SFLORES;1023267;JUNTA BOMBA DE AGUA;1;Materiales Stock;CUMPLIDO;MR01;1;24/9/2025;24/9/2025;septiembre;10131716;470;1;24/9/2025;24/9/2025;C03;;0;;0;;;;;;;;0;1;0;0;;;;0;0;;;;;0;0;;;;;;;;;0;;;;;;0;;0;0;0;0;0;0;0;0;0;0;0;0;0;;;;1;;;1;2;0;2;;;2;;COMPRAS EQUIPOS
00005 TALLER;4000006045;480;ZPIN;PEDIDO INF - 46824;;0;10;4;26/9/2025;SFLORES;1023365;JUNTA TAPA DE VALVULA INFERIOR;1;Materiales Stock;CUMPLIDO;MR01;1;24/9/2025;24/9/2025;septiembre;10131716;480;1;24/9/2025;24/9/2025;C03;;0;;0;;;;;;;;0;1;0;0;;;;0;0;;;;;0;0;;;;;;;;;0;;;;;;0;;0;0;0;0;0;0;0;0;0;0;0;0;0;;;;1;;;1;2;0;2;;;2;;COMPRAS EQUIPOS
00005 TALLER;4000006045;490;ZPIN;PEDIDO INF - 46824;;0;10;4;26/9/2025;SFLORES;1024663;TENSOR MOVIL DE CORREA;1;Materiales Stock;CUMPLIDO;MR01;1;24/9/2025;24/9/2025;septiembre;10131716;490;1;24/9/2025;24/9/2025;C03;;0;;0;;;;;;;;0;1;0;0;;;;0;0;;;;;0;0;;;;;;;;;0;;;;;;0;;0;0;0;0;0;0;0;0;0;0;0;0;0;;;;1;;;1;2;0;2;;;2;;COMPRAS EQUIPOS
00005 TALLER;4000006045;500;ZPIN;PEDIDO INF - 46824;;0;10;4;26/9/2025;SFLORES;1023319;JUNTA DE TURBO;1;Materiales Stock;CUMPLIDO;MR01;1;24/9/2025;24/9/2025;septiembre;10131716;500;1;24/9/2025;24/9/2025;C03;;0;;0;;;;;;;;0;1;0;0;;;;0;0;;;;;0;0;;;;;;;;;0;;;;;;0;;0;0;0;0;0;0;0;0;0;0;0;0;0;;;;1;;;1;2;0;2;;;2;;COMPRAS EQUIPOS
00005 TALLER;4000006045;510;ZPIN;PEDIDO INF - 46824;;0;10;4;26/9/2025;SFLORES;1024312;JUNTA RECIRCULADOR DE GASES;3;Materiales Stock;CUMPLIDO;MR01;1;24/9/2025;24/9/2025;septiembre;10131716;510;1;24/9/2025;24/9/2025;C03;;0;;0;;;;;;;;0;3;0;0;;;;0;0;;;;;0;0;;;;;;;;;0;;;;;;0;;0;0;0;0;0;0;0;0;0;0;0;0;0;;;;1;;;1;2;0;2;;;2;;COMPRAS EQUIPOS
00005 TALLER;4000006045;520;ZPIN;PEDIDO INF - 46824;;0;10;4;26/9/2025;SFLORES;1023262;JUNTA;1;Materiales Stock;CUMPLIDO;MR01;1;24/9/2025;24/9/2025;septiembre;10131716;520;1;24/9/2025;24/9/2025;C03;;0;;0;;;;;;;;0;1;0;0;;;;0;0;;;;;0;0;;;;;;;;;0;;;;;;0;;0;0;0;0;0;0;0;0;0;0;0;0;0;;;;1;;;1;2;0;2;;;2;;COMPRAS EQUIPOS
00005 TALLER;4000006045;530;ZPIN;PEDIDO INF - 46824;;0;10;4;26/9/2025;SFLORES;1024287;ARANDELA DE GUARNICIÓN;8;Materiales Stock;CUMPLIDO;MR01;1;24/9/2025;24/9/2025;septiembre;10131716;530;1;24/9/2025;24/9/2025;C03;;0;;0;;;;;;;;0;8;0;0;;;;0;0;;;;;0;0;;;;;;;;;0;;;;;;0;;0;0;0;0;0;0;0;0;0;0;0;0;0;;;;1;;;1;2;0;2;;;2;;COMPRAS EQUIPOS
00005 TALLER;4000006045;540;ZPIN;PEDIDO INF - 46824;;0;10;4;26/9/2025;SFLORES;1046138;ANILLO TORICO;5;Materiales Stock;CUMPLIDO;MR01;1;24/9/2025;24/9/2025;septiembre;10131716;540;1;24/9/2025;24/9/2025;C03;;0;;0;;;;;;;;0;5;0;0;;;;0;0;;;;;0;0;;;;;;;;;0;;;;;;0;;0;0;0;0;0;0;0;0;0;0;0;0;0;;;;1;;;1;2;0;2;;;2;;COMPRAS EQUIPOS
00005 TALLER;4000006085;10;ZPIN;PEDIDO TALLER - 4402;1000075320;0;;4;3/10/2025;BGUERRA;1024701;ALTERNADOR;1;Materiales Stock;PROCESADO;MM01;1;2/10/2025;2/10/2025;octubre;10132462;10;1;2/10/2025;2/10/2025;C03;;0;;0;;;;;;;;0;1;0;0;;;;0;0;;;;;0;0;;;;;;;;;0;;;;;;0;;0;0;0;0;0;0;0;0;0;0;0;0;0;1000075320;10;6/10/2025;1;;;1;1;0;1;3;;1;3;COMPRAS EQUIPOS
00040-Comunic y Sustentabilidad;4000006108;10;ZPIN;Donación La Calera F;1000076085;0;;4;20/10/2025;MZUPEL;1012690;Camperas deportivas Talle L;25;Materiales genericos;PROCESADO;MR01;1;7/10/2025;22/10/2025;octubre;10132730;10;1;7/10/2025;7/10/2025;C28;;0;;0;;;;;;;;0;25;0;0;;;;0;0;;;;;0;0;;;;;;;;;0;;;;;;0;;0;0;0;0;0;0;0;0;0;0;0;0;0;1000076085;10;17/10/2025;1;;1;;;0;13;-3;;13;;COMPRAS ABASTECIMIENTO
00040-Comunic y Sustentabilidad;4000006108;20;ZPIN;Donación La Calera F;1000076085;0;;4;20/10/2025;MZUPEL;1012690;Short deportivos con bolsillos Talle L;25;Materiales genericos;PROCESADO;MR01;1;7/10/2025;22/10/2025;octubre;10132730;20;1;7/10/2025;7/10/2025;C28;;0;;0;;;;;;;;0;25;0;0;;;;0;0;;;;;0;0;;;;;;;;;0;;;;;;0;;0;0;0;0;0;0;0;0;0;0;0;0;0;1000076085;20;17/10/2025;1;;1;;;0;13;-3;;13;;COMPRAS ABASTECIMIENTO
00027 SEDE ACINDAR;4000006153;40;ZPIN;PI CABLES;1000077695;0;;3;6/11/2025;AFORTUNA;1010821;CABLE SUBTERRANEO 1X50MM2 CONDUC. ALUMIN;150;Materiales usuales;PROCESADO;MR01;1;22/10/2025;6/11/2025;noviembre;10134053;40;1;22/10/2025;22/10/2025;C11;;0;;0;;;;;;;;0;150;0;0;;;;0;0;;;;;0;0;;;;;;;;;0;;;;;;0;;0;0;0;0;0;0;0;0;0;0;0;0;0;1000077695;40;13/11/2025;1;;1;;;0;15;7;;15;7;COMPRAS ABASTECIMIENTO
00027 SEDE ACINDAR;4000006153;70;ZPIN;PI CABLES;1000077695;0;;3;6/11/2025;AFORTUNA;1012807;CONJ. TERMINALES 13,2kV SECCION 50 mm2;12;Materiales genericos;PROCESADO;MR01;1;22/10/2025;6/11/2025;noviembre;10134053;70;1;22/10/2025;22/10/2025;C11;;0;;0;;;;;;;;0;12;0;0;;;;0;0;;;;;0;0;;;;;;;;;0;;;;;;0;;0;0;0;0;0;0;0;0;0;0;0;0;0;1000077695;70;13/11/2025;1;;1;;;0;15;7;;15;7;COMPRAS ABASTECIMIENTO
00027 SEDE ACINDAR;4000006153;100;ZPIN;PI CABLES;1000077695;0;;3;6/11/2025;AFORTUNA;1012807;EMPALME MONOPLOMO 13,2 kV SECCION 50 mm2;1;Materiales genericos;PROCESADO;MR01;1;22/10/2025;6/11/2025;noviembre;10134053;100;1;22/10/2025;22/10/2025;C11;;0;;0;;;;;;;;0;1;0;0;;;;0;0;;;;;0;0;;;;;;;;;0;;;;;;0;;0;0;0;0;0;0;0;0;0;0;0;0;0;1000077695;100;13/11/2025;1;;1;;;0;15;7;;15;7;COMPRAS ABASTECIMIENTO
00027 SEDE ACINDAR;4000006231;10;ZPIN;MATERIALES ELÉCTRICO;1000077510;20;;4;10/11/2025;AFORTUNA;1047897;SECCIONADOR FUSIBLE BIPOLAR 10X38MM;3;Materiales usuales;PROCESADO;MR01;1;7/11/2025;11/11/2025;noviembre;10135481;10;1;7/11/2025;7/11/2025;C11;;0;;0;;;;;;;;0;3;0;0;;;;0;0;;;;;0;0;;;;;;;;;0;;;;;;0;;0;0;0;0;0;0;0;0;0;0;0;0;0;1000077510;10;11/11/2025;1;;1;;;0;3;1;;3;;COMPRAS ABASTECIMIENTO
00027 SEDE ACINDAR;4000006231;20;ZPIN;MATERIALES ELÉCTRICO;1000077510;20;;4;10/11/2025;AFORTUNA;1003806;Fusible 10x38mm 10A.;12;Materiales Stock;PROCESADO;MR01;1;7/11/2025;11/11/2025;noviembre;10135481;20;1;7/11/2025;7/11/2025;C11;;0;;0;;;;;;;;0;12;0;0;;;;0;0;;;;;0;0;;;;;;;;;0;;;;;;0;;0;0;0;0;0;0;0;0;0;0;0;0;0;1000077510;20;11/11/2025;1;;1;;;0;3;1;;3;;COMPRAS ABASTECIMIENTO
00027 SEDE ACINDAR;4000006231;50;ZPIN;MATERIALES ELÉCTRICO;1000077510;20;;4;10/11/2025;AFORTUNA;1047900;INDIC. LUMINOSO VERDE D22MM 110VCA 50HZ;3;Materiales usuales;PROCESADO;MR01;1;7/11/2025;11/11/2025;noviembre;10135481;50;1;7/11/2025;7/11/2025;C11;;0;;0;;;;;;;;0;3;0;0;;;;0;0;;;;;0;0;;;;;;;;;0;;;;;;0;;0;0;0;0;0;0;0;0;0;0;0;0;0;1000077510;50;11/11/2025;1;;1;;;0;3;1;;3;;COMPRAS ABASTECIMIENTO
00027 SEDE ACINDAR;4000006231;60;ZPIN;MATERIALES ELÉCTRICO;1000077510;20;;4;10/11/2025;AFORTUNA;1026745;RELÉ S/ANEXO;4;Materiales Stock;PROCESADO;MR01;1;7/11/2025;11/11/2025;noviembre;10135481;60;1;7/11/2025;7/11/2025;C11;;0;;0;;;;;;;;0;4;0;0;;;;0;0;;;;;0;0;;;;;;;;;0;;;;;;0;;0;0;0;0;0;0;0;0;0;0;0;0;0;1000077510;60;11/11/2025;1;;1;;;0;3;1;;3;;COMPRAS ABASTECIMIENTO
00027 SEDE ACINDAR;4000006231;70;ZPIN;MATERIALES ELÉCTRICO;1000077510;20;;4;10/11/2025;AFORTUNA;1047902;BORNE DE PASO BPN 2,5MM2;60;Materiales usuales;PROCESADO;MR01;1;7/11/2025;11/11/2025;noviembre;10135481;70;1;7/11/2025;7/11/2025;C11;;0;;0;;;;;;;;0;60;0;0;;;;0;0;;;;;0;0;;;;;;;;;0;;;;;;0;;0;0;0;0;0;0;0;0;0;0;0;0;0;1000077510;70;11/11/2025;1;;1;;;0;3;1;;3;;COMPRAS ABASTECIMIENTO
00027 SEDE ACINDAR;4000006231;80;ZPIN;MATERIALES ELÉCTRICO;1000077510;20;;4;10/11/2025;AFORTUNA;1012807;Tapa para borne BPN-2,5;22;Materiales genericos;PROCESADO;MR01;1;7/11/2025;11/11/2025;noviembre;10135481;80;1;7/11/2025;7/11/2025;C11;;0;;0;;;;;;;;0;22;0;0;;;;0;0;;;;;0;0;;;;;;;;;0;;;;;;0;;0;0;0;0;0;0;0;0;0;0;0;0;0;1000077510;80;11/11/2025;1;;1;;;0;3;1;;3;;COMPRAS ABASTECIMIENTO
00027 SEDE ACINDAR;4000006231;90;ZPIN;MATERIALES ELÉCTRICO;1000077510;20;;4;10/11/2025;AFORTUNA;1047903;PUENTE FIJO P/BORNE BPN 2,5MM2;50;Materiales usuales;PROCESADO;MR01;1;7/11/2025;11/11/2025;noviembre;10135481;90;1;7/11/2025;7/11/2025;C11;;0;;0;;;;;;;;0;50;0;0;;;;0;0;;;;;0;0;;;;;;;;;0;;;;;;0;;0;0;0;0;0;0;0;0;0;0;0;0;0;1000077510;90;11/11/2025;1;;1;;;0;3;1;;3;;COMPRAS ABASTECIMIENTO
00027 SEDE ACINDAR;4000006231;100;ZPIN;MATERIALES ELÉCTRICO;1000077510;20;;4;10/11/2025;AFORTUNA;1047904;EXTREMO DE BORNERA BPN 2,5MM2;12;Materiales usuales;PROCESADO;MR01;1;7/11/2025;11/11/2025;noviembre;10135481;100;1;7/11/2025;7/11/2025;C11;;0;;0;;;;;;;;0;12;0;0;;;;0;0;;;;;0;0;;;;;;;;;0;;;;;;0;;0;0;0;0;0;0;0;0;0;0;0;0;0;1000077510;100;11/11/2025;1;;1;;;0;3;1;;3;;COMPRAS ABASTECIMIENTO
00027 SEDE ACINDAR;4000006231;110;ZPIN;MATERIALES ELÉCTRICO;1000077510;20;;4;10/11/2025;AFORTUNA;1002362;PUNTERA S/ANEXO;165;Materiales Stock;PROCESADO;MR01;1;7/11/2025;11/11/2025;noviembre;10135481;110;1;7/11/2025;7/11/2025;C11;;0;;0;;;;;;;;0;165;0;0;;;;0;0;;;;;0;0;;;;;;;;;0;;;;;;0;;0;0;0;0;0;0;0;0;0;0;0;0;0;1000077510;110;11/11/2025;1;;1;;;0;3;1;;3;;COMPRAS ABASTECIMIENTO
00027 SEDE ACINDAR;4000006231;120;ZPIN;MATERIALES ELÉCTRICO;1000077510;20;;4;10/11/2025;AFORTUNA;1010745;CABLE UNIPOLAR NEGRO 1,5MM2;100;Materiales usuales;PROCESADO;MR01;1;7/11/2025;11/11/2025;noviembre;10135481;120;1;7/11/2025;7/11/2025;C11;;0;;0;;;;;;;;0;100;0;0;;;;0;0;;;;;0;0;;;;;;;;;0;;;;;;0;;0;0;0;0;0;0;0;0;0;0;0;0;0;1000077510;120;11/11/2025;1;;1;;;0;3;1;;3;;COMPRAS ABASTECIMIENTO
00027 SEDE ACINDAR;4000006231;130;ZPIN;MATERIALES ELÉCTRICO;1000077510;20;;4;10/11/2025;AFORTUNA;1010742;CABLE UNIPOLAR 1X1,5MM2 BLANCO;100;Materiales usuales;PROCESADO;MR01;1;7/11/2025;11/11/2025;noviembre;10135481;130;1;7/11/2025;7/11/2025;C11;;0;;0;;;;;;;;0;100;0;0;;;;0;0;;;;;0;0;;;;;;;;;0;;;;;;0;;0;0;0;0;0;0;0;0;0;0;0;0;0;1000077510;130;11/11/2025;1;;1;;;0;3;1;;3;;COMPRAS ABASTECIMIENTO
00027 SEDE ACINDAR;4000006231;140;ZPIN;MATERIALES ELÉCTRICO;1000077510;20;;4;10/11/2025;AFORTUNA;1047905;IDENTIFIC. N°0-9 P/CABLE UNIP. 1,5MM2;5;Materiales usuales;PROCESADO;MR01;1;7/11/2025;11/11/2025;noviembre;10135481;140;1;7/11/2025;7/11/2025;C11;;0;;0;;;;;;;;0;5;0;0;;;;0;0;;;;;0;0;;;;;;;;;0;;;;;;0;;0;0;0;0;0;0;0;0;0;0;0;0;0;1000077510;140;11/11/2025;1;;1;;;0;3;1;;3;;COMPRAS ABASTECIMIENTO
00027 SEDE ACINDAR;4000006231;150;ZPIN;MATERIALES ELÉCTRICO;1000077510;20;;4;10/11/2025;AFORTUNA;1047906;IDENTIFIC. A-Z P/CABLE UNIP. 1,5MM2;3;Materiales usuales;PROCESADO;MR01;1;7/11/2025;11/11/2025;noviembre;10135481;150;1;7/11/2025;7/11/2025;C11;;0;;0;;;;;;;;0;3;0;0;;;;0;0;;;;;0;0;;;;;;;;;0;;;;;;0;;0;0;0;0;0;0;0;0;0;0;0;0;0;1000077510;150;11/11/2025;1;;1;;;0;3;1;;3;;COMPRAS ABASTECIMIENTO
00027 SEDE ACINDAR;4000006231;170;ZPIN;MATERIALES ELÉCTRICO;1000077510;20;;4;10/11/2025;AFORTUNA;1047909;INTERRUPTOR TERMOMAGNETICO 2X6A C 6KA;2;Materiales usuales;PROCESADO;MR01;1;7/11/2025;11/11/2025;noviembre;10135481;170;1;7/11/2025;7/11/2025;C11;;0;;0;;;;;;;;0;2;0;0;;;;0;0;;;;;0;0;;;;;;;;;0;;;;;;0;;0;0;0;0;0;0;0;0;0;0;0;0;0;1000077510;170;11/11/2025;1;;1;;;0;3;1;;3;;COMPRAS ABASTECIMIENTO
00027 SEDE ACINDAR;4000006231;190;ZPIN;MATERIALES ELÉCTRICO;1000077510;20;;4;10/11/2025;AFORTUNA;1047910;MANGUITO COBRE ESTAÑ. P/EMPALMES CABLES;30;Materiales usuales;PROCESADO;MR01;1;7/11/2025;11/11/2025;noviembre;10135481;190;1;7/11/2025;7/11/2025;C11;;0;;0;;;;;;;;0;30;0;0;;;;0;0;;;;;0;0;;;;;;;;;0;;;;;;0;;0;0;0;0;0;0;0;0;0;0;0;0;0;1000077510;190;11/11/2025;1;;1;;;0;3;1;;3;;COMPRAS ABASTECIMIENTO
00027 SEDE ACINDAR;4000006231;200;ZPIN;MATERIALES ELÉCTRICO;1000077510;20;;4;10/11/2025;AFORTUNA;1012127;PRECINTOS NYLON 3,6 X 150 MM NEGROS X100;100;Materiales usuales;PROCESADO;MR01;1;7/11/2025;11/11/2025;noviembre;10135481;200;1;7/11/2025;7/11/2025;C27;;0;;0;;;;;;;;0;100;0;0;;;;0;0;;;;;0;0;;;;;;;;;0;;;;;;0;;0;0;0;0;0;0;0;0;0;0;0;0;0;1000077510;200;11/11/2025;1;;1;;;0;3;1;;3;;COMPRAS ABASTECIMIENTO
00027 SEDE ACINDAR;4000006231;40;ZPIN;MATERIALES ELÉCTRICO;1000077730;20;;4;14/11/2025;AFORTUNA;1047899;CONMUT. BIP. ROTAT. 4POS. 16A 400VCA;1;Materiales usuales;PROCESADO;MR01;1;7/11/2025;18/11/2025;noviembre;10135481;40;1;7/11/2025;7/11/2025;C11;;0;;0;;;;;;;;0;1;0;0;;;;0;0;;;;;0;0;;;;;;;;;0;;;;;;0;;0;0;0;0;0;0;0;0;0;0;0;0;0;1000077730;40;13/11/2025;1;;1;;;0;7;-1;;7;;COMPRAS ABASTECIMIENTO
00027 SEDE ACINDAR;4000006259;10;ZPIN;NUEVO TGBT SALA DE B;1000078363;0;;4;20/11/2025;AFORTUNA;1012807;Fusible 10x38mm. 2A;6;Materiales genericos;PROCESADO;MR01;1;12/11/2025;21/11/2025;noviembre;10135847;10;1;12/11/2025;12/11/2025;C11;;0;;0;;;;;;;;0;6;0;0;;;;0;0;;;;;0;0;;;;;;;;;0;;;;;;0;;0;0;0;0;0;0;0;0;0;0;0;0;0;1000078363;10;25/11/2025;1;;1;;;0;8;5;;8;5;COMPRAS ABASTECIMIENTO
00027 SEDE ACINDAR;4000006259;20;ZPIN;NUEVO TGBT SALA DE B;1000078363;0;;4;23/11/2025;AFORTUNA;1012807;Amperím. analógico hierro móvil S/ANEXO;3;Materiales genericos;PROCESADO;MR01;1;12/11/2025;21/11/2025;noviembre;10135847;20;1;12/11/2025;12/11/2025;C11;;0;;0;;;;;;;;0;3;0;0;;;;0;0;;;;;0;0;;;;;;;;;0;;;;;;0;;0;0;0;0;0;0;0;0;0;0;0;0;0;1000078363;20;25/11/2025;1;;;1;2;0;11;2;;11;;COMPRAS ABASTECIMIENTO
00027 SEDE ACINDAR;4000006259;30;ZPIN;NUEVO TGBT SALA DE B;1000078363;0;;4;23/11/2025;AFORTUNA;1012807;Indic. luminoso Ø22mm verde -220Vca 50Hz;3;Materiales genericos;PROCESADO;MR01;1;12/11/2025;21/11/2025;noviembre;10135847;30;1;12/11/2025;12/11/2025;C11;;0;;0;;;;;;;;0;3;0;0;;;;0;0;;;;;0;0;;;;;;;;;0;;;;;;0;;0;0;0;0;0;0;0;0;0;0;0;0;0;1000078363;30;25/11/2025;1;;;1;2;0;11;2;;11;;COMPRAS ABASTECIMIENTO
00027 SEDE ACINDAR;4000006259;40;ZPIN;NUEVO TGBT SALA DE B;1000078363;0;;4;23/11/2025;AFORTUNA;1010990;"TERMINAL OJAL Ø3/8"" P CABLE 25MM S/ANEXO";76;Materiales usuales;PROCESADO;MR01;1;12/11/2025;21/11/2025;noviembre;10135847;40;1;12/11/2025;12/11/2025;C11;;0;;0;;;;;;;;0;76;0;0;;;;0;0;;;;;0;0;;;;;;;;;0;;;;;;0;;0;0;0;0;0;0;0;0;0;0;0;0;0;1000078363;40;25/11/2025;1;;;1;2;0;11;2;;11;;COMPRAS ABASTECIMIENTO
00027 SEDE ACINDAR;4000006259;50;ZPIN;NUEVO TGBT SALA DE B;1000078363;0;;4;23/11/2025;AFORTUNA;1012807;Transformador de corriente800/5A S/ANEXO;3;Materiales genericos;PROCESADO;MR01;1;12/11/2025;21/11/2025;noviembre;10135847;50;1;12/11/2025;12/11/2025;C11;;0;;0;;;;;;;;0;3;0;0;;;;0;0;;;;;0;0;;;;;;;;;0;;;;;;0;;0;0;0;0;0;0;0;0;0;0;0;0;0;1000078363;50;25/11/2025;1;;;1;2;0;11;2;;11;;COMPRAS ABASTECIMIENTO
00027 SEDE ACINDAR;4000006259;60;ZPIN;NUEVO TGBT SALA DE B;1000078363;0;;4;23/11/2025;AFORTUNA;1012807;"TERMINAL OJALØ1/2"" P CABLE 120MM S/ANEXO";90;Materiales genericos;PROCESADO;MR01;1;12/11/2025;21/11/2025;noviembre;10135847;60;1;12/11/2025;12/11/2025;C11;;0;;0;;;;;;;;0;90;0;0;;;;0;0;;;;;0;0;;;;;;;;;0;;;;;;0;;0;0;0;0;0;0;0;0;0;0;0;0;0;1000078363;60;25/11/2025;1;;;1;2;0;11;2;;11;;COMPRAS ABASTECIMIENTO
00027 SEDE ACINDAR;4000006259;70;ZPIN;NUEVO TGBT SALA DE B;1000078363;0;;4;23/11/2025;AFORTUNA;1012807;"TERMINAL OJALØ1/2"" P CABLE 150MM S/ANEXO";6;Materiales genericos;PROCESADO;MR01;1;12/11/2025;21/11/2025;noviembre;10135847;70;1;12/11/2025;12/11/2025;C11;;0;;0;;;;;;;;0;6;0;0;;;;0;0;;;;;0;0;;;;;;;;;0;;;;;;0;;0;0;0;0;0;0;0;0;0;0;0;0;0;1000078363;70;25/11/2025;1;;;1;2;0;11;2;;11;;COMPRAS ABASTECIMIENTO
00027 SEDE ACINDAR;4000006259;80;ZPIN;NUEVO TGBT SALA DE B;1000078363;0;;4;23/11/2025;AFORTUNA;1012807;"TERMINAL OJALØ1/2"" P CABLE 240MM S/ANEXO";9;Materiales genericos;PROCESADO;MR01;1;12/11/2025;21/11/2025;noviembre;10135847;80;1;12/11/2025;12/11/2025;C11;;0;;0;;;;;;;;0;9;0;0;;;;0;0;;;;;0;0;;;;;;;;;0;;;;;;0;;0;0;0;0;0;0;0;0;0;0;0;0;0;1000078363;80;25/11/2025;1;;;1;2;0;11;2;;11;;COMPRAS ABASTECIMIENTO
00027 SEDE ACINDAR;4000006259;90;ZPIN;NUEVO TGBT SALA DE B;1000078363;0;;4;23/11/2025;AFORTUNA;1010993;"TERMINAL OJAL Ø3/8"" P CABLE 70MM S/ANEXO";20;Materiales usuales;PROCESADO;MR01;1;12/11/2025;21/11/2025;noviembre;10135847;90;1;12/11/2025;12/11/2025;C11;;0;;0;;;;;;;;0;20;0;0;;;;0;0;;;;;0;0;;;;;;;;;0;;;;;;0;;0;0;0;0;0;0;0;0;0;0;0;0;0;1000078363;90;25/11/2025;1;;;1;2;0;11;2;;11;;COMPRAS ABASTECIMIENTO
00027 SEDE ACINDAR;4000006259;100;ZPIN;NUEVO TGBT SALA DE B;1000078363;0;;4;23/11/2025;AFORTUNA;1012807;Unión manguito P CABLE 240MM;12;Materiales genericos;PROCESADO;MR01;1;12/11/2025;21/11/2025;noviembre;10135847;100;1;12/11/2025;12/11/2025;C11;;0;;0;;;;;;;;0;12;0;0;;;;0;0;;;;;0;0;;;;;;;;;0;;;;;;0;;0;0;0;0;0;0;0;0;0;0;0;0;0;1000078363;100;25/11/2025;1;;;1;2;0;11;2;;11;;COMPRAS ABASTECIMIENTO
00027 SEDE ACINDAR;4000006259;110;ZPIN;NUEVO TGBT SALA DE B;1000078363;0;;4;23/11/2025;AFORTUNA;1012807;Unión manguito P CABLE 150MM;5;Materiales genericos;PROCESADO;MR01;1;12/11/2025;21/11/2025;noviembre;10135847;110;1;12/11/2025;12/11/2025;C11;;0;;0;;;;;;;;0;5;0;0;;;;0;0;;;;;0;0;;;;;;;;;0;;;;;;0;;0;0;0;0;0;0;0;0;0;0;0;0;0;1000078363;110;25/11/2025;1;;;1;2;0;11;2;;11;;COMPRAS ABASTECIMIENTO
00027 SEDE ACINDAR;4000006259;120;ZPIN;NUEVO TGBT SALA DE B;1000078363;0;;4;23/11/2025;AFORTUNA;1012806;Tubo termocontráctil S/ANEXO;2;Materiales genericos;PROCESADO;MR01;1;12/11/2025;21/11/2025;noviembre;10135847;270;1;12/11/2025;12/11/2025;C11;;0;;0;;;;;;;;0;2;0;0;;;;0;0;;;;;0;0;;;;;;;;;0;;;;;;0;;0;0;0;0;0;0;0;0;0;0;0;0;0;1000078363;120;25/11/2025;1;;;1;2;0;11;2;;11;;COMPRAS ABASTECIMIENTO
00027 SEDE ACINDAR;4000006259;130;ZPIN;NUEVO TGBT SALA DE B;1000078363;0;;4;23/11/2025;AFORTUNA;1012807;"Tomacable con tornillo p jabalina Ø5/8""";3;Materiales genericos;PROCESADO;MR01;1;12/11/2025;21/11/2025;noviembre;10135847;130;1;12/11/2025;12/11/2025;C11;;0;;0;;;;;;;;0;3;0;0;;;;0;0;;;;;0;0;;;;;;;;;0;;;;;;0;;0;0;0;0;0;0;0;0;0;0;0;0;0;1000078363;130;25/11/2025;1;;;1;2;0;11;2;;11;;COMPRAS ABASTECIMIENTO
00027 SEDE ACINDAR;4000006259;140;ZPIN;NUEVO TGBT SALA DE B;1000078363;0;;4;23/11/2025;AFORTUNA;1003456;Interruptor diferencial tipo AC S/ANEXO;1;Materiales Stock;PROCESADO;MR01;1;12/11/2025;21/11/2025;noviembre;10135847;140;1;12/11/2025;12/11/2025;C11;;0;;0;;;;;;;;0;1;0;0;;;;0;0;;;;;0;0;;;;;;;;;0;;;;;;0;;0;0;0;0;0;0;0;0;0;0;0;0;0;1000078363;140;25/11/2025;1;;;1;2;0;11;2;;11;;COMPRAS ABASTECIMIENTO
00027 SEDE ACINDAR;4000006259;150;ZPIN;NUEVO TGBT SALA DE B;1000078363;0;;4;23/11/2025;AFORTUNA;1003456;Interruptor termomagnétioco 2x10A S/ANEX;1;Materiales Stock;PROCESADO;MR01;1;12/11/2025;21/11/2025;noviembre;10135847;150;1;12/11/2025;12/11/2025;C11;;0;;0;;;;;;;;0;1;0;0;;;;0;0;;;;;0;0;;;;;;;;;0;;;;;;0;;0;0;0;0;0;0;0;0;0;0;0;0;0;1000078363;150;25/11/2025;1;;;1;2;0;11;2;;11;;COMPRAS ABASTECIMIENTO
00027 SEDE ACINDAR;4000006259;160;ZPIN;NUEVO TGBT SALA DE B;1000078363;0;;4;23/11/2025;AFORTUNA;1003456;Interruptor termomagnétioco 4x16A S/ANEX;1;Materiales Stock;PROCESADO;MR01;1;12/11/2025;21/11/2025;noviembre;10135847;160;1;12/11/2025;12/11/2025;C11;;0;;0;;;;;;;;0;1;0;0;;;;0;0;;;;;0;0;;;;;;;;;0;;;;;;0;;0;0;0;0;0;0;0;0;0;0;0;0;0;1000078363;160;25/11/2025;1;;;1;2;0;11;2;;11;;COMPRAS ABASTECIMIENTO
00027 SEDE ACINDAR;4000006259;170;ZPIN;NUEVO TGBT SALA DE B;1000078363;0;;4;23/11/2025;AFORTUNA;1003456;Interruptor termomagnétioco 4x20A S/ANEX;1;Materiales Stock;PROCESADO;MR01;1;12/11/2025;21/11/2025;noviembre;10135847;170;1;12/11/2025;12/11/2025;C11;;0;;0;;;;;;;;0;1;0;0;;;;0;0;;;;;0;0;;;;;;;;;0;;;;;;0;;0;0;0;0;0;0;0;0;0;0;0;0;0;1000078363;170;25/11/2025;1;;;1;2;0;11;2;;11;;COMPRAS ABASTECIMIENTO
00027 SEDE ACINDAR;4000006259;180;ZPIN;NUEVO TGBT SALA DE B;1000078363;0;;4;23/11/2025;AFORTUNA;1012807;Cinta aisladora, rollo de 18 metros;3;Materiales genericos;PROCESADO;MR01;1;12/11/2025;21/11/2025;noviembre;10135847;180;1;12/11/2025;12/11/2025;C11;;0;;0;;;;;;;;0;3;0;0;;;;0;0;;;;;0;0;;;;;;;;;0;;;;;;0;;0;0;0;0;0;0;0;0;0;0;0;0;0;1000078363;180;25/11/2025;1;;;1;2;0;11;2;;11;;COMPRAS ABASTECIMIENTO
00027 SEDE ACINDAR;4000006259;190;ZPIN;NUEVO TGBT SALA DE B;1000078363;0;;4;20/11/2025;AFORTUNA;1012881;Tornillo de acero galvanizado M8x40 hexa;58;Materiales genericos;PROCESADO;MR01;1;12/11/2025;21/11/2025;noviembre;10135847;190;1;12/11/2025;12/11/2025;C27;;0;;0;;;;;;;;0;58;0;0;;;;0;0;;;;;0;0;;;;;;;;;0;;;;;;0;;0;0;0;0;0;0;0;0;0;0;0;0;0;1000078363;190;25/11/2025;1;;1;;;0;8;5;;8;5;COMPRAS ABASTECIMIENTO
00027 SEDE ACINDAR;4000006259;200;ZPIN;NUEVO TGBT SALA DE B;1000078363;0;;4;20/11/2025;AFORTUNA;1012807;Tuerca de acero galv. p tornillo M8;58;Materiales genericos;PROCESADO;MR01;1;12/11/2025;21/11/2025;noviembre;10135847;200;1;12/11/2025;12/11/2025;C27;;0;;0;;;;;;;;0;58;0;0;;;;0;0;;;;;0;0;;;;;;;;;0;;;;;;0;;0;0;0;0;0;0;0;0;0;0;0;0;0;1000078363;200;25/11/2025;1;;1;;;0;8;5;;8;5;COMPRAS ABASTECIMIENTO
00027 SEDE ACINDAR;4000006259;210;ZPIN;NUEVO TGBT SALA DE B;1000078363;0;;4;20/11/2025;AFORTUNA;1012207;Arandela plana de acero galv. tornilloM8;116;Materiales usuales;PROCESADO;MR01;1;12/11/2025;21/11/2025;noviembre;10135847;210;1;12/11/2025;12/11/2025;C27;;0;;0;;;;;;;;0;116;0;0;;;;0;0;;;;;0;0;;;;;;;;;0;;;;;;0;;0;0;0;0;0;0;0;0;0;0;0;0;0;1000078363;210;25/11/2025;1;;1;;;0;8;5;;8;5;COMPRAS ABASTECIMIENTO
00027 SEDE ACINDAR;4000006259;220;ZPIN;NUEVO TGBT SALA DE B;1000078363;0;;4;20/11/2025;AFORTUNA;1012186;Aranderla grower para tornillo M8;58;Materiales usuales;PROCESADO;MR01;1;12/11/2025;21/11/2025;noviembre;10135847;220;1;12/11/2025;12/11/2025;C27;;0;;0;;;;;;;;0;58;0;0;;;;0;0;;;;;0;0;;;;;;;;;0;;;;;;0;;0;0;0;0;0;0;0;0;0;0;0;0;0;1000078363;220;25/11/2025;1;;1;;;0;8;5;;8;5;COMPRAS ABASTECIMIENTO
00027 SEDE ACINDAR;4000006259;230;ZPIN;NUEVO TGBT SALA DE B;1000078363;0;;4;20/11/2025;AFORTUNA;1012881;Tornillo de acero galvanizado M10x40 hex;90;Materiales genericos;PROCESADO;MR01;1;12/11/2025;21/11/2025;noviembre;10135847;230;1;12/11/2025;12/11/2025;C27;;0;;0;;;;;;;;0;90;0;0;;;;0;0;;;;;0;0;;;;;;;;;0;;;;;;0;;0;0;0;0;0;0;0;0;0;0;0;0;0;1000078363;230;25/11/2025;1;;1;;;0;8;5;;8;5;COMPRAS ABASTECIMIENTO
00027 SEDE ACINDAR;4000006259;240;ZPIN;NUEVO TGBT SALA DE B;1000078363;0;;4;20/11/2025;AFORTUNA;1035456;Tuerca de acero galv. p tornillo M10;90;Materiales usuales;PROCESADO;MR01;1;12/11/2025;21/11/2025;noviembre;10135847;240;1;12/11/2025;12/11/2025;C27;;0;;0;;;;;;;;0;90;0;0;;;;0;0;;;;;0;0;;;;;;;;;0;;;;;;0;;0;0;0;0;0;0;0;0;0;0;0;0;0;1000078363;240;25/11/2025;1;;1;;;0;8;5;;8;5;COMPRAS ABASTECIMIENTO
00027 SEDE ACINDAR;4000006259;250;ZPIN;NUEVO TGBT SALA DE B;1000078363;0;;4;20/11/2025;AFORTUNA;1012194;Arandela plana de acero galv tornilloM10;180;Materiales usuales;PROCESADO;MR01;1;12/11/2025;21/11/2025;noviembre;10135847;250;1;12/11/2025;12/11/2025;C27;;0;;0;;;;;;;;0;180;0;0;;;;0;0;;;;;0;0;;;;;;;;;0;;;;;;0;;0;0;0;0;0;0;0;0;0;0;0;0;0;1000078363;250;25/11/2025;1;;1;;;0;8;5;;8;5;COMPRAS ABASTECIMIENTO
00027 SEDE ACINDAR;4000006259;260;ZPIN;NUEVO TGBT SALA DE B;1000078363;0;;4;20/11/2025;AFORTUNA;1012185;Aranderla grower para tornillo M10;90;Materiales usuales;PROCESADO;MR01;1;12/11/2025;21/11/2025;noviembre;10135847;260;1;12/11/2025;12/11/2025;C27;;0;;0;;;;;;;;0;90;0;0;;;;0;0;;;;;0;0;;;;;;;;;0;;;;;;0;;0;0;0;0;0;0;0;0;0;0;0;0;0;1000078363;260;25/11/2025;1;;1;;;0;8;5;;8;5;COMPRAS ABASTECIMIENTO
00027 SEDE ACINDAR;4000006259;270;ZPIN;NUEVO TGBT SALA DE B;1000078363;0;;4;23/11/2025;AFORTUNA;1047897;SECCIONADOR FUSIBLE BIPOLAR 10X38MM;3;Materiales usuales;PROCESADO;MR01;1;12/11/2025;21/11/2025;noviembre;10135847;280;1;12/11/2025;12/11/2025;C11;;0;;0;;;;;;;;0;3;0;0;;;;0;0;;;;;0;0;;;;;;;;;0;;;;;;0;;0;0;0;0;0;0;0;0;0;0;0;0;0;1000078363;270;25/11/2025;1;;;1;2;0;11;2;;11;;COMPRAS ABASTECIMIENTO
00014 SISTEMAS;4000006329;30;ZPIN;Cotizacion server;;0;10;4;10/12/2025;JBIONDI;1013322;NAS QNAP 6 Bahías TS-632X-4G-US;1;Materiales Sistemas;CUMPLIDO;MR01;1;9/12/2025;19/12/2025;diciembre;10137714;30;1;9/12/2025;9/12/2025;C05;;0;;0;;;;;;;;0;1;0;0;;;;0;0;;;;;0;0;;;;;;;;;0;;;;;;0;;0;0;0;0;0;0;0;0;0;0;0;0;0;;;;1;;1;;;0;1;;;1;;SIN GC
00014 SISTEMAS;4000006329;40;ZPIN;Cotizacion server;;0;10;4;15/12/2025;JBIONDI;1012727;ST4000VN006 HDD 4T SEA 3.5 NAS IRONWOLF;4;Materiales genericos;CUMPLIDO;MR01;1;9/12/2025;19/12/2025;diciembre;10137714;40;1;9/12/2025;9/12/2025;C05;;0;;0;;;;;;;;0;4;0;0;;;;0;0;;;;;0;0;;;;;;;;;0;;;;;;0;;0;0;0;0;0;0;0;0;0;0;0;0;0;;;;1;;1;;;0;6;;;6;;SIN GC
00027 SEDE ACINDAR;4000006332;10;ZPIN;CANDADOS;1000079603;0;;4;12/12/2025;AFORTUNA;1048586;CANDADO C/LLAVE CUERPO BRONCE ARCO ACERO;15;Materiales usuales;PROCESADO;MR01;1;9/12/2025;11/12/2025;diciembre;10137758;10;1;9/12/2025;9/12/2025;C27;;0;;0;;;;;;;;0;15;0;0;;;;0;0;;;;;0;0;;;;;;;;;0;;;;;;0;;0;0;0;0;0;0;0;0;0;0;0;0;0;1000079603;10;15/12/2025;1;;;1;1;0;3;3;;3;3;COMPRAS ABASTECIMIENTO
00014 SISTEMAS;4000006356;10;ZPIN;Servicio de impresor;;0;10;4;13/1/2026;ASGIMENEZ;1013031;Reparacion ploter HP T120;1;Servicios;CUMPLIDO;MR01;1;15/12/2025;15/12/2025;diciembre;10138348;10;1;15/12/2025;15/12/2025;C23;;0;;0;;;;;;;;0;1;0;0;;;;0;0;;;;;0;0;;;;;;;;;0;;;;;;0;;0;0;0;0;0;0;0;0;0;0;0;0;0;;;;1;;;1;29;0;29;;;29;;COMPRAS ABASTECIMIENTO
00014 SISTEMAS;4000006356;20;ZPIN;Servicio de impresor;;0;10;4;13/1/2026;ASGIMENEZ;1013031;Brother 6900 Reparacion;1;Servicios;CUMPLIDO;MR01;1;15/12/2025;15/12/2025;diciembre;10138348;20;1;15/12/2025;15/12/2025;C23;;0;;0;;;;;;;;0;1;0;0;;;;0;0;;;;;0;0;;;;;;;;;0;;;;;;0;;0;0;0;0;0;0;0;0;0;0;0;0;0;;;;1;;;1;29;0;29;;;29;;COMPRAS ABASTECIMIENTO
"00001 GENERAL SEDE&#160;";4000006358;10;ZPIN;POLIZA DE CAUCIÓN AM;;0;10;4;30/12/2025;NLAFORNARO;1012967;Caucion Amb Daño de incidencia colectiva;1;Servicios;CUMPLIDO;MR01;1;16/12/2025;26/12/2025;diciembre;10138439;10;1;16/12/2025;16/12/2025;C16;;0;;0;;;;;;;;0;1;0;0;;;;0;0;;;;;0;0;;;;;;;;;0;;;;;;0;;0;0;0;0;0;0;0;0;0;0;0;0;0;;;;1;;;1;4;0;14;;;14;;COMPRAS ABASTECIMIENTO
00005 TALLER;4000006359;10;ZPIN;OXICORTE - SF/LM;;0;10;4;26/12/2025;SFLORES;1048755;CAPSULA SECURILOSA OXÍGENO IZQUIERDO;1;Materiales usuales;CUMPLIDO;MR01;1;16/12/2025;16/12/2025;diciembre;10138462;10;1;16/12/2025;16/12/2025;C27;;0;;0;;;;;;;;0;1;0;0;;;;0;0;;;;;0;0;;;;;;;;;0;;;;;;0;;0;0;0;0;0;0;0;0;0;0;0;0;0;;;;1;;;1;10;0;10;;;10;;COMPRAS ABASTECIMIENTO
00005 TALLER;4000006359;20;ZPIN;OXICORTE - SF/LM;;0;10;4;26/12/2025;SFLORES;1048756;CAPSULA SECURILOSA ACETILENO;1;Materiales usuales;CUMPLIDO;MR01;1;16/12/2025;16/12/2025;diciembre;10138462;20;1;16/12/2025;16/12/2025;C27;;0;;0;;;;;;;;0;1;0;0;;;;0;0;;;;;0;0;;;;;;;;;0;;;;;;0;;0;0;0;0;0;0;0;0;0;0;0;0;0;;;;1;;;1;10;0;10;;;10;;COMPRAS ABASTECIMIENTO
00005 TALLER;4000006359;30;ZPIN;OXICORTE - SF/LM;;0;10;4;26/12/2025;SFLORES;1048757;CAPSULA SEGURISTOP FLUJO OXIGENO;1;Materiales usuales;CUMPLIDO;MR01;1;16/12/2025;16/12/2025;diciembre;10138462;30;1;16/12/2025;16/12/2025;C27;;0;;0;;;;;;;;0;1;0;0;;;;0;0;;;;;0;0;;;;;;;;;0;;;;;;0;;0;0;0;0;0;0;0;0;0;0;0;0;0;;;;1;;;1;10;0;10;;;10;;COMPRAS ABASTECIMIENTO
00005 TALLER;4000006359;40;ZPIN;OXICORTE - SF/LM;;0;10;4;26/12/2025;SFLORES;1048760;CAPSULA SEGURISTOP FLUJO COMBUSTIBLE IZQ;1;Materiales usuales;CUMPLIDO;MR01;1;16/12/2025;16/12/2025;diciembre;10138462;40;1;16/12/2025;16/12/2025;C27;;0;;0;;;;;;;;0;1;0;0;;;;0;0;;;;;0;0;;;;;;;;;0;;;;;;0;;0;0;0;0;0;0;0;0;0;0;0;0;0;;;;1;;;1;10;0;10;;;10;;COMPRAS ABASTECIMIENTO
00005 TALLER;4000006359;50;ZPIN;OXICORTE - SF/LM;;0;10;4;26/12/2025;SFLORES;1048754;REGULADOR SENIOR XD GLP;1;Materiales usuales;CUMPLIDO;MR01;1;16/12/2025;16/12/2025;diciembre;10138462;50;1;16/12/2025;16/12/2025;C27;;0;;0;;;;;;;;0;1;0;0;;;;0;0;;;;;0;0;;;;;;;;;0;;;;;;0;;0;0;0;0;0;0;0;0;0;0;0;0;0;;;;1;;;1;10;0;10;;;10;;COMPRAS ABASTECIMIENTO
00005 TALLER;4000006359;60;ZPIN;OXICORTE - SF/LM;;0;10;4;26/12/2025;SFLORES;1048761;MANGUERA BITUBO ROJO-VERDE 8X8 X MTS.;25;Materiales usuales;CUMPLIDO;MR01;1;16/12/2025;16/12/2025;diciembre;10138462;60;1;16/12/2025;16/12/2025;C27;;0;;0;;;;;;;;0;25;0;0;;;;0;0;;;;;0;0;;;;;;;;;0;;;;;;0;;0;0;0;0;0;0;0;0;0;0;0;0;0;;;;1;;;1;10;0;10;;;10;;COMPRAS ABASTECIMIENTO
"00001 GENERAL SEDE&#160;";4000006360;10;ZPIN;PM 101 709 BAJA OC 9;;0;10;4;26/12/2025;DYANEZ;1036089;FLETE TTE CAMION RES PELIGROSOS(BAJA OC);9;Servicios;CUMPLIDO;MM01;1;16/12/2025;16/12/2025;diciembre;10138483;10;1;16/12/2025;16/12/2025;C24;;0;;0;;;;;;;;0;9;0;0;;;;0;0;;;;;0;0;;;;;;;;;0;;;;;;0;;0;0;0;0;0;0;0;0;0;0;0;0;0;;;;1;;;1;10;0;10;;;10;;COMPRAS ABASTECIMIENTO
00016 SEGURIDAD E HIGIENE;4000006362;10;ZPIN;BAJA OC BETO MATAFUE;;0;10;4;22/12/2025;VHEREÑU;1029185;BAJA OC;1;Material No Valorado;CUMPLIDO;MR01;1;17/12/2025;17/12/2025;diciembre;10138630;10;1;17/12/2025;17/12/2025;C25;;0;;0;;;;;;;;0;1;0;0;;;;0;0;;;;;0;0;;;;;;;;;0;;;;;;0;;0;0;0;0;0;0;0;0;0;0;0;0;0;;;;1;;;1;5;0;5;;;5;;COMPRAS ABASTECIMIENTO
00012 MTTO SEDE;4000006371;10;ZPIN;PI S/ MIAL ADJUNTO;;0;10;4;26/12/2025;ASIGNORELLI;1012825;AIRE ACONDICIONADO FRIO/CALOR 3000 FRIG.;1;Materiales genericos;CUMPLIDO;MR01;1;26/12/2025;30/12/2025;diciembre;10139079;10;1;26/12/2025;26/12/2025;C19;;0;;0;;;;;;;;0;1;0;0;;;;0;0;;;;;0;0;;;;;;;;;0;;;;;;0;;0;0;0;0;0;0;0;0;0;0;0;0;0;;;;1;;1;;;0;0;;;;;COMPRAS ABASTECIMIENTO
0004 SERVICIO TECNICO PROYECTO;4000006330;10;ZPIN;PEDIDOS P/ COTIZAR -;;0;10;4;2/1/2026;LNUNEZ;1012232;CAJA HERRAM MECANICO CHAPA 450X220X220;1;Materiales usuales;CUMPLIDO;MR01;1;9/12/2025;2/1/2026;enero;10137730;10;1;9/12/2025;9/12/2025;C27;;0;;0;;;;;;;;0;1;;0;;;;0;0;;;;;0;0;;;;;;;;;0;;;;;;0;;;0;;;;;;0;;;0;0;;;;;1;;1;;;0;24;;;24;;COMPRAS ABASTECIMIENTO
00027 SEDE ACINDAR;4000006366;10;ZPIN;proteccion y maniobr;;1;10;4;30/12/2025;AFORTUNA;1012807;Taburete dieléctrico aislante S/ANEXO;1;Materiales genericos;CUMPLIDO;MR01;1;22/12/2025;2/1/2026;enero;10138880;10;1;22/12/2025;22/12/2025;C11;;0;;0;;;;;;;;0;1;;0;;;;0;0;;;;;0;0;;;;;;;;;0;;;;;;0;;;0;;;;;;0;;;0;0;;;;;1;;1;;;0;8;;;8;;COMPRAS ABASTECIMIENTO
00008 ABASTECIMIENTO;4000006372;10;ZPIN;SEGURIDAD MONTACARGA;;0;10;4;18/1/2026;PAPPELLA;1012807;MATERIALES ELECTRICOS SEGUN LISTADO ADJU;1;Materiales genericos;CUMPLIDO;MR01;1;26/12/2025;12/1/2026;enero;10139089;10;1;26/12/2025;26/12/2025;C11;;0;;0;;;;;;;;0;1;;0;;;;0;0;;;;;0;0;;;;;;;;;0;;;;;;0;;;0;;;;;;0;;;0;0;;;;;1;;;1;6;0;23;;;23;;COMPRAS ABASTECIMIENTO
00007 COMERCIAL OF LICITACION;4000006373;10;ZPIN;65/25-WORLEY RIO TIN;;0;10;4;16/1/2026;FMATTARUCO;1013113;Combi p/ 19. De campamento a pie de obr;2;Servicios;CUMPLIDO;MR01;1;29/12/2025;9/1/2026;enero;10139126;10;1;29/12/2025;29/12/2025;PCO;;0;;0;;;;;;;;0;2;;0;;;;0;0;;;;;0;0;;;;;;;;;0;;;;;;0;;;0;;;;;;0;;;0;0;;;;;1;;;1;7;0;18;;;18;;SIN GC
00008 ABASTECIMIENTO;4000006375;10;ZPIN;ENVIO DE PAQUETERIA;;0;10;4;18/1/2026;PAPPELLA;1012981;FLETE PAQUETERIA S DETALLE OBRA 377;1;Servicios;CUMPLIDO;MR01;1;29/12/2025;9/1/2026;enero;10139261;10;1;29/12/2025;29/12/2025;C15;;0;;0;;;;;;;;0;1;;0;;;;0;0;;;;;0;0;;;;;;;;;0;;;;;;0;;;0;;;;;;0;;;0;0;;;;;1;;;1;9;0;20;;;20;;COMPRAS ABASTECIMIENTO
00007 COMERCIAL OF LICITACION;4000006384;10;ZPIN;65/25- WORLEY RIO TI;;0;10;4;8/1/2026;EBENSI;1012777;CAÑO PEAD CORRUG. Ø1000mm TIGRE DREN PRO;276;Materiales genericos;CUMPLIDO;MR01;1;5/1/2026;9/1/2026;enero;10139541;10;1;5/1/2026;5/1/2026;PCO;;0;;0;;;;;;;;0;276;;0;;;;0;0;;;;;0;0;;;;;;;;;0;;;;;;0;;;0;;;;;;0;;;0;0;;;;;1;;1;;;0;3;;;3;;SIN GC
00007 COMERCIAL OF LICITACION;4000006386;10;ZPIN;02-26 Parque Eólico;;0;10;4;7/1/2026;MBALAUZ;1009724;HIERRO NERVADO ADN420 DIAM 8MM;1;Materiales usuales;CUMPLIDO;MR01;1;6/1/2026;16/1/2026;enero;10139682;10;1;6/1/2026;6/1/2026;PCO;;0;;0;;;;;;;;0;1;;0;;;;0;0;;;;;0;0;;;;;;;;;0;;;;;;0;;;0;;;;;;0;;;0;0;;;;;1;;1;;;0;1;;;1;;SIN GC
00007 COMERCIAL OF LICITACION;4000006387;10;ZPIN;02-26 Parque Eólico;;0;10;4;8/1/2026;MBALAUZ;1013141;SERVICIO DE INTERNET XDIA;1;Servicios;CUMPLIDO;MR01;1;6/1/2026;16/1/2026;enero;10139683;10;1;6/1/2026;6/1/2026;PCO;;0;;0;;;;;;;;0;1;;0;;;;0;0;;;;;0;0;;;;;;;;;0;;;;;;0;;;0;;;;;;0;;;0;0;;;;;1;;1;;;0;2;;;2;;SIN GC
00007 COMERCIAL OF LICITACION;4000006388;10;ZPIN;02-26 Parque Eólico;;0;10;4;14/1/2026;MBALAUZ;1013006;ESTUDIO DE SUELOS;1;Servicios;CUMPLIDO;MR01;1;6/1/2026;16/1/2026;enero;10139687;10;1;6/1/2026;6/1/2026;PCO;;0;;0;;;;;;;;0;1;;0;;;;0;0;;;;;0;0;;;;;;;;;0;;;;;;0;;;0;;;;;;0;;;0;0;;;;;1;;1;;;0;8;;;8;;SIN GC
0004 SERVICIO TECNICO PROYECTO;4000006398;10;ZPIN;81748 - CAJA DIRECCI;;0;10;4;14/1/2026;LNUNEZ;1049332;CAJA DIRECCION IVECO TRAKKER 380 / 440;1;Materiales Stock;CUMPLIDO;MR01;1;8/1/2026;8/1/2026;enero;10139877;10;1;8/1/2026;8/1/2026;C03;;0;;0;;;;;;;;0;1;;0;;;;0;0;;;;;0;0;;;;;;;;;0;;;;;;0;;;0;;;;;;0;;;0;0;;;;;1;;;1;6;0;6;;;6;;COMPRAS EQUIPOS
00004 LEGALES ROSARIO;4000006408;10;ZPIN;POLIZA DE SEGURO DE;;0;10;4;26/1/2026;NLAFORNARO;1012957;POLIZA DE SEGUROS DE REGISTRO DEVOL;1;Servicios;CUMPLIDO;MR01;1;12/1/2026;22/1/2026;enero;10140124;10;1;12/1/2026;12/1/2026;C16;;0;;0;;;;;;;;0;1;;0;;;;0;0;;;;;0;0;;;;;;;;;0;;;;;;0;;;0;;;;;;0;;;0;0;;;;;1;;;1;4;0;14;;;14;;COMPRAS ABASTECIMIENTO
00005 TALLER;4000006411;10;ZPIN;71945 - REPUESTO URG;;20;10;4;14/1/2026;SFLORES;1015947;BOBINA CABLE DE ACERO 19mm ANTIGIRATORIO;1;Materiales genericos;CUMPLIDO;MR01;1;13/1/2026;20/1/2026;enero;10140275;10;1;13/1/2026;13/1/2026;C03;;0;;0;;;;;;;;0;1;;0;;;;0;0;;;;;0;0;;;;;;;;;0;;;;;;0;;;0;;;;;;0;;;0;0;;;;;1;;1;;;0;1;;;1;;COMPRAS EQUIPOS
00008 ABASTECIMIENTO;4000006412;10;ZPIN;PEDIDO CERTI MONTACA;;0;10;4;15/1/2026;MLARRETA;1018253;SERVICIO DE SEDE S DETALLE XUN;1;Materiales genericos;CUMPLIDO;MM01;1;13/1/2026;13/1/2026;enero;10140282;10;1;13/1/2026;13/1/2026;C39;;0;;0;;;;;;;;0;1;;0;;;;0;0;;;;;0;0;;;;;;;;;0;;;;;;0;;;0;;;;;;0;;;0;0;;;;;1;;;1;2;0;2;;;2;;COMPRAS EQUIPOS
00007 COMERCIAL OF LICITACION;4000006415;10;ZPIN;26/03 YPF-CT Oleo 32;;0;10;4;15/1/2026;EPAONE;1012896;"Manta termcontr. Covalence HTLP60 32""";1200;Materiales genericos;CUMPLIDO;MR01;1;13/1/2026;22/1/2026;enero;10140306;10;1;13/1/2026;13/1/2026;C27;;0;;0;;;;;;;;0;1200;;0;;;;0;0;;;;;0;0;;;;;;;;;0;;;;;;0;;;0;;;;;;0;;;0;0;;;;;1;;1;;;0;2;;;2;;COMPRAS ABASTECIMIENTO
00298 Añelo;4000006425;10;ZPIN;BAJA DE SERVICIO INT;;0;10;4;3/2/2026;LCARRIL;1025931;BAJA SERIVICO DE INTERNET OC45-100150;1;Servicios;CUMPLIDO;MR01;2;15/1/2026;25/1/2026;enero;10140514;10;1;15/1/2026;15/1/2026;C25;;0;;0;;;;;;;;0;1;;0;;;;0;0;;;;;0;0;;;;;;;;;0;;;;;;0;;;0;;;;;;0;;;0;0;;;;;1;;;1;9;0;19;;;19;;COMPRAS ABASTECIMIENTO
00298 Añelo;4000006426;10;ZPIN;BAJA SERIVICO DE INT;;0;10;4;30/1/2026;LCARRIL;1025931;BAJA  INTERNET OC 4500114124;1;Servicios;CUMPLIDO;MR01;2;15/1/2026;25/1/2026;enero;10140519;10;1;15/1/2026;15/1/2026;C25;;0;;0;;;;;;;;0;1;;0;;;;0;0;;;;;0;0;;;;;;;;;0;;;;;;0;;;0;;;;;;0;;;0;0;;;;;1;;;1;5;0;15;;;15;;COMPRAS ABASTECIMIENTO
00005 TALLER;4000006429;10;ZPIN;33023 - PEDIDO INF -;;0;10;4;20/1/2026;SFLORES;1049568;CONTROL POR SPS;1;Materiales Stock;CUMPLIDO;MR01;1;16/1/2026;26/1/2026;enero;10140553;10;1;16/1/2026;16/1/2026;C03;;0;;0;;;;;;;;0;1;;0;;;;0;0;;;;;0;0;;;;;;;;;0;;;;;;0;;;0;;;;;;0;;;0;0;;;;;1;;1;;;0;4;;;4;;COMPRAS EQUIPOS
00005 TALLER;4000006430;10;ZPIN;46005 - PEDIDO INF -;;0;10;1;16/1/2026;SFLORES;1049566;ORBITROL;1;Materiales Stock;CUMPLIDO;MR01;1;16/1/2026;20/1/2026;enero;10140554;10;1;16/1/2026;16/1/2026;C03;;0;;0;;;;;;;;0;1;;0;;;;0;0;;;;;0;0;;;;;;;;;0;;;;;;0;;;0;;;;;;0;;;0;0;;;;;1;;1;;;0;0;;;;;COMPRAS EQUIPOS
"00001 GENERAL SEDE&#160;";4000006437;10;ZPIN;PM 101 721 PI SERV.;;0;10;4;2/2/2026;DYANEZ;1013146;SERVICIO DE VIGILANCIA  XHS;17520;Servicios;CUMPLIDO;MM01;1;16/1/2026;31/1/2026;enero;10140632;10;1;16/1/2026;16/1/2026;C25;;0;;0;;;;;;;;0;17520;;0;;;;0;0;;;;;0;0;;;;;;;;;0;;;;;;0;;;0;;;;;;0;;;0;0;;;;;1;;;1;2;0;17;;;17;;COMPRAS ABASTECIMIENTO
00005 TALLER;4000006439;10;ZPIN;KIT MEDIDOR DE PRESI;;0;10;4;18/2/2026;LNUNEZ;1049611;KIT HERRAMIENTA BLOW-BY MEDIDOR DE PRESI;1;Materiales Stock;CUMPLIDO;MR01;1;19/1/2026;19/1/2026;enero;10140692;10;1;19/1/2026;19/1/2026;C03;;0;;0;;;;;;;;0;1;;0;;;;0;0;;;;;0;0;;;;;;;;;0;;;;;;0;;;0;;;;;;0;;;0;0;;;;;1;;;1;30;0;30;;;30;;COMPRAS EQUIPOS
00008 ABASTECIMIENTO;4000006449;10;ZPIN;PEDIDO CERTI MONTACA;;0;10;4;13/2/2026;MLARRETA;1018253;Certificacion de equipo montacarga;1;Materiales genericos;CUMPLIDO;MM01;1;20/1/2026;13/2/2026;febrero;10140839;10;1;20/1/2026;20/1/2026;C13;;0;;0;;;;;;;;0;1;;0;;;;0;0;;;;;0;0;;;;;;;;;0;;;;;;0;;;0;;;;;;0;;;0;0;;;;;1;;1;;;0;24;;;24;;COMPRAS ABASTECIMIENTO
00298 Añelo;4000006450;10;ZPIN;BAJA SERVICIO DE LAV;;0;10;4;21/1/2026;LCARRIL;1013077;BAJA SERVICIO LAVANDERIA AÑELO;1;Servicios;CUMPLIDO;MR01;2;20/1/2026;30/1/2026;enero;10140844;10;1;20/1/2026;20/1/2026;C25;;0;;0;;;;;;;;0;1;;0;;;;0;0;;;;;0;0;;;;;;;;;0;;;;;;0;;;0;;;;;;0;;;0;0;;;;;1;;1;;;0;1;;;1;;COMPRAS ABASTECIMIENTO
00007 COMERCIAL OF LICITACION;4000006461;10;ZPIN;;;0;10;3;28/1/2026;FRAMOS;1011248;Hormigón H-30 ARS;12300;Materiales usuales;CUMPLIDO;MR01;1;21/1/2026;24/1/2026;enero;10140991;10;1;21/1/2026;21/1/2026;PCO;;0;;0;;;;;;;;0;12300;;0;;;;0;0;;;;;0;0;;;;;;;;;0;;;;;;0;;;0;;;;;;0;;;0;0;;;;;1;;;1;4;0;7;;;7;;SIN GC
00007 COMERCIAL OF LICITACION;4000006464;10;ZPIN;26/03 YPF-CT Oleo 32;;0;10;4;5/2/2026;EPAONE;1022295;SERVICIO DE BOMBEROS;1;Servicios;CUMPLIDO;MR01;1;21/1/2026;26/1/2026;enero;10141037;10;1;21/1/2026;21/1/2026;PCO;;0;;0;;;;;;;;0;1;;0;;;;0;0;;;;;0;0;;;;;;;;;0;;;;;;0;;;0;;;;;;0;;;0;0;;;;;1;;;1;10;0;15;;;15;;SIN GC
00012 MTTO SEDE;4000006467;10;ZPIN;COTIZACION S/ MAIL A;;0;10;4;22/1/2026;ASIGNORELLI;1049643;CABLECANAL C/2 COMPARTIMIENTOS 100X50MM;40;Materiales usuales;CUMPLIDO;MR01;1;21/1/2026;21/1/2026;enero;10141050;10;1;21/1/2026;21/1/2026;C11;;0;;0;;;;;;;;0;40;;0;;;;0;0;;;;;0;0;;;;;;;;;0;;;;;;0;;;0;;;;;;0;;;0;0;;;;;1;;;1;1;0;1;;;1;;COMPRAS ABASTECIMIENTO
00007 COMERCIAL OF LICITACION;4000006479;10;ZPIN;GASODUCTO PC1 A UPS1;;0;10;3;2/2/2026;LAFFATATO;1042362;SUBCONTRATO S DETALLE XUN;1;Servicios;CUMPLIDO;MR01;1;26/1/2026;2/2/2026;febrero;10141352;10;1;26/1/2026;26/1/2026;PCO;;0;;0;;;;;;;;0;1;;0;;;;0;0;;;;;0;0;;;;;;;;;0;;;;;;0;;;0;;;;;;0;;;0;0;;;;;1;;1;;;0;7;;;7;;SIN GC
00014 SISTEMAS;4000006481;10;ZPIN;Cotizacion Multifunc;;0;10;4;30/1/2026;JBIONDI;1013315;RICOH IM 2500 o similar;1;Materiales Sistemas;CUMPLIDO;MR01;1;26/1/2026;2/2/2026;febrero;10141416;10;1;26/1/2026;26/1/2026;C05;;0;;0;;;;;;;;0;1;;0;;;;0;0;;;;;0;0;;;;;;;;;0;;;;;;0;;;0;;;;;;0;;;0;0;;;;;1;;1;;;0;4;;;4;;SIN GC
00014 SISTEMAS;4000006489;10;ZPIN;Cotizacion de monito;;0;10;4;30/1/2026;JBIONDI;1013320;MONITOR 22 PULGADAS;10;Materiales Sistemas;CUMPLIDO;MR01;1;27/1/2026;27/1/2026;enero;10141538;10;1;27/1/2026;27/1/2026;C05;;0;;0;;;;;;;;0;10;;0;;;;0;0;;;;;0;0;;;;;;;;;0;;;;;;0;;;0;;;;;;0;;;0;0;;;;;1;;;1;3;0;3;;;3;;SIN GC
00007 COMERCIAL OF LICITACION;4000006494;10;ZPIN;25.66 - Abra Silver;;0;10;3;3/2/2026;MBALAUZ;1009724;HIERRO NERVADO ADN420 DIAM 8MM;1;Materiales usuales;CUMPLIDO;MR01;1;28/1/2026;3/2/2026;febrero;10141636;10;1;28/1/2026;28/1/2026;PCO;;0;;0;;;;;;;;0;1;;0;;;;0;0;;;;;0;0;;;;;;;;;0;;;;;;0;;;0;;;;;;0;;;0;0;;;;;1;;1;;;0;6;;;6;;SIN GC
00007 COMERCIAL OF LICITACION;4000006497;10;ZPIN;05/26-PROSALES-YPFLi;;0;10;4;5/2/2026;FRAMOS;1042078;Subcontrato pilotes hincados;1;Servicios;CUMPLIDO;MR01;1;28/1/2026;2/2/2026;febrero;10141646;10;1;28/1/2026;28/1/2026;PCO;;0;;0;;;;;;;;0;1;;0;;;;0;0;;;;;0;0;;;;;;;;;0;;;;;;0;;;0;;;;;;0;;;0;0;;;;;1;;;1;3;0;8;;;8;;SIN GC
"00001 GENERAL SEDE&#160;";4000006510;10;ZPIN;SERVICIO DE ENFERMER;;0;10;4;24/2/2026;VHEREÑU;1017930;SERVICIO ENFERMERIA XMES;24;Servicios;CUMPLIDO;MR01;1;4/2/2026;13/2/2026;febrero;10142177;10;1;4/2/2026;4/2/2026;C24;;0;;0;;;;;;;;0;24;;0;;;;0;0;;;;;0;0;;;;;;;;;0;;;;;;0;;;0;;;;;;0;;;0;0;;;;;1;;;1;11;0;20;;;20;;COMPRAS ABASTECIMIENTO
00298 Añelo;4000006511;10;ZPIN;PI Servicio de Segur;;0;10;1;26/2/2026;LCARRIL;1017395;SERVICIO DE VIGILANCIA XMES;1;Servicios;CUMPLIDO;MR01;2;4/2/2026;4/2/2026;febrero;10142179;10;1;4/2/2026;4/2/2026;C25;;0;;0;;;;;;;;0;1;;0;;;;0;0;;;;;0;0;;;;;;;;;0;;;;;;0;;;0;;;;;;0;;;0;0;;;;;1;;;1;22;0;22;;;22;;COMPRAS ABASTECIMIENTO
00007 COMERCIAL OF LICITACION;4000006512;10;ZPIN;07/26 BoP Eléctrico;;0;10;4;9/2/2026;GBACCELLI;1012805;Cámara de empalme FO;10;Materiales genericos;CUMPLIDO;MR01;1;4/2/2026;11/2/2026;febrero;10142251;10;1;4/2/2026;4/2/2026;PCO;;0;;0;;;;;;;;0;10;;0;;;;0;0;;;;;0;0;;;;;;;;;0;;;;;;0;;;0;;;;;;0;;;0;0;;;;;1;;1;;;0;5;;;5;;SIN GC
00007 COMERCIAL OF LICITACION;4000006513;10;ZPIN;07/26 BoP Eléctrico;;0;10;4;9/2/2026;GBACCELLI;1012805;Placas PP protección mecánica cables;25000;Materiales genericos;CUMPLIDO;MR01;1;4/2/2026;11/2/2026;febrero;10142253;10;1;4/2/2026;4/2/2026;PCO;;0;;0;;;;;;;;0;25000;;0;;;;0;0;;;;;0;0;;;;;;;;;0;;;;;;0;;;0;;;;;;0;;;0;0;;;;;1;;1;;;0;5;;;5;;SIN GC
00007 COMERCIAL OF LICITACION;4000006514;10;ZPIN;07/26 BoP Eléctrico;;0;10;4;9/2/2026;GBACCELLI;1012805;Tritubo 3x40 mm (metros);25000;Materiales genericos;CUMPLIDO;MR01;1;4/2/2026;11/2/2026;febrero;10142255;10;1;4/2/2026;4/2/2026;PCO;;0;;0;;;;;;;;0;25000;;0;;;;0;0;;;;;0;0;;;;;;;;;0;;;;;;0;;;0;;;;;;0;;;0;0;;;;;1;;1;;;0;5;;;5;;SIN GC
00007 COMERCIAL OF LICITACION;4000006515;10;ZPIN;07/26 BoP Eléctrico;;0;10;4;20/2/2026;GBACCELLI;1012996;Subcontrato Obra FO;1;Servicios;CUMPLIDO;MR01;1;4/2/2026;12/2/2026;febrero;10142258;10;1;4/2/2026;4/2/2026;PCO;;0;;0;;;;;;;;0;1;;0;;;;0;0;;;;;0;0;;;;;;;;;0;;;;;;0;;;0;;;;;;0;;;0;0;;;;;1;;;1;8;0;16;;;16;;SIN GC
00007 COMERCIAL OF LICITACION;4000006516;10;ZPIN;07/26 BoP Eléctrico;;0;10;4;20/2/2026;GBACCELLI;1012993;Ensayos Eléctricos Hucalito;1;Servicios;CUMPLIDO;MR01;1;4/2/2026;12/2/2026;febrero;10142279;10;1;4/2/2026;4/2/2026;PCO;;0;;0;;;;;;;;0;1;;0;;;;0;0;;;;;0;0;;;;;;;;;0;;;;;;0;;;0;;;;;;0;;;0;0;;;;;1;;;1;8;0;16;;;16;;SIN GC
00005 TALLER;4000006520;10;ZPIN;46025 - PEDIDO INFOR;;0;10;4;9/2/2026;SFLORES;1015947;357-1577 - TRANSMISION COMPLETA;1;Materiales genericos;CUMPLIDO;MR01;1;5/2/2026;12/2/2026;febrero;10142362;10;1;5/2/2026;5/2/2026;C03;;0;;0;;;;;;;;0;1;;0;;;;0;0;;;;;0;0;;;;;;;;;0;;;;;;0;;;0;;;;;;0;;;0;0;;;;;1;;1;;;0;4;;;4;;COMPRAS EQUIPOS
00007 COMERCIAL OF LICITACION;4000006525;10;ZPIN;08/26-TECHINT-Ar LNG;;0;10;4;26/2/2026;FRAMOS;1009685;Piedra partida 6-30;1;Materiales usuales;CUMPLIDO;MR01;1;9/2/2026;13/2/2026;febrero;10142597;10;1;9/2/2026;9/2/2026;PCO;;0;;0;;;;;;;;0;1;;0;;;;0;0;;;;;0;0;;;;;;;;;0;;;;;;0;;;0;;;;;;0;;;0;0;;;;;1;;;1;13;0;17;;;17;;SIN GC
00007 COMERCIAL OF LICITACION;4000006526;10;ZPIN;08/26-TECHINT-Ar LNG;;0;10;4;11/2/2026;FRAMOS;1022295;Servicio de geodetección;1;Servicios;CUMPLIDO;MR01;1;9/2/2026;13/2/2026;febrero;10142602;10;1;9/2/2026;9/2/2026;PCO;;0;;0;;;;;;;;0;1;;0;;;;0;0;;;;;0;0;;;;;;;;;0;;;;;;0;;;0;;;;;;0;;;0;0;;;;;1;;1;;;0;2;;;2;;SIN GC
00007 COMERCIAL OF LICITACION;4000006527;10;ZPIN;08/26-TECHINT-Ar LNG;;0;10;4;27/2/2026;FRAMOS;1011120;CEMENTO CPN40;1;Materiales usuales;CUMPLIDO;MR01;1;9/2/2026;13/2/2026;febrero;10142606;10;1;9/2/2026;9/2/2026;PCO;;0;;0;;;;;;;;0;1;;0;;;;0;0;;;;;0;0;;;;;;;;;0;;;;;;0;;;0;;;;;;0;;;0;0;;;;;1;;;1;14;0;18;;;18;;SIN GC
00005 TALLER;4000006528;10;ZPIN;KIT MEDIDOR DE PRES;;0;10;4;18/2/2026;LNUNEZ;1049611;KIT HERRAMIENTA BLOW-BY MEDIDOR DE PRESI;1;Materiales Stock;CUMPLIDO;MR01;1;9/2/2026;9/2/2026;febrero;10142611;10;1;9/2/2026;9/2/2026;C03;;0;;0;;;;;;;;0;1;;0;;;;0;0;;;;;0;0;;;;;;;;;0;;;;;;0;;;0;;;;;;0;;;0;0;;;;;1;;;1;9;0;9;;;9;;COMPRAS EQUIPOS
00007 COMERCIAL OF LICITACION;4000006529;10;ZPIN;08/26-TECHINT-Ar LNG;;0;10;4;20/2/2026;FRAMOS;1012997;SUBC. VOLADURA;1;Servicios;CUMPLIDO;MR01;1;10/2/2026;13/2/2026;febrero;10142656;10;1;10/2/2026;10/2/2026;PCO;;0;;0;;;;;;;;0;1;;0;;;;0;0;;;;;0;0;;;;;;;;;0;;;;;;0;;;0;;;;;;0;;;0;0;;;;;1;;;1;7;0;10;;;10;;SIN GC
00014 SISTEMAS;4000006547;10;ZPIN;Reparacion de impres;;0;10;4;17/3/2026;JBIONDI;1013031;Reparacion Brother L6900;2;Servicios;CUMPLIDO;MR01;1;20/2/2026;20/2/2026;febrero;10143359;10;1;20/2/2026;20/2/2026;C23;;0;;0;;;;;;;;0;2;;0;;;;0;0;;;;;0;0;;;;;;;;;0;;;;;;0;;;0;;;;;;0;;;0;0;;;;;1;;;1;25;0;25;;;25;;COMPRAS ABASTECIMIENTO
00007 COMERCIAL OF LICITACION;4000006567;10;ZPIN;26.12 LDC - Planta B;;25;10;4;11/3/2026;LAFFATATO;1042362;Recotización Dreyfus;1;Servicios;CUMPLIDO;MR01;1;26/2/2026;10/3/2026;marzo;10144028;10;1;26/2/2026;26/2/2026;PCO;;0;;0;;;;;;;;0;1;;0;;;;0;0;;;;;0;0;;;;;;;;;0;;;;;;0;;;0;;;;;;0;;;0;0;;;;;1;;;1;1;0;13;;;13;;SIN GC
00005 TALLER;4000006569;10;ZPIN;;;0;10;4;2/3/2026;HCABELLO;1012888;"LLAVE DE IMPACTO 1/2"" INALAMBR. DEWALT";2;Materiales genericos;CUMPLIDO;MM01;1;27/2/2026;10/3/2026;marzo;10144049;10;1;27/2/2026;27/2/2026;C13;;0;;0;;;;;;;;0;2;;0;;;;0;0;;;;;0;0;;;;;;;;;0;;;;;;0;;;0;;;;;;0;;;0;0;;;;;1;;1;;;0;3;;;3;;COMPRAS ABASTECIMIENTO
"00001 GENERAL SEDE&#160;";4000006572;10;ZPIN;PM 101 738 PI SERV.;;0;10;4;25/3/2026;DYANEZ;1013108;SERVICIO MANTENIMIENTO ELECT. Y AA X MES;12;Servicios;CUMPLIDO;MM01;1;28/2/2026;14/3/2026;marzo;10144153;10;1;28/2/2026;28/2/2026;C24;;0;;0;;;;;;;;0;12;;0;;;;0;0;;;;;0;0;;;;;;;;;0;;;;;;0;;;0;;;;;;0;;;0;0;;;;;1;;;1;11;0;25;;;25;;COMPRAS ABASTECIMIENTO
00005 TALLER;4000006576;10;ZPIN;PEDIDO TALLER / HERR;;0;10;4;9/3/2026;HCABELLO;1012896;CAJA DE HERRA. TRAMONTINA ACORDEON 7 CAJ;1;Materiales genericos;CUMPLIDO;MM01;1;2/3/2026;10/3/2026;marzo;10144314;10;1;2/3/2026;2/3/2026;C13;;0;;0;;;;;;;;0;1;;0;;;;0;0;;;;;0;0;;;;;;;;;0;;;;;;0;;;0;;;;;;0;;;0;0;;;;;1;;1;;;0;7;;;7;;COMPRAS ABASTECIMIENTO
"00001 GENERAL SEDE&#160;";4000006577;10;ZPIN;SERVICIO DE LIMPIEZA;;0;10;4;17/3/2026;PAPPELLA;1034248;SERV LIMPIEZA SURTIDOR X MES S/ADJUNTO;1;Servicios;CUMPLIDO;MR01;1;4/3/2026;18/3/2026;marzo;10144505;10;1;4/3/2026;4/3/2026;C24;;0;;0;;;;;;;;0;1;;0;;;;0;0;;;;;0;0;;;;;;;;;0;;;;;;0;;;0;;;;;;0;;;0;0;;;;;1;;1;;;0;13;;;13;;COMPRAS ABASTECIMIENTO
00007 COMERCIAL OF LICITACION;4000006583;10;ZPIN;26.13 TGS- Planta de;;25;10;4;12/3/2026;LAFFATATO;1011249;Recotización TGS;1;Materiales usuales;CUMPLIDO;MR01;1;5/3/2026;12/3/2026;marzo;10144667;10;1;5/3/2026;5/3/2026;PCO;;0;;0;;;;;;;;0;1;;0;;;;0;0;;;;;0;0;;;;;;;;;0;;;;;;0;;;0;;;;;;0;;;0;0;;;;;1;;1;;;0;7;;;7;;SIN GC
00008 ABASTECIMIENTO;4000006584;10;ZPIN;FABRICACION O SOMPRA;;0;10;4;13/3/2026;PAPPELLA;1012741;MONOPOSTE MOVIL GIRATORIO S/ESPECIFI ADJ;1;Materiales genericos;CUMPLIDO;MR01;1;5/3/2026;19/3/2026;marzo;10144680;10;1;5/3/2026;5/3/2026;C08;;0;;0;;;;;;;;0;1;;0;;;;0;0;;;;;0;0;;;;;;;;;0;;;;;;0;;;0;;;;;;0;;;0;0;;;;;1;;1;;;0;8;;;8;;COMPRAS ABASTECIMIENTO
"00001 GENERAL SEDE&#160;";4000006585;10;ZPIN;PI BIDONES AGUA;;0;10;4;27/3/2026;ASIGNORELLI;1013138;SERVICIO BOTELLON DE 20 LTS XUN;8000;Servicios;CUMPLIDO;MR01;1;5/3/2026;25/3/2026;marzo;10144685;10;1;5/3/2026;5/3/2026;C24;;0;;0;;;;;;;;0;8000;;0;;;;0;0;;;;;0;0;;;;;;;;;0;;;;;;0;;;0;;;;;;0;;;0;0;;;;;1;;;1;2;0;22;;;22;;COMPRAS ABASTECIMIENTO
"00001 GENERAL SEDE&#160;";4000006589;10;ZPIN;PM 101 742 PI BAJA 4;;0;10;4;9/3/2026;DYANEZ;1013146;SERVICIO DE VIGILANCIA DIURNA XHS;1416;Servicios;CUMPLIDO;MM01;1;9/3/2026;9/3/2026;marzo;10144873;10;1;9/3/2026;9/3/2026;C25;;0;;0;;;;;;;;0;1416;;0;;;;0;0;;;;;0;0;;;;;;;;;0;;;;;;0;;;0;;;;;;0;;;0;0;;;;;1;;1;;;0;0;;;;;COMPRAS ABASTECIMIENTO
"00001 GENERAL SEDE&#160;";4000006590;10;ZPIN;PM 101 743 PI SERV.;;0;10;4;18/3/2026;DYANEZ;1013139;SS CONTROL DE PLAGAS XUN SEDE MM SJ;12;Servicios;CUMPLIDO;MM01;1;9/3/2026;23/3/2026;marzo;10144888;10;1;9/3/2026;9/3/2026;C25;;0;;0;;;;;;;;0;12;;0;;;;0;0;;;;;0;0;;;;;;;;;0;;;;;;0;;;0;;;;;;0;;;0;0;;;;;1;;1;;;0;9;;;9;;COMPRAS ABASTECIMIENTO
00014 SISTEMAS;4000006591;10;ZPIN;Reparacion de impres;;0;10;4;7/4/2026;JBIONDI;1013031;Brother T4500dw;1;Servicios;CUMPLIDO;MR01;1;9/3/2026;9/3/2026;marzo;10144912;10;1;9/3/2026;9/3/2026;C23;;0;;0;;;;;;;;0;1;;0;;;;0;0;;;;;0;0;;;;;;;;;0;;;;;;0;;;0;;;;;;0;;;0;0;;;;;1;;;1;29;0;29;;;29;;COMPRAS ABASTECIMIENTO
00005 TALLER;4000006593;10;ZPIN;PRESUPESTAR REPARACI;;0;10;4;23/3/2026;HCABELLO;1013215;"PISTOLA NEUMATICA DE IMPACTO 1/2""";1;Mat. genericos EQP Menor;CUMPLIDO;MM01;1;9/3/2026;9/3/2026;marzo;10144936;10;1;9/3/2026;9/3/2026;C10;;0;;0;;;;;;;;0;1;;0;;;;0;0;;;;;0;0;;;;;;;;;0;;;;;;0;;;0;;;;;;0;;;0;0;;;;;1;;;1;14;0;14;;;14;;COMPRAS ABASTECIMIENTO
"00001 GENERAL SEDE&#160;";4000006594;10;ZPIN;PM 101 742 PI BAJA 4;;0;10;4;11/3/2026;DYANEZ;1034212;SERVICIO DE INTERNET STARLINK 50GB X MES;9;Servicios;CUMPLIDO;MM01;1;10/3/2026;24/3/2026;marzo;10144953;10;1;10/3/2026;10/3/2026;C25;;0;;0;;;;;;;;0;9;;0;;;;0;0;;;;;0;0;;;;;;;;;0;;;;;;0;;;0;;;;;;0;;;0;0;;;;;1;;1;;;0;1;;;1;;COMPRAS ABASTECIMIENTO
00007 COMERCIAL OF LICITACION;4000006595;10;ZPIN;26.10-IVL - 0106 EPC;;25;10;4;17/3/2026;LCANNELLI;1012609;BODEGAS PREMOLDEADA X PLANO;264;Materiales genericos;CUMPLIDO;MR01;1;10/3/2026;17/3/2026;marzo;10144984;10;1;10/3/2026;10/3/2026;PCO;;0;;0;;;;;;;;0;264;;0;;;;0;0;;;;;0;0;;;;;;;;;0;;;;;;0;;;0;;;;;;0;;;0;0;;;;;1;;1;;;0;7;;;7;;SIN GC
"00001 GENERAL SEDE&#160;";4000006596;10;ZPIN;VIGILANCIA DIURNA SE;;0;10;4;11/5/2026;VHEREÑU;1013146;SERVICIO DE VIGILANCIA DIURNA XHS;27000;Servicios;CUMPLIDO;MR01;1;11/3/2026;25/4/2026;abril;10145170;10;1;11/3/2026;11/3/2026;C25;;0;;0;;;;;;;;0;27000;;0;;;;0;0;;;;;0;0;;;;;;;;;0;;;;;;0;;;0;;;;;;0;;;0;0;;;;;1;;;1;16;0;61;;;61;;COMPRAS ABASTECIMIENTO
00005 TALLER;4000006601;10;ZPIN;HACER COTIZAR MARTIL;;0;10;4;19/3/2026;LNUNEZ;1015947;MARTILLO HIDRAULICO DAEMO B180;1;Materiales genericos;CUMPLIDO;MR01;1;13/3/2026;13/3/2026;marzo;10145333;10;1;13/3/2026;13/3/2026;C03;;0;;0;;;;;;;;0;1;;0;;;;0;0;;;;;0;0;;;;;;;;;0;;;;;;0;;;0;;;;;;0;;;0;0;;;;;1;;;1;6;0;6;;;6;;COMPRAS EQUIPOS
0004 SERVICIO TECNICO PROYECTO;4000006603;10;ZPIN;CILINDRO / COTIZACIO;;0;10;4;26/3/2026;GBRAGAGNOLO;1054109;CILINDRO LEVANTE BINOTTO 5 ETAPAS;10;Materiales Stock;CUMPLIDO;MM01;1;13/3/2026;13/3/2026;marzo;10145424;10;1;13/3/2026;13/3/2026;C03;;0;;0;;;;;;;;0;10;;0;;;;0;0;;;;;0;0;;;;;;;;;0;;;;;;0;;;0;;;;;;0;;;0;0;;;;;1;;;1;13;0;13;;;13;;COMPRAS EQUIPOS
00005 TALLER;4000006613;10;ZPIN;PEDIDO INFORMACION -;;0;10;4;23/3/2026;SFLORES;1035543;BUJE INF BOOM;2;Materiales Stock;CUMPLIDO;MR01;1;20/3/2026;30/3/2026;marzo;10145860;10;1;20/3/2026;20/3/2026;C03;;0;;0;;;;;;;;0;2;;0;;;;0;0;;;;;0;0;;;;;;;;;0;;;;;;0;;;0;;;;;;0;;;0;0;;;;;1;;1;;;0;3;;;3;;COMPRAS EQUIPOS
00005 TALLER;4000006619;10;ZPIN;PEDIDO INFORMACION -;;0;10;4;30/3/2026;SFLORES;1047086;ENGANCHE CON ELASTICO N°3 VOLVO;1;Materiales Stock;CUMPLIDO;MR01;1;23/3/2026;30/3/2026;marzo;10146040;10;1;23/3/2026;23/3/2026;C03;;0;;0;;;;;;;;0;1;;0;;;;0;0;;;;;0;0;;;;;;;;;0;;;;;;0;;;0;;;;;;0;;;0;0;;;;;1;;1;;;0;7;;;7;;COMPRAS EQUIPOS
00005 TALLER;4000006620;10;ZPIN;PEDIDO INFORMACION P;;0;10;4;26/3/2026;LNUNEZ;1054111;PUNTA MARTILLO - CINCEL;5;Materiales Stock;CUMPLIDO;MR01;1;23/3/2026;23/3/2026;marzo;10146070;10;1;23/3/2026;23/3/2026;C03;;0;;0;;;;;;;;0;5;;0;;;;0;0;;;;;0;0;;;;;;;;;0;;;;;;0;;;0;;;;;;0;;;0;0;;;;;1;;;1;3;0;3;;;3;;COMPRAS EQUIPOS
00007 COMERCIAL OF LICITACION;4000006633;10;ZPIN;26.10-Loc y Caminos;;25;10;4;22/4/2026;LCANNELLI;1011243;se requiere p/ precio unitario;1;Materiales usuales;CUMPLIDO;MR01;1;31/3/2026;10/4/2026;abril;10146721;10;1;31/3/2026;31/3/2026;PCO;;0;;0;;;;;;;;0;1;;0;;;;0;0;;;;;0;0;;;;;;;;;0;;;;;;0;;;0;;;;;;0;;;0;0;;;;;1;;;1;12;0;22;;;22;;SIN GC
00007 COMERCIAL OF LICITACION;4000006634;10;ZPIN;26.10-Loc y Caminos;;25;10;4;15/4/2026;LCANNELLI;1011248;Provisión en SEDE ROSARIO;1;Materiales usuales;CUMPLIDO;MR01;1;31/3/2026;10/4/2026;abril;10146725;10;1;31/3/2026;31/3/2026;PCO;;0;;0;;;;;;;;0;1;;0;;;;0;0;;;;;0;0;;;;;;;;;0;;;;;;0;;;0;;;;;;0;;;0;0;;;;;1;;;1;5;0;15;;;15;;SIN GC
00007 COMERCIAL OF LICITACION;4000006635;10;ZPIN;26/16 - TGS CAMBIO T;;0;10;4;20/4/2026;EPAONE;1022295;BAÑOS QUIMICOS;8;Servicios;CUMPLIDO;MR01;1;1/4/2026;10/4/2026;abril;10146840;10;1;1/4/2026;1/4/2026;PCO;;0;;0;;;;;;;;0;8;;0;;;;0;0;;;;;0;0;;;;;;;;;0;;;;;;0;;;0;;;;;;0;;;0;0;;;;;1;;;1;10;0;19;;;19;;SIN GC
00007 COMERCIAL OF LICITACION;4000006638;10;ZPIN;26/16-TGS-Cbio tramo;;0;10;4;22/4/2026;FRAMOS;1011248;Hormigón H-30;1;Materiales usuales;CUMPLIDO;MR01;1;6/4/2026;6/4/2026;abril;10146951;10;1;6/4/2026;6/4/2026;PCO;;0;;0;;;;;;;;0;1;;0;;;;0;0;;;;;0;0;;;;;;;;;0;;;;;;0;;;0;;;;;;0;;;0;0;;;;;1;;;1;16;0;16;;;16;;SIN GC
00007 COMERCIAL OF LICITACION;4000006639;10;ZPIN;26/16-TGS-Cbio tramo;;0;10;4;15/4/2026;FRAMOS;1009724;HIERRO NERVADO ADN420 DIAM 8MM;1;Materiales usuales;CUMPLIDO;MR01;1;6/4/2026;6/4/2026;abril;10146960;10;1;6/4/2026;6/4/2026;PCO;;0;;0;;;;;;;;0;1;;0;;;;0;0;;;;;0;0;;;;;;;;;0;;;;;;0;;;0;;;;;;0;;;0;0;;;;;1;;;1;9;0;9;;;9;;SIN GC
00007 COMERCIAL OF LICITACION;4000006640;10;ZPIN;26/16 - TGS CAMBIO T;;0;10;4;30/4/2026;EPAONE;1012585;CARTEL DE OBRA S/PLANO;1;Materiales genericos;CUMPLIDO;MR01;1;6/4/2026;17/4/2026;abril;10146973;10;1;6/4/2026;6/4/2026;PCO;;0;;0;;;;;;;;0;1;;0;;;;0;0;;;;;0;0;;;;;;;;;0;;;;;;0;;;0;;;;;;0;;;0;0;;;;;1;;;1;13;0;24;;;24;;SIN GC
00007 COMERCIAL OF LICITACION;4000006641;10;ZPIN;26.10-Loc y Caminos;;25;10;4;6/5/2026;LCANNELLI;1013006;ESTUDIO DE SUELOS;1;Servicios;CUMPLIDO;MR01;1;7/4/2026;14/4/2026;abril;10147014;10;1;7/4/2026;7/4/2026;PCO;;0;;0;;;;;;;;0;1;;0;;;;0;0;;;;;0;0;;;;;;;;;0;;;;;;0;;;0;;;;;;0;;;0;0;;;;;1;;;1;22;0;29;;;29;;SIN GC
00005 TALLER;4000006643;10;ZPIN;;;0;10;4;16/4/2026;JFLORES;1055120;MOTOR;1;Materiales Stock;CUMPLIDO;MR01;1;7/4/2026;25/4/2026;abril;10147035;10;1;7/4/2026;7/4/2026;C03;;0;;0;;;;;;;;0;1;;0;;;;0;0;;;;;0;0;;;;;;;;;0;;;;;;0;;;0;;;;;;0;;;0;0;;;;;1;;1;;;0;9;;;9;;COMPRAS EQUIPOS
00027 SEDE ACINDAR;4000006380;10;ZPIN;ELECTRICIDAD;1000080570;0;;4;5/1/2026;AFORTUNA;1049035;FUSIBE 10X38MM 10A GG;12;Materiales usuales;PROCESADO;MR01;1;30/12/2025;8/1/2026;enero;10139405;10;1;30/12/2025;30/12/2025;C11;;0;;0;;;;;;;;0;12;;0;;;;0;0;;;;;0;0;;;;;;;;;0;;;;;;0;;;0;;;;;;0;;;0;0;;1000080570;10;7/1/2026;1;;1;;;0;6;2;;6;;COMPRAS ABASTECIMIENTO
0004 SERVICIO TECNICO PROYECTO;4000006330;20;ZPIN;PEDIDOS P/ COTIZAR -;;0;10;4;2/1/2026;LNUNEZ;1034813;JUEGO TUBOS ENCASTRE 3 4PG DE 19 A 36MM;1;Materiales usuales;CUMPLIDO;MR01;1;9/12/2025;2/1/2026;enero;10137730;20;1;9/12/2025;9/12/2025;C27;;0;;0;;;;;;;;0;1;;0;;;;0;0;;;;;0;0;;;;;;;;;0;;;;;;0;;;0;;;;;;0;;;0;0;;;;;1;;1;;;0;24;;;24;;COMPRAS ABASTECIMIENTO
00007 COMERCIAL OF LICITACION;4000006373;20;ZPIN;65/25-WORLEY RIO TIN;;0;10;4;6/1/2026;FMATTARUCO;1013134;alquiler 17 meses. limpieza diaria;5;Servicios;CUMPLIDO;MR01;1;29/12/2025;9/1/2026;enero;10139126;20;1;29/12/2025;29/12/2025;PCO;;0;;0;;;;;;;;0;5;;0;;;;0;0;;;;;0;0;;;;;;;;;0;;;;;;0;;;0;;;;;;0;;;0;0;;;;;1;;1;;;0;8;;;8;;SIN GC
00007 COMERCIAL OF LICITACION;4000006384;20;ZPIN;65/25- WORLEY RIO TI;;0;10;4;8/1/2026;EBENSI;1012777;CAÑO PEAD CORRUG. Ø750mm TIGRE DREN PRO;240;Materiales genericos;CUMPLIDO;MR01;1;5/1/2026;9/1/2026;enero;10139541;20;1;5/1/2026;5/1/2026;PCO;;0;;0;;;;;;;;0;240;;0;;;;0;0;;;;;0;0;;;;;;;;;0;;;;;;0;;;0;;;;;;0;;;0;0;;;;;1;;1;;;0;3;;;3;;SIN GC
00007 COMERCIAL OF LICITACION;4000006386;20;ZPIN;02-26 Parque Eólico;;0;10;4;7/1/2026;MBALAUZ;1009725;HIERRO NERVADO ADN420 DIAM10MM;1;Materiales usuales;CUMPLIDO;MR01;1;6/1/2026;16/1/2026;enero;10139682;20;1;6/1/2026;6/1/2026;PCO;;0;;0;;;;;;;;0;1;;0;;;;0;0;;;;;0;0;;;;;;;;;0;;;;;;0;;;0;;;;;;0;;;0;0;;;;;1;;1;;;0;1;;;1;;SIN GC
00007 COMERCIAL OF LICITACION;4000006387;20;ZPIN;02-26 Parque Eólico;;0;10;4;14/1/2026;MBALAUZ;1013127;SS AMBULANCIA MEDIA COMPLEJIDAD XDIA;1;Servicios;CUMPLIDO;MR01;1;6/1/2026;16/1/2026;enero;10139683;20;1;6/1/2026;6/1/2026;PCO;;0;;0;;;;;;;;0;1;;0;;;;0;0;;;;;0;0;;;;;;;;;0;;;;;;0;;;0;;;;;;0;;;0;0;;;;;1;;1;;;0;8;;;8;;SIN GC
00007 COMERCIAL OF LICITACION;4000006415;20;ZPIN;26/03 YPF-CT Oleo 32;;0;10;4;15/1/2026;EPAONE;1012896;"Manta termcontr. Covalence Dirax p/ 32""";20;Materiales genericos;CUMPLIDO;MR01;1;13/1/2026;22/1/2026;enero;10140306;20;1;13/1/2026;13/1/2026;PCO;;0;;0;;;;;;;;0;20;;0;;;;0;0;;;;;0;0;;;;;;;;;0;;;;;;0;;;0;;;;;;0;;;0;0;;;;;1;;1;;;0;2;;;2;;SIN GC
00007 COMERCIAL OF LICITACION;4000006460;20;ZPIN;26/05-YPFLIQUID-PROS;;0;10;3;21/1/2026;FRAMOS;1009725;Acero ADN 420 DIAM 10MM;1000;Materiales usuales;CUMPLIDO;MR01;1;21/1/2026;24/1/2026;enero;10140982;20;1;21/1/2026;21/1/2026;PCO;;0;;0;;;;;;;;0;1000;;0;;;;0;0;;;;;0;0;;;;;;;;;0;;;;;;0;;;0;;;;;;0;;;0;0;;;;;1;;1;;;0;0;;;;;SIN GC
00012 MTTO SEDE;4000006467;20;ZPIN;COTIZACION S/ MAIL A;;0;10;4;22/1/2026;ASIGNORELLI;1049645;"BASTIDOR COMP. PVC 2 ENCHUFES ""I"" 5X10CM";18;Materiales usuales;CUMPLIDO;MR01;1;21/1/2026;21/1/2026;enero;10141050;20;1;21/1/2026;21/1/2026;C11;;0;;0;;;;;;;;0;18;;0;;;;0;0;;;;;0;0;;;;;;;;;0;;;;;;0;;;0;;;;;;0;;;0;0;;;;;1;;;1;1;0;1;;;1;;COMPRAS ABASTECIMIENTO
00014 SISTEMAS;4000006489;20;ZPIN;Cotizacion de monito;;0;10;4;30/1/2026;JBIONDI;1013321;Monitor 24 pulgadas;10;Materiales Sistemas;CUMPLIDO;MR01;1;27/1/2026;27/1/2026;enero;10141538;20;1;27/1/2026;27/1/2026;C05;;0;;0;;;;;;;;0;10;;0;;;;0;0;;;;;0;0;;;;;;;;;0;;;;;;0;;;0;;;;;;0;;;0;0;;;;;1;;;1;3;0;3;;;3;;SIN GC
00007 COMERCIAL OF LICITACION;4000006494;20;ZPIN;25.66 - Abra Silver;;0;10;3;3/2/2026;MBALAUZ;1009725;HIERRO NERVADO ADN420 DIAM10MM;1;Materiales usuales;CUMPLIDO;MR01;1;28/1/2026;3/2/2026;febrero;10141636;20;1;28/1/2026;28/1/2026;PCO;;0;;0;;;;;;;;0;1;;0;;;;0;0;;;;;0;0;;;;;;;;;0;;;;;;0;;;0;;;;;;0;;;0;0;;;;;1;;1;;;0;6;;;6;;SIN GC
00007 COMERCIAL OF LICITACION;4000006512;20;ZPIN;07/26 BoP Eléctrico;;0;10;4;9/2/2026;GBACCELLI;1012805;Cámara de paso FO;40;Materiales genericos;CUMPLIDO;MR01;1;4/2/2026;11/2/2026;febrero;10142251;20;1;4/2/2026;4/2/2026;PCO;;0;;0;;;;;;;;0;40;;0;;;;0;0;;;;;0;0;;;;;;;;;0;;;;;;0;;;0;;;;;;0;;;0;0;;;;;1;;1;;;0;5;;;5;;SIN GC
00007 COMERCIAL OF LICITACION;4000006514;20;ZPIN;07/26 BoP Eléctrico;;0;10;4;9/2/2026;GBACCELLI;1012805;Tapón cerrado para tritubo 34/40, cuerpo;200;Materiales genericos;CUMPLIDO;MR01;1;4/2/2026;11/2/2026;febrero;10142255;20;1;4/2/2026;4/2/2026;PCO;;0;;0;;;;;;;;0;200;;0;;;;0;0;;;;;0;0;;;;;;;;;0;;;;;;0;;;0;;;;;;0;;;0;0;;;;;1;;1;;;0;5;;;5;;SIN GC
00007 COMERCIAL OF LICITACION;4000006525;20;ZPIN;08/26-TECHINT-Ar LNG;;0;10;4;26/2/2026;FRAMOS;1012774;Arena para estabilizado granular;2800;Materiales genericos;CUMPLIDO;MR01;1;9/2/2026;13/2/2026;febrero;10142597;20;1;9/2/2026;9/2/2026;PCO;;0;;0;;;;;;;;0;2800;;0;;;;0;0;;;;;0;0;;;;;;;;;0;;;;;;0;;;0;;;;;;0;;;0;0;;;;;1;;;1;13;0;17;;;17;;SIN GC
00007 COMERCIAL OF LICITACION;4000006526;20;ZPIN;08/26-TECHINT-Ar LNG;;0;10;4;11/2/2026;FRAMOS;1022295;Servicio de carteleria grado ingenieria;1;Servicios;CUMPLIDO;MR01;1;9/2/2026;13/2/2026;febrero;10142602;20;1;9/2/2026;9/2/2026;PCO;;0;;0;;;;;;;;0;1;;0;;;;0;0;;;;;0;0;;;;;;;;;0;;;;;;0;;;0;;;;;;0;;;0;0;;;;;1;;1;;;0;2;;;2;;SIN GC
00007 COMERCIAL OF LICITACION;4000006527;20;ZPIN;08/26-TECHINT-Ar LNG;;0;10;4;11/2/2026;FRAMOS;1011238;GASOIL PREMIUM;1;Materiales usuales;CUMPLIDO;MR01;1;9/2/2026;13/2/2026;febrero;10142606;20;1;9/2/2026;9/2/2026;PCO;;0;;0;;;;;;;;0;1;;0;;;;0;0;;;;;0;0;;;;;;;;;0;;;;;;0;;;0;;;;;;0;;;0;0;;;;;1;;1;;;0;2;;;2;;SIN GC
00005 TALLER;4000006576;20;ZPIN;PEDIDO TALLER / HERR;;0;10;4;9/3/2026;HCABELLO;1012896;LLAVES COMBINADAS DEL N° 8 AL  N° 41;1;Materiales genericos;CUMPLIDO;MM01;1;2/3/2026;10/3/2026;marzo;10144314;20;1;2/3/2026;2/3/2026;C13;;0;;0;;;;;;;;0;1;;0;;;;0;0;;;;;0;0;;;;;;;;;0;;;;;;0;;;0;;;;;;0;;;0;0;;;;;1;;1;;;0;7;;;7;;COMPRAS ABASTECIMIENTO
00008 ABASTECIMIENTO;4000006584;20;ZPIN;FABRICACION O SOMPRA;;0;10;4;9/3/2026;PAPPELLA;1012585;FABRICACION MONOPOSTE MOVIL S/ADJUNTO;1;Materiales genericos;CUMPLIDO;MR01;1;5/3/2026;19/3/2026;marzo;10144680;20;1;5/3/2026;5/3/2026;C08;;0;;0;;;;;;;;0;1;;0;;;;0;0;;;;;0;0;;;;;;;;;0;;;;;;0;;;0;;;;;;0;;;0;0;;;;;1;;1;;;0;4;;;4;;COMPRAS ABASTECIMIENTO
"00001 GENERAL SEDE&#160;";4000006585;20;ZPIN;PI BIDONES AGUA;;0;10;4;27/3/2026;ASIGNORELLI;1025992;ALQUILER DISPENSER COMODATO;24;Servicios;CUMPLIDO;MR01;1;5/3/2026;25/3/2026;marzo;10144685;20;1;5/3/2026;5/3/2026;C25;;0;;0;;;;;;;;0;24;;0;;;;0;0;;;;;0;0;;;;;;;;;0;;;;;;0;;;0;;;;;;0;;;0;0;;;;;1;;;1;2;0;22;;;22;;COMPRAS ABASTECIMIENTO
"00001 GENERAL SEDE&#160;";4000006590;20;ZPIN;PM 101 743 PI SERV.;;0;10;4;25/3/2026;DYANEZ;1013109;SERV.FITOSANITARIO CERCO VERDE .PREDIO 6;12;Servicios;CUMPLIDO;MM01;1;9/3/2026;23/3/2026;marzo;10144888;20;1;9/3/2026;9/3/2026;C24;;0;;0;;;;;;;;0;12;;0;;;;0;0;;;;;0;0;;;;;;;;;0;;;;;;0;;;0;;;;;;0;;;0;0;;;;;1;;;1;2;0;16;;;16;;COMPRAS ABASTECIMIENTO
00005 TALLER;4000006593;20;ZPIN;PRESUPESTAR REPARACI;;0;10;4;23/3/2026;HCABELLO;1013214;"PISTOLA NEUMATICA DE IMPACTO 1""";2;Mat. genericos EQP Menor;CUMPLIDO;MM01;1;9/3/2026;9/3/2026;marzo;10144936;20;1;9/3/2026;9/3/2026;C10;;0;;0;;;;;;;;0;2;;0;;;;0;0;;;;;0;0;;;;;;;;;0;;;;;;0;;;0;;;;;;0;;;0;0;;;;;1;;;1;14;0;14;;;14;;COMPRAS ABASTECIMIENTO
00007 COMERCIAL OF LICITACION;4000006595;20;ZPIN;26.10-IVL - 0106 EPC;;25;10;4;17/3/2026;LCANNELLI;1012585;Tapas de Bodegas;264;Materiales genericos;CUMPLIDO;MR01;1;10/3/2026;17/3/2026;marzo;10144984;20;1;10/3/2026;10/3/2026;PCO;;0;;0;;;;;;;;0;264;;0;;;;0;0;;;;;0;0;;;;;;;;;0;;;;;;0;;;0;;;;;;0;;;0;0;;;;;1;;1;;;0;7;;;7;;SIN GC
00005 TALLER;4000006613;20;ZPIN;PEDIDO INFORMACION -;;0;10;4;23/3/2026;SFLORES;1024414;SELLO GUARDAPOLVO;2;Materiales Stock;CUMPLIDO;MR01;1;20/3/2026;30/3/2026;marzo;10145860;20;1;20/3/2026;20/3/2026;C03;;0;;0;;;;;;;;0;2;;0;;;;0;0;;;;;0;0;;;;;;;;;0;;;;;;0;;;0;;;;;;0;;;0;0;;;;;1;;1;;;0;3;;;3;;COMPRAS EQUIPOS
00005 TALLER;4000006619;20;ZPIN;PEDIDO INFORMACION -;;0;10;4;31/3/2026;SFLORES;1015947;MANOTA PARA EL ENGANCHE;2;Materiales genericos;CUMPLIDO;MR01;1;23/3/2026;30/3/2026;marzo;10146040;20;1;23/3/2026;23/3/2026;C03;;0;;0;;;;;;;;0;2;;0;;;;0;0;;;;;0;0;;;;;;;;;0;;;;;;0;;;0;;;;;;0;;;0;0;;;;;1;;;1;1;0;8;;;8;;COMPRAS EQUIPOS
00005 TALLER;4000006620;20;ZPIN;PEDIDO INFORMACION P;;0;10;4;26/3/2026;LNUNEZ;1054113;PUNTA MARTILLO - CONICA;15;Materiales Stock;CUMPLIDO;MR01;1;23/3/2026;23/3/2026;marzo;10146070;20;1;23/3/2026;23/3/2026;C03;;0;;0;;;;;;;;0;15;;0;;;;0;0;;;;;0;0;;;;;;;;;0;;;;;;0;;;0;;;;;;0;;;0;0;;;;;1;;;1;3;0;3;;;3;;COMPRAS EQUIPOS
00007 COMERCIAL OF LICITACION;4000006633;20;ZPIN;26.10-Loc y Caminos;;25;10;4;22/4/2026;LCANNELLI;1011246;se requiere p/ precio unitario;1;Materiales usuales;CUMPLIDO;MR01;1;31/3/2026;10/4/2026;abril;10146721;20;1;31/3/2026;31/3/2026;PCO;;0;;0;;;;;;;;0;1;;0;;;;0;0;;;;;0;0;;;;;;;;;0;;;;;;0;;;0;;;;;;0;;;0;0;;;;;1;;;1;12;0;22;;;22;;SIN GC
00007 COMERCIAL OF LICITACION;4000006634;20;ZPIN;26.10-Loc y Caminos;;25;10;4;15/4/2026;LCANNELLI;1009725;Provisión en SEDE ROSARIO;1;Materiales usuales;CUMPLIDO;MR01;1;31/3/2026;10/4/2026;abril;10146725;20;1;31/3/2026;31/3/2026;PCO;;0;;0;;;;;;;;0;1;;0;;;;0;0;;;;;0;0;;;;;;;;;0;;;;;;0;;;0;;;;;;0;;;0;0;;;;;1;;;1;5;0;15;;;15;;SIN GC
00007 COMERCIAL OF LICITACION;4000006639;20;ZPIN;26/16-TGS-Cbio tramo;;0;10;4;15/4/2026;FRAMOS;1009726;HIERRO NERVADO ADN420 DIAM 12MM;1;Materiales usuales;CUMPLIDO;MR01;1;6/4/2026;6/4/2026;abril;10146960;20;1;6/4/2026;6/4/2026;PCO;;0;;0;;;;;;;;0;1;;0;;;;0;0;;;;;0;0;;;;;;;;;0;;;;;;0;;;0;;;;;;0;;;0;0;;;;;1;;;1;9;0;9;;;9;;SIN GC
00007 COMERCIAL OF LICITACION;4000006640;20;ZPIN;26/16 - TGS CAMBIO T;;0;10;4;30/4/2026;EPAONE;1012585;CARTEL DE IDENTIFICACION S/PLANO;4;Materiales genericos;CUMPLIDO;MR01;1;6/4/2026;17/4/2026;abril;10146973;20;1;6/4/2026;6/4/2026;PCO;;0;;0;;;;;;;;0;4;;0;;;;0;0;;;;;0;0;;;;;;;;;0;;;;;;0;;;0;;;;;;0;;;0;0;;;;;1;;;1;13;0;24;;;24;;SIN GC
00005 TALLER;4000006643;20;ZPIN;;;0;10;4;16/4/2026;JFLORES;1055121;JUEGO DE MOTOR BLOQUE CORTO;1;Materiales Stock;CUMPLIDO;MR01;1;7/4/2026;25/4/2026;abril;10147035;20;1;7/4/2026;7/4/2026;C03;;0;;0;;;;;;;;0;1;;0;;;;0;0;;;;;0;0;;;;;;;;;0;;;;;;0;;;0;;;;;;0;;;0;0;;;;;1;;1;;;0;9;;;9;;COMPRAS EQUIPOS
00027 SEDE ACINDAR;4000006380;20;ZPIN;ELECTRICIDAD;1000080570;0;;4;5/1/2026;AFORTUNA;1049037;FUSIBE 10X38MM 2A GG;12;Materiales usuales;PROCESADO;MR01;1;30/12/2025;8/1/2026;enero;10139405;20;1;30/12/2025;30/12/2025;C11;;0;;0;;;;;;;;0;12;;0;;;;0;0;;;;;0;0;;;;;;;;;0;;;;;;0;;;0;;;;;;0;;;0;0;;1000080570;20;7/1/2026;1;;1;;;0;6;2;;6;;COMPRAS ABASTECIMIENTO
0004 SERVICIO TECNICO PROYECTO;4000006330;30;ZPIN;PEDIDOS P/ COTIZAR -;;0;10;4;2/1/2026;LNUNEZ;1034817;"ALICATE CORTE DIAGONAL 6"" AISLADO";1;Materiales usuales;CUMPLIDO;MR01;1;9/12/2025;2/1/2026;enero;10137730;30;1;9/12/2025;9/12/2025;C27;;0;;0;;;;;;;;0;1;;0;;;;0;0;;;;;0;0;;;;;;;;;0;;;;;;0;;;0;;;;;;0;;;0;0;;;;;1;;1;;;0;24;;;24;;COMPRAS ABASTECIMIENTO
00007 COMERCIAL OF LICITACION;4000006386;30;ZPIN;02-26 Parque Eólico;;0;10;4;8/1/2026;MBALAUZ;1009726;HIERRO NERVADO ADN420 DIAM 12MM;1;Materiales usuales;CUMPLIDO;MR01;1;6/1/2026;16/1/2026;enero;10139682;30;1;6/1/2026;6/1/2026;PCO;;0;;0;;;;;;;;0;1;;0;;;;0;0;;;;;0;0;;;;;;;;;0;;;;;;0;;;0;;;;;;0;;;0;0;;;;;1;;1;;;0;2;;;2;;SIN GC
00007 COMERCIAL OF LICITACION;4000006387;30;ZPIN;02-26 Parque Eólico;;0;10;4;8/1/2026;MBALAUZ;1013113;TRANSPORTE DE PERSONAL XVIAJE;1;Servicios;CUMPLIDO;MR01;1;6/1/2026;16/1/2026;enero;10139683;30;1;6/1/2026;6/1/2026;PCO;;0;;0;;;;;;;;0;1;;0;;;;0;0;;;;;0;0;;;;;;;;;0;;;;;;0;;;0;;;;;;0;;;0;0;;;;;1;;1;;;0;2;;;2;;SIN GC
00007 COMERCIAL OF LICITACION;4000006388;30;ZPIN;02-26 Parque Eólico;;0;10;4;15/1/2026;MBALAUZ;1022295;Servicio de Campamento;1;Servicios;CUMPLIDO;MR01;1;6/1/2026;16/1/2026;enero;10139687;30;1;6/1/2026;6/1/2026;PCO;;0;;0;;;;;;;;0;1;;0;;;;0;0;;;;;0;0;;;;;;;;;0;;;;;;0;;;0;;;;;;0;;;0;0;;;;;1;;1;;;0;9;;;9;;SIN GC
00007 COMERCIAL OF LICITACION;4000006460;30;ZPIN;26/05-YPFLIQUID-PROS;;0;10;3;21/1/2026;FRAMOS;1009726;Acero ADN 420 DIAM 12MM;1000;Materiales usuales;CUMPLIDO;MR01;1;21/1/2026;24/1/2026;enero;10140982;30;1;21/1/2026;21/1/2026;PCO;;0;;0;;;;;;;;0;1000;;0;;;;0;0;;;;;0;0;;;;;;;;;0;;;;;;0;;;0;;;;;;0;;;0;0;;;;;1;;1;;;0;0;;;;;SIN GC
00012 MTTO SEDE;4000006467;30;ZPIN;COTIZACION S/ MAIL A;;0;10;4;22/1/2026;ASIGNORELLI;1049646;FACEPLATE PLANO PVC C/2 MOD. H 100X50MM;9;Materiales usuales;CUMPLIDO;MR01;1;21/1/2026;21/1/2026;enero;10141050;30;1;21/1/2026;21/1/2026;C11;;0;;0;;;;;;;;0;9;;0;;;;0;0;;;;;0;0;;;;;;;;;0;;;;;;0;;;0;;;;;;0;;;0;0;;;;;1;;;1;1;0;1;;;1;;COMPRAS ABASTECIMIENTO
00007 COMERCIAL OF LICITACION;4000006494;30;ZPIN;25.66 - Abra Silver;;0;10;3;3/2/2026;MBALAUZ;1009726;HIERRO NERVADO ADN420 DIAM 12MM;1;Materiales usuales;CUMPLIDO;MR01;1;28/1/2026;3/2/2026;febrero;10141636;30;1;28/1/2026;28/1/2026;PCO;;0;;0;;;;;;;;0;1;;0;;;;0;0;;;;;0;0;;;;;;;;;0;;;;;;0;;;0;;;;;;0;;;0;0;;;;;1;;1;;;0;6;;;6;;SIN GC
00007 COMERCIAL OF LICITACION;4000006514;30;ZPIN;07/26 BoP Eléctrico;;0;10;4;9/2/2026;GBACCELLI;1012805;Tapón abierto para tritubo 34/40, cuerpo;100;Materiales genericos;CUMPLIDO;MR01;1;4/2/2026;11/2/2026;febrero;10142255;30;1;4/2/2026;4/2/2026;PCO;;0;;0;;;;;;;;0;100;;0;;;;0;0;;;;;0;0;;;;;;;;;0;;;;;;0;;;0;;;;;;0;;;0;0;;;;;1;;1;;;0;5;;;5;;SIN GC
00007 COMERCIAL OF LICITACION;4000006525;30;ZPIN;08/26-TECHINT-Ar LNG;;0;10;4;26/2/2026;FRAMOS;1049655;Suelo de cantera;2900000;Materiales usuales;CUMPLIDO;MR01;1;9/2/2026;13/2/2026;febrero;10142597;30;1;9/2/2026;9/2/2026;C14;;0;;0;;;;;;;;0;2900000;;0;;;;0;0;;;;;0;0;;;;;;;;;0;;;;;;0;;;0;;;;;;0;;;0;0;;;;;1;;;1;13;0;17;;;17;;COMPRAS ABASTECIMIENTO
00007 COMERCIAL OF LICITACION;4000006526;30;ZPIN;08/26-TECHINT-Ar LNG;;0;10;4;6/3/2026;FRAMOS;1022295;Servicio disp final de suelo vegetal;1;Servicios;CUMPLIDO;MR01;1;9/2/2026;13/2/2026;febrero;10142602;30;1;9/2/2026;9/2/2026;PCO;;0;;0;;;;;;;;0;1;;0;;;;0;0;;;;;0;0;;;;;;;;;0;;;;;;0;;;0;;;;;;0;;;0;0;;;;;1;;;1;21;0;25;;;25;;SIN GC
00005 TALLER;4000006576;30;ZPIN;PEDIDO TALLER / HERR;;0;10;4;9/3/2026;HCABELLO;1012896;PINZA COMUN;1;Materiales genericos;CUMPLIDO;MM01;1;2/3/2026;10/3/2026;marzo;10144314;30;1;2/3/2026;2/3/2026;C13;;0;;0;;;;;;;;0;1;;0;;;;0;0;;;;;0;0;;;;;;;;;0;;;;;;0;;;0;;;;;;0;;;0;0;;;;;1;;1;;;0;7;;;7;;COMPRAS ABASTECIMIENTO
"00001 GENERAL SEDE&#160;";4000006585;30;ZPIN;PI BIDONES AGUA;;0;10;4;27/3/2026;ASIGNORELLI;1013138;BIDONES ENTREGADOS;1000;Servicios;CUMPLIDO;MR01;1;5/3/2026;25/3/2026;marzo;10144685;30;1;5/3/2026;5/3/2026;C24;;0;;0;;;;;;;;0;1000;;0;;;;0;0;;;;;0;0;;;;;;;;;0;;;;;;0;;;0;;;;;;0;;;0;0;;;;;1;;;1;2;0;22;;;22;;COMPRAS ABASTECIMIENTO
00007 COMERCIAL OF LICITACION;4000006595;30;ZPIN;26.10-IVL - 0106 EPC;;25;10;4;17/3/2026;LCANNELLI;1012997;SUBC. VOLADURA;1;Servicios;CUMPLIDO;MR01;1;10/3/2026;17/3/2026;marzo;10144984;30;1;10/3/2026;10/3/2026;PCO;;0;;0;;;;;;;;0;1;;0;;;;0;0;;;;;0;0;;;;;;;;;0;;;;;;0;;;0;;;;;;0;;;0;0;;;;;1;;1;;;0;7;;;7;;SIN GC
00005 TALLER;4000006613;30;ZPIN;PEDIDO INFORMACION -;;0;10;4;23/3/2026;SFLORES;1054631;PERNO;1;Materiales Stock;CUMPLIDO;MR01;1;20/3/2026;30/3/2026;marzo;10145860;30;1;20/3/2026;20/3/2026;C03;;0;;0;;;;;;;;0;1;;0;;;;0;0;;;;;0;0;;;;;;;;;0;;;;;;0;;;0;;;;;;0;;;0;0;;;;;1;;1;;;0;3;;;3;;COMPRAS EQUIPOS
00005 TALLER;4000006620;30;ZPIN;PEDIDO INFORMACION P;;0;10;4;26/3/2026;LNUNEZ;1054152;PUNTA MARTILLO - CONICA;15;Materiales Stock;CUMPLIDO;MR01;1;23/3/2026;23/3/2026;marzo;10146070;30;1;23/3/2026;23/3/2026;C03;;0;;0;;;;;;;;0;15;;0;;;;0;0;;;;;0;0;;;;;;;;;0;;;;;;0;;;0;;;;;;0;;;0;0;;;;;1;;;1;3;0;3;;;3;;COMPRAS EQUIPOS
00007 COMERCIAL OF LICITACION;4000006633;30;ZPIN;26.10-Loc y Caminos;;25;10;4;22/4/2026;LCANNELLI;1011247;se requiere p/ precio unitario;1;Materiales usuales;CUMPLIDO;MR01;1;31/3/2026;10/4/2026;abril;10146721;30;1;31/3/2026;31/3/2026;PCO;;0;;0;;;;;;;;0;1;;0;;;;0;0;;;;;0;0;;;;;;;;;0;;;;;;0;;;0;;;;;;0;;;0;0;;;;;1;;;1;12;0;22;;;22;;SIN GC
00007 COMERCIAL OF LICITACION;4000006634;30;ZPIN;26.10-Loc y Caminos;;25;10;4;15/4/2026;LCANNELLI;1009727;HIERRO NERVADO ADN420 DIAM 16MM;1;Materiales usuales;CUMPLIDO;MR01;1;31/3/2026;10/4/2026;abril;10146725;30;1;31/3/2026;31/3/2026;PCO;;0;;0;;;;;;;;0;1;;0;;;;0;0;;;;;0;0;;;;;;;;;0;;;;;;0;;;0;;;;;;0;;;0;0;;;;;1;;;1;5;0;15;;;15;;SIN GC
00007 COMERCIAL OF LICITACION;4000006639;30;ZPIN;26/16-TGS-Cbio tramo;;0;10;4;15/4/2026;FRAMOS;1009727;HIERRO NERVADO ADN420 DIAM 16MM;1;Materiales usuales;CUMPLIDO;MR01;1;6/4/2026;6/4/2026;abril;10146960;30;1;6/4/2026;6/4/2026;PCO;;0;;0;;;;;;;;0;1;;0;;;;0;0;;;;;0;0;;;;;;;;;0;;;;;;0;;;0;;;;;;0;;;0;0;;;;;1;;;1;9;0;9;;;9;;SIN GC
00007 COMERCIAL OF LICITACION;4000006640;30;ZPIN;26/16 - TGS CAMBIO T;;0;10;4;30/4/2026;EPAONE;1012585;CARTEL DE ADVERTENCIA S/PLANO;40;Materiales genericos;CUMPLIDO;MR01;1;6/4/2026;17/4/2026;abril;10146973;30;1;6/4/2026;6/4/2026;PCO;;0;;0;;;;;;;;0;40;;0;;;;0;0;;;;;0;0;;;;;;;;;0;;;;;;0;;;0;;;;;;0;;;0;0;;;;;1;;;1;13;0;24;;;24;;SIN GC
00005 TALLER;4000006643;30;ZPIN;;;0;10;4;16/4/2026;JFLORES;1055122;CAJA DE CAMBIOS;1;Materiales Stock;CUMPLIDO;MR01;1;7/4/2026;25/4/2026;abril;10147035;30;1;7/4/2026;7/4/2026;C03;;0;;0;;;;;;;;0;1;;0;;;;0;0;;;;;0;0;;;;;;;;;0;;;;;;0;;;0;;;;;;0;;;0;0;;;;;1;;1;;;0;9;;;9;;COMPRAS EQUIPOS
00027 SEDE ACINDAR;4000006380;30;ZPIN;ELECTRICIDAD;1000080570;0;;4;5/1/2026;AFORTUNA;1049038;RELE TEMPORIZADO MULTIFUN. 110VCA - 50HZ;2;Materiales usuales;PROCESADO;MR01;1;30/12/2025;8/1/2026;enero;10139405;30;1;30/12/2025;30/12/2025;C11;;0;;0;;;;;;;;0;2;;0;;;;0;0;;;;;0;0;;;;;;;;;0;;;;;;0;;;0;;;;;;0;;;0;0;;1000080570;30;7/1/2026;1;;1;;;0;6;2;;6;;COMPRAS ABASTECIMIENTO
0004 SERVICIO TECNICO PROYECTO;4000006330;40;ZPIN;PEDIDOS P/ COTIZAR -;;0;10;4;2/1/2026;LNUNEZ;1012339;JUEGO TUBOS ENCASTRE 1 2PG DE 10 A 32MM;1;Materiales usuales;CUMPLIDO;MR01;1;9/12/2025;2/1/2026;enero;10137730;40;1;9/12/2025;9/12/2025;C27;;0;;0;;;;;;;;0;1;;0;;;;0;0;;;;;0;0;;;;;;;;;0;;;;;;0;;;0;;;;;;0;;;0;0;;;;;1;;1;;;0;24;;;24;;COMPRAS ABASTECIMIENTO
00007 COMERCIAL OF LICITACION;4000006386;40;ZPIN;02-26 Parque Eólico;;0;10;4;7/1/2026;MBALAUZ;1009727;HIERRO NERVADO ADN420 DIAM 16MM;1;Materiales usuales;CUMPLIDO;MR01;1;6/1/2026;16/1/2026;enero;10139682;40;1;6/1/2026;6/1/2026;PCO;;0;;0;;;;;;;;0;1;;0;;;;0;0;;;;;0;0;;;;;;;;;0;;;;;;0;;;0;;;;;;0;;;0;0;;;;;1;;1;;;0;1;;;1;;SIN GC
00007 COMERCIAL OF LICITACION;4000006387;40;ZPIN;02-26 Parque Eólico;;0;10;4;14/1/2026;MBALAUZ;1013130;EXAMEN PREOCUPACIONAL BASICO XUN;1;Servicios;CUMPLIDO;MR01;1;6/1/2026;16/1/2026;enero;10139683;40;1;6/1/2026;6/1/2026;PCO;;0;;0;;;;;;;;0;1;;0;;;;0;0;;;;;0;0;;;;;;;;;0;;;;;;0;;;0;;;;;;0;;;0;0;;;;;1;;1;;;0;8;;;8;;SIN GC
00007 COMERCIAL OF LICITACION;4000006460;40;ZPIN;26/05-YPFLIQUID-PROS;;0;10;3;21/1/2026;FRAMOS;1009727;Acero ADN 420 DIAM 16MM;1000;Materiales usuales;CUMPLIDO;MR01;1;21/1/2026;24/1/2026;enero;10140982;40;1;21/1/2026;21/1/2026;PCO;;0;;0;;;;;;;;0;1000;;0;;;;0;0;;;;;0;0;;;;;;;;;0;;;;;;0;;;0;;;;;;0;;;0;0;;;;;1;;1;;;0;0;;;;;SIN GC
00012 MTTO SEDE;4000006467;40;ZPIN;COTIZACION S/ MAIL A;;0;10;4;22/1/2026;ASIGNORELLI;1049647;DERIVACION EN T PVC 100X50MM;8;Materiales usuales;CUMPLIDO;MR01;1;21/1/2026;21/1/2026;enero;10141050;40;1;21/1/2026;21/1/2026;C11;;0;;0;;;;;;;;0;8;;0;;;;0;0;;;;;0;0;;;;;;;;;0;;;;;;0;;;0;;;;;;0;;;0;0;;;;;1;;;1;1;0;1;;;1;;COMPRAS ABASTECIMIENTO
00007 COMERCIAL OF LICITACION;4000006494;40;ZPIN;25.66 - Abra Silver;;0;10;3;3/2/2026;MBALAUZ;1009727;HIERRO NERVADO ADN420 DIAM 16MM;1;Materiales usuales;CUMPLIDO;MR01;1;28/1/2026;3/2/2026;febrero;10141636;40;1;28/1/2026;28/1/2026;PCO;;0;;0;;;;;;;;0;1;;0;;;;0;0;;;;;0;0;;;;;;;;;0;;;;;;0;;;0;;;;;;0;;;0;0;;;;;1;;1;;;0;6;;;6;;SIN GC
00007 COMERCIAL OF LICITACION;4000006514;40;ZPIN;07/26 BoP Eléctrico;;0;10;4;9/2/2026;GBACCELLI;1012805;Manguito mecánico para unión tritubo;50;Materiales genericos;CUMPLIDO;MR01;1;4/2/2026;11/2/2026;febrero;10142255;40;1;4/2/2026;4/2/2026;PCO;;0;;0;;;;;;;;0;50;;0;;;;0;0;;;;;0;0;;;;;;;;;0;;;;;;0;;;0;;;;;;0;;;0;0;;;;;1;;1;;;0;5;;;5;;SIN GC
00007 COMERCIAL OF LICITACION;4000006526;40;ZPIN;08/26-TECHINT-Ar LNG;;0;10;4;11/2/2026;FRAMOS;1022295;Servicio de estudio hidrológico;1;Servicios;CUMPLIDO;MR01;1;9/2/2026;13/2/2026;febrero;10142602;40;1;9/2/2026;9/2/2026;PCO;;0;;0;;;;;;;;0;1;;0;;;;0;0;;;;;0;0;;;;;;;;;0;;;;;;0;;;0;;;;;;0;;;0;0;;;;;1;;1;;;0;2;;;2;;SIN GC
00005 TALLER;4000006576;40;ZPIN;PEDIDO TALLER / HERR;;0;10;4;9/3/2026;HCABELLO;1012896;PINZA PRESION;1;Materiales genericos;CUMPLIDO;MM01;1;2/3/2026;10/3/2026;marzo;10144314;40;1;2/3/2026;2/3/2026;C13;;0;;0;;;;;;;;0;1;;0;;;;0;0;;;;;0;0;;;;;;;;;0;;;;;;0;;;0;;;;;;0;;;0;0;;;;;1;;1;;;0;7;;;7;;COMPRAS ABASTECIMIENTO
00007 COMERCIAL OF LICITACION;4000006595;40;ZPIN;26.10-IVL - 0106 EPC;;25;10;4;17/3/2026;LCANNELLI;1013020;SUBCONTRATO DETECCIÓN DE INTERFERENCIAS;1;Servicios;CUMPLIDO;MR01;1;10/3/2026;17/3/2026;marzo;10144984;40;1;10/3/2026;10/3/2026;PCO;;0;;0;;;;;;;;0;1;;0;;;;0;0;;;;;0;0;;;;;;;;;0;;;;;;0;;;0;;;;;;0;;;0;0;;;;;1;;1;;;0;7;;;7;;SIN GC
00005 TALLER;4000006613;40;ZPIN;PEDIDO INFORMACION -;;0;10;4;23/3/2026;SFLORES;1023841;PERNO ANCLAJE CILINDRO STICK;1;Materiales Stock;CUMPLIDO;MR01;1;20/3/2026;30/3/2026;marzo;10145860;40;1;20/3/2026;20/3/2026;C03;;0;;0;;;;;;;;0;1;;0;;;;0;0;;;;;0;0;;;;;;;;;0;;;;;;0;;;0;;;;;;0;;;0;0;;;;;1;;1;;;0;3;;;3;;COMPRAS EQUIPOS
00007 COMERCIAL OF LICITACION;4000006633;40;ZPIN;26.10-Loc y Caminos;;25;10;4;22/4/2026;LCANNELLI;1012820;se requiere p/ precio unitario;1;Materiales genericos;CUMPLIDO;MR01;1;31/3/2026;10/4/2026;abril;10146721;40;1;31/3/2026;31/3/2026;PCO;;0;;0;;;;;;;;0;1;;0;;;;0;0;;;;;0;0;;;;;;;;;0;;;;;;0;;;0;;;;;;0;;;0;0;;;;;1;;;1;12;0;22;;;22;;SIN GC
00007 COMERCIAL OF LICITACION;4000006634;40;ZPIN;26.10-Loc y Caminos;;25;10;4;15/4/2026;LCANNELLI;1009704;MALLA Q524 DIAM 10MM;1;Materiales usuales;CUMPLIDO;MR01;1;31/3/2026;10/4/2026;abril;10146725;40;1;31/3/2026;31/3/2026;PCO;;0;;0;;;;;;;;0;1;;0;;;;0;0;;;;;0;0;;;;;;;;;0;;;;;;0;;;0;;;;;;0;;;0;0;;;;;1;;;1;5;0;15;;;15;;SIN GC
00007 COMERCIAL OF LICITACION;4000006639;40;ZPIN;26/16-TGS-Cbio tramo;;0;10;4;15/4/2026;FRAMOS;1009725;HIERRO NERVADO ADN420 DIAM 10MM;1;Materiales usuales;CUMPLIDO;MR01;1;6/4/2026;6/4/2026;abril;10146960;40;1;6/4/2026;6/4/2026;PCO;;0;;0;;;;;;;;0;1;;0;;;;0;0;;;;;0;0;;;;;;;;;0;;;;;;0;;;0;;;;;;0;;;0;0;;;;;1;;;1;9;0;9;;;9;;SIN GC
00007 COMERCIAL OF LICITACION;4000006640;40;ZPIN;26/16 - TGS CAMBIO T;;0;10;4;30/4/2026;EPAONE;1012585;POSTE CARTEL MADERA S/PLANO;40;Materiales genericos;CUMPLIDO;MR01;1;6/4/2026;17/4/2026;abril;10146973;40;1;6/4/2026;6/4/2026;PCO;;0;;0;;;;;;;;0;40;;0;;;;0;0;;;;;0;0;;;;;;;;;0;;;;;;0;;;0;;;;;;0;;;0;0;;;;;1;;;1;13;0;24;;;24;;SIN GC
00027 SEDE ACINDAR;4000006380;40;ZPIN;ELECTRICIDAD;1000080570;0;;4;5/1/2026;AFORTUNA;1049040;PILOTO VERDE D22MM 220VCA - 50HZ;9;Materiales usuales;PROCESADO;MR01;1;30/12/2025;8/1/2026;enero;10139405;40;1;30/12/2025;30/12/2025;C11;;0;;0;;;;;;;;0;9;;0;;;;0;0;;;;;0;0;;;;;;;;;0;;;;;;0;;;0;;;;;;0;;;0;0;;1000080570;40;7/1/2026;1;;1;;;0;6;2;;6;;COMPRAS ABASTECIMIENTO
0004 SERVICIO TECNICO PROYECTO;4000006330;50;ZPIN;PEDIDOS P/ COTIZAR -;;0;10;4;2/1/2026;LNUNEZ;1012340;JUEGO TUBOS ENCASTRE 3 8PG DE 4 A 13MM;1;Materiales usuales;CUMPLIDO;MR01;1;9/12/2025;2/1/2026;enero;10137730;50;1;9/12/2025;9/12/2025;C27;;0;;0;;;;;;;;0;1;;0;;;;0;0;;;;;0;0;;;;;;;;;0;;;;;;0;;;0;;;;;;0;;;0;0;;;;;1;;1;;;0;24;;;24;;COMPRAS ABASTECIMIENTO
00007 COMERCIAL OF LICITACION;4000006386;50;ZPIN;02-26 Parque Eólico;;0;10;4;7/1/2026;MBALAUZ;1009728;HIERRO NERVADO ADN420 DIAM 20MM;1;Materiales usuales;CUMPLIDO;MR01;1;6/1/2026;16/1/2026;enero;10139682;50;1;6/1/2026;6/1/2026;PCO;;0;;0;;;;;;;;0;1;;0;;;;0;0;;;;;0;0;;;;;;;;;0;;;;;;0;;;0;;;;;;0;;;0;0;;;;;1;;1;;;0;1;;;1;;SIN GC
00007 COMERCIAL OF LICITACION;4000006387;50;ZPIN;02-26 Parque Eólico;;0;10;4;12/1/2026;MBALAUZ;1013121;VIANDA ALMUERZO XUN;1;Servicios;CUMPLIDO;MR01;1;6/1/2026;16/1/2026;enero;10139683;50;1;6/1/2026;6/1/2026;PCO;;0;;0;;;;;;;;0;1;;0;;;;0;0;;;;;0;0;;;;;;;;;0;;;;;;0;;;0;;;;;;0;;;0;0;;;;;1;;1;;;0;6;;;6;;SIN GC
00007 COMERCIAL OF LICITACION;4000006460;50;ZPIN;26/05-YPFLIQUID-PROS;;0;10;3;21/1/2026;FRAMOS;1009728;Acero ADN 420 DIAM 20MM;1000;Materiales usuales;CUMPLIDO;MR01;1;21/1/2026;24/1/2026;enero;10140982;50;1;21/1/2026;21/1/2026;PCO;;0;;0;;;;;;;;0;1000;;0;;;;0;0;;;;;0;0;;;;;;;;;0;;;;;;0;;;0;;;;;;0;;;0;0;;;;;1;;1;;;0;0;;;;;SIN GC
00012 MTTO SEDE;4000006467;50;ZPIN;COTIZACION S/ MAIL A;;0;10;4;22/1/2026;ASIGNORELLI;1049648;RINCONERO PVC 100X50MM;6;Materiales usuales;CUMPLIDO;MR01;1;21/1/2026;21/1/2026;enero;10141050;50;1;21/1/2026;21/1/2026;C11;;0;;0;;;;;;;;0;6;;0;;;;0;0;;;;;0;0;;;;;;;;;0;;;;;;0;;;0;;;;;;0;;;0;0;;;;;1;;;1;1;0;1;;;1;;COMPRAS ABASTECIMIENTO
00007 COMERCIAL OF LICITACION;4000006494;50;ZPIN;25.66 - Abra Silver;;0;10;3;3/2/2026;MBALAUZ;1009728;HIERRO NERVADO ADN420 DIAM 20MM;1;Materiales usuales;CUMPLIDO;MR01;1;28/1/2026;3/2/2026;febrero;10141636;50;1;28/1/2026;28/1/2026;PCO;;0;;0;;;;;;;;0;1;;0;;;;0;0;;;;;0;0;;;;;;;;;0;;;;;;0;;;0;;;;;;0;;;0;0;;;;;1;;1;;;0;6;;;6;;SIN GC
00005 TALLER;4000006576;50;ZPIN;PEDIDO TALLER / HERR;;0;10;4;9/3/2026;HCABELLO;1012896;PINZA DE PUNTA;1;Materiales genericos;CUMPLIDO;MM01;1;2/3/2026;10/3/2026;marzo;10144314;50;1;2/3/2026;2/3/2026;C13;;0;;0;;;;;;;;0;1;;0;;;;0;0;;;;;0;0;;;;;;;;;0;;;;;;0;;;0;;;;;;0;;;0;0;;;;;1;;1;;;0;7;;;7;;COMPRAS ABASTECIMIENTO
00007 COMERCIAL OF LICITACION;4000006595;50;ZPIN;26.10-IVL - 0106 EPC;;25;10;4;17/3/2026;LCANNELLI;1042362;SUBCONTRATO S DETALLE XUN;1;Servicios;CUMPLIDO;MR01;1;10/3/2026;17/3/2026;marzo;10144984;50;1;10/3/2026;10/3/2026;PCO;;0;;0;;;;;;;;0;1;;0;;;;0;0;;;;;0;0;;;;;;;;;0;;;;;;0;;;0;;;;;;0;;;0;0;;;;;1;;1;;;0;7;;;7;;SIN GC
00005 TALLER;4000006613;50;ZPIN;PEDIDO INFORMACION -;;0;10;4;23/3/2026;SFLORES;1035535;PERNO SUP CIL. BOOM;1;Materiales Stock;CUMPLIDO;MR01;1;20/3/2026;30/3/2026;marzo;10145860;50;1;20/3/2026;20/3/2026;C03;;0;;0;;;;;;;;0;1;;0;;;;0;0;;;;;0;0;;;;;;;;;0;;;;;;0;;;0;;;;;;0;;;0;0;;;;;1;;1;;;0;3;;;3;;COMPRAS EQUIPOS
00007 COMERCIAL OF LICITACION;4000006633;50;ZPIN;26.10-Loc y Caminos;;25;10;4;22/4/2026;LCANNELLI;1012821;se requiere p/ precio unitario;1;Materiales genericos;CUMPLIDO;MR01;1;31/3/2026;10/4/2026;abril;10146721;50;1;31/3/2026;31/3/2026;PCO;;0;;0;;;;;;;;0;1;;0;;;;0;0;;;;;0;0;;;;;;;;;0;;;;;;0;;;0;;;;;;0;;;0;0;;;;;1;;;1;12;0;22;;;22;;SIN GC
00007 COMERCIAL OF LICITACION;4000006634;50;ZPIN;26.10-Loc y Caminos;;25;10;4;15/4/2026;LCANNELLI;1012955;FLETE ACEROS;1;Materiales usuales;CUMPLIDO;MR01;1;31/3/2026;10/4/2026;abril;10146725;50;1;31/3/2026;31/3/2026;PCO;;0;;0;;;;;;;;0;1;;0;;;;0;0;;;;;0;0;;;;;;;;;0;;;;;;0;;;0;;;;;;0;;;0;0;;;;;1;;;1;5;0;15;;;15;;SIN GC
0004 SERVICIO TECNICO PROYECTO;4000006330;60;ZPIN;PEDIDOS P/ COTIZAR -;;0;10;4;2/1/2026;LNUNEZ;1012360;LLAVE AJUSTABLE 12PG;1;Materiales usuales;CUMPLIDO;MR01;1;9/12/2025;2/1/2026;enero;10137730;60;1;9/12/2025;9/12/2025;C27;;0;;0;;;;;;;;0;1;;0;;;;0;0;;;;;0;0;;;;;;;;;0;;;;;;0;;;0;;;;;;0;;;0;0;;;;;1;;1;;;0;24;;;24;;COMPRAS ABASTECIMIENTO
00007 COMERCIAL OF LICITACION;4000006386;60;ZPIN;02-26 Parque Eólico;;0;10;4;7/1/2026;MBALAUZ;1009729;HIERRO NERVADO ADN420 DIAM 25MM;1;Materiales usuales;CUMPLIDO;MR01;1;6/1/2026;16/1/2026;enero;10139682;60;1;6/1/2026;6/1/2026;PCO;;0;;0;;;;;;;;0;1;;0;;;;0;0;;;;;0;0;;;;;;;;;0;;;;;;0;;;0;;;;;;0;;;0;0;;;;;1;;1;;;0;1;;;1;;SIN GC
00007 COMERCIAL OF LICITACION;4000006387;60;ZPIN;02-26 Parque Eólico;;0;10;4;14/1/2026;MBALAUZ;1013133;ALQUILER BANO QUIMICO SIN LAVAMANOS XDIA;1;Servicios;CUMPLIDO;MR01;1;6/1/2026;16/1/2026;enero;10139683;60;1;6/1/2026;6/1/2026;PCO;;0;;0;;;;;;;;0;1;;0;;;;0;0;;;;;0;0;;;;;;;;;0;;;;;;0;;;0;;;;;;0;;;0;0;;;;;1;;1;;;0;8;;;8;;SIN GC
00007 COMERCIAL OF LICITACION;4000006460;60;ZPIN;26/05-YPFLIQUID-PROS;;0;10;3;21/1/2026;FRAMOS;1009729;Acero ADN 420 DIAM 25MM;1000;Materiales usuales;CUMPLIDO;MR01;1;21/1/2026;24/1/2026;enero;10140982;60;1;21/1/2026;21/1/2026;PCO;;0;;0;;;;;;;;0;1000;;0;;;;0;0;;;;;0;0;;;;;;;;;0;;;;;;0;;;0;;;;;;0;;;0;0;;;;;1;;1;;;0;0;;;;;SIN GC
00012 MTTO SEDE;4000006467;60;ZPIN;COTIZACION S/ MAIL A;;0;10;4;22/1/2026;ASIGNORELLI;1049649;ESQUINERO PVC 100X50MM;4;Materiales usuales;CUMPLIDO;MR01;1;21/1/2026;21/1/2026;enero;10141050;60;1;21/1/2026;21/1/2026;C11;;0;;0;;;;;;;;0;4;;0;;;;0;0;;;;;0;0;;;;;;;;;0;;;;;;0;;;0;;;;;;0;;;0;0;;;;;1;;;1;1;0;1;;;1;;COMPRAS ABASTECIMIENTO
00007 COMERCIAL OF LICITACION;4000006494;60;ZPIN;25.66 - Abra Silver;;0;10;3;3/2/2026;MBALAUZ;1009729;HIERRO NERVADO ADN420 DIAM 25MM;1;Materiales usuales;CUMPLIDO;MR01;1;28/1/2026;3/2/2026;febrero;10141636;60;1;28/1/2026;28/1/2026;PCO;;0;;0;;;;;;;;0;1;;0;;;;0;0;;;;;0;0;;;;;;;;;0;;;;;;0;;;0;;;;;;0;;;0;0;;;;;1;;1;;;0;6;;;6;;SIN GC
00040-Comunic y Sustentabilidad;4000006504;60;ZPIN;MATERIALES LOS UNIDO;;0;10;4;6/2/2026;NMONTENEGRO;1049792;25lts. Pintura impermea exterior blanca;1;Materiales usuales;CUMPLIDO;MR01;1;30/1/2026;30/1/2026;enero;10141855;60;1;30/1/2026;30/1/2026;C22;;0;;0;;;;;;;;0;1;;0;;;;0;0;;;;;0;0;;;;;;;;;0;;;;;;0;;;0;;;;;;0;;;0;0;;;;;1;;;1;7;0;7;;;7;;COMPRAS ABASTECIMIENTO
00005 TALLER;4000006576;60;ZPIN;PEDIDO TALLER / HERR;;0;10;4;9/3/2026;HCABELLO;1012896;PINZA PICO DE LORO;1;Materiales genericos;CUMPLIDO;MM01;1;2/3/2026;10/3/2026;marzo;10144314;60;1;2/3/2026;2/3/2026;C13;;0;;0;;;;;;;;0;1;;0;;;;0;0;;;;;0;0;;;;;;;;;0;;;;;;0;;;0;;;;;;0;;;0;0;;;;;1;;1;;;0;7;;;7;;COMPRAS ABASTECIMIENTO
00005 TALLER;4000006613;60;ZPIN;PEDIDO INFORMACION -;;0;10;4;23/3/2026;SFLORES;1035536;BUJE CIL. BOOM / CIL. STICK;1;Materiales Stock;CUMPLIDO;MR01;1;20/3/2026;30/3/2026;marzo;10145860;60;1;20/3/2026;20/3/2026;C03;;0;;0;;;;;;;;0;1;;0;;;;0;0;;;;;0;0;;;;;;;;;0;;;;;;0;;;0;;;;;;0;;;0;0;;;;;1;;1;;;0;3;;;3;;COMPRAS EQUIPOS
00007 COMERCIAL OF LICITACION;4000006633;60;ZPIN;26.10-Loc y Caminos;;25;10;4;22/4/2026;LCANNELLI;1009689;se requiere p/ precio unitario;1;Materiales usuales;CUMPLIDO;MR01;1;31/3/2026;10/4/2026;abril;10146721;60;1;31/3/2026;31/3/2026;PCO;;0;;0;;;;;;;;0;1;;0;;;;0;0;;;;;0;0;;;;;;;;;0;;;;;;0;;;0;;;;;;0;;;0;0;;;;;1;;;1;12;0;22;;;22;;SIN GC
00007 COMERCIAL OF LICITACION;4000006634;60;ZPIN;26.10-Loc y Caminos;;25;10;4;15/4/2026;LCANNELLI;1012948;SERVICIO CYD SOBRE ADN420 DIAM 10;1;Materiales usuales;CUMPLIDO;MR01;1;31/3/2026;10/4/2026;abril;10146725;60;1;31/3/2026;31/3/2026;PCO;;0;;0;;;;;;;;0;1;;0;;;;0;0;;;;;0;0;;;;;;;;;0;;;;;;0;;;0;;;;;;0;;;0;0;;;;;1;;;1;5;0;15;;;15;;SIN GC
0004 SERVICIO TECNICO PROYECTO;4000006330;70;ZPIN;PEDIDOS P/ COTIZAR -;;0;10;4;2/1/2026;LNUNEZ;1012361;LLAVE AJUSTABLE 18PG;1;Materiales usuales;CUMPLIDO;MR01;1;9/12/2025;2/1/2026;enero;10137730;70;1;9/12/2025;9/12/2025;C27;;0;;0;;;;;;;;0;1;;0;;;;0;0;;;;;0;0;;;;;;;;;0;;;;;;0;;;0;;;;;;0;;;0;0;;;;;1;;1;;;0;24;;;24;;COMPRAS ABASTECIMIENTO
00007 COMERCIAL OF LICITACION;4000006386;70;ZPIN;02-26 Parque Eólico;;0;10;4;7/1/2026;MBALAUZ;1009730;HIERRO NERVADO ADN420 DIAM 32MM;1;Materiales usuales;CUMPLIDO;MR01;1;6/1/2026;16/1/2026;enero;10139682;70;1;6/1/2026;6/1/2026;PCO;;0;;0;;;;;;;;0;1;;0;;;;0;0;;;;;0;0;;;;;;;;;0;;;;;;0;;;0;;;;;;0;;;0;0;;;;;1;;1;;;0;1;;;1;;SIN GC
00007 COMERCIAL OF LICITACION;4000006460;70;ZPIN;26/05-YPFLIQUID-PROS;;0;10;3;21/1/2026;FRAMOS;1009730;Acero ADN 420 DIAM 32MM;1000;Materiales usuales;CUMPLIDO;MR01;1;21/1/2026;24/1/2026;enero;10140982;70;1;21/1/2026;21/1/2026;PCO;;0;;0;;;;;;;;0;1000;;0;;;;0;0;;;;;0;0;;;;;;;;;0;;;;;;0;;;0;;;;;;0;;;0;0;;;;;1;;1;;;0;0;;;;;SIN GC
00012 MTTO SEDE;4000006467;70;ZPIN;COTIZACION S/ MAIL A;;0;10;4;22/1/2026;ASIGNORELLI;1049650;CURVA PLANA 90º PVC 100X50MM;4;Materiales usuales;CUMPLIDO;MR01;1;21/1/2026;21/1/2026;enero;10141050;70;1;21/1/2026;21/1/2026;C11;;0;;0;;;;;;;;0;4;;0;;;;0;0;;;;;0;0;;;;;;;;;0;;;;;;0;;;0;;;;;;0;;;0;0;;;;;1;;;1;1;0;1;;;1;;COMPRAS ABASTECIMIENTO
00007 COMERCIAL OF LICITACION;4000006494;70;ZPIN;25.66 - Abra Silver;;0;10;3;3/2/2026;MBALAUZ;1009730;HIERRO NERVADO ADN420 DIAM 32MM;1;Materiales usuales;CUMPLIDO;MR01;1;28/1/2026;3/2/2026;febrero;10141636;70;1;28/1/2026;28/1/2026;PCO;;0;;0;;;;;;;;0;1;;0;;;;0;0;;;;;0;0;;;;;;;;;0;;;;;;0;;;0;;;;;;0;;;0;0;;;;;1;;1;;;0;6;;;6;;SIN GC
00040-Comunic y Sustentabilidad;4000006504;70;ZPIN;MATERIALES LOS UNIDO;;0;10;4;6/2/2026;NMONTENEGRO;1013015;10 lts Pintura celeste exterior;1;Servicios;CUMPLIDO;MR01;1;30/1/2026;30/1/2026;enero;10141855;70;1;30/1/2026;30/1/2026;C26;;0;;0;;;;;;;;0;1;;0;;;;0;0;;;;;0;0;;;;;;;;;0;;;;;;0;;;0;;;;;;0;;;0;0;;;;;1;;;1;7;0;7;;;7;;COMPRAS ABASTECIMIENTO
00005 TALLER;4000006576;70;ZPIN;PEDIDO TALLER / HERR;;0;10;4;9/3/2026;HCABELLO;1012896;ALICATE;1;Materiales genericos;CUMPLIDO;MM01;1;2/3/2026;10/3/2026;marzo;10144314;70;1;2/3/2026;2/3/2026;C13;;0;;0;;;;;;;;0;1;;0;;;;0;0;;;;;0;0;;;;;;;;;0;;;;;;0;;;0;;;;;;0;;;0;0;;;;;1;;1;;;0;7;;;7;;COMPRAS ABASTECIMIENTO
00005 TALLER;4000006613;70;ZPIN;PEDIDO INFORMACION -;;0;10;4;23/3/2026;SFLORES;1035534;RETEN CIL. BOOM / CIL. STICK;2;Materiales Stock;CUMPLIDO;MR01;1;20/3/2026;30/3/2026;marzo;10145860;70;1;20/3/2026;20/3/2026;C03;;0;;0;;;;;;;;0;2;;0;;;;0;0;;;;;0;0;;;;;;;;;0;;;;;;0;;;0;;;;;;0;;;0;0;;;;;1;;1;;;0;3;;;3;;COMPRAS EQUIPOS
00007 COMERCIAL OF LICITACION;4000006633;70;ZPIN;26.10-Loc y Caminos;;25;10;4;30/4/2026;LCANNELLI;1011120;se requiere bolsa 50kg P/SUELO CEMENTO;1;Materiales usuales;CUMPLIDO;MR01;1;31/3/2026;10/4/2026;abril;10146721;70;1;31/3/2026;31/3/2026;PCO;;0;;0;;;;;;;;0;1;;0;;;;0;0;;;;;0;0;;;;;;;;;0;;;;;;0;;;0;;;;;;0;;;0;0;;;;;1;;;1;20;0;30;;;30;;SIN GC
00007 COMERCIAL OF LICITACION;4000006634;70;ZPIN;26.10-Loc y Caminos;;25;10;4;15/4/2026;LCANNELLI;1012950;SERVICIO CYD SOBRE ADN420 DIAM 16;1;Materiales usuales;CUMPLIDO;MR01;1;31/3/2026;10/4/2026;abril;10146725;70;1;31/3/2026;31/3/2026;PCO;;0;;0;;;;;;;;0;1;;0;;;;0;0;;;;;0;0;;;;;;;;;0;;;;;;0;;;0;;;;;;0;;;0;0;;;;;1;;;1;5;0;15;;;15;;SIN GC
0004 SERVICIO TECNICO PROYECTO;4000006330;80;ZPIN;PEDIDOS P/ COTIZAR -;;0;10;4;2/1/2026;LNUNEZ;1034814;"PINZA UNIVERSAL AISLADA 8""";1;Materiales usuales;CUMPLIDO;MR01;1;9/12/2025;2/1/2026;enero;10137730;80;1;9/12/2025;9/12/2025;C27;;0;;0;;;;;;;;0;1;;0;;;;0;0;;;;;0;0;;;;;;;;;0;;;;;;0;;;0;;;;;;0;;;0;0;;;;;1;;1;;;0;24;;;24;;COMPRAS ABASTECIMIENTO
00007 COMERCIAL OF LICITACION;4000006386;80;ZPIN;02-26 Parque Eólico;;0;10;4;8/1/2026;MBALAUZ;1009702;MALLA Q335 DIAM 8MM;1;Materiales usuales;CUMPLIDO;MR01;1;6/1/2026;16/1/2026;enero;10139682;80;1;6/1/2026;6/1/2026;PCO;;0;;0;;;;;;;;0;1;;0;;;;0;0;;;;;0;0;;;;;;;;;0;;;;;;0;;;0;;;;;;0;;;0;0;;;;;1;;1;;;0;2;;;2;;SIN GC
00012 MTTO SEDE;4000006467;80;ZPIN;COTIZACION S/ MAIL A;;0;10;4;22/1/2026;ASIGNORELLI;1049651;UNION PVC 100X50MM;6;Materiales usuales;CUMPLIDO;MR01;1;21/1/2026;21/1/2026;enero;10141050;80;1;21/1/2026;21/1/2026;C11;;0;;0;;;;;;;;0;6;;0;;;;0;0;;;;;0;0;;;;;;;;;0;;;;;;0;;;0;;;;;;0;;;0;0;;;;;1;;;1;1;0;1;;;1;;COMPRAS ABASTECIMIENTO
00007 COMERCIAL OF LICITACION;4000006494;80;ZPIN;25.66 - Abra Silver;;0;10;3;3/2/2026;MBALAUZ;1009702;MALLA Q335 DIAM 8MM;1;Materiales usuales;CUMPLIDO;MR01;1;28/1/2026;3/2/2026;febrero;10141636;80;1;28/1/2026;28/1/2026;PCO;;0;;0;;;;;;;;0;1;;0;;;;0;0;;;;;0;0;;;;;;;;;0;;;;;;0;;;0;;;;;;0;;;0;0;;;;;1;;1;;;0;6;;;6;;SIN GC
00040-Comunic y Sustentabilidad;4000006504;80;ZPIN;MATERIALES LOS UNIDO;;0;10;4;4/2/2026;NMONTENEGRO;1049802;PINTURA SINTETICA NEGRA mate X 4 LTS.;1;Materiales usuales;CUMPLIDO;MR01;1;30/1/2026;30/1/2026;enero;10141855;80;1;30/1/2026;30/1/2026;C22;;0;;0;;;;;;;;0;1;;0;;;;0;0;;;;;0;0;;;;;;;;;0;;;;;;0;;;0;;;;;;0;;;0;0;;;;;1;;;1;5;0;5;;;5;;COMPRAS ABASTECIMIENTO
00007 COMERCIAL OF LICITACION;4000006526;80;ZPIN;08/26-TECHINT-Ar LNG;;0;10;4;11/2/2026;FRAMOS;1046066;ALQUILER BAÑO QUIMICO X UN. X MES;1;Servicios;CUMPLIDO;MR01;1;9/2/2026;13/2/2026;febrero;10142602;80;1;9/2/2026;9/2/2026;PCO;;0;;0;;;;;;;;0;1;;0;;;;0;0;;;;;0;0;;;;;;;;;0;;;;;;0;;;0;;;;;;0;;;0;0;;;;;1;;1;;;0;2;;;2;;SIN GC
00005 TALLER;4000006576;80;ZPIN;PEDIDO TALLER / HERR;;0;10;4;9/3/2026;HCABELLO;1012896;JUEGO DE DESTORNILLADORES PUNTA PLANA;1;Materiales genericos;CUMPLIDO;MM01;1;2/3/2026;10/3/2026;marzo;10144314;80;1;2/3/2026;2/3/2026;C13;;0;;0;;;;;;;;0;1;;0;;;;0;0;;;;;0;0;;;;;;;;;0;;;;;;0;;;0;;;;;;0;;;0;0;;;;;1;;1;;;0;7;;;7;;COMPRAS ABASTECIMIENTO
00005 TALLER;4000006613;80;ZPIN;PEDIDO INFORMACION -;;0;10;4;23/3/2026;SFLORES;1025641;BUJE FLOTANTE INFERIOR PUNTA DE STICK;2;Materiales Stock;CUMPLIDO;MR01;1;20/3/2026;30/3/2026;marzo;10145860;80;1;20/3/2026;20/3/2026;C03;;0;;0;;;;;;;;0;2;;0;;;;0;0;;;;;0;0;;;;;;;;;0;;;;;;0;;;0;;;;;;0;;;0;0;;;;;1;;1;;;0;3;;;3;;COMPRAS EQUIPOS
00007 COMERCIAL OF LICITACION;4000006633;80;ZPIN;26.10-Loc y Caminos;;25;10;4;15/4/2026;LCANNELLI;1011238;se requiere combustible p/equipos;1;Materiales usuales;CUMPLIDO;MR01;1;31/3/2026;10/4/2026;abril;10146721;80;1;31/3/2026;31/3/2026;PCO;;0;;0;;;;;;;;0;1;;0;;;;0;0;;;;;0;0;;;;;;;;;0;;;;;;0;;;0;;;;;;0;;;0;0;;;;;1;;;1;5;0;15;;;15;;SIN GC
0004 SERVICIO TECNICO PROYECTO;4000006330;90;ZPIN;PEDIDOS P/ COTIZAR -;;0;10;4;2/1/2026;LNUNEZ;1012436;PINZA PICO DE LORO 10PG;1;Materiales usuales;CUMPLIDO;MR01;1;9/12/2025;2/1/2026;enero;10137730;90;1;9/12/2025;9/12/2025;C27;;0;;0;;;;;;;;0;1;;0;;;;0;0;;;;;0;0;;;;;;;;;0;;;;;;0;;;0;;;;;;0;;;0;0;;;;;1;;1;;;0;24;;;24;;COMPRAS ABASTECIMIENTO
00007 COMERCIAL OF LICITACION;4000006386;90;ZPIN;02-26 Parque Eólico;;0;10;4;8/1/2026;MBALAUZ;1009698;MALLA Q188 DIAM 6MM;1;Materiales usuales;CUMPLIDO;MR01;1;6/1/2026;16/1/2026;enero;10139682;90;1;6/1/2026;6/1/2026;PCO;;0;;0;;;;;;;;0;1;;0;;;;0;0;;;;;0;0;;;;;;;;;0;;;;;;0;;;0;;;;;;0;;;0;0;;;;;1;;1;;;0;2;;;2;;SIN GC
00012 MTTO SEDE;4000006467;90;ZPIN;COTIZACION S/ MAIL A;;0;10;4;22/1/2026;ASIGNORELLI;1049652;TAPA FINAL PVC 100X50MM;10;Materiales usuales;CUMPLIDO;MR01;1;21/1/2026;21/1/2026;enero;10141050;90;1;21/1/2026;21/1/2026;C11;;0;;0;;;;;;;;0;10;;0;;;;0;0;;;;;0;0;;;;;;;;;0;;;;;;0;;;0;;;;;;0;;;0;0;;;;;1;;;1;1;0;1;;;1;;COMPRAS ABASTECIMIENTO
00007 COMERCIAL OF LICITACION;4000006494;90;ZPIN;25.66 - Abra Silver;;0;10;3;3/2/2026;MBALAUZ;1009698;MALLA Q188 DIAM 6MM;1;Materiales usuales;CUMPLIDO;MR01;1;28/1/2026;3/2/2026;febrero;10141636;90;1;28/1/2026;28/1/2026;PCO;;0;;0;;;;;;;;0;1;;0;;;;0;0;;;;;0;0;;;;;;;;;0;;;;;;0;;;0;;;;;;0;;;0;0;;;;;1;;1;;;0;6;;;6;;SIN GC
00040-Comunic y Sustentabilidad;4000006504;90;ZPIN;MATERIALES LOS UNIDO;;0;10;4;4/2/2026;NMONTENEGRO;1011999;AGUARRAS BIDON X18LT;1;Materiales usuales;CUMPLIDO;MR01;1;30/1/2026;30/1/2026;enero;10141855;90;1;30/1/2026;30/1/2026;C22;;0;;0;;;;;;;;0;1;;0;;;;0;0;;;;;0;0;;;;;;;;;0;;;;;;0;;;0;;;;;;0;;;0;0;;;;;1;;;1;5;0;5;;;5;;COMPRAS ABASTECIMIENTO
00007 COMERCIAL OF LICITACION;4000006526;90;ZPIN;08/26-TECHINT-Ar LNG;;0;10;3;11/2/2026;FRAMOS;1013130;EXAMEN PREOCUPACIONAL BASICO XUN;1;Servicios;CUMPLIDO;MR01;1;9/2/2026;13/2/2026;febrero;10142602;110;1;9/2/2026;9/2/2026;PCO;;0;;0;;;;;;;;0;1;;0;;;;0;0;;;;;0;0;;;;;;;;;0;;;;;;0;;;0;;;;;;0;;;0;0;;;;;1;;1;;;0;2;;;2;;SIN GC
00005 TALLER;4000006576;90;ZPIN;PEDIDO TALLER / HERR;;0;10;4;9/3/2026;HCABELLO;1012896;JUEGO DE DESTORNILLADORES PUNTA PHILLPS;1;Materiales genericos;CUMPLIDO;MM01;1;2/3/2026;10/3/2026;marzo;10144314;90;1;2/3/2026;2/3/2026;C13;;0;;0;;;;;;;;0;1;;0;;;;0;0;;;;;0;0;;;;;;;;;0;;;;;;0;;;0;;;;;;0;;;0;0;;;;;1;;1;;;0;7;;;7;;COMPRAS ABASTECIMIENTO
00005 TALLER;4000006613;90;ZPIN;PEDIDO INFORMACION -;;0;10;4;23/3/2026;SFLORES;1024379;"SELLO DE ""H""";8;Materiales Stock;CUMPLIDO;MR01;1;20/3/2026;30/3/2026;marzo;10145860;90;1;20/3/2026;20/3/2026;C03;;0;;0;;;;;;;;0;8;;0;;;;0;0;;;;;0;0;;;;;;;;;0;;;;;;0;;;0;;;;;;0;;;0;0;;;;;1;;1;;;0;3;;;3;;COMPRAS EQUIPOS
00007 COMERCIAL OF LICITACION;4000006633;90;ZPIN;26.10-Loc y Caminos;;25;10;4;30/4/2026;LCANNELLI;1022295;SERVICIO OBRA S DETALLE XUN;1;Servicios;CUMPLIDO;MR01;1;31/3/2026;10/4/2026;abril;10146721;90;1;31/3/2026;31/3/2026;PCO;;0;;0;;;;;;;;0;1;;0;;;;0;0;;;;;0;0;;;;;;;;;0;;;;;;0;;;0;;;;;;0;;;0;0;;;;;1;;;1;20;0;30;;;30;;SIN GC
0004 SERVICIO TECNICO PROYECTO;4000006330;100;ZPIN;PEDIDOS P/ COTIZAR -;;0;10;4;2/1/2026;LNUNEZ;1012332;JUEGO DE LLAVES TORX 9 PIEZAS;1;Materiales usuales;CUMPLIDO;MR01;1;9/12/2025;2/1/2026;enero;10137730;100;1;9/12/2025;9/12/2025;C27;;0;;0;;;;;;;;0;1;;0;;;;0;0;;;;;0;0;;;;;;;;;0;;;;;;0;;;0;;;;;;0;;;0;0;;;;;1;;1;;;0;24;;;24;;COMPRAS ABASTECIMIENTO
00007 COMERCIAL OF LICITACION;4000006386;100;ZPIN;02-26 Parque Eólico;;0;10;4;7/1/2026;MBALAUZ;1012775;PIEDRA GRANITICA S ESPECIFICACION;1;Materiales genericos;CUMPLIDO;MR01;1;6/1/2026;16/1/2026;enero;10139682;100;1;6/1/2026;6/1/2026;PCO;;0;;0;;;;;;;;0;1;;0;;;;0;0;;;;;0;0;;;;;;;;;0;;;;;;0;;;0;;;;;;0;;;0;0;;;;;1;;1;;;0;1;;;1;;SIN GC
00012 MTTO SEDE;4000006467;100;ZPIN;COTIZACION S/ MAIL A;;0;10;4;22/1/2026;ASIGNORELLI;1049653;TORNILLO FIX + TARUGO + ARANDELA 6-8MM;80;Materiales usuales;CUMPLIDO;MR01;1;21/1/2026;21/1/2026;enero;10141050;100;1;21/1/2026;21/1/2026;C11;;0;;0;;;;;;;;0;80;;0;;;;0;0;;;;;0;0;;;;;;;;;0;;;;;;0;;;0;;;;;;0;;;0;0;;;;;1;;;1;1;0;1;;;1;;COMPRAS ABASTECIMIENTO
00007 COMERCIAL OF LICITACION;4000006494;100;ZPIN;25.66 - Abra Silver;;0;10;3;3/2/2026;MBALAUZ;1011243;HORMIGON ELABORADO H15;1;Materiales usuales;CUMPLIDO;MR01;1;28/1/2026;3/2/2026;febrero;10141636;100;1;28/1/2026;28/1/2026;C18;;0;;0;;;;;;;;0;1;;0;;;;0;0;;;;;0;0;;;;;;;;;0;;;;;;0;;;0;;;;;;0;;;0;0;;;;;1;;1;;;0;6;;;6;;COMPRAS ABASTECIMIENTO
00005 TALLER;4000006576;100;ZPIN;PEDIDO TALLER / HERR;;0;10;4;9/3/2026;HCABELLO;1012896;JUEGO DE LLAVES ALLEN EN MILIMETROS;1;Materiales genericos;CUMPLIDO;MM01;1;2/3/2026;10/3/2026;marzo;10144314;100;1;2/3/2026;2/3/2026;C13;;0;;0;;;;;;;;0;1;;0;;;;0;0;;;;;0;0;;;;;;;;;0;;;;;;0;;;0;;;;;;0;;;0;0;;;;;1;;1;;;0;7;;;7;;COMPRAS ABASTECIMIENTO
00005 TALLER;4000006613;100;ZPIN;PEDIDO INFORMACION -;;0;10;4;23/3/2026;SFLORES;1023111;BUJE SUPERIOR DE BALDE PUNTA DE STICK;2;Materiales Stock;CUMPLIDO;MR01;1;20/3/2026;30/3/2026;marzo;10145860;100;1;20/3/2026;20/3/2026;C03;;0;;0;;;;;;;;0;2;;0;;;;0;0;;;;;0;0;;;;;;;;;0;;;;;;0;;;0;;;;;;0;;;0;0;;;;;1;;1;;;0;3;;;3;;COMPRAS EQUIPOS
0004 SERVICIO TECNICO PROYECTO;4000006330;110;ZPIN;PEDIDOS P/ COTIZAR -;;0;10;4;2/1/2026;LNUNEZ;1012371;LLAVE ALLEN MILIMETRICA JUEGO 9PZA.;1;Materiales usuales;CUMPLIDO;MR01;1;9/12/2025;2/1/2026;enero;10137730;110;1;9/12/2025;9/12/2025;C27;;0;;0;;;;;;;;0;1;;0;;;;0;0;;;;;0;0;;;;;;;;;0;;;;;;0;;;0;;;;;;0;;;0;0;;;;;1;;1;;;0;24;;;24;;COMPRAS ABASTECIMIENTO
00007 COMERCIAL OF LICITACION;4000006386;110;ZPIN;02-26 Parque Eólico;;0;10;4;15/1/2026;MBALAUZ;1010160;SUELO SELECCIONADO;1;Materiales usuales;CUMPLIDO;MR01;1;6/1/2026;16/1/2026;enero;10139682;110;1;6/1/2026;6/1/2026;PCO;;0;;0;;;;;;;;0;1;;0;;;;0;0;;;;;0;0;;;;;;;;;0;;;;;;0;;;0;;;;;;0;;;0;0;;;;;1;;1;;;0;9;;;9;;SIN GC
00007 COMERCIAL OF LICITACION;4000006494;110;ZPIN;25.66 - Abra Silver;;0;10;3;3/2/2026;MBALAUZ;1011248;HORMIGON ELABORADO H30;1;Materiales usuales;CUMPLIDO;MR01;1;28/1/2026;3/2/2026;febrero;10141636;110;1;28/1/2026;28/1/2026;C18;;0;;0;;;;;;;;0;1;;0;;;;0;0;;;;;0;0;;;;;;;;;0;;;;;;0;;;0;;;;;;0;;;0;0;;;;;1;;1;;;0;6;;;6;;COMPRAS ABASTECIMIENTO
00007 COMERCIAL OF LICITACION;4000006526;110;ZPIN;08/26-TECHINT-Ar LNG;;0;10;4;11/2/2026;FRAMOS;1013129;SERVICIO DE AREA PROTEGIDA XDIA;1;Servicios;CUMPLIDO;MR01;1;9/2/2026;13/2/2026;febrero;10142602;120;1;9/2/2026;9/2/2026;PCO;;0;;0;;;;;;;;0;1;;0;;;;0;0;;;;;0;0;;;;;;;;;0;;;;;;0;;;0;;;;;;0;;;0;0;;;;;1;;1;;;0;2;;;2;;SIN GC
00005 TALLER;4000006576;110;ZPIN;PEDIDO TALLER / HERR;;0;10;4;9/3/2026;HCABELLO;1012896;JUEGO DE LLAVES ALLEN EN PULGADAS;1;Materiales genericos;CUMPLIDO;MM01;1;2/3/2026;10/3/2026;marzo;10144314;110;1;2/3/2026;2/3/2026;C13;;0;;0;;;;;;;;0;1;;0;;;;0;0;;;;;0;0;;;;;;;;;0;;;;;;0;;;0;;;;;;0;;;0;0;;;;;1;;1;;;0;7;;;7;;COMPRAS ABASTECIMIENTO
00005 TALLER;4000006613;110;ZPIN;PEDIDO INFORMACION -;;0;10;4;23/3/2026;SFLORES;1054632;BUJE;2;Materiales Stock;CUMPLIDO;MR01;1;20/3/2026;30/3/2026;marzo;10145860;110;1;20/3/2026;20/3/2026;C03;;0;;0;;;;;;;;0;2;;0;;;;0;0;;;;;0;0;;;;;;;;;0;;;;;;0;;;0;;;;;;0;;;0;0;;;;;1;;1;;;0;3;;;3;;COMPRAS EQUIPOS
0004 SERVICIO TECNICO PROYECTO;4000006330;120;ZPIN;PEDIDOS P/ COTIZAR -;;0;10;4;2/1/2026;LNUNEZ;1034818;LLAVE COMBINADA 1/4;1;Materiales usuales;CUMPLIDO;MR01;1;9/12/2025;2/1/2026;enero;10137730;120;1;9/12/2025;9/12/2025;C27;;0;;0;;;;;;;;0;1;;0;;;;0;0;;;;;0;0;;;;;;;;;0;;;;;;0;;;0;;;;;;0;;;0;0;;;;;1;;1;;;0;24;;;24;;COMPRAS ABASTECIMIENTO
00007 COMERCIAL OF LICITACION;4000006386;120;ZPIN;02-26 Parque Eólico;;0;10;4;7/1/2026;MBALAUZ;1011118;CEMENTO CPC40;1;Materiales usuales;CUMPLIDO;MR01;1;6/1/2026;16/1/2026;enero;10139682;120;1;6/1/2026;6/1/2026;PCO;;0;;0;;;;;;;;0;1;;0;;;;0;0;;;;;0;0;;;;;;;;;0;;;;;;0;;;0;;;;;;0;;;0;0;;;;;1;;1;;;0;1;;;1;;SIN GC
00007 COMERCIAL OF LICITACION;4000006494;120;ZPIN;25.66 - Abra Silver;;0;10;3;3/2/2026;MBALAUZ;1013141;SERVICIO DE INTERNET XDIA;1;Servicios;CUMPLIDO;MR01;1;28/1/2026;3/2/2026;febrero;10141636;120;1;28/1/2026;28/1/2026;PCO;;0;;0;;;;;;;;0;1;;0;;;;0;0;;;;;0;0;;;;;;;;;0;;;;;;0;;;0;;;;;;0;;;0;0;;;;;1;;1;;;0;6;;;6;;SIN GC
00005 TALLER;4000006576;120;ZPIN;PEDIDO TALLER / HERR;;0;10;4;9/3/2026;HCABELLO;1012896;JUEGO DE LLAVES TORX;1;Materiales genericos;CUMPLIDO;MM01;1;2/3/2026;10/3/2026;marzo;10144314;120;1;2/3/2026;2/3/2026;C13;;0;;0;;;;;;;;0;1;;0;;;;0;0;;;;;0;0;;;;;;;;;0;;;;;;0;;;0;;;;;;0;;;0;0;;;;;1;;1;;;0;7;;;7;;COMPRAS ABASTECIMIENTO
00005 TALLER;4000006613;120;ZPIN;PEDIDO INFORMACION -;;0;10;4;23/3/2026;SFLORES;1024414;SELLO GUARDAPOLVO;2;Materiales Stock;CUMPLIDO;MR01;1;20/3/2026;30/3/2026;marzo;10145860;120;1;20/3/2026;20/3/2026;C03;;0;;0;;;;;;;;0;2;;0;;;;0;0;;;;;0;0;;;;;;;;;0;;;;;;0;;;0;;;;;;0;;;0;0;;;;;1;;1;;;0;3;;;3;;COMPRAS EQUIPOS
0004 SERVICIO TECNICO PROYECTO;4000006330;130;ZPIN;PEDIDOS P/ COTIZAR -;;0;10;4;2/1/2026;LNUNEZ;1016526;"LLAVE COMBINADA 1/2""";1;Materiales usuales;CUMPLIDO;MR01;1;9/12/2025;2/1/2026;enero;10137730;130;1;9/12/2025;9/12/2025;C27;;0;;0;;;;;;;;0;1;;0;;;;0;0;;;;;0;0;;;;;;;;;0;;;;;;0;;;0;;;;;;0;;;0;0;;;;;1;;1;;;0;24;;;24;;COMPRAS ABASTECIMIENTO
00007 COMERCIAL OF LICITACION;4000006386;130;ZPIN;02-26 Parque Eólico;;0;10;4;7/1/2026;MBALAUZ;1010658;GROUT MASTERFLOW 9300 XKG;1;Materiales usuales;CUMPLIDO;MR01;1;6/1/2026;16/1/2026;enero;10139682;130;1;6/1/2026;6/1/2026;PCO;;0;;0;;;;;;;;0;1;;0;;;;0;0;;;;;0;0;;;;;;;;;0;;;;;;0;;;0;;;;;;0;;;0;0;;;;;1;;1;;;0;1;;;1;;SIN GC
00007 COMERCIAL OF LICITACION;4000006494;130;ZPIN;25.66 - Abra Silver;;0;10;3;3/2/2026;MBALAUZ;1013127;SS AMBULANCIA MEDIA COMPLEJIDAD XDIA;1;Servicios;CUMPLIDO;MR01;1;28/1/2026;3/2/2026;febrero;10141636;130;1;28/1/2026;28/1/2026;PCO;;0;;0;;;;;;;;0;1;;0;;;;0;0;;;;;0;0;;;;;;;;;0;;;;;;0;;;0;;;;;;0;;;0;0;;;;;1;;1;;;0;6;;;6;;SIN GC
00005 TALLER;4000006576;130;ZPIN;PEDIDO TALLER / HERR;;0;10;4;9/3/2026;HCABELLO;1012896;"CAJA DE TUBO ENCASTRE 1/2 "" CON CRIQUE";1;Materiales genericos;CUMPLIDO;MM01;1;2/3/2026;10/3/2026;marzo;10144314;130;1;2/3/2026;2/3/2026;C13;;0;;0;;;;;;;;0;1;;0;;;;0;0;;;;;0;0;;;;;;;;;0;;;;;;0;;;0;;;;;;0;;;0;0;;;;;1;;1;;;0;7;;;7;;COMPRAS ABASTECIMIENTO
00005 TALLER;4000006613;130;ZPIN;PEDIDO INFORMACION -;;0;10;4;23/3/2026;SFLORES;1054633;PERNO;1;Materiales Stock;CUMPLIDO;MR01;1;20/3/2026;30/3/2026;marzo;10145860;130;1;20/3/2026;20/3/2026;C03;;0;;0;;;;;;;;0;1;;0;;;;0;0;;;;;0;0;;;;;;;;;0;;;;;;0;;;0;;;;;;0;;;0;0;;;;;1;;1;;;0;3;;;3;;COMPRAS EQUIPOS
0004 SERVICIO TECNICO PROYECTO;4000006330;140;ZPIN;PEDIDOS P/ COTIZAR -;;0;10;4;2/1/2026;LNUNEZ;1034819;LLAVE COMBINADA 5/16;2;Materiales usuales;CUMPLIDO;MR01;1;9/12/2025;2/1/2026;enero;10137730;140;1;9/12/2025;9/12/2025;C27;;0;;0;;;;;;;;0;2;;0;;;;0;0;;;;;0;0;;;;;;;;;0;;;;;;0;;;0;;;;;;0;;;0;0;;;;;1;;1;;;0;24;;;24;;COMPRAS ABASTECIMIENTO
00007 COMERCIAL OF LICITACION;4000006386;140;ZPIN;02-26 Parque Eólico;;0;10;4;7/1/2026;MBALAUZ;1012774;Arena para hormigon, ver detalle;1;Materiales genericos;CUMPLIDO;MR01;1;6/1/2026;16/1/2026;enero;10139682;140;1;6/1/2026;6/1/2026;PCO;;0;;0;;;;;;;;0;1;;0;;;;0;0;;;;;0;0;;;;;;;;;0;;;;;;0;;;0;;;;;;0;;;0;0;;;;;1;;1;;;0;1;;;1;;SIN GC
00007 COMERCIAL OF LICITACION;4000006494;140;ZPIN;25.66 - Abra Silver;;0;10;3;3/2/2026;MBALAUZ;1013113;TRANSPORTE DE PERSONAL XVIAJE;1;Servicios;CUMPLIDO;MR01;1;28/1/2026;3/2/2026;febrero;10141636;140;1;28/1/2026;28/1/2026;PCO;;0;;0;;;;;;;;0;1;;0;;;;0;0;;;;;0;0;;;;;;;;;0;;;;;;0;;;0;;;;;;0;;;0;0;;;;;1;;1;;;0;6;;;6;;SIN GC
00005 TALLER;4000006576;140;ZPIN;PEDIDO TALLER / HERR;;0;10;4;9/3/2026;HCABELLO;1012896;"CAJA DE TUBO ENCASTER 3/8"" CON CRIQUE";1;Materiales genericos;CUMPLIDO;MM01;1;2/3/2026;10/3/2026;marzo;10144314;140;1;2/3/2026;2/3/2026;C13;;0;;0;;;;;;;;0;1;;0;;;;0;0;;;;;0;0;;;;;;;;;0;;;;;;0;;;0;;;;;;0;;;0;0;;;;;1;;1;;;0;7;;;7;;COMPRAS ABASTECIMIENTO
00005 TALLER;4000006613;140;ZPIN;PEDIDO INFORMACION -;;0;10;4;23/3/2026;SFLORES;1035545;PERNO CILINDRO BALDE;1;Materiales Stock;CUMPLIDO;MR01;1;20/3/2026;30/3/2026;marzo;10145860;140;1;20/3/2026;20/3/2026;C03;;0;;0;;;;;;;;0;1;;0;;;;0;0;;;;;0;0;;;;;;;;;0;;;;;;0;;;0;;;;;;0;;;0;0;;;;;1;;1;;;0;3;;;3;;COMPRAS EQUIPOS
0004 SERVICIO TECNICO PROYECTO;4000006330;150;ZPIN;PEDIDOS P/ COTIZAR -;;0;10;4;2/1/2026;LNUNEZ;1016529;"LLAVE COMBINADA 5/8""";2;Materiales usuales;CUMPLIDO;MR01;1;9/12/2025;2/1/2026;enero;10137730;150;1;9/12/2025;9/12/2025;C27;;0;;0;;;;;;;;0;2;;0;;;;0;0;;;;;0;0;;;;;;;;;0;;;;;;0;;;0;;;;;;0;;;0;0;;;;;1;;1;;;0;24;;;24;;COMPRAS ABASTECIMIENTO
00007 COMERCIAL OF LICITACION;4000006386;150;ZPIN;02-26 Parque Eólico;;0;10;4;8/1/2026;MBALAUZ;1012986;SUBC CERCO PERIM C PROVISION DE MATERIAL;1;Servicios;CUMPLIDO;MR01;1;6/1/2026;16/1/2026;enero;10139682;150;1;6/1/2026;6/1/2026;C26;;0;;0;;;;;;;;0;1;;0;;;;0;0;;;;;0;0;;;;;;;;;0;;;;;;0;;;0;;;;;;0;;;0;0;;;;;1;;1;;;0;2;;;2;;COMPRAS ABASTECIMIENTO
00007 COMERCIAL OF LICITACION;4000006494;150;ZPIN;25.66 - Abra Silver;;0;10;3;3/2/2026;MBALAUZ;1013130;EXAMEN PREOCUPACIONAL BASICO XUN;1;Servicios;CUMPLIDO;MR01;1;28/1/2026;3/2/2026;febrero;10141636;150;1;28/1/2026;28/1/2026;PCO;;0;;0;;;;;;;;0;1;;0;;;;0;0;;;;;0;0;;;;;;;;;0;;;;;;0;;;0;;;;;;0;;;0;0;;;;;1;;1;;;0;6;;;6;;SIN GC
00005 TALLER;4000006576;150;ZPIN;PEDIDO TALLER / HERR;;0;10;4;9/3/2026;HCABELLO;1012896;MALE DE HERR (STANLEY MOD RACING R99-150;1;Materiales genericos;CUMPLIDO;MM01;1;2/3/2026;10/3/2026;marzo;10144314;150;1;2/3/2026;2/3/2026;C13;;0;;0;;;;;;;;0;1;;0;;;;0;0;;;;;0;0;;;;;;;;;0;;;;;;0;;;0;;;;;;0;;;0;0;;;;;1;;1;;;0;7;;;7;;COMPRAS ABASTECIMIENTO
00005 TALLER;4000006613;150;ZPIN;PEDIDO INFORMACION -;;0;10;4;23/3/2026;SFLORES;1035544;BUJE CILINDRO BALDE;1;Materiales Stock;CUMPLIDO;MR01;1;20/3/2026;30/3/2026;marzo;10145860;150;1;20/3/2026;20/3/2026;C03;;0;;0;;;;;;;;0;1;;0;;;;0;0;;;;;0;0;;;;;;;;;0;;;;;;0;;;0;;;;;;0;;;0;0;;;;;1;;1;;;0;3;;;3;;COMPRAS EQUIPOS
00027 SEDE ACINDAR;4000006396;10;ZPIN;Elementos varios - C;1000081242;0;;4;13/1/2026;DBENITEZ;1012735;ROTULADORA S/ADJUNTO;1;Materiales genericos;PROCESADO;MR01;1;8/1/2026;15/1/2026;enero;10139844;10;1;8/1/2026;8/1/2026;C05;;0;;0;;;;;;;;0;1;;0;;;;0;0;;;;;0;0;;;;;;;;;0;;;;;;0;;;0;;;;;;0;;;0;0;;1000081242;10;16/1/2026;1;;1;;;0;5;3;;5;3;SIN GC
0004 SERVICIO TECNICO PROYECTO;4000006330;160;ZPIN;PEDIDOS P/ COTIZAR -;;0;10;4;2/1/2026;LNUNEZ;1016530;"LLAVE COMBINADA 11/16""";1;Materiales usuales;CUMPLIDO;MR01;1;9/12/2025;2/1/2026;enero;10137730;160;1;9/12/2025;9/12/2025;C27;;0;;0;;;;;;;;0;1;;0;;;;0;0;;;;;0;0;;;;;;;;;0;;;;;;0;;;0;;;;;;0;;;0;0;;;;;1;;1;;;0;24;;;24;;COMPRAS ABASTECIMIENTO
00007 COMERCIAL OF LICITACION;4000006386;160;ZPIN;02-26 Parque Eólico;;0;10;4;15/1/2026;MBALAUZ;1012585;Encofrado;1;Materiales genericos;CUMPLIDO;MR01;1;6/1/2026;16/1/2026;enero;10139682;160;1;6/1/2026;6/1/2026;PCO;;0;;0;;;;;;;;0;1;;0;;;;0;0;;;;;0;0;;;;;;;;;0;;;;;;0;;;0;;;;;;0;;;0;0;;;;;1;;1;;;0;9;;;9;;SIN GC
00005 TALLER;4000006613;160;ZPIN;PEDIDO INFORMACION -;;0;10;4;23/3/2026;SFLORES;1024379;"SELLO DE ""H""";2;Materiales Stock;CUMPLIDO;MR01;1;20/3/2026;30/3/2026;marzo;10145860;160;1;20/3/2026;20/3/2026;C03;;0;;0;;;;;;;;0;2;;0;;;;0;0;;;;;0;0;;;;;;;;;0;;;;;;0;;;0;;;;;;0;;;0;0;;;;;1;;1;;;0;3;;;3;;COMPRAS EQUIPOS
00027 SEDE ACINDAR;4000006396;20;ZPIN;Elementos varios - C;1000081242;0;;4;13/1/2026;DBENITEZ;1001858;PILAS RECARGABLES AAA SUELTA X UNIDAD;8;Materiales Stock;PROCESADO;MR01;1;8/1/2026;15/1/2026;enero;10139844;20;1;8/1/2026;8/1/2026;C05;;0;;0;;;;;;;;0;8;;0;;;;0;0;;;;;0;0;;;;;;;;;0;;;;;;0;;;0;;;;;;0;;;0;0;;1000081242;20;16/1/2026;1;;1;;;0;5;3;;5;3;SIN GC
0004 SERVICIO TECNICO PROYECTO;4000006330;170;ZPIN;PEDIDOS P/ COTIZAR -;;0;10;4;2/1/2026;LNUNEZ;1016533;"LLAVE COMBINADA 7/8""";2;Materiales usuales;CUMPLIDO;MR01;1;9/12/2025;2/1/2026;enero;10137730;170;1;9/12/2025;9/12/2025;C27;;0;;0;;;;;;;;0;2;;0;;;;0;0;;;;;0;0;;;;;;;;;0;;;;;;0;;;0;;;;;;0;;;0;0;;;;;1;;1;;;0;24;;;24;;COMPRAS ABASTECIMIENTO
00007 COMERCIAL OF LICITACION;4000006386;170;ZPIN;02-26 Parque Eólico;;0;10;4;15/1/2026;MBALAUZ;1012780;Curva a 90° PVC Ø50mm;1;Materiales genericos;CUMPLIDO;MR01;1;6/1/2026;16/1/2026;enero;10139682;170;1;6/1/2026;6/1/2026;PCO;;0;;0;;;;;;;;0;1;;0;;;;0;0;;;;;0;0;;;;;;;;;0;;;;;;0;;;0;;;;;;0;;;0;0;;;;;1;;1;;;0;9;;;9;;SIN GC
00005 TALLER;4000006613;170;ZPIN;PEDIDO INFORMACION -;;0;10;4;23/3/2026;SFLORES;1035532;BUJE CIL.BALDE/CIL.BALDE;1;Materiales Stock;CUMPLIDO;MR01;1;20/3/2026;30/3/2026;marzo;10145860;170;1;20/3/2026;20/3/2026;C03;;0;;0;;;;;;;;0;1;;0;;;;0;0;;;;;0;0;;;;;;;;;0;;;;;;0;;;0;;;;;;0;;;0;0;;;;;1;;1;;;0;3;;;3;;COMPRAS EQUIPOS
00027 SEDE ACINDAR;4000006396;30;ZPIN;Elementos varios - C;1000081242;0;;4;13/1/2026;DBENITEZ;1012734;CINTA ROTULADORA S/ADJUNTO;6;Materiales genericos;PROCESADO;MR01;1;8/1/2026;15/1/2026;enero;10139844;30;1;8/1/2026;8/1/2026;C05;;0;;0;;;;;;;;0;6;;0;;;;0;0;;;;;0;0;;;;;;;;;0;;;;;;0;;;0;;;;;;0;;;0;0;;1000081242;30;16/1/2026;1;;1;;;0;5;3;;5;3;SIN GC
0004 SERVICIO TECNICO PROYECTO;4000006330;180;ZPIN;PEDIDOS P/ COTIZAR -;;0;10;4;2/1/2026;LNUNEZ;1034820;LLAVE COMBINADA 15/16;2;Materiales usuales;CUMPLIDO;MR01;1;9/12/2025;2/1/2026;enero;10137730;180;1;9/12/2025;9/12/2025;C27;;0;;0;;;;;;;;0;2;;0;;;;0;0;;;;;0;0;;;;;;;;;0;;;;;;0;;;0;;;;;;0;;;0;0;;;;;1;;1;;;0;24;;;24;;COMPRAS ABASTECIMIENTO
00007 COMERCIAL OF LICITACION;4000006386;180;ZPIN;02-26 Parque Eólico;;0;10;4;15/1/2026;MBALAUZ;1012779;Ø 50 mm;100;Materiales genericos;CUMPLIDO;MR01;1;6/1/2026;16/1/2026;enero;10139682;180;1;6/1/2026;6/1/2026;PCO;;0;;0;;;;;;;;0;100;;0;;;;0;0;;;;;0;0;;;;;;;;;0;;;;;;0;;;0;;;;;;0;;;0;0;;;;;1;;1;;;0;9;;;9;;SIN GC
00005 TALLER;4000006613;180;ZPIN;PEDIDO INFORMACION -;;0;10;4;23/3/2026;SFLORES;1024413;SELLO GUARDAPOLVO;2;Materiales Stock;CUMPLIDO;MR01;1;20/3/2026;30/3/2026;marzo;10145860;180;1;20/3/2026;20/3/2026;C03;;0;;0;;;;;;;;0;2;;0;;;;0;0;;;;;0;0;;;;;;;;;0;;;;;;0;;;0;;;;;;0;;;0;0;;;;;1;;1;;;0;3;;;3;;COMPRAS EQUIPOS
0004 SERVICIO TECNICO PROYECTO;4000006330;190;ZPIN;PEDIDOS P/ COTIZAR -;;0;10;4;2/1/2026;LNUNEZ;1016524;"LLAVE COMBINADA 3/8""";2;Materiales usuales;CUMPLIDO;MR01;1;9/12/2025;2/1/2026;enero;10137730;190;1;9/12/2025;9/12/2025;C27;;0;;0;;;;;;;;0;2;;0;;;;0;0;;;;;0;0;;;;;;;;;0;;;;;;0;;;0;;;;;;0;;;0;0;;;;;1;;1;;;0;24;;;24;;COMPRAS ABASTECIMIENTO
00005 TALLER;4000006613;190;ZPIN;PEDIDO INFORMACION -;;0;10;4;23/3/2026;SFLORES;1023892;PERNO DE BALDE;2;Materiales Stock;CUMPLIDO;MR01;1;20/3/2026;30/3/2026;marzo;10145860;190;1;20/3/2026;20/3/2026;C03;;0;;0;;;;;;;;0;2;;0;;;;0;0;;;;;0;0;;;;;;;;;0;;;;;;0;;;0;;;;;;0;;;0;0;;;;;1;;1;;;0;3;;;3;;COMPRAS EQUIPOS
0004 SERVICIO TECNICO PROYECTO;4000006330;200;ZPIN;PEDIDOS P/ COTIZAR -;;0;10;4;2/1/2026;LNUNEZ;1016525;"LLAVE COMBINADA 7/16""";1;Materiales usuales;CUMPLIDO;MR01;1;9/12/2025;2/1/2026;enero;10137730;200;1;9/12/2025;9/12/2025;C27;;0;;0;;;;;;;;0;1;;0;;;;0;0;;;;;0;0;;;;;;;;;0;;;;;;0;;;0;;;;;;0;;;0;0;;;;;1;;1;;;0;24;;;24;;COMPRAS ABASTECIMIENTO
00005 TALLER;4000006613;200;ZPIN;PEDIDO INFORMACION -;;0;10;4;23/3/2026;SFLORES;1023886;"PERNO DE ""H""";2;Materiales Stock;CUMPLIDO;MR01;1;20/3/2026;30/3/2026;marzo;10145860;200;1;20/3/2026;20/3/2026;C03;;0;;0;;;;;;;;0;2;;0;;;;0;0;;;;;0;0;;;;;;;;;0;;;;;;0;;;0;;;;;;0;;;0;0;;;;;1;;1;;;0;3;;;3;;COMPRAS EQUIPOS
00027 SEDE ACINDAR;4000006396;70;ZPIN;Elementos varios - C;1000081396;0;;4;19/1/2026;DBENITEZ;1012896;"Llave ajustable inglesa10"" aislada 1000V";1;Materiales genericos;PROCESADO;MR01;1;8/1/2026;15/1/2026;enero;10139844;70;1;8/1/2026;8/1/2026;C27;;0;;0;;;;;;;;0;1;;0;;;;0;0;;;;;0;0;;;;;;;;;0;;;;;;0;;;0;;;;;;0;;;0;0;;1000081396;70;20/1/2026;1;;;1;4;0;11;1;;11;;COMPRAS ABASTECIMIENTO
0004 SERVICIO TECNICO PROYECTO;4000006330;210;ZPIN;PEDIDOS P/ COTIZAR -;;0;10;4;2/1/2026;LNUNEZ;1016528;"LLAVE COMBINADA 9/16""";2;Materiales usuales;CUMPLIDO;MR01;1;9/12/2025;2/1/2026;enero;10137730;210;1;9/12/2025;9/12/2025;C27;;0;;0;;;;;;;;0;2;;0;;;;0;0;;;;;0;0;;;;;;;;;0;;;;;;0;;;0;;;;;;0;;;0;0;;;;;1;;1;;;0;24;;;24;;COMPRAS ABASTECIMIENTO
00005 TALLER;4000006613;210;ZPIN;PEDIDO INFORMACION -;;0;10;4;23/3/2026;SFLORES;1023111;BUJE SUPERIOR DE BALDE PUNTA DE STICK;4;Materiales Stock;CUMPLIDO;MR01;1;20/3/2026;30/3/2026;marzo;10145860;210;1;20/3/2026;20/3/2026;C03;;0;;0;;;;;;;;0;4;;0;;;;0;0;;;;;0;0;;;;;;;;;0;;;;;;0;;;0;;;;;;0;;;0;0;;;;;1;;1;;;0;3;;;3;;COMPRAS EQUIPOS
00027 SEDE ACINDAR;4000006396;80;ZPIN;Elementos varios - C;1000081396;0;;4;19/1/2026;DBENITEZ;1012896;JUEGO DE LLAVES ALLEN S/ADJUNTO;1;Materiales genericos;PROCESADO;MR01;1;8/1/2026;15/1/2026;enero;10139844;80;1;8/1/2026;8/1/2026;C27;;0;;0;;;;;;;;0;1;;0;;;;0;0;;;;;0;0;;;;;;;;;0;;;;;;0;;;0;;;;;;0;;;0;0;;1000081396;80;20/1/2026;1;;;1;4;0;11;1;;11;;COMPRAS ABASTECIMIENTO
0004 SERVICIO TECNICO PROYECTO;4000006330;220;ZPIN;PEDIDOS P/ COTIZAR -;;0;10;4;2/1/2026;LNUNEZ;1016532;"LLAVE COMBINADA 3/4""";2;Materiales usuales;CUMPLIDO;MR01;1;9/12/2025;2/1/2026;enero;10137730;220;1;9/12/2025;9/12/2025;C27;;0;;0;;;;;;;;0;2;;0;;;;0;0;;;;;0;0;;;;;;;;;0;;;;;;0;;;0;;;;;;0;;;0;0;;;;;1;;1;;;0;24;;;24;;COMPRAS ABASTECIMIENTO
00005 TALLER;4000006613;220;ZPIN;PEDIDO INFORMACION -;;0;10;4;23/3/2026;SFLORES;1024379;"SELLO DE ""H""";6;Materiales Stock;CUMPLIDO;MR01;1;20/3/2026;30/3/2026;marzo;10145860;220;1;20/3/2026;20/3/2026;C03;;0;;0;;;;;;;;0;6;;0;;;;0;0;;;;;0;0;;;;;;;;;0;;;;;;0;;;0;;;;;;0;;;0;0;;;;;1;;1;;;0;3;;;3;;COMPRAS EQUIPOS
00029-AMPLIACION SEDE ROSARIO;4000006392;10;ZPIN;MATERIALES ELECTRICO;1000081452;0;;4;14/1/2026;DBENITEZ;1012798;Caño de hierro semipesado ø7/8'';600;Materiales genericos;PROCESADO;MR01;1;8/1/2026;15/1/2026;enero;10139833;10;1;8/1/2026;8/1/2026;C11;;0;;0;;;;;;;;0;600;;0;;;;0;0;;;;;0;0;;;;;;;;;0;;;;;;0;;;0;;;;;;0;;;0;0;;1000081452;10;21/1/2026;1;;1;;;0;6;7;;6;7;COMPRAS ABASTECIMIENTO
0004 SERVICIO TECNICO PROYECTO;4000006330;230;ZPIN;PEDIDOS P/ COTIZAR -;;0;10;4;2/1/2026;LNUNEZ;1021615;LLAVE COMBINADA 13/16;1;Materiales usuales;CUMPLIDO;MR01;1;9/12/2025;2/1/2026;enero;10137730;230;1;9/12/2025;9/12/2025;C27;;0;;0;;;;;;;;0;1;;0;;;;0;0;;;;;0;0;;;;;;;;;0;;;;;;0;;;0;;;;;;0;;;0;0;;;;;1;;1;;;0;24;;;24;;COMPRAS ABASTECIMIENTO
00005 TALLER;4000006613;230;ZPIN;PEDIDO INFORMACION -;;0;10;4;23/3/2026;SFLORES;1050092;BULON;2;Materiales Stock;CUMPLIDO;MR01;1;20/3/2026;30/3/2026;marzo;10145860;230;1;20/3/2026;20/3/2026;C03;;0;;0;;;;;;;;0;2;;0;;;;0;0;;;;;0;0;;;;;;;;;0;;;;;;0;;;0;;;;;;0;;;0;0;;;;;1;;1;;;0;3;;;3;;COMPRAS EQUIPOS
00029-AMPLIACION SEDE ROSARIO;4000006392;20;ZPIN;MATERIALES ELECTRICO;1000081452;0;;4;14/1/2026;DBENITEZ;1012807;Caja metálica 10x10 u octogonal grande;80;Materiales genericos;PROCESADO;MR01;1;8/1/2026;15/1/2026;enero;10139833;20;1;8/1/2026;8/1/2026;C11;;0;;0;;;;;;;;0;80;;0;;;;0;0;;;;;0;0;;;;;;;;;0;;;;;;0;;;0;;;;;;0;;;0;0;;1000081452;20;21/1/2026;1;;1;;;0;6;7;;6;7;COMPRAS ABASTECIMIENTO
0004 SERVICIO TECNICO PROYECTO;4000006330;240;ZPIN;PEDIDOS P/ COTIZAR -;;0;10;4;2/1/2026;LNUNEZ;1034821;"LLAVE COMBINADA 1""";1;Materiales usuales;CUMPLIDO;MR01;1;9/12/2025;2/1/2026;enero;10137730;240;1;9/12/2025;9/12/2025;C27;;0;;0;;;;;;;;0;1;;0;;;;0;0;;;;;0;0;;;;;;;;;0;;;;;;0;;;0;;;;;;0;;;0;0;;;;;1;;1;;;0;24;;;24;;COMPRAS ABASTECIMIENTO
00005 TALLER;4000006613;240;ZPIN;PEDIDO INFORMACION -;;0;10;4;23/3/2026;SFLORES;1050093;TUERCA;4;Materiales Stock;CUMPLIDO;MR01;1;20/3/2026;30/3/2026;marzo;10145860;240;1;20/3/2026;20/3/2026;C03;;0;;0;;;;;;;;0;4;;0;;;;0;0;;;;;0;0;;;;;;;;;0;;;;;;0;;;0;;;;;;0;;;0;0;;;;;1;;1;;;0;3;;;3;;COMPRAS EQUIPOS
00029-AMPLIACION SEDE ROSARIO;4000006392;30;ZPIN;MATERIALES ELECTRICO;1000081452;0;;4;14/1/2026;DBENITEZ;1012807;Tapa metálica para caja 10x10 u octogona;80;Materiales genericos;PROCESADO;MR01;1;8/1/2026;15/1/2026;enero;10139833;30;1;8/1/2026;8/1/2026;C11;;0;;0;;;;;;;;0;80;;0;;;;0;0;;;;;0;0;;;;;;;;;0;;;;;;0;;;0;;;;;;0;;;0;0;;1000081452;30;21/1/2026;1;;1;;;0;6;7;;6;7;COMPRAS ABASTECIMIENTO
0004 SERVICIO TECNICO PROYECTO;4000006330;250;ZPIN;PEDIDOS P/ COTIZAR -;;0;10;4;2/1/2026;LNUNEZ;1012405;LLAVE COMBINADA NB 6;1;Materiales usuales;CUMPLIDO;MR01;1;9/12/2025;2/1/2026;enero;10137730;250;1;9/12/2025;9/12/2025;C27;;0;;0;;;;;;;;0;1;;0;;;;0;0;;;;;0;0;;;;;;;;;0;;;;;;0;;;0;;;;;;0;;;0;0;;;;;1;;1;;;0;24;;;24;;COMPRAS ABASTECIMIENTO
00005 TALLER;4000006613;250;ZPIN;PEDIDO INFORMACION -;;0;10;4;23/3/2026;SFLORES;1034184;O'RING;2;Materiales Stock;CUMPLIDO;MR01;1;20/3/2026;30/3/2026;marzo;10145860;250;1;20/3/2026;20/3/2026;C03;;0;;0;;;;;;;;0;2;;0;;;;0;0;;;;;0;0;;;;;;;;;0;;;;;;0;;;0;;;;;;0;;;0;0;;;;;1;;1;;;0;3;;;3;;COMPRAS EQUIPOS
00029-AMPLIACION SEDE ROSARIO;4000006392;40;ZPIN;MATERIALES ELECTRICO;1000081452;0;;4;14/1/2026;DBENITEZ;1012807;Prensacable de PVC 3/4'';80;Materiales genericos;PROCESADO;MR01;1;8/1/2026;15/1/2026;enero;10139833;40;1;8/1/2026;8/1/2026;C11;;0;;0;;;;;;;;0;80;;0;;;;0;0;;;;;0;0;;;;;;;;;0;;;;;;0;;;0;;;;;;0;;;0;0;;1000081452;40;21/1/2026;1;;1;;;0;6;7;;6;7;COMPRAS ABASTECIMIENTO
0004 SERVICIO TECNICO PROYECTO;4000006330;260;ZPIN;PEDIDOS P/ COTIZAR -;;0;10;4;2/1/2026;LNUNEZ;1012406;LLAVE COMBINADA NB 7;1;Materiales usuales;CUMPLIDO;MR01;1;9/12/2025;2/1/2026;enero;10137730;260;1;9/12/2025;9/12/2025;C27;;0;;0;;;;;;;;0;1;;0;;;;0;0;;;;;0;0;;;;;;;;;0;;;;;;0;;;0;;;;;;0;;;0;0;;;;;1;;1;;;0;24;;;24;;COMPRAS ABASTECIMIENTO
00005 TALLER;4000006613;260;ZPIN;PEDIDO INFORMACION -;;0;10;4;23/3/2026;SFLORES;1034184;O'RING;2;Materiales Stock;CUMPLIDO;MR01;1;20/3/2026;30/3/2026;marzo;10145860;260;1;20/3/2026;20/3/2026;C03;;0;;0;;;;;;;;0;2;;0;;;;0;0;;;;;0;0;;;;;;;;;0;;;;;;0;;;0;;;;;;0;;;0;0;;;;;1;;1;;;0;3;;;3;;COMPRAS EQUIPOS
00029-AMPLIACION SEDE ROSARIO;4000006392;50;ZPIN;MATERIALES ELECTRICO;1000081452;0;;4;14/1/2026;DBENITEZ;1012807;Conector metálico 7/8'' (Marca Delga);210;Materiales genericos;PROCESADO;MR01;1;8/1/2026;15/1/2026;enero;10139833;50;1;8/1/2026;8/1/2026;C11;;0;;0;;;;;;;;0;210;;0;;;;0;0;;;;;0;0;;;;;;;;;0;;;;;;0;;;0;;;;;;0;;;0;0;;1000081452;50;21/1/2026;1;;1;;;0;6;7;;6;7;COMPRAS ABASTECIMIENTO
0004 SERVICIO TECNICO PROYECTO;4000006330;270;ZPIN;PEDIDOS P/ COTIZAR -;;0;10;4;2/1/2026;LNUNEZ;1012407;LLAVE COMBINADA NB 8;1;Materiales usuales;CUMPLIDO;MR01;1;9/12/2025;2/1/2026;enero;10137730;270;1;9/12/2025;9/12/2025;C27;;0;;0;;;;;;;;0;1;;0;;;;0;0;;;;;0;0;;;;;;;;;0;;;;;;0;;;0;;;;;;0;;;0;0;;;;;1;;1;;;0;24;;;24;;COMPRAS ABASTECIMIENTO
00005 TALLER;4000006613;270;ZPIN;PEDIDO INFORMACION -;;0;10;4;23/3/2026;SFLORES;1054634;CODO;1;Materiales Stock;CUMPLIDO;MR01;1;20/3/2026;30/3/2026;marzo;10145860;270;1;20/3/2026;20/3/2026;C03;;0;;0;;;;;;;;0;1;;0;;;;0;0;;;;;0;0;;;;;;;;;0;;;;;;0;;;0;;;;;;0;;;0;0;;;;;1;;1;;;0;3;;;3;;COMPRAS EQUIPOS
00029-AMPLIACION SEDE ROSARIO;4000006392;60;ZPIN;MATERIALES ELECTRICO;1000081452;0;;4;14/1/2026;DBENITEZ;1012807;Cupla unión metálica para caño 7/8';20;Materiales genericos;PROCESADO;MR01;1;8/1/2026;15/1/2026;enero;10139833;60;1;8/1/2026;8/1/2026;C11;;0;;0;;;;;;;;0;20;;0;;;;0;0;;;;;0;0;;;;;;;;;0;;;;;;0;;;0;;;;;;0;;;0;0;;1000081452;60;21/1/2026;1;;1;;;0;6;7;;6;7;COMPRAS ABASTECIMIENTO
0004 SERVICIO TECNICO PROYECTO;4000006330;280;ZPIN;PEDIDOS P/ COTIZAR -;;0;10;4;2/1/2026;LNUNEZ;1012408;LLAVE COMBINADA NB 9;1;Materiales usuales;CUMPLIDO;MR01;1;9/12/2025;2/1/2026;enero;10137730;280;1;9/12/2025;9/12/2025;C27;;0;;0;;;;;;;;0;1;;0;;;;0;0;;;;;0;0;;;;;;;;;0;;;;;;0;;;0;;;;;;0;;;0;0;;;;;1;;1;;;0;24;;;24;;COMPRAS ABASTECIMIENTO
00005 TALLER;4000006613;280;ZPIN;PEDIDO INFORMACION -;;0;10;4;23/3/2026;SFLORES;1054634;CODO;1;Materiales Stock;CUMPLIDO;MR01;1;20/3/2026;30/3/2026;marzo;10145860;280;1;20/3/2026;20/3/2026;C03;;0;;0;;;;;;;;0;1;;0;;;;0;0;;;;;0;0;;;;;;;;;0;;;;;;0;;;0;;;;;;0;;;0;0;;;;;1;;1;;;0;3;;;3;;COMPRAS EQUIPOS
00029-AMPLIACION SEDE ROSARIO;4000006392;70;ZPIN;MATERIALES ELECTRICO;1000081452;0;;4;14/1/2026;DBENITEZ;1012807;Grampa rápida sisagrip para caño 7/8'';400;Materiales genericos;PROCESADO;MR01;1;8/1/2026;15/1/2026;enero;10139833;70;1;8/1/2026;8/1/2026;C11;;0;;0;;;;;;;;0;400;;0;;;;0;0;;;;;0;0;;;;;;;;;0;;;;;;0;;;0;;;;;;0;;;0;0;;1000081452;70;21/1/2026;1;;1;;;0;6;7;;6;7;COMPRAS ABASTECIMIENTO
0004 SERVICIO TECNICO PROYECTO;4000006330;290;ZPIN;PEDIDOS P/ COTIZAR -;;0;10;4;2/1/2026;LNUNEZ;1012383;LLAVE COMBINADA NB 10;1;Materiales usuales;CUMPLIDO;MR01;1;9/12/2025;2/1/2026;enero;10137730;290;1;9/12/2025;9/12/2025;C27;;0;;0;;;;;;;;0;1;;0;;;;0;0;;;;;0;0;;;;;;;;;0;;;;;;0;;;0;;;;;;0;;;0;0;;;;;1;;1;;;0;24;;;24;;COMPRAS ABASTECIMIENTO
00005 TALLER;4000006613;290;ZPIN;PEDIDO INFORMACION -;;0;10;4;23/3/2026;SFLORES;1054636;MANGUERA;1;Materiales Stock;CUMPLIDO;MR01;1;20/3/2026;30/3/2026;marzo;10145860;290;1;20/3/2026;20/3/2026;C03;;0;;0;;;;;;;;0;1;;0;;;;0;0;;;;;0;0;;;;;;;;;0;;;;;;0;;;0;;;;;;0;;;0;0;;;;;1;;1;;;0;3;;;3;;COMPRAS EQUIPOS
00029-AMPLIACION SEDE ROSARIO;4000006392;80;ZPIN;MATERIALES ELECTRICO;1000081452;0;;4;14/1/2026;DBENITEZ;1012717;cable 1x2.5 mm² x 100 m celeste;9;Materiales genericos;PROCESADO;MR01;1;8/1/2026;15/1/2026;enero;10139833;80;1;8/1/2026;8/1/2026;C11;;0;;0;;;;;;;;0;9;;0;;;;0;0;;;;;0;0;;;;;;;;;0;;;;;;0;;;0;;;;;;0;;;0;0;;1000081452;80;21/1/2026;1;;1;;;0;6;7;;6;7;COMPRAS ABASTECIMIENTO
0004 SERVICIO TECNICO PROYECTO;4000006330;300;ZPIN;PEDIDOS P/ COTIZAR -;;0;10;4;2/1/2026;LNUNEZ;1012384;LLAVE COMBINADA NB 11;1;Materiales usuales;CUMPLIDO;MR01;1;9/12/2025;2/1/2026;enero;10137730;300;1;9/12/2025;9/12/2025;C27;;0;;0;;;;;;;;0;1;;0;;;;0;0;;;;;0;0;;;;;;;;;0;;;;;;0;;;0;;;;;;0;;;0;0;;;;;1;;1;;;0;24;;;24;;COMPRAS ABASTECIMIENTO
00005 TALLER;4000006613;300;ZPIN;PEDIDO INFORMACION -;;0;10;4;23/3/2026;SFLORES;1041548;EMPUÑADURA DE PALANCA MOV(KOMATSU);1;Materiales Stock;CUMPLIDO;MR01;1;20/3/2026;30/3/2026;marzo;10145860;300;1;20/3/2026;20/3/2026;C03;;0;;0;;;;;;;;0;1;;0;;;;0;0;;;;;0;0;;;;;;;;;0;;;;;;0;;;0;;;;;;0;;;0;0;;;;;1;;1;;;0;3;;;3;;COMPRAS EQUIPOS
00029-AMPLIACION SEDE ROSARIO;4000006392;90;ZPIN;MATERIALES ELECTRICO;1000081452;0;;4;14/1/2026;DBENITEZ;1012717;cable 1x2.5 mm² x 100 m verde y amarillo;7;Materiales genericos;PROCESADO;MR01;1;8/1/2026;15/1/2026;enero;10139833;90;1;8/1/2026;8/1/2026;C11;;0;;0;;;;;;;;0;7;;0;;;;0;0;;;;;0;0;;;;;;;;;0;;;;;;0;;;0;;;;;;0;;;0;0;;1000081452;90;21/1/2026;1;;1;;;0;6;7;;6;7;COMPRAS ABASTECIMIENTO
0004 SERVICIO TECNICO PROYECTO;4000006330;310;ZPIN;PEDIDOS P/ COTIZAR -;;0;10;4;2/1/2026;LNUNEZ;1012385;LLAVE COMBINADA NB 12;2;Materiales usuales;CUMPLIDO;MR01;1;9/12/2025;2/1/2026;enero;10137730;310;1;9/12/2025;9/12/2025;C27;;0;;0;;;;;;;;0;2;;0;;;;0;0;;;;;0;0;;;;;;;;;0;;;;;;0;;;0;;;;;;0;;;0;0;;;;;1;;1;;;0;24;;;24;;COMPRAS ABASTECIMIENTO
00005 TALLER;4000006613;310;ZPIN;PEDIDO INFORMACION -;;0;10;4;23/3/2026;SFLORES;1041548;EMPUÑADURA DE PALANCA MOV(KOMATSU);1;Materiales Stock;CUMPLIDO;MR01;1;20/3/2026;30/3/2026;marzo;10145860;310;1;20/3/2026;20/3/2026;C03;;0;;0;;;;;;;;0;1;;0;;;;0;0;;;;;0;0;;;;;;;;;0;;;;;;0;;;0;;;;;;0;;;0;0;;;;;1;;1;;;0;3;;;3;;COMPRAS EQUIPOS
00029-AMPLIACION SEDE ROSARIO;4000006392;100;ZPIN;MATERIALES ELECTRICO;1000081452;0;;4;14/1/2026;DBENITEZ;1012717;cable 1x2.5 mm² x 100 m marrón;4;Materiales genericos;PROCESADO;MR01;1;8/1/2026;15/1/2026;enero;10139833;100;1;8/1/2026;8/1/2026;C11;;0;;0;;;;;;;;0;4;;0;;;;0;0;;;;;0;0;;;;;;;;;0;;;;;;0;;;0;;;;;;0;;;0;0;;1000081452;100;21/1/2026;1;;1;;;0;6;7;;6;7;COMPRAS ABASTECIMIENTO
0004 SERVICIO TECNICO PROYECTO;4000006330;320;ZPIN;PEDIDOS P/ COTIZAR -;;0;10;4;2/1/2026;LNUNEZ;1012386;LLAVE COMBINADA NB 13;1;Materiales usuales;CUMPLIDO;MR01;1;9/12/2025;2/1/2026;enero;10137730;320;1;9/12/2025;9/12/2025;C27;;0;;0;;;;;;;;0;1;;0;;;;0;0;;;;;0;0;;;;;;;;;0;;;;;;0;;;0;;;;;;0;;;0;0;;;;;1;;1;;;0;24;;;24;;COMPRAS ABASTECIMIENTO
00005 TALLER;4000006613;320;ZPIN;PEDIDO INFORMACION -;;0;10;4;23/3/2026;SFLORES;1054664;PERNO;1;Materiales Stock;CUMPLIDO;MR01;1;20/3/2026;30/3/2026;marzo;10145860;320;1;20/3/2026;20/3/2026;C03;;0;;0;;;;;;;;0;1;;0;;;;0;0;;;;;0;0;;;;;;;;;0;;;;;;0;;;0;;;;;;0;;;0;0;;;;;1;;1;;;0;3;;;3;;COMPRAS EQUIPOS
00029-AMPLIACION SEDE ROSARIO;4000006392;110;ZPIN;MATERIALES ELECTRICO;1000081452;0;;4;14/1/2026;DBENITEZ;1012717;cable 1x2.5 mm² x 100 m rojo;4;Materiales genericos;PROCESADO;MR01;1;8/1/2026;15/1/2026;enero;10139833;110;1;8/1/2026;8/1/2026;C11;;0;;0;;;;;;;;0;4;;0;;;;0;0;;;;;0;0;;;;;;;;;0;;;;;;0;;;0;;;;;;0;;;0;0;;1000081452;110;21/1/2026;1;;1;;;0;6;7;;6;7;COMPRAS ABASTECIMIENTO
0004 SERVICIO TECNICO PROYECTO;4000006330;330;ZPIN;PEDIDOS P/ COTIZAR -;;0;10;4;2/1/2026;LNUNEZ;1012387;LLAVE COMBINADA NB 14;2;Materiales usuales;CUMPLIDO;MR01;1;9/12/2025;2/1/2026;enero;10137730;330;1;9/12/2025;9/12/2025;C27;;0;;0;;;;;;;;0;2;;0;;;;0;0;;;;;0;0;;;;;;;;;0;;;;;;0;;;0;;;;;;0;;;0;0;;;;;1;;1;;;0;24;;;24;;COMPRAS ABASTECIMIENTO
00005 TALLER;4000006613;330;ZPIN;PEDIDO INFORMACION -;;0;10;4;23/3/2026;SFLORES;1054665;ESPACIADOR;6;Materiales Stock;CUMPLIDO;MR01;1;20/3/2026;30/3/2026;marzo;10145860;330;1;20/3/2026;20/3/2026;C03;;0;;0;;;;;;;;0;6;;0;;;;0;0;;;;;0;0;;;;;;;;;0;;;;;;0;;;0;;;;;;0;;;0;0;;;;;1;;1;;;0;3;;;3;;COMPRAS EQUIPOS
00029-AMPLIACION SEDE ROSARIO;4000006392;120;ZPIN;MATERIALES ELECTRICO;1000081452;0;;4;14/1/2026;DBENITEZ;1012717;cable 1x2.5 mm² x 100 m negro;4;Materiales genericos;PROCESADO;MR01;1;8/1/2026;15/1/2026;enero;10139833;120;1;8/1/2026;8/1/2026;C11;;0;;0;;;;;;;;0;4;;0;;;;0;0;;;;;0;0;;;;;;;;;0;;;;;;0;;;0;;;;;;0;;;0;0;;1000081452;120;21/1/2026;1;;1;;;0;6;7;;6;7;COMPRAS ABASTECIMIENTO
0004 SERVICIO TECNICO PROYECTO;4000006330;340;ZPIN;PEDIDOS P/ COTIZAR -;;0;10;4;2/1/2026;LNUNEZ;1012388;LLAVE COMBINADA NB 15;1;Materiales usuales;CUMPLIDO;MR01;1;9/12/2025;2/1/2026;enero;10137730;340;1;9/12/2025;9/12/2025;C27;;0;;0;;;;;;;;0;1;;0;;;;0;0;;;;;0;0;;;;;;;;;0;;;;;;0;;;0;;;;;;0;;;0;0;;;;;1;;1;;;0;24;;;24;;COMPRAS ABASTECIMIENTO
00005 TALLER;4000006613;340;ZPIN;PEDIDO INFORMACION -;;0;10;4;23/3/2026;SFLORES;1035531;PERNO INF CILINDRO BOOM UNION CHASIS;2;Materiales Stock;CUMPLIDO;MR01;1;20/3/2026;30/3/2026;marzo;10145860;340;1;20/3/2026;20/3/2026;C03;;0;;0;;;;;;;;0;2;;0;;;;0;0;;;;;0;0;;;;;;;;;0;;;;;;0;;;0;;;;;;0;;;0;0;;;;;1;;1;;;0;3;;;3;;COMPRAS EQUIPOS
00029-AMPLIACION SEDE ROSARIO;4000006392;130;ZPIN;MATERIALES ELECTRICO;1000081452;0;;4;14/1/2026;DBENITEZ;1012717;cable 1x1.5 mm² x 100 m celeste;45;Materiales genericos;PROCESADO;MR01;1;8/1/2026;15/1/2026;enero;10139833;130;1;8/1/2026;8/1/2026;C11;;0;;0;;;;;;;;0;45;;0;;;;0;0;;;;;0;0;;;;;;;;;0;;;;;;0;;;0;;;;;;0;;;0;0;;1000081452;130;21/1/2026;1;;1;;;0;6;7;;6;7;COMPRAS ABASTECIMIENTO
0004 SERVICIO TECNICO PROYECTO;4000006330;350;ZPIN;PEDIDOS P/ COTIZAR -;;0;10;4;2/1/2026;LNUNEZ;1012389;LLAVE COMBINADA NB 16;1;Materiales usuales;CUMPLIDO;MR01;1;9/12/2025;2/1/2026;enero;10137730;350;1;9/12/2025;9/12/2025;C27;;0;;0;;;;;;;;0;1;;0;;;;0;0;;;;;0;0;;;;;;;;;0;;;;;;0;;;0;;;;;;0;;;0;0;;;;;1;;1;;;0;24;;;24;;COMPRAS ABASTECIMIENTO
00005 TALLER;4000006613;350;ZPIN;PEDIDO INFORMACION -;;0;10;4;23/3/2026;SFLORES;1035536;BUJE CIL. BOOM / CIL. STICK;1;Materiales Stock;CUMPLIDO;MR01;1;20/3/2026;30/3/2026;marzo;10145860;350;1;20/3/2026;20/3/2026;C03;;0;;0;;;;;;;;0;1;;0;;;;0;0;;;;;0;0;;;;;;;;;0;;;;;;0;;;0;;;;;;0;;;0;0;;;;;1;;1;;;0;3;;;3;;COMPRAS EQUIPOS
00029-AMPLIACION SEDE ROSARIO;4000006392;140;ZPIN;MATERIALES ELECTRICO;1000081452;0;;4;14/1/2026;DBENITEZ;1012717;cable 1x1.5 mm² x 100 m verde y amarillo;19;Materiales genericos;PROCESADO;MR01;1;8/1/2026;15/1/2026;enero;10139833;140;1;8/1/2026;8/1/2026;C11;;0;;0;;;;;;;;0;19;;0;;;;0;0;;;;;0;0;;;;;;;;;0;;;;;;0;;;0;;;;;;0;;;0;0;;1000081452;140;21/1/2026;1;;1;;;0;6;7;;6;7;COMPRAS ABASTECIMIENTO
0004 SERVICIO TECNICO PROYECTO;4000006330;360;ZPIN;PEDIDOS P/ COTIZAR -;;0;10;4;2/1/2026;LNUNEZ;1012390;LLAVE COMBINADA NB 17;1;Materiales usuales;CUMPLIDO;MR01;1;9/12/2025;2/1/2026;enero;10137730;360;1;9/12/2025;9/12/2025;C27;;0;;0;;;;;;;;0;1;;0;;;;0;0;;;;;0;0;;;;;;;;;0;;;;;;0;;;0;;;;;;0;;;0;0;;;;;1;;1;;;0;24;;;24;;COMPRAS ABASTECIMIENTO
00005 TALLER;4000006613;360;ZPIN;PEDIDO INFORMACION -;;0;10;4;23/3/2026;SFLORES;1035534;RETEN CIL. BOOM / CIL. STICK;2;Materiales Stock;CUMPLIDO;MR01;1;20/3/2026;30/3/2026;marzo;10145860;360;1;20/3/2026;20/3/2026;C03;;0;;0;;;;;;;;0;2;;0;;;;0;0;;;;;0;0;;;;;;;;;0;;;;;;0;;;0;;;;;;0;;;0;0;;;;;1;;1;;;0;3;;;3;;COMPRAS EQUIPOS
00029-AMPLIACION SEDE ROSARIO;4000006392;150;ZPIN;MATERIALES ELECTRICO;1000081452;0;;4;14/1/2026;DBENITEZ;1012717;cable 1x1.5 mm² x 100 m marrón;15;Materiales genericos;PROCESADO;MR01;1;8/1/2026;15/1/2026;enero;10139833;150;1;8/1/2026;8/1/2026;C11;;0;;0;;;;;;;;0;15;;0;;;;0;0;;;;;0;0;;;;;;;;;0;;;;;;0;;;0;;;;;;0;;;0;0;;1000081452;150;21/1/2026;1;;1;;;0;6;7;;6;7;COMPRAS ABASTECIMIENTO
0004 SERVICIO TECNICO PROYECTO;4000006330;370;ZPIN;PEDIDOS P/ COTIZAR -;;0;10;4;2/1/2026;LNUNEZ;1012391;LLAVE COMBINADA NB 18;1;Materiales usuales;CUMPLIDO;MR01;1;9/12/2025;2/1/2026;enero;10137730;370;1;9/12/2025;9/12/2025;C27;;0;;0;;;;;;;;0;1;;0;;;;0;0;;;;;0;0;;;;;;;;;0;;;;;;0;;;0;;;;;;0;;;0;0;;;;;1;;1;;;0;24;;;24;;COMPRAS ABASTECIMIENTO
00005 TALLER;4000006613;370;ZPIN;PEDIDO INFORMACION -;;0;10;4;23/3/2026;SFLORES;1035532;BUJE CIL.BALDE/CIL.BALDE;1;Materiales Stock;CUMPLIDO;MR01;1;20/3/2026;30/3/2026;marzo;10145860;370;1;20/3/2026;20/3/2026;C03;;0;;0;;;;;;;;0;1;;0;;;;0;0;;;;;0;0;;;;;;;;;0;;;;;;0;;;0;;;;;;0;;;0;0;;;;;1;;1;;;0;3;;;3;;COMPRAS EQUIPOS
00029-AMPLIACION SEDE ROSARIO;4000006392;160;ZPIN;MATERIALES ELECTRICO;1000081452;0;;4;14/1/2026;DBENITEZ;1012717;cable 1x1.5 mm² x 100 m rojo;15;Materiales genericos;PROCESADO;MR01;1;8/1/2026;15/1/2026;enero;10139833;160;1;8/1/2026;8/1/2026;C11;;0;;0;;;;;;;;0;15;;0;;;;0;0;;;;;0;0;;;;;;;;;0;;;;;;0;;;0;;;;;;0;;;0;0;;1000081452;160;21/1/2026;1;;1;;;0;6;7;;6;7;COMPRAS ABASTECIMIENTO
0004 SERVICIO TECNICO PROYECTO;4000006330;380;ZPIN;PEDIDOS P/ COTIZAR -;;0;10;4;2/1/2026;LNUNEZ;1012392;LLAVE COMBINADA NB 19;2;Materiales usuales;CUMPLIDO;MR01;1;9/12/2025;2/1/2026;enero;10137730;380;1;9/12/2025;9/12/2025;C27;;0;;0;;;;;;;;0;2;;0;;;;0;0;;;;;0;0;;;;;;;;;0;;;;;;0;;;0;;;;;;0;;;0;0;;;;;1;;1;;;0;24;;;24;;COMPRAS ABASTECIMIENTO
00005 TALLER;4000006613;380;ZPIN;PEDIDO INFORMACION -;;0;10;4;23/3/2026;SFLORES;1024413;SELLO GUARDAPOLVO;2;Materiales Stock;CUMPLIDO;MR01;1;20/3/2026;30/3/2026;marzo;10145860;380;1;20/3/2026;20/3/2026;C03;;0;;0;;;;;;;;0;2;;0;;;;0;0;;;;;0;0;;;;;;;;;0;;;;;;0;;;0;;;;;;0;;;0;0;;;;;1;;1;;;0;3;;;3;;COMPRAS EQUIPOS
00029-AMPLIACION SEDE ROSARIO;4000006392;170;ZPIN;MATERIALES ELECTRICO;1000081452;0;;4;14/1/2026;DBENITEZ;1012717;cable 1x1.5 mm² x 100 m negro;15;Materiales genericos;PROCESADO;MR01;1;8/1/2026;15/1/2026;enero;10139833;170;1;8/1/2026;8/1/2026;C11;;0;;0;;;;;;;;0;15;;0;;;;0;0;;;;;0;0;;;;;;;;;0;;;;;;0;;;0;;;;;;0;;;0;0;;1000081452;170;21/1/2026;1;;1;;;0;6;7;;6;7;COMPRAS ABASTECIMIENTO
0004 SERVICIO TECNICO PROYECTO;4000006330;390;ZPIN;PEDIDOS P/ COTIZAR -;;0;10;4;2/1/2026;LNUNEZ;1012393;LLAVE COMBINADA NB 20;1;Materiales usuales;CUMPLIDO;MR01;1;9/12/2025;2/1/2026;enero;10137730;390;1;9/12/2025;9/12/2025;C27;;0;;0;;;;;;;;0;1;;0;;;;0;0;;;;;0;0;;;;;;;;;0;;;;;;0;;;0;;;;;;0;;;0;0;;;;;1;;1;;;0;24;;;24;;COMPRAS ABASTECIMIENTO
00005 TALLER;4000006613;390;ZPIN;PEDIDO INFORMACION -;;0;10;4;23/3/2026;SFLORES;1035536;BUJE CIL. BOOM / CIL. STICK;1;Materiales Stock;CUMPLIDO;MR01;1;20/3/2026;30/3/2026;marzo;10145860;390;1;20/3/2026;20/3/2026;C03;;0;;0;;;;;;;;0;1;;0;;;;0;0;;;;;0;0;;;;;;;;;0;;;;;;0;;;0;;;;;;0;;;0;0;;;;;1;;1;;;0;3;;;3;;COMPRAS EQUIPOS
00029-AMPLIACION SEDE ROSARIO;4000006392;180;ZPIN;MATERIALES ELECTRICO;1000081452;0;;4;14/1/2026;DBENITEZ;1012797;Tablero Forli línea Forark S/ADJUNTO;3;Materiales genericos;PROCESADO;MR01;1;8/1/2026;15/1/2026;enero;10139833;180;1;8/1/2026;8/1/2026;C11;;0;;0;;;;;;;;0;3;;0;;;;0;0;;;;;0;0;;;;;;;;;0;;;;;;0;;;0;;;;;;0;;;0;0;;1000081452;180;21/1/2026;1;;1;;;0;6;7;;6;7;COMPRAS ABASTECIMIENTO
0004 SERVICIO TECNICO PROYECTO;4000006330;400;ZPIN;PEDIDOS P/ COTIZAR -;;0;10;4;2/1/2026;LNUNEZ;1012394;LLAVE COMBINADA NB 21;1;Materiales usuales;CUMPLIDO;MR01;1;9/12/2025;2/1/2026;enero;10137730;400;1;9/12/2025;9/12/2025;C27;;0;;0;;;;;;;;0;1;;0;;;;0;0;;;;;0;0;;;;;;;;;0;;;;;;0;;;0;;;;;;0;;;0;0;;;;;1;;1;;;0;24;;;24;;COMPRAS ABASTECIMIENTO
00005 TALLER;4000006613;400;ZPIN;PEDIDO INFORMACION -;;0;10;4;23/3/2026;SFLORES;1035534;RETEN CIL. BOOM / CIL. STICK;2;Materiales Stock;CUMPLIDO;MR01;1;20/3/2026;30/3/2026;marzo;10145860;400;1;20/3/2026;20/3/2026;C03;;0;;0;;;;;;;;0;2;;0;;;;0;0;;;;;0;0;;;;;;;;;0;;;;;;0;;;0;;;;;;0;;;0;0;;;;;1;;1;;;0;3;;;3;;COMPRAS EQUIPOS
0004 SERVICIO TECNICO PROYECTO;4000006330;410;ZPIN;PEDIDOS P/ COTIZAR -;;0;10;4;2/1/2026;LNUNEZ;1012395;LLAVE COMBINADA NB 22;2;Materiales usuales;CUMPLIDO;MR01;1;9/12/2025;2/1/2026;enero;10137730;410;1;9/12/2025;9/12/2025;C27;;0;;0;;;;;;;;0;2;;0;;;;0;0;;;;;0;0;;;;;;;;;0;;;;;;0;;;0;;;;;;0;;;0;0;;;;;1;;1;;;0;24;;;24;;COMPRAS ABASTECIMIENTO
00005 TALLER;4000006613;410;ZPIN;PEDIDO INFORMACION -;;0;10;4;23/3/2026;SFLORES;1035532;BUJE CIL.BALDE/CIL.BALDE;1;Materiales Stock;CUMPLIDO;MR01;1;20/3/2026;30/3/2026;marzo;10145860;410;1;20/3/2026;20/3/2026;C03;;0;;0;;;;;;;;0;1;;0;;;;0;0;;;;;0;0;;;;;;;;;0;;;;;;0;;;0;;;;;;0;;;0;0;;;;;1;;1;;;0;3;;;3;;COMPRAS EQUIPOS
0004 SERVICIO TECNICO PROYECTO;4000006330;420;ZPIN;PEDIDOS P/ COTIZAR -;;0;10;4;2/1/2026;LNUNEZ;1012403;LLAVE COMBINADA NB 32;2;Materiales usuales;CUMPLIDO;MR01;1;9/12/2025;2/1/2026;enero;10137730;420;1;9/12/2025;9/12/2025;C27;;0;;0;;;;;;;;0;2;;0;;;;0;0;;;;;0;0;;;;;;;;;0;;;;;;0;;;0;;;;;;0;;;0;0;;;;;1;;1;;;0;24;;;24;;COMPRAS ABASTECIMIENTO
00005 TALLER;4000006613;420;ZPIN;PEDIDO INFORMACION -;;0;10;4;23/3/2026;SFLORES;1054666;CONJUNTO VALVULA;1;Materiales Stock;CUMPLIDO;MR01;1;20/3/2026;30/3/2026;marzo;10145860;420;1;20/3/2026;20/3/2026;C03;;0;;0;;;;;;;;0;1;;0;;;;0;0;;;;;0;0;;;;;;;;;0;;;;;;0;;;0;;;;;;0;;;0;0;;;;;1;;1;;;0;3;;;3;;COMPRAS EQUIPOS
0004 SERVICIO TECNICO PROYECTO;4000006330;430;ZPIN;PEDIDOS P/ COTIZAR -;;0;10;4;2/1/2026;LNUNEZ;1012396;LLAVE COMBINADA NB 23;1;Materiales usuales;CUMPLIDO;MR01;1;9/12/2025;2/1/2026;enero;10137730;430;1;9/12/2025;9/12/2025;C27;;0;;0;;;;;;;;0;1;;0;;;;0;0;;;;;0;0;;;;;;;;;0;;;;;;0;;;0;;;;;;0;;;0;0;;;;;1;;1;;;0;24;;;24;;COMPRAS ABASTECIMIENTO
00005 TALLER;4000006613;430;ZPIN;PEDIDO INFORMACION -;;0;10;4;23/3/2026;SFLORES;1054617;CONJUNTO VALVULA;1;Materiales Stock;CUMPLIDO;MR01;1;20/3/2026;30/3/2026;marzo;10145860;430;1;20/3/2026;20/3/2026;C03;;0;;0;;;;;;;;0;1;;0;;;;0;0;;;;;0;0;;;;;;;;;0;;;;;;0;;;0;;;;;;0;;;0;0;;;;;1;;1;;;0;3;;;3;;COMPRAS EQUIPOS
0004 SERVICIO TECNICO PROYECTO;4000006330;440;ZPIN;PEDIDOS P/ COTIZAR -;;0;10;4;2/1/2026;LNUNEZ;1012397;LLAVE COMBINADA NB 24;2;Materiales usuales;CUMPLIDO;MR01;1;9/12/2025;2/1/2026;enero;10137730;440;1;9/12/2025;9/12/2025;C27;;0;;0;;;;;;;;0;2;;0;;;;0;0;;;;;0;0;;;;;;;;;0;;;;;;0;;;0;;;;;;0;;;0;0;;;;;1;;1;;;0;24;;;24;;COMPRAS ABASTECIMIENTO
00005 TALLER;4000006613;440;ZPIN;PEDIDO INFORMACION -;;0;10;4;23/3/2026;SFLORES;1054666;CONJUNTO VALVULA;1;Materiales Stock;CUMPLIDO;MR01;1;20/3/2026;30/3/2026;marzo;10145860;440;1;20/3/2026;20/3/2026;C03;;0;;0;;;;;;;;0;1;;0;;;;0;0;;;;;0;0;;;;;;;;;0;;;;;;0;;;0;;;;;;0;;;0;0;;;;;1;;1;;;0;3;;;3;;COMPRAS EQUIPOS
0004 SERVICIO TECNICO PROYECTO;4000006330;450;ZPIN;PEDIDOS P/ COTIZAR -;;0;10;4;2/1/2026;LNUNEZ;1012398;LLAVE COMBINADA NB 25;1;Materiales usuales;CUMPLIDO;MR01;1;9/12/2025;2/1/2026;enero;10137730;450;1;9/12/2025;9/12/2025;C27;;0;;0;;;;;;;;0;1;;0;;;;0;0;;;;;0;0;;;;;;;;;0;;;;;;0;;;0;;;;;;0;;;0;0;;;;;1;;1;;;0;24;;;24;;COMPRAS ABASTECIMIENTO
00005 TALLER;4000006613;450;ZPIN;PEDIDO INFORMACION -;;0;10;4;23/3/2026;SFLORES;1024413;SELLO GUARDAPOLVO;1;Materiales Stock;CUMPLIDO;MR01;1;20/3/2026;30/3/2026;marzo;10145860;450;1;20/3/2026;20/3/2026;C03;;0;;0;;;;;;;;0;1;;0;;;;0;0;;;;;0;0;;;;;;;;;0;;;;;;0;;;0;;;;;;0;;;0;0;;;;;1;;1;;;0;3;;;3;;COMPRAS EQUIPOS
0004 SERVICIO TECNICO PROYECTO;4000006330;460;ZPIN;PEDIDOS P/ COTIZAR -;;0;10;4;2/1/2026;LNUNEZ;1034822;LLAVE COMBINADA NB 33;2;Materiales usuales;CUMPLIDO;MR01;1;9/12/2025;2/1/2026;enero;10137730;460;1;9/12/2025;9/12/2025;C27;;0;;0;;;;;;;;0;2;;0;;;;0;0;;;;;0;0;;;;;;;;;0;;;;;;0;;;0;;;;;;0;;;0;0;;;;;1;;1;;;0;24;;;24;;COMPRAS ABASTECIMIENTO
00005 TALLER;4000006613;460;ZPIN;PEDIDO INFORMACION -;;0;10;4;23/3/2026;SFLORES;1040919;ACUMULADOR;1;Materiales Stock;CUMPLIDO;MR01;1;20/3/2026;30/3/2026;marzo;10145860;460;1;20/3/2026;20/3/2026;C03;;0;;0;;;;;;;;0;1;;0;;;;0;0;;;;;0;0;;;;;;;;;0;;;;;;0;;;0;;;;;;0;;;0;0;;;;;1;;1;;;0;3;;;3;;COMPRAS EQUIPOS
0004 SERVICIO TECNICO PROYECTO;4000006330;470;ZPIN;PEDIDOS P/ COTIZAR -;;0;10;4;2/1/2026;LNUNEZ;1012360;LLAVE AJUSTABLE 12PG;1;Materiales usuales;CUMPLIDO;MR01;1;9/12/2025;2/1/2026;enero;10137730;470;1;9/12/2025;9/12/2025;C27;;0;;0;;;;;;;;0;1;;0;;;;0;0;;;;;0;0;;;;;;;;;0;;;;;;0;;;0;;;;;;0;;;0;0;;;;;1;;1;;;0;24;;;24;;COMPRAS ABASTECIMIENTO
00005 TALLER;4000006613;470;ZPIN;PEDIDO INFORMACION -;;0;10;4;23/3/2026;SFLORES;1023458;KIT K13 KIT SELLO BALDE CILINDRO;1;Materiales Stock;CUMPLIDO;MR01;1;20/3/2026;30/3/2026;marzo;10145860;470;1;20/3/2026;20/3/2026;C03;;0;;0;;;;;;;;0;1;;0;;;;0;0;;;;;0;0;;;;;;;;;0;;;;;;0;;;0;;;;;;0;;;0;0;;;;;1;;1;;;0;3;;;3;;COMPRAS EQUIPOS
0004 SERVICIO TECNICO PROYECTO;4000006330;480;ZPIN;PEDIDOS P/ COTIZAR -;;0;10;4;2/1/2026;LNUNEZ;1012361;LLAVE AJUSTABLE 18PG;1;Materiales usuales;CUMPLIDO;MR01;1;9/12/2025;2/1/2026;enero;10137730;480;1;9/12/2025;9/12/2025;C27;;0;;0;;;;;;;;0;1;;0;;;;0;0;;;;;0;0;;;;;;;;;0;;;;;;0;;;0;;;;;;0;;;0;0;;;;;1;;1;;;0;24;;;24;;COMPRAS ABASTECIMIENTO
00005 TALLER;4000006613;480;ZPIN;PEDIDO INFORMACION -;;0;10;4;23/3/2026;SFLORES;1054637;SENSOR DE PRESION;1;Materiales Stock;CUMPLIDO;MR01;1;20/3/2026;30/3/2026;marzo;10145860;480;1;20/3/2026;20/3/2026;C03;;0;;0;;;;;;;;0;1;;0;;;;0;0;;;;;0;0;;;;;;;;;0;;;;;;0;;;0;;;;;;0;;;0;0;;;;;1;;1;;;0;3;;;3;;COMPRAS EQUIPOS
0004 SERVICIO TECNICO PROYECTO;4000006330;490;ZPIN;PEDIDOS P/ COTIZAR -;;0;10;4;2/1/2026;LNUNEZ;1034814;"PINZA UNIVERSAL AISLADA 8""";1;Materiales usuales;CUMPLIDO;MR01;1;9/12/2025;2/1/2026;enero;10137730;490;1;9/12/2025;9/12/2025;C27;;0;;0;;;;;;;;0;1;;0;;;;0;0;;;;;0;0;;;;;;;;;0;;;;;;0;;;0;;;;;;0;;;0;0;;;;;1;;1;;;0;24;;;24;;COMPRAS ABASTECIMIENTO
00005 TALLER;4000006613;490;ZPIN;PEDIDO INFORMACION -;;0;10;4;23/3/2026;SFLORES;1054639;GUIA TANQUE HIDR;1;Materiales Stock;CUMPLIDO;MR01;1;20/3/2026;30/3/2026;marzo;10145860;490;1;20/3/2026;20/3/2026;C03;;0;;0;;;;;;;;0;1;;0;;;;0;0;;;;;0;0;;;;;;;;;0;;;;;;0;;;0;;;;;;0;;;0;0;;;;;1;;1;;;0;3;;;3;;COMPRAS EQUIPOS
0004 SERVICIO TECNICO PROYECTO;4000006330;500;ZPIN;PEDIDOS P/ COTIZAR -;;0;10;4;2/1/2026;LNUNEZ;1012436;PINZA PICO DE LORO 10PG;1;Materiales usuales;CUMPLIDO;MR01;1;9/12/2025;2/1/2026;enero;10137730;500;1;9/12/2025;9/12/2025;C27;;0;;0;;;;;;;;0;1;;0;;;;0;0;;;;;0;0;;;;;;;;;0;;;;;;0;;;0;;;;;;0;;;0;0;;;;;1;;1;;;0;24;;;24;;COMPRAS ABASTECIMIENTO
00005 TALLER;4000006613;500;ZPIN;PEDIDO INFORMACION -;;0;10;4;23/3/2026;SFLORES;1054640;CAP;1;Materiales Stock;CUMPLIDO;MR01;1;20/3/2026;30/3/2026;marzo;10145860;500;1;20/3/2026;20/3/2026;C03;;0;;0;;;;;;;;0;1;;0;;;;0;0;;;;;0;0;;;;;;;;;0;;;;;;0;;;0;;;;;;0;;;0;0;;;;;1;;1;;;0;3;;;3;;COMPRAS EQUIPOS
0004 SERVICIO TECNICO PROYECTO;4000006330;510;ZPIN;PEDIDOS P/ COTIZAR -;;0;10;4;2/1/2026;LNUNEZ;1034823;"JUEGO DE TUBOS ALLEN ENCASTRE 1/2""";1;Materiales usuales;CUMPLIDO;MR01;1;9/12/2025;2/1/2026;enero;10137730;510;1;9/12/2025;9/12/2025;C27;;0;;0;;;;;;;;0;1;;0;;;;0;0;;;;;0;0;;;;;;;;;0;;;;;;0;;;0;;;;;;0;;;0;0;;;;;1;;1;;;0;24;;;24;;COMPRAS ABASTECIMIENTO
00005 TALLER;4000006613;510;ZPIN;PEDIDO INFORMACION -;;0;10;4;23/3/2026;SFLORES;1041549;JUNTA TAPA DE VALVULA (KOMATSU);6;Materiales Stock;CUMPLIDO;MR01;1;20/3/2026;30/3/2026;marzo;10145860;510;1;20/3/2026;20/3/2026;C03;;0;;0;;;;;;;;0;6;;0;;;;0;0;;;;;0;0;;;;;;;;;0;;;;;;0;;;0;;;;;;0;;;0;0;;;;;1;;1;;;0;3;;;3;;COMPRAS EQUIPOS
0004 SERVICIO TECNICO PROYECTO;4000006330;520;ZPIN;PEDIDOS P/ COTIZAR -;;0;10;4;2/1/2026;LNUNEZ;1029410;"LLAVE CRIQUE DE 1/2""";1;Materiales usuales;CUMPLIDO;MR01;1;9/12/2025;2/1/2026;enero;10137730;520;1;9/12/2025;9/12/2025;C27;;0;;0;;;;;;;;0;1;;0;;;;0;0;;;;;0;0;;;;;;;;;0;;;;;;0;;;0;;;;;;0;;;0;0;;;;;1;;1;;;0;24;;;24;;COMPRAS ABASTECIMIENTO
00005 TALLER;4000006613;520;ZPIN;PEDIDO INFORMACION -;;0;10;4;23/3/2026;SFLORES;1049569;JUNTA DE BULONES DE AJUSTE TAPA VALVULAS;12;Materiales Stock;CUMPLIDO;MR01;1;20/3/2026;30/3/2026;marzo;10145860;520;1;20/3/2026;20/3/2026;C03;;0;;0;;;;;;;;0;12;;0;;;;0;0;;;;;0;0;;;;;;;;;0;;;;;;0;;;0;;;;;;0;;;0;0;;;;;1;;1;;;0;3;;;3;;COMPRAS EQUIPOS
0004 SERVICIO TECNICO PROYECTO;4000006330;530;ZPIN;PEDIDOS P/ COTIZAR -;;0;10;4;2/1/2026;LNUNEZ;1017265;LINTERNA MINERA;2;Materiales usuales;CUMPLIDO;MR01;1;9/12/2025;2/1/2026;enero;10137730;530;1;9/12/2025;9/12/2025;C27;;0;;0;;;;;;;;0;2;;0;;;;0;0;;;;;0;0;;;;;;;;;0;;;;;;0;;;0;;;;;;0;;;0;0;;;;;1;;1;;;0;24;;;24;;COMPRAS ABASTECIMIENTO
00005 TALLER;4000006613;530;ZPIN;PEDIDO INFORMACION -;;0;10;4;23/3/2026;SFLORES;1029799;POTENCIOMETRO;1;Materiales Stock;CUMPLIDO;MR01;1;20/3/2026;30/3/2026;marzo;10145860;530;1;20/3/2026;20/3/2026;C03;;0;;0;;;;;;;;0;1;;0;;;;0;0;;;;;0;0;;;;;;;;;0;;;;;;0;;;0;;;;;;0;;;0;0;;;;;1;;1;;;0;3;;;3;;COMPRAS EQUIPOS
0004 SERVICIO TECNICO PROYECTO;4000006330;540;ZPIN;PEDIDOS P/ COTIZAR -;;0;10;4;6/1/2026;LNUNEZ;1012219;EMBUDO PLASTICO FLEXIBLE P CARGA ACEITE;3;Materiales usuales;CUMPLIDO;MR01;1;9/12/2025;2/1/2026;enero;10137730;540;1;9/12/2025;9/12/2025;C27;;0;;0;;;;;;;;0;3;;0;;;;0;0;;;;;0;0;;;;;;;;;0;;;;;;0;;;0;;;;;;0;;;0;0;;;;;1;;;1;4;0;28;;;28;;COMPRAS ABASTECIMIENTO
00005 TALLER;4000006613;540;ZPIN;PEDIDO INFORMACION -;;0;10;4;23/3/2026;SFLORES;1054642;RESORTE;1;Materiales Stock;CUMPLIDO;MR01;1;20/3/2026;30/3/2026;marzo;10145860;540;1;20/3/2026;20/3/2026;C03;;0;;0;;;;;;;;0;1;;0;;;;0;0;;;;;0;0;;;;;;;;;0;;;;;;0;;;0;;;;;;0;;;0;0;;;;;1;;1;;;0;3;;;3;;COMPRAS EQUIPOS
0004 SERVICIO TECNICO PROYECTO;4000006330;550;ZPIN;PEDIDOS P/ COTIZAR -;;0;10;4;2/1/2026;LNUNEZ;1004322;PICO DE INFLAR P CAMARA DE CAMION XUN;1;Materiales Stock;CUMPLIDO;MR01;1;9/12/2025;2/1/2026;enero;10137730;550;1;9/12/2025;9/12/2025;C27;;0;;0;;;;;;;;0;1;;0;;;;0;0;;;;;0;0;;;;;;;;;0;;;;;;0;;;0;;;;;;0;;;0;0;;;;;1;;1;;;0;24;;;24;;COMPRAS ABASTECIMIENTO
00005 TALLER;4000006613;550;ZPIN;PEDIDO INFORMACION -;;0;10;4;23/3/2026;SFLORES;1054643;PERILLA;1;Materiales Stock;CUMPLIDO;MR01;1;20/3/2026;30/3/2026;marzo;10145860;550;1;20/3/2026;20/3/2026;C03;;0;;0;;;;;;;;0;1;;0;;;;0;0;;;;;0;0;;;;;;;;;0;;;;;;0;;;0;;;;;;0;;;0;0;;;;;1;;1;;;0;3;;;3;;COMPRAS EQUIPOS
0004 SERVICIO TECNICO PROYECTO;4000006330;560;ZPIN;PEDIDOS P/ COTIZAR -;;0;10;4;6/1/2026;LNUNEZ;1034824;PICO DE INFLAR VIALES XUN;1;Materiales usuales;CUMPLIDO;MR01;1;9/12/2025;2/1/2026;enero;10137730;560;1;9/12/2025;9/12/2025;C27;;0;;0;;;;;;;;0;1;;0;;;;0;0;;;;;0;0;;;;;;;;;0;;;;;;0;;;0;;;;;;0;;;0;0;;;;;1;;;1;4;0;28;;;28;;COMPRAS ABASTECIMIENTO
00005 TALLER;4000006613;560;ZPIN;PEDIDO INFORMACION -;;0;10;4;23/3/2026;SFLORES;1054644;SWITCH DE EMPUJE;1;Materiales Stock;CUMPLIDO;MR01;1;20/3/2026;30/3/2026;marzo;10145860;560;1;20/3/2026;20/3/2026;C03;;0;;0;;;;;;;;0;1;;0;;;;0;0;;;;;0;0;;;;;;;;;0;;;;;;0;;;0;;;;;;0;;;0;0;;;;;1;;1;;;0;3;;;3;;COMPRAS EQUIPOS
0004 SERVICIO TECNICO PROYECTO;4000006330;570;ZPIN;PEDIDOS P/ COTIZAR -;;0;10;4;2/1/2026;LNUNEZ;1034825;CALIBRE PRESION NEUMATICO;1;Materiales usuales;CUMPLIDO;MR01;1;9/12/2025;2/1/2026;enero;10137730;570;1;9/12/2025;9/12/2025;C27;;0;;0;;;;;;;;0;1;;0;;;;0;0;;;;;0;0;;;;;;;;;0;;;;;;0;;;0;;;;;;0;;;0;0;;;;;1;;1;;;0;24;;;24;;COMPRAS ABASTECIMIENTO
00005 TALLER;4000006613;570;ZPIN;PEDIDO INFORMACION -;;0;10;4;23/3/2026;SFLORES;1054645;VALVULA PILOTO EPC;1;Materiales Stock;CUMPLIDO;MR01;1;20/3/2026;30/3/2026;marzo;10145860;570;1;20/3/2026;20/3/2026;C03;;0;;0;;;;;;;;0;1;;0;;;;0;0;;;;;0;0;;;;;;;;;0;;;;;;0;;;0;;;;;;0;;;0;0;;;;;1;;1;;;0;3;;;3;;COMPRAS EQUIPOS
0004 SERVICIO TECNICO PROYECTO;4000006330;580;ZPIN;PEDIDOS P/ COTIZAR -;;0;10;4;2/1/2026;LNUNEZ;1011995;LINTERNA 12V;2;Materiales usuales;CUMPLIDO;MR01;1;9/12/2025;2/1/2026;enero;10137730;580;1;9/12/2025;9/12/2025;C27;;0;;0;;;;;;;;0;2;;0;;;;0;0;;;;;0;0;;;;;;;;;0;;;;;;0;;;0;;;;;;0;;;0;0;;;;;1;;1;;;0;24;;;24;;COMPRAS ABASTECIMIENTO
00005 TALLER;4000006613;580;ZPIN;PEDIDO INFORMACION -;;0;10;4;23/3/2026;SFLORES;1054646;VALVULA PILOTO EPC;1;Materiales Stock;CUMPLIDO;MR01;1;20/3/2026;30/3/2026;marzo;10145860;580;1;20/3/2026;20/3/2026;C03;;0;;0;;;;;;;;0;1;;0;;;;0;0;;;;;0;0;;;;;;;;;0;;;;;;0;;;0;;;;;;0;;;0;0;;;;;1;;1;;;0;3;;;3;;COMPRAS EQUIPOS
0004 SERVICIO TECNICO PROYECTO;4000006330;590;ZPIN;PEDIDOS P/ COTIZAR -;;0;10;4;2/1/2026;LNUNEZ;1012425;MAZA MINERO 3 KG;2;Materiales usuales;CUMPLIDO;MR01;1;9/12/2025;2/1/2026;enero;10137730;590;1;9/12/2025;9/12/2025;C27;;0;;0;;;;;;;;0;2;;0;;;;0;0;;;;;0;0;;;;;;;;;0;;;;;;0;;;0;;;;;;0;;;0;0;;;;;1;;1;;;0;24;;;24;;COMPRAS ABASTECIMIENTO
00005 TALLER;4000006613;590;ZPIN;PEDIDO INFORMACION -;;0;10;4;23/3/2026;SFLORES;1054647;COLADOR DE COMBUSTIBLE;1;Materiales Stock;CUMPLIDO;MR01;1;20/3/2026;30/3/2026;marzo;10145860;590;1;20/3/2026;20/3/2026;C03;;0;;0;;;;;;;;0;1;;0;;;;0;0;;;;;0;0;;;;;;;;;0;;;;;;0;;;0;;;;;;0;;;0;0;;;;;1;;1;;;0;3;;;3;;COMPRAS EQUIPOS
0004 SERVICIO TECNICO PROYECTO;4000006330;600;ZPIN;PEDIDOS P/ COTIZAR -;;0;10;4;2/1/2026;LNUNEZ;1012426;MAZA MINERO 5KG;2;Materiales usuales;CUMPLIDO;MR01;1;9/12/2025;2/1/2026;enero;10137730;600;1;9/12/2025;9/12/2025;C27;;0;;0;;;;;;;;0;2;;0;;;;0;0;;;;;0;0;;;;;;;;;0;;;;;;0;;;0;;;;;;0;;;0;0;;;;;1;;1;;;0;24;;;24;;COMPRAS ABASTECIMIENTO
00005 TALLER;4000006613;600;ZPIN;PEDIDO INFORMACION -;;0;10;4;23/3/2026;SFLORES;1054648;FLOTANTE COMBUSTIBLE;1;Materiales Stock;CUMPLIDO;MR01;1;20/3/2026;30/3/2026;marzo;10145860;600;1;20/3/2026;20/3/2026;C03;;0;;0;;;;;;;;0;1;;0;;;;0;0;;;;;0;0;;;;;;;;;0;;;;;;0;;;0;;;;;;0;;;0;0;;;;;1;;1;;;0;3;;;3;;COMPRAS EQUIPOS
0004 SERVICIO TECNICO PROYECTO;4000006330;610;ZPIN;PEDIDOS P/ COTIZAR -;;0;10;4;13/1/2026;LNUNEZ;1034827;JGO DE MACHOS C/MANIJA 8PZ PULG W.;1;Materiales usuales;CUMPLIDO;MR01;1;9/12/2025;2/1/2026;enero;10137730;610;1;9/12/2025;9/12/2025;C27;;0;;0;;;;;;;;0;1;;0;;;;0;0;;;;;0;0;;;;;;;;;0;;;;;;0;;;0;;;;;;0;;;0;0;;;;;1;;;1;11;0;35;;;35;;COMPRAS ABASTECIMIENTO
00005 TALLER;4000006613;610;ZPIN;PEDIDO INFORMACION -;;0;10;4;23/3/2026;SFLORES;1054640;CAP;1;Materiales Stock;CUMPLIDO;MR01;1;20/3/2026;30/3/2026;marzo;10145860;610;1;20/3/2026;20/3/2026;C03;;0;;0;;;;;;;;0;1;;0;;;;0;0;;;;;0;0;;;;;;;;;0;;;;;;0;;;0;;;;;;0;;;0;0;;;;;1;;1;;;0;3;;;3;;COMPRAS EQUIPOS
0004 SERVICIO TECNICO PROYECTO;4000006330;620;ZPIN;PEDIDOS P/ COTIZAR -;;0;10;4;2/1/2026;LNUNEZ;1012250;BARRETA INDUSTRIAL REDONDA 32X1500;1;Materiales usuales;CUMPLIDO;MR01;1;9/12/2025;2/1/2026;enero;10137730;620;1;9/12/2025;9/12/2025;C27;;0;;0;;;;;;;;0;1;;0;;;;0;0;;;;;0;0;;;;;;;;;0;;;;;;0;;;0;;;;;;0;;;0;0;;;;;1;;1;;;0;24;;;24;;COMPRAS ABASTECIMIENTO
00005 TALLER;4000006613;620;ZPIN;PEDIDO INFORMACION -;;0;10;4;23/3/2026;SFLORES;1054649;JUNTA DE AIRE MOTOR;1;Materiales Stock;CUMPLIDO;MR01;1;20/3/2026;30/3/2026;marzo;10145860;620;1;20/3/2026;20/3/2026;C03;;0;;0;;;;;;;;0;1;;0;;;;0;0;;;;;0;0;;;;;;;;;0;;;;;;0;;;0;;;;;;0;;;0;0;;;;;1;;1;;;0;3;;;3;;COMPRAS EQUIPOS
0004 SERVICIO TECNICO PROYECTO;4000006330;630;ZPIN;PEDIDOS P/ COTIZAR -;;0;10;4;2/1/2026;LNUNEZ;1003379;PISTOLA DE ENGRASE NEUMATICA;1;Materiales Stock;CUMPLIDO;MR01;1;9/12/2025;2/1/2026;enero;10137730;630;1;9/12/2025;9/12/2025;C27;;0;;0;;;;;;;;0;1;;0;;;;0;0;;;;;0;0;;;;;;;;;0;;;;;;0;;;0;;;;;;0;;;0;0;;;;;1;;1;;;0;24;;;24;;COMPRAS ABASTECIMIENTO
00005 TALLER;4000006613;630;ZPIN;PEDIDO INFORMACION -;;0;10;4;23/3/2026;SFLORES;1054650;JUNTA TORICA;1;Materiales Stock;CUMPLIDO;MR01;1;20/3/2026;30/3/2026;marzo;10145860;630;1;20/3/2026;20/3/2026;C03;;0;;0;;;;;;;;0;1;;0;;;;0;0;;;;;0;0;;;;;;;;;0;;;;;;0;;;0;;;;;;0;;;0;0;;;;;1;;1;;;0;3;;;3;;COMPRAS EQUIPOS
0004 SERVICIO TECNICO PROYECTO;4000006330;640;ZPIN;PEDIDOS P/ COTIZAR -;;0;10;4;6/1/2026;LNUNEZ;1027035;PICO DE GRASERA LINCOLN;5;Materiales Stock;CUMPLIDO;MR01;1;9/12/2025;2/1/2026;enero;10137730;640;1;9/12/2025;9/12/2025;C27;;0;;0;;;;;;;;0;5;;0;;;;0;0;;;;;0;0;;;;;;;;;0;;;;;;0;;;0;;;;;;0;;;0;0;;;;;1;;;1;4;0;28;;;28;;COMPRAS ABASTECIMIENTO
00005 TALLER;4000006613;640;ZPIN;PEDIDO INFORMACION -;;0;10;4;23/3/2026;SFLORES;1054651;JUNTA TORICA;1;Materiales Stock;CUMPLIDO;MR01;1;20/3/2026;30/3/2026;marzo;10145860;640;1;20/3/2026;20/3/2026;C03;;0;;0;;;;;;;;0;1;;0;;;;0;0;;;;;0;0;;;;;;;;;0;;;;;;0;;;0;;;;;;0;;;0;0;;;;;1;;1;;;0;3;;;3;;COMPRAS EQUIPOS
0004 SERVICIO TECNICO PROYECTO;4000006330;650;ZPIN;PEDIDOS P/ COTIZAR -;;0;10;4;2/1/2026;LNUNEZ;1012239;GRASERA MANUAL 3KG CHERTA;1;Materiales usuales;CUMPLIDO;MR01;1;9/12/2025;2/1/2026;enero;10137730;650;1;9/12/2025;9/12/2025;C27;;0;;0;;;;;;;;0;1;;0;;;;0;0;;;;;0;0;;;;;;;;;0;;;;;;0;;;0;;;;;;0;;;0;0;;;;;1;;1;;;0;24;;;24;;COMPRAS ABASTECIMIENTO
00005 TALLER;4000006613;650;ZPIN;PEDIDO INFORMACION -;;0;10;4;23/3/2026;SFLORES;1041549;JUNTA TAPA DE VALVULA (KOMATSU);6;Materiales Stock;CUMPLIDO;MR01;1;20/3/2026;30/3/2026;marzo;10145860;650;1;20/3/2026;20/3/2026;C03;;0;;0;;;;;;;;0;6;;0;;;;0;0;;;;;0;0;;;;;;;;;0;;;;;;0;;;0;;;;;;0;;;0;0;;;;;1;;1;;;0;3;;;3;;COMPRAS EQUIPOS
0004 SERVICIO TECNICO PROYECTO;4000006330;660;ZPIN;PEDIDOS P/ COTIZAR -;;0;10;4;6/1/2026;LNUNEZ;1034252;ACEITERA X 5 LTS.;1;Materiales usuales;CUMPLIDO;MR01;1;9/12/2025;2/1/2026;enero;10137730;660;1;9/12/2025;9/12/2025;C27;;0;;0;;;;;;;;0;1;;0;;;;0;0;;;;;0;0;;;;;;;;;0;;;;;;0;;;0;;;;;;0;;;0;0;;;;;1;;;1;4;0;28;;;28;;COMPRAS ABASTECIMIENTO
00005 TALLER;4000006613;660;ZPIN;PEDIDO INFORMACION -;;0;10;4;23/3/2026;SFLORES;1054652;CUBIERTA ANTIROCIADO DE COMBUSTIBLE;6;Materiales Stock;CUMPLIDO;MR01;1;20/3/2026;30/3/2026;marzo;10145860;660;1;20/3/2026;20/3/2026;C03;;0;;0;;;;;;;;0;6;;0;;;;0;0;;;;;0;0;;;;;;;;;0;;;;;;0;;;0;;;;;;0;;;0;0;;;;;1;;1;;;0;3;;;3;;COMPRAS EQUIPOS
0004 SERVICIO TECNICO PROYECTO;4000006330;670;ZPIN;PEDIDOS P/ COTIZAR -;;0;10;4;2/1/2026;LNUNEZ;1012454;SACAFILTRO SUNCHO 50 A 72MM;2;Materiales usuales;CUMPLIDO;MR01;1;9/12/2025;2/1/2026;enero;10137730;670;1;9/12/2025;9/12/2025;C27;;0;;0;;;;;;;;0;2;;0;;;;0;0;;;;;0;0;;;;;;;;;0;;;;;;0;;;0;;;;;;0;;;0;0;;;;;1;;1;;;0;24;;;24;;COMPRAS ABASTECIMIENTO
00005 TALLER;4000006613;670;ZPIN;PEDIDO INFORMACION -;;0;10;4;23/3/2026;SFLORES;1054653;CUBIERTA ANTIROCIADO DE COMBUSTIBLE;8;Materiales Stock;CUMPLIDO;MR01;1;20/3/2026;30/3/2026;marzo;10145860;670;1;20/3/2026;20/3/2026;C03;;0;;0;;;;;;;;0;8;;0;;;;0;0;;;;;0;0;;;;;;;;;0;;;;;;0;;;0;;;;;;0;;;0;0;;;;;1;;1;;;0;3;;;3;;COMPRAS EQUIPOS
0004 SERVICIO TECNICO PROYECTO;4000006330;680;ZPIN;PEDIDOS P/ COTIZAR -;;0;10;4;2/1/2026;LNUNEZ;1012455;SACAFILTRO SUNCHO 72 A 98MM;2;Materiales usuales;CUMPLIDO;MR01;1;9/12/2025;2/1/2026;enero;10137730;680;1;9/12/2025;9/12/2025;C27;;0;;0;;;;;;;;0;2;;0;;;;0;0;;;;;0;0;;;;;;;;;0;;;;;;0;;;0;;;;;;0;;;0;0;;;;;1;;1;;;0;24;;;24;;COMPRAS ABASTECIMIENTO
00005 TALLER;4000006613;680;ZPIN;PEDIDO INFORMACION -;;0;10;4;23/3/2026;SFLORES;1054654;ESPEJO RETROVISOR IZQUIERDO;1;Materiales Stock;CUMPLIDO;MR01;1;20/3/2026;30/3/2026;marzo;10145860;680;1;20/3/2026;20/3/2026;C03;;0;;0;;;;;;;;0;1;;0;;;;0;0;;;;;0;0;;;;;;;;;0;;;;;;0;;;0;;;;;;0;;;0;0;;;;;1;;1;;;0;3;;;3;;COMPRAS EQUIPOS
0004 SERVICIO TECNICO PROYECTO;4000006330;690;ZPIN;PEDIDOS P/ COTIZAR -;;0;10;4;2/1/2026;LNUNEZ;1012232;CAJA HERRAM MECANICO CHAPA 450X220X220;2;Materiales usuales;CUMPLIDO;MR01;1;9/12/2025;2/1/2026;enero;10137730;690;1;9/12/2025;9/12/2025;C27;;0;;0;;;;;;;;0;2;;0;;;;0;0;;;;;0;0;;;;;;;;;0;;;;;;0;;;0;;;;;;0;;;0;0;;;;;1;;1;;;0;24;;;24;;COMPRAS ABASTECIMIENTO
00005 TALLER;4000006613;690;ZPIN;PEDIDO INFORMACION -;;0;10;4;23/3/2026;SFLORES;1054655;APOYO ESPEJO RETROVISOR;1;Materiales Stock;CUMPLIDO;MR01;1;20/3/2026;30/3/2026;marzo;10145860;690;1;20/3/2026;20/3/2026;C03;;0;;0;;;;;;;;0;1;;0;;;;0;0;;;;;0;0;;;;;;;;;0;;;;;;0;;;0;;;;;;0;;;0;0;;;;;1;;1;;;0;3;;;3;;COMPRAS EQUIPOS
0004 SERVICIO TECNICO PROYECTO;4000006330;700;ZPIN;PEDIDOS P/ COTIZAR -;;0;10;4;13/1/2026;LNUNEZ;1034827;JGO DE MACHOS C/MANIJA 8PZ PULG W.;2;Materiales usuales;CUMPLIDO;MR01;1;9/12/2025;2/1/2026;enero;10137730;700;1;9/12/2025;9/12/2025;C27;;0;;0;;;;;;;;0;2;;0;;;;0;0;;;;;0;0;;;;;;;;;0;;;;;;0;;;0;;;;;;0;;;0;0;;;;;1;;;1;11;0;35;;;35;;COMPRAS ABASTECIMIENTO
00005 TALLER;4000006613;700;ZPIN;PEDIDO INFORMACION -;;0;10;4;23/3/2026;SFLORES;1054656;ABRAZADERA DE ESPEJO;1;Materiales Stock;CUMPLIDO;MR01;1;20/3/2026;30/3/2026;marzo;10145860;700;1;20/3/2026;20/3/2026;C03;;0;;0;;;;;;;;0;1;;0;;;;0;0;;;;;0;0;;;;;;;;;0;;;;;;0;;;0;;;;;;0;;;0;0;;;;;1;;1;;;0;3;;;3;;COMPRAS EQUIPOS
0004 SERVICIO TECNICO PROYECTO;4000006330;710;ZPIN;PEDIDOS P/ COTIZAR -;;0;10;4;6/1/2026;LNUNEZ;1034829;KIT EXTRACTORES ESPARRAGO ROSCA IZQ.;2;Materiales usuales;CUMPLIDO;MR01;1;9/12/2025;2/1/2026;enero;10137730;710;1;9/12/2025;9/12/2025;C27;;0;;0;;;;;;;;0;2;;0;;;;0;0;;;;;0;0;;;;;;;;;0;;;;;;0;;;0;;;;;;0;;;0;0;;;;;1;;;1;4;0;28;;;28;;COMPRAS ABASTECIMIENTO
0004 SERVICIO TECNICO PROYECTO;4000006330;720;ZPIN;PEDIDOS P/ COTIZAR -;;0;10;4;2/1/2026;LNUNEZ;1012245;NIVEL DE BURBUJA DE 100CM;2;Materiales usuales;CUMPLIDO;MR01;1;9/12/2025;2/1/2026;enero;10137730;720;1;9/12/2025;9/12/2025;C27;;0;;0;;;;;;;;0;2;;0;;;;0;0;;;;;0;0;;;;;;;;;0;;;;;;0;;;0;;;;;;0;;;0;0;;;;;1;;1;;;0;24;;;24;;COMPRAS ABASTECIMIENTO
0004 SERVICIO TECNICO PROYECTO;4000006330;730;ZPIN;PEDIDOS P/ COTIZAR -;;0;10;4;2/1/2026;LNUNEZ;1012426;MAZA MINERO 5KG;2;Materiales usuales;CUMPLIDO;MR01;1;9/12/2025;2/1/2026;enero;10137730;730;1;9/12/2025;9/12/2025;C27;;0;;0;;;;;;;;0;2;;0;;;;0;0;;;;;0;0;;;;;;;;;0;;;;;;0;;;0;;;;;;0;;;0;0;;;;;1;;1;;;0;24;;;24;;COMPRAS ABASTECIMIENTO
0004 SERVICIO TECNICO PROYECTO;4000006330;740;ZPIN;PEDIDOS P/ COTIZAR -;;0;10;4;2/1/2026;LNUNEZ;1012492;CINTA METRICA 3MT;4;Materiales usuales;CUMPLIDO;MR01;1;9/12/2025;2/1/2026;enero;10137730;740;1;9/12/2025;9/12/2025;C27;;0;;0;;;;;;;;0;4;;0;;;;0;0;;;;;0;0;;;;;;;;;0;;;;;;0;;;0;;;;;;0;;;0;0;;;;;1;;1;;;0;24;;;24;;COMPRAS ABASTECIMIENTO
0004 SERVICIO TECNICO PROYECTO;4000006330;750;ZPIN;PEDIDOS P/ COTIZAR -;;0;10;4;2/1/2026;LNUNEZ;1012497;CINTA METRICA X5MT;4;Materiales usuales;CUMPLIDO;MR01;1;9/12/2025;2/1/2026;enero;10137730;750;1;9/12/2025;9/12/2025;C27;;0;;0;;;;;;;;0;4;;0;;;;0;0;;;;;0;0;;;;;;;;;0;;;;;;0;;;0;;;;;;0;;;0;0;;;;;1;;1;;;0;24;;;24;;COMPRAS ABASTECIMIENTO
0004 SERVICIO TECNICO PROYECTO;4000006330;760;ZPIN;PEDIDOS P/ COTIZAR -;;0;10;4;2/1/2026;LNUNEZ;1012495;CINTA METRICA X10MT CON PASACINTO;2;Materiales usuales;CUMPLIDO;MR01;1;9/12/2025;2/1/2026;enero;10137730;760;1;9/12/2025;9/12/2025;C27;;0;;0;;;;;;;;0;2;;0;;;;0;0;;;;;0;0;;;;;;;;;0;;;;;;0;;;0;;;;;;0;;;0;0;;;;;1;;1;;;0;24;;;24;;COMPRAS ABASTECIMIENTO
0004 SERVICIO TECNICO PROYECTO;4000006330;770;ZPIN;PEDIDOS P/ COTIZAR -;;0;10;4;2/1/2026;LNUNEZ;1012289;CORTAFRIO FORJADO 22X300;5;Materiales usuales;CUMPLIDO;MR01;1;9/12/2025;2/1/2026;enero;10137730;770;1;9/12/2025;9/12/2025;C27;;0;;0;;;;;;;;0;5;;0;;;;0;0;;;;;0;0;;;;;;;;;0;;;;;;0;;;0;;;;;;0;;;0;0;;;;;1;;1;;;0;24;;;24;;COMPRAS ABASTECIMIENTO
0004 SERVICIO TECNICO PROYECTO;4000006330;780;ZPIN;PEDIDOS P/ COTIZAR -;;0;10;4;2/1/2026;LNUNEZ;1012286;CORTA FIERRO;5;Materiales usuales;CUMPLIDO;MR01;1;9/12/2025;2/1/2026;enero;10137730;780;1;9/12/2025;9/12/2025;C27;;0;;0;;;;;;;;0;5;;0;;;;0;0;;;;;0;0;;;;;;;;;0;;;;;;0;;;0;;;;;;0;;;0;0;;;;;1;;1;;;0;24;;;24;;COMPRAS ABASTECIMIENTO
0004 SERVICIO TECNICO PROYECTO;4000006330;790;ZPIN;PEDIDOS P/ COTIZAR -;;0;10;4;6/1/2026;LNUNEZ;1034832;SOLDAPRESS 6MM OX. 284 LBS DUNLOP ACQ MT;20;Materiales usuales;CUMPLIDO;MR01;1;9/12/2025;2/1/2026;enero;10137730;790;1;9/12/2025;9/12/2025;C27;;0;;0;;;;;;;;0;20;;0;;;;0;0;;;;;0;0;;;;;;;;;0;;;;;;0;;;0;;;;;;0;;;0;0;;;;;1;;;1;4;0;28;;;28;;COMPRAS ABASTECIMIENTO
0004 SERVICIO TECNICO PROYECTO;4000006330;800;ZPIN;PEDIDOS P/ COTIZAR -;;0;10;4;6/1/2026;LNUNEZ;1034833;SOLDAPRESS 8MM OX. 145 LBS DUNLOP ACQ MT;20;Materiales usuales;CUMPLIDO;MR01;1;9/12/2025;2/1/2026;enero;10137730;800;1;9/12/2025;9/12/2025;C27;;0;;0;;;;;;;;0;20;;0;;;;0;0;;;;;0;0;;;;;;;;;0;;;;;;0;;;0;;;;;;0;;;0;0;;;;;1;;;1;4;0;28;;;28;;COMPRAS ABASTECIMIENTO
0004 SERVICIO TECNICO PROYECTO;4000006330;810;ZPIN;PEDIDOS P/ COTIZAR -;;0;10;4;2/1/2026;LNUNEZ;1012315;ESCUADRA ALBANIL 90B 50CM;3;Materiales usuales;CUMPLIDO;MR01;1;9/12/2025;2/1/2026;enero;10137730;810;1;9/12/2025;9/12/2025;C27;;0;;0;;;;;;;;0;3;;0;;;;0;0;;;;;0;0;;;;;;;;;0;;;;;;0;;;0;;;;;;0;;;0;0;;;;;1;;1;;;0;24;;;24;;COMPRAS ABASTECIMIENTO
0004 SERVICIO TECNICO PROYECTO;4000006330;820;ZPIN;PEDIDOS P/ COTIZAR -;;0;10;4;13/1/2026;LNUNEZ;1034830;JUEGO DE ESCUADRAS IMANTADAS P/SOLDAR;4;Materiales usuales;CUMPLIDO;MR01;1;9/12/2025;2/1/2026;enero;10137730;820;1;9/12/2025;9/12/2025;C27;;0;;0;;;;;;;;0;4;;0;;;;0;0;;;;;0;0;;;;;;;;;0;;;;;;0;;;0;;;;;;0;;;0;0;;;;;1;;;1;11;0;35;;;35;;COMPRAS ABASTECIMIENTO
0004 SERVICIO TECNICO PROYECTO;4000006330;830;ZPIN;PEDIDOS P/ COTIZAR -;;0;10;4;2/1/2026;LNUNEZ;1034835;MORSA DE BANCO N°5;1;Materiales usuales;CUMPLIDO;MR01;1;9/12/2025;2/1/2026;enero;10137730;830;1;9/12/2025;9/12/2025;C27;;0;;0;;;;;;;;0;1;;0;;;;0;0;;;;;0;0;;;;;;;;;0;;;;;;0;;;0;;;;;;0;;;0;0;;;;;1;;1;;;0;24;;;24;;COMPRAS ABASTECIMIENTO
0004 SERVICIO TECNICO PROYECTO;4000006330;840;ZPIN;PEDIDOS P/ COTIZAR -;;0;10;4;2/1/2026;LNUNEZ;1034836;"LLAVE STILSON 24""";1;Materiales usuales;CUMPLIDO;MR01;1;9/12/2025;2/1/2026;enero;10137730;840;1;9/12/2025;9/12/2025;C27;;0;;0;;;;;;;;0;1;;0;;;;0;0;;;;;0;0;;;;;;;;;0;;;;;;0;;;0;;;;;;0;;;0;0;;;;;1;;1;;;0;24;;;24;;COMPRAS ABASTECIMIENTO
0004 SERVICIO TECNICO PROYECTO;4000006330;850;ZPIN;PEDIDOS P/ COTIZAR -;;0;10;4;2/1/2026;LNUNEZ;1034837;LLAVE AJUSTABLE 15PG;1;Materiales usuales;CUMPLIDO;MR01;1;9/12/2025;2/1/2026;enero;10137730;850;1;9/12/2025;9/12/2025;C27;;0;;0;;;;;;;;0;1;;0;;;;0;0;;;;;0;0;;;;;;;;;0;;;;;;0;;;0;;;;;;0;;;0;0;;;;;1;;1;;;0;24;;;24;;COMPRAS ABASTECIMIENTO
0004 SERVICIO TECNICO PROYECTO;4000006330;860;ZPIN;PEDIDOS P/ COTIZAR -;;0;10;4;2/1/2026;LNUNEZ;1012360;LLAVE AJUSTABLE 12PG;2;Materiales usuales;CUMPLIDO;MR01;1;9/12/2025;2/1/2026;enero;10137730;860;1;9/12/2025;9/12/2025;C27;;0;;0;;;;;;;;0;2;;0;;;;0;0;;;;;0;0;;;;;;;;;0;;;;;;0;;;0;;;;;;0;;;0;0;;;;;1;;1;;;0;24;;;24;;COMPRAS ABASTECIMIENTO
0004 SERVICIO TECNICO PROYECTO;4000006330;870;ZPIN;PEDIDOS P/ COTIZAR -;;0;10;4;2/1/2026;LNUNEZ;1012361;LLAVE AJUSTABLE 18PG;2;Materiales usuales;CUMPLIDO;MR01;1;9/12/2025;2/1/2026;enero;10137730;870;1;9/12/2025;9/12/2025;C27;;0;;0;;;;;;;;0;2;;0;;;;0;0;;;;;0;0;;;;;;;;;0;;;;;;0;;;0;;;;;;0;;;0;0;;;;;1;;1;;;0;24;;;24;;COMPRAS ABASTECIMIENTO
0004 SERVICIO TECNICO PROYECTO;4000006330;880;ZPIN;PEDIDOS P/ COTIZAR -;;0;10;4;2/1/2026;LNUNEZ;1034838;PUNTA DE TRAZAR;4;Materiales usuales;CUMPLIDO;MR01;1;9/12/2025;2/1/2026;enero;10137730;880;1;9/12/2025;9/12/2025;C27;;0;;0;;;;;;;;0;4;;0;;;;0;0;;;;;0;0;;;;;;;;;0;;;;;;0;;;0;;;;;;0;;;0;0;;;;;1;;1;;;0;24;;;24;;COMPRAS ABASTECIMIENTO
0004 SERVICIO TECNICO PROYECTO;4000006330;890;ZPIN;PEDIDOS P/ COTIZAR -;;0;10;4;2/1/2026;LNUNEZ;1012399;LLAVE COMBINADA NB 26;2;Materiales usuales;CUMPLIDO;MR01;1;9/12/2025;2/1/2026;enero;10137730;890;1;9/12/2025;9/12/2025;C27;;0;;0;;;;;;;;0;2;;0;;;;0;0;;;;;0;0;;;;;;;;;0;;;;;;0;;;0;;;;;;0;;;0;0;;;;;1;;1;;;0;24;;;24;;COMPRAS ABASTECIMIENTO
0004 SERVICIO TECNICO PROYECTO;4000006330;900;ZPIN;PEDIDOS P/ COTIZAR -;;0;10;4;2/1/2026;LNUNEZ;1012400;LLAVE COMBINADA NB 27;2;Materiales usuales;CUMPLIDO;MR01;1;9/12/2025;2/1/2026;enero;10137730;900;1;9/12/2025;9/12/2025;C27;;0;;0;;;;;;;;0;2;;0;;;;0;0;;;;;0;0;;;;;;;;;0;;;;;;0;;;0;;;;;;0;;;0;0;;;;;1;;1;;;0;24;;;24;;COMPRAS ABASTECIMIENTO
0004 SERVICIO TECNICO PROYECTO;4000006330;910;ZPIN;PEDIDOS P/ COTIZAR -;;0;10;4;2/1/2026;LNUNEZ;1012395;LLAVE COMBINADA NB 22;2;Materiales usuales;CUMPLIDO;MR01;1;9/12/2025;2/1/2026;enero;10137730;910;1;9/12/2025;9/12/2025;C27;;0;;0;;;;;;;;0;2;;0;;;;0;0;;;;;0;0;;;;;;;;;0;;;;;;0;;;0;;;;;;0;;;0;0;;;;;1;;1;;;0;24;;;24;;COMPRAS ABASTECIMIENTO
0004 SERVICIO TECNICO PROYECTO;4000006330;920;ZPIN;PEDIDOS P/ COTIZAR -;;0;10;4;2/1/2026;LNUNEZ;1034815;LLAVE COMBINADA NB 29;2;Materiales usuales;CUMPLIDO;MR01;1;9/12/2025;2/1/2026;enero;10137730;920;1;9/12/2025;9/12/2025;C27;;0;;0;;;;;;;;0;2;;0;;;;0;0;;;;;0;0;;;;;;;;;0;;;;;;0;;;0;;;;;;0;;;0;0;;;;;1;;1;;;0;24;;;24;;COMPRAS ABASTECIMIENTO
0004 SERVICIO TECNICO PROYECTO;4000006330;930;ZPIN;PEDIDOS P/ COTIZAR -;;0;10;4;2/1/2026;LNUNEZ;1012402;LLAVE COMBINADA NB 30;2;Materiales usuales;CUMPLIDO;MR01;1;9/12/2025;2/1/2026;enero;10137730;930;1;9/12/2025;9/12/2025;C27;;0;;0;;;;;;;;0;2;;0;;;;0;0;;;;;0;0;;;;;;;;;0;;;;;;0;;;0;;;;;;0;;;0;0;;;;;1;;1;;;0;24;;;24;;COMPRAS ABASTECIMIENTO
0004 SERVICIO TECNICO PROYECTO;4000006330;940;ZPIN;PEDIDOS P/ COTIZAR -;;0;10;4;2/1/2026;LNUNEZ;1034816;LLAVE COMBINADA NB 31;2;Materiales usuales;CUMPLIDO;MR01;1;9/12/2025;2/1/2026;enero;10137730;940;1;9/12/2025;9/12/2025;C27;;0;;0;;;;;;;;0;2;;0;;;;0;0;;;;;0;0;;;;;;;;;0;;;;;;0;;;0;;;;;;0;;;0;0;;;;;1;;1;;;0;24;;;24;;COMPRAS ABASTECIMIENTO
0004 SERVICIO TECNICO PROYECTO;4000006330;950;ZPIN;PEDIDOS P/ COTIZAR -;;0;10;4;2/1/2026;LNUNEZ;1012403;LLAVE COMBINADA NB 32;1;Materiales usuales;CUMPLIDO;MR01;1;9/12/2025;2/1/2026;enero;10137730;950;1;9/12/2025;9/12/2025;C27;;0;;0;;;;;;;;0;1;;0;;;;0;0;;;;;0;0;;;;;;;;;0;;;;;;0;;;0;;;;;;0;;;0;0;;;;;1;;1;;;0;24;;;24;;COMPRAS ABASTECIMIENTO
0004 SERVICIO TECNICO PROYECTO;4000006330;960;ZPIN;PEDIDOS P/ COTIZAR -;;0;10;4;13/1/2026;LNUNEZ;1034253;JGO DE CABLES C/PINZAS P/ PUENTE 1200AMP;1;Materiales usuales;CUMPLIDO;MR01;1;9/12/2025;2/1/2026;enero;10137730;960;1;9/12/2025;9/12/2025;C27;;0;;0;;;;;;;;0;1;;0;;;;0;0;;;;;0;0;;;;;;;;;0;;;;;;0;;;0;;;;;;0;;;0;0;;;;;1;;;1;11;0;35;;;35;;COMPRAS ABASTECIMIENTO
0004 SERVICIO TECNICO PROYECTO;4000006330;970;ZPIN;PEDIDOS P/ COTIZAR -;;0;10;4;2/1/2026;LNUNEZ;1012142;MECHA ACERO RAPIDO D4 MM;2;Materiales usuales;CUMPLIDO;MR01;1;9/12/2025;2/1/2026;enero;10137730;970;1;9/12/2025;9/12/2025;C27;;0;;0;;;;;;;;0;2;;0;;;;0;0;;;;;0;0;;;;;;;;;0;;;;;;0;;;0;;;;;;0;;;0;0;;;;;1;;1;;;0;24;;;24;;COMPRAS ABASTECIMIENTO
0004 SERVICIO TECNICO PROYECTO;4000006330;980;ZPIN;PEDIDOS P/ COTIZAR -;;0;10;4;2/1/2026;LNUNEZ;1012143;MECHA ACERO RAPIDO D5 MM;2;Materiales usuales;CUMPLIDO;MR01;1;9/12/2025;2/1/2026;enero;10137730;980;1;9/12/2025;9/12/2025;C27;;0;;0;;;;;;;;0;2;;0;;;;0;0;;;;;0;0;;;;;;;;;0;;;;;;0;;;0;;;;;;0;;;0;0;;;;;1;;1;;;0;24;;;24;;COMPRAS ABASTECIMIENTO
0004 SERVICIO TECNICO PROYECTO;4000006330;990;ZPIN;PEDIDOS P/ COTIZAR -;;0;10;4;2/1/2026;LNUNEZ;1012144;MECHA ACERO RAPIDO D6 MM;2;Materiales usuales;CUMPLIDO;MR01;1;9/12/2025;2/1/2026;enero;10137730;990;1;9/12/2025;9/12/2025;C27;;0;;0;;;;;;;;0;2;;0;;;;0;0;;;;;0;0;;;;;;;;;0;;;;;;0;;;0;;;;;;0;;;0;0;;;;;1;;1;;;0;24;;;24;;COMPRAS ABASTECIMIENTO
0004 SERVICIO TECNICO PROYECTO;4000006330;1000;ZPIN;PEDIDOS P/ COTIZAR -;;0;10;4;2/1/2026;LNUNEZ;1012145;MECHA ACERO RAPIDO D7 MM;2;Materiales usuales;CUMPLIDO;MR01;1;9/12/2025;2/1/2026;enero;10137730;1000;1;9/12/2025;9/12/2025;C27;;0;;0;;;;;;;;0;2;;0;;;;0;0;;;;;0;0;;;;;;;;;0;;;;;;0;;;0;;;;;;0;;;0;0;;;;;1;;1;;;0;24;;;24;;COMPRAS ABASTECIMIENTO
0004 SERVICIO TECNICO PROYECTO;4000006330;1010;ZPIN;PEDIDOS P/ COTIZAR -;;0;10;4;2/1/2026;LNUNEZ;1012146;MECHA ACERO RAPIDO D8 MM;2;Materiales usuales;CUMPLIDO;MR01;1;9/12/2025;2/1/2026;enero;10137730;1010;1;9/12/2025;9/12/2025;C27;;0;;0;;;;;;;;0;2;;0;;;;0;0;;;;;0;0;;;;;;;;;0;;;;;;0;;;0;;;;;;0;;;0;0;;;;;1;;1;;;0;24;;;24;;COMPRAS ABASTECIMIENTO
0004 SERVICIO TECNICO PROYECTO;4000006330;1030;ZPIN;PEDIDOS P/ COTIZAR -;;0;10;4;2/1/2026;LNUNEZ;1012148;MECHA PARA MADERA D10 MM;2;Materiales usuales;CUMPLIDO;MR01;1;9/12/2025;2/1/2026;enero;10137730;1030;1;9/12/2025;9/12/2025;C27;;0;;0;;;;;;;;0;2;;0;;;;0;0;;;;;0;0;;;;;;;;;0;;;;;;0;;;0;;;;;;0;;;0;0;;;;;1;;1;;;0;24;;;24;;COMPRAS ABASTECIMIENTO
0004 SERVICIO TECNICO PROYECTO;4000006330;1040;ZPIN;PEDIDOS P/ COTIZAR -;;0;10;4;2/1/2026;LNUNEZ;1012149;MECHA PARA MADERA D11 MM;2;Materiales usuales;CUMPLIDO;MR01;1;9/12/2025;2/1/2026;enero;10137730;1040;1;9/12/2025;9/12/2025;C27;;0;;0;;;;;;;;0;2;;0;;;;0;0;;;;;0;0;;;;;;;;;0;;;;;;0;;;0;;;;;;0;;;0;0;;;;;1;;1;;;0;24;;;24;;COMPRAS ABASTECIMIENTO
0004 SERVICIO TECNICO PROYECTO;4000006330;1050;ZPIN;PEDIDOS P/ COTIZAR -;;0;10;4;2/1/2026;LNUNEZ;1012150;MECHA PARA MADERA D12 MM;2;Materiales usuales;CUMPLIDO;MR01;1;9/12/2025;2/1/2026;enero;10137730;1050;1;9/12/2025;9/12/2025;C27;;0;;0;;;;;;;;0;2;;0;;;;0;0;;;;;0;0;;;;;;;;;0;;;;;;0;;;0;;;;;;0;;;0;0;;;;;1;;1;;;0;24;;;24;;COMPRAS ABASTECIMIENTO
0004 SERVICIO TECNICO PROYECTO;4000006330;1060;ZPIN;PEDIDOS P/ COTIZAR -;;0;10;4;2/1/2026;LNUNEZ;1012151;MECHA PARA MADERA D13 MM;2;Materiales usuales;CUMPLIDO;MR01;1;9/12/2025;2/1/2026;enero;10137730;1060;1;9/12/2025;9/12/2025;C27;;0;;0;;;;;;;;0;2;;0;;;;0;0;;;;;0;0;;;;;;;;;0;;;;;;0;;;0;;;;;;0;;;0;0;;;;;1;;1;;;0;24;;;24;;COMPRAS ABASTECIMIENTO
0004 SERVICIO TECNICO PROYECTO;4000006330;1070;ZPIN;PEDIDOS P/ COTIZAR -;;0;10;4;6/1/2026;LNUNEZ;1034840;EXTRACTOR RULEMAN PARA ALTERNADOR;1;Materiales usuales;CUMPLIDO;MR01;1;9/12/2025;2/1/2026;enero;10137730;1070;1;9/12/2025;9/12/2025;C27;;0;;0;;;;;;;;0;1;;0;;;;0;0;;;;;0;0;;;;;;;;;0;;;;;;0;;;0;;;;;;0;;;0;0;;;;;1;;;1;4;0;28;;;28;;COMPRAS ABASTECIMIENTO
0004 SERVICIO TECNICO PROYECTO;4000006330;1080;ZPIN;PEDIDOS P/ COTIZAR -;;0;10;4;16/12/2025;LNUNEZ;1009560;CUTTER C. GUIA METAL 18 MM.;2;Materiales usuales;CUMPLIDO;MR01;1;9/12/2025;2/1/2026;enero;10137730;1080;1;9/12/2025;9/12/2025;C17;;0;;0;;;;;;;;0;2;;0;;;;0;0;;;;;0;0;;;;;;;;;0;;;;;;0;;;0;;;;;;0;;;0;0;;;;;1;;1;;;0;7;;;7;;COMPRAS ABASTECIMIENTO
0004 SERVICIO TECNICO PROYECTO;4000006330;1090;ZPIN;PEDIDOS P/ COTIZAR -;;0;10;4;2/1/2026;LNUNEZ;1012339;JUEGO TUBOS ENCASTRE 1 2PG DE 10 A 32MM;1;Materiales usuales;CUMPLIDO;MR01;1;9/12/2025;2/1/2026;enero;10137730;1090;1;9/12/2025;9/12/2025;C27;;0;;0;;;;;;;;0;1;;0;;;;0;0;;;;;0;0;;;;;;;;;0;;;;;;0;;;0;;;;;;0;;;0;0;;;;;1;;1;;;0;24;;;24;;COMPRAS ABASTECIMIENTO
0004 SERVICIO TECNICO PROYECTO;4000006330;1100;ZPIN;PEDIDOS P/ COTIZAR -;;0;10;4;26/12/2025;LNUNEZ;1012605;PINZA AMPEROMETRICA;1;Materiales genericos;CUMPLIDO;MR01;1;9/12/2025;2/1/2026;enero;10137730;1100;1;9/12/2025;9/12/2025;C20;;0;;0;;;;;;;;0;1;;0;;;;0;0;;;;;0;0;;;;;;;;;0;;;;;;0;;;0;;;;;;0;;;0;0;;;;;1;;1;;;0;17;;;17;;COMPRAS ABASTECIMIENTO
0004 SERVICIO TECNICO PROYECTO;4000006330;1110;ZPIN;PEDIDOS P/ COTIZAR -;;0;10;4;2/1/2026;LNUNEZ;1029412;TESTER DIGITAL MULTIMETRO BREMEN 6692;1;Materiales usuales;CUMPLIDO;MR01;1;9/12/2025;2/1/2026;enero;10137730;1110;1;9/12/2025;9/12/2025;C27;;0;;0;;;;;;;;0;1;;0;;;;0;0;;;;;0;0;;;;;;;;;0;;;;;;0;;;0;;;;;;0;;;0;0;;;;;1;;1;;;0;24;;;24;;COMPRAS ABASTECIMIENTO
0004 SERVICIO TECNICO PROYECTO;4000006330;1120;ZPIN;PEDIDOS P/ COTIZAR -;;0;10;4;2/1/2026;LNUNEZ;1034841;SOLDADOR DE ESTAÑO VESUBIO D3;1;Materiales usuales;CUMPLIDO;MR01;1;9/12/2025;2/1/2026;enero;10137730;1120;1;9/12/2025;9/12/2025;C27;;0;;0;;;;;;;;0;1;;0;;;;0;0;;;;;0;0;;;;;;;;;0;;;;;;0;;;0;;;;;;0;;;0;0;;;;;1;;1;;;0;24;;;24;;COMPRAS ABASTECIMIENTO
0004 SERVICIO TECNICO PROYECTO;4000006330;1130;ZPIN;PEDIDOS P/ COTIZAR -;;0;10;4;2/1/2026;LNUNEZ;1034842;PUNTA ESTAÑO VESUBIO D3 VERTICAL;1;Materiales usuales;CUMPLIDO;MR01;1;9/12/2025;2/1/2026;enero;10137730;1130;1;9/12/2025;9/12/2025;C27;;0;;0;;;;;;;;0;1;;0;;;;0;0;;;;;0;0;;;;;;;;;0;;;;;;0;;;0;;;;;;0;;;0;0;;;;;1;;1;;;0;24;;;24;;COMPRAS ABASTECIMIENTO
0004 SERVICIO TECNICO PROYECTO;4000006330;1140;ZPIN;PEDIDOS P/ COTIZAR -;;0;10;4;2/1/2026;LNUNEZ;1012232;CAJA HERRAM MECANICO CHAPA 450X220X220;1;Materiales usuales;CUMPLIDO;MR01;1;9/12/2025;2/1/2026;enero;10137730;1140;1;9/12/2025;9/12/2025;C27;;0;;0;;;;;;;;0;1;;0;;;;0;0;;;;;0;0;;;;;;;;;0;;;;;;0;;;0;;;;;;0;;;0;0;;;;;1;;1;;;0;24;;;24;;COMPRAS ABASTECIMIENTO
0004 SERVICIO TECNICO PROYECTO;4000006330;1150;ZPIN;PEDIDOS P/ COTIZAR -;;0;10;4;2/1/2026;LNUNEZ;1034843;"ALICATE CORTE FRONTAL 7""";2;Materiales usuales;CUMPLIDO;MR01;1;9/12/2025;2/1/2026;enero;10137730;1150;1;9/12/2025;9/12/2025;C27;;0;;0;;;;;;;;0;2;;0;;;;0;0;;;;;0;0;;;;;;;;;0;;;;;;0;;;0;;;;;;0;;;0;0;;;;;1;;1;;;0;24;;;24;;COMPRAS ABASTECIMIENTO
0004 SERVICIO TECNICO PROYECTO;4000006330;1160;ZPIN;PEDIDOS P/ COTIZAR -;;0;10;4;2/1/2026;LNUNEZ;1034844;"ALICATE CORTE OBLICUO 7""";1;Materiales usuales;CUMPLIDO;MR01;1;9/12/2025;2/1/2026;enero;10137730;1160;1;9/12/2025;9/12/2025;C27;;0;;0;;;;;;;;0;1;;0;;;;0;0;;;;;0;0;;;;;;;;;0;;;;;;0;;;0;;;;;;0;;;0;0;;;;;1;;1;;;0;24;;;24;;COMPRAS ABASTECIMIENTO
0004 SERVICIO TECNICO PROYECTO;4000006330;1170;ZPIN;PEDIDOS P/ COTIZAR -;;0;10;4;6/1/2026;LNUNEZ;1012433;PINZA PELA CABLES 0.5 A 4MM2;1;Materiales usuales;CUMPLIDO;MR01;1;9/12/2025;2/1/2026;enero;10137730;1170;1;9/12/2025;9/12/2025;C27;;0;;0;;;;;;;;0;1;;0;;;;0;0;;;;;0;0;;;;;;;;;0;;;;;;0;;;0;;;;;;0;;;0;0;;;;;1;;;1;4;0;28;;;28;;COMPRAS ABASTECIMIENTO
0004 SERVICIO TECNICO PROYECTO;4000006330;1180;ZPIN;PEDIDOS P/ COTIZAR -;;0;10;4;2/1/2026;LNUNEZ;1012444;PINZA UNIVERSAL 150 MM;1;Materiales usuales;CUMPLIDO;MR01;1;9/12/2025;2/1/2026;enero;10137730;1180;1;9/12/2025;9/12/2025;C27;;0;;0;;;;;;;;0;1;;0;;;;0;0;;;;;0;0;;;;;;;;;0;;;;;;0;;;0;;;;;;0;;;0;0;;;;;1;;1;;;0;24;;;24;;COMPRAS ABASTECIMIENTO
0004 SERVICIO TECNICO PROYECTO;4000006330;1190;ZPIN;PEDIDOS P/ COTIZAR -;;0;10;4;2/1/2026;LNUNEZ;1012430;PINZA DE PUNTA AISLADA;2;Materiales usuales;CUMPLIDO;MR01;1;9/12/2025;2/1/2026;enero;10137730;1190;1;9/12/2025;9/12/2025;C27;;0;;0;;;;;;;;0;2;;0;;;;0;0;;;;;0;0;;;;;;;;;0;;;;;;0;;;0;;;;;;0;;;0;0;;;;;1;;1;;;0;24;;;24;;COMPRAS ABASTECIMIENTO
00027 SEDE ACINDAR;4000006396;40;ZPIN;Elementos varios - C;1000081738;0;;4;23/1/2026;DBENITEZ;1017284;GUANTES DIELECTRICOS;1;Materiales usuales;PROCESADO;MR01;1;8/1/2026;23/1/2026;enero;10139844;40;1;8/1/2026;8/1/2026;C28;;0;;0;;;;;;;;0;1;;0;;;;0;0;;;;;0;0;;;;;;;;;0;;;;;;0;;;0;;;;;;0;;;0;0;;1000081738;40;26/1/2026;1;;1;;;0;15;3;;15;3;COMPRAS ABASTECIMIENTO
0004 SERVICIO TECNICO PROYECTO;4000006330;1200;ZPIN;PEDIDOS P/ COTIZAR -;;0;10;4;13/1/2026;LNUNEZ;1017260;PINZA CORTACABLE;1;Materiales usuales;CUMPLIDO;MR01;1;9/12/2025;2/1/2026;enero;10137730;1200;1;9/12/2025;9/12/2025;C27;;0;;0;;;;;;;;0;1;;0;;;;0;0;;;;;0;0;;;;;;;;;0;;;;;;0;;;0;;;;;;0;;;0;0;;;;;1;;;1;11;0;35;;;35;;COMPRAS ABASTECIMIENTO
00027 SEDE ACINDAR;4000006396;50;ZPIN;Elementos varios - C;1000081738;0;;4;23/1/2026;DBENITEZ;1017284;GUANTES DIELECTRICOS;1;Materiales usuales;PROCESADO;MR01;1;8/1/2026;23/1/2026;enero;10139844;50;1;8/1/2026;8/1/2026;C28;;0;;0;;;;;;;;0;1;;0;;;;0;0;;;;;0;0;;;;;;;;;0;;;;;;0;;;0;;;;;;0;;;0;0;;1000081738;50;26/1/2026;1;;1;;;0;15;3;;15;3;COMPRAS ABASTECIMIENTO
0004 SERVICIO TECNICO PROYECTO;4000006330;1210;ZPIN;PEDIDOS P/ COTIZAR -;;0;10;4;6/1/2026;LNUNEZ;1012331;JGO. DESTORNILLADOR PHILLIPS 7 UNIDADES;1;Materiales usuales;CUMPLIDO;MR01;1;9/12/2025;2/1/2026;enero;10137730;1210;1;9/12/2025;9/12/2025;C27;;0;;0;;;;;;;;0;1;;0;;;;0;0;;;;;0;0;;;;;;;;;0;;;;;;0;;;0;;;;;;0;;;0;0;;;;;1;;;1;4;0;28;;;28;;COMPRAS ABASTECIMIENTO
00027 SEDE ACINDAR;4000006396;90;ZPIN;Elementos varios - C;1000081738;0;;4;26/1/2026;DBENITEZ;1012896;Juego 12 Pzas Tubos Bocallave S/ADJUNTO;1;Materiales genericos;PROCESADO;MR01;1;8/1/2026;23/1/2026;enero;10139844;90;1;8/1/2026;8/1/2026;C27;;0;;0;;;;;;;;0;1;;0;;;;0;0;;;;;0;0;;;;;;;;;0;;;;;;0;;;0;;;;;;0;;;0;0;;1000081738;90;26/1/2026;1;;;1;3;0;18;0;;18;;COMPRAS ABASTECIMIENTO
0004 SERVICIO TECNICO PROYECTO;4000006330;1220;ZPIN;PEDIDOS P/ COTIZAR -;;0;10;4;6/1/2026;LNUNEZ;1012241;JGO. DESTORNILLADOR PLANO 7 UNIDADES;1;Materiales usuales;CUMPLIDO;MR01;1;9/12/2025;2/1/2026;enero;10137730;1220;1;9/12/2025;9/12/2025;C27;;0;;0;;;;;;;;0;1;;0;;;;0;0;;;;;0;0;;;;;;;;;0;;;;;;0;;;0;;;;;;0;;;0;0;;;;;1;;;1;4;0;28;;;28;;COMPRAS ABASTECIMIENTO
00027 SEDE ACINDAR;4000006462;10;ZPIN;GRIFERÍA;1000081823;20;;4;23/1/2026;AFORTUNA;1012639;Ferrum BKM1/B Bidet Bari 1 Agujero;2;Materiales genericos;PROCESADO;MR01;1;21/1/2026;22/1/2026;enero;10140993;10;1;21/1/2026;21/1/2026;C19;;0;;0;;;;;;;;0;2;;0;;;;0;0;;;;;0;0;;;;;;;;;0;;;;;;0;;;0;;;;;;0;;;0;0;;1000081823;10;27/1/2026;1;;;1;1;0;2;4;;2;4;COMPRAS ABASTECIMIENTO
0004 SERVICIO TECNICO PROYECTO;4000006330;1230;ZPIN;PEDIDOS P/ COTIZAR -;;0;10;4;13/1/2026;LNUNEZ;1017259;PINZA CRIMPEADORA;1;Materiales usuales;CUMPLIDO;MR01;1;9/12/2025;2/1/2026;enero;10137730;1230;1;9/12/2025;9/12/2025;C27;;0;;0;;;;;;;;0;1;;0;;;;0;0;;;;;0;0;;;;;;;;;0;;;;;;0;;;0;;;;;;0;;;0;0;;;;;1;;;1;11;0;35;;;35;;COMPRAS ABASTECIMIENTO
00027 SEDE ACINDAR;4000006462;20;ZPIN;GRIFERÍA;1000081823;20;;4;23/1/2026;AFORTUNA;1012641;Ferrum DKCC6F/B Deposito Colgar 6 Bari;2;Materiales genericos;PROCESADO;MR01;1;21/1/2026;22/1/2026;enero;10140993;20;1;21/1/2026;21/1/2026;C19;;0;;0;;;;;;;;0;2;;0;;;;0;0;;;;;0;0;;;;;;;;;0;;;;;;0;;;0;;;;;;0;;;0;0;;1000081823;20;27/1/2026;1;;;1;1;0;2;4;;2;4;COMPRAS ABASTECIMIENTO
0004 SERVICIO TECNICO PROYECTO;4000006330;1240;ZPIN;PEDIDOS P/ COTIZAR -;;0;10;4;2/1/2026;LNUNEZ;1012436;PINZA PICO DE LORO 10PG;1;Materiales usuales;CUMPLIDO;MR01;1;9/12/2025;2/1/2026;enero;10137730;1240;1;9/12/2025;9/12/2025;C27;;0;;0;;;;;;;;0;1;;0;;;;0;0;;;;;0;0;;;;;;;;;0;;;;;;0;;;0;;;;;;0;;;0;0;;;;;1;;1;;;0;24;;;24;;COMPRAS ABASTECIMIENTO
00027 SEDE ACINDAR;4000006462;30;ZPIN;GRIFERÍA;1000081823;20;;4;23/1/2026;AFORTUNA;1012649;Ferrum TKX/B TapaAS Bari Herraje PP TRAF;2;Materiales genericos;PROCESADO;MR01;1;21/1/2026;22/1/2026;enero;10140993;30;1;21/1/2026;21/1/2026;C19;;0;;0;;;;;;;;0;2;;0;;;;0;0;;;;;0;0;;;;;;;;;0;;;;;;0;;;0;;;;;;0;;;0;0;;1000081823;30;27/1/2026;1;;;1;1;0;2;4;;2;4;COMPRAS ABASTECIMIENTO
0004 SERVICIO TECNICO PROYECTO;4000006330;1250;ZPIN;PEDIDOS P/ COTIZAR -;;0;10;4;2/1/2026;LNUNEZ;1012332;JUEGO DE LLAVES TORX 9 PIEZAS;1;Materiales usuales;CUMPLIDO;MR01;1;9/12/2025;2/1/2026;enero;10137730;1250;1;9/12/2025;9/12/2025;C27;;0;;0;;;;;;;;0;1;;0;;;;0;0;;;;;0;0;;;;;;;;;0;;;;;;0;;;0;;;;;;0;;;0;0;;;;;1;;1;;;0;24;;;24;;COMPRAS ABASTECIMIENTO
00027 SEDE ACINDAR;4000006462;40;ZPIN;GRIFERÍA;1000081823;20;;4;23/1/2026;AFORTUNA;1012645;Ferrum MTNF/B Mingitorio OVAL;2;Materiales genericos;PROCESADO;MR01;1;21/1/2026;22/1/2026;enero;10140993;40;1;21/1/2026;21/1/2026;C19;;0;;0;;;;;;;;0;2;;0;;;;0;0;;;;;0;0;;;;;;;;;0;;;;;;0;;;0;;;;;;0;;;0;0;;1000081823;40;27/1/2026;1;;;1;1;0;2;4;;2;4;COMPRAS ABASTECIMIENTO
0004 SERVICIO TECNICO PROYECTO;4000006330;1260;ZPIN;PEDIDOS P/ COTIZAR -;;0;10;4;2/1/2026;LNUNEZ;1012371;LLAVE ALLEN MILIMETRICA JUEGO 9PZA.;1;Materiales usuales;CUMPLIDO;MR01;1;9/12/2025;2/1/2026;enero;10137730;1260;1;9/12/2025;9/12/2025;C27;;0;;0;;;;;;;;0;1;;0;;;;0;0;;;;;0;0;;;;;;;;;0;;;;;;0;;;0;;;;;;0;;;0;0;;;;;1;;1;;;0;24;;;24;;COMPRAS ABASTECIMIENTO
00027 SEDE ACINDAR;4000006462;50;ZPIN;GRIFERÍA;1000081823;20;;4;23/1/2026;AFORTUNA;1012646;Vasser Iris Juego monoc Lavatorio29/1012;2;Materiales genericos;PROCESADO;MR01;1;21/1/2026;22/1/2026;enero;10140993;50;1;21/1/2026;21/1/2026;C19;;0;;0;;;;;;;;0;2;;0;;;;0;0;;;;;0;0;;;;;;;;;0;;;;;;0;;;0;;;;;;0;;;0;0;;1000081823;50;27/1/2026;1;;;1;1;0;2;4;;2;4;COMPRAS ABASTECIMIENTO
0004 SERVICIO TECNICO PROYECTO;4000006330;1270;ZPIN;PEDIDOS P/ COTIZAR -;;0;10;4;2/1/2026;LNUNEZ;1011995;LINTERNA 12V;2;Materiales usuales;CUMPLIDO;MR01;1;9/12/2025;2/1/2026;enero;10137730;1270;1;9/12/2025;9/12/2025;C27;;0;;0;;;;;;;;0;2;;0;;;;0;0;;;;;0;0;;;;;;;;;0;;;;;;0;;;0;;;;;;0;;;0;0;;;;;1;;1;;;0;24;;;24;;COMPRAS ABASTECIMIENTO
00027 SEDE ACINDAR;4000006462;60;ZPIN;GRIFERÍA;1000081823;20;;4;23/1/2026;AFORTUNA;1012639;Vasser Iris Monocomando Bidet S/D29/1112;2;Materiales genericos;PROCESADO;MR01;1;21/1/2026;22/1/2026;enero;10140993;60;1;21/1/2026;21/1/2026;C19;;0;;0;;;;;;;;0;2;;0;;;;0;0;;;;;0;0;;;;;;;;;0;;;;;;0;;;0;;;;;;0;;;0;0;;1000081823;60;27/1/2026;1;;;1;1;0;2;4;;2;4;COMPRAS ABASTECIMIENTO
0004 SERVICIO TECNICO PROYECTO;4000006330;1280;ZPIN;PEDIDOS P/ COTIZAR -;;0;10;4;2/1/2026;LNUNEZ;1017265;LINTERNA MINERA;2;Materiales usuales;CUMPLIDO;MR01;1;9/12/2025;2/1/2026;enero;10137730;1280;1;9/12/2025;9/12/2025;C27;;0;;0;;;;;;;;0;2;;0;;;;0;0;;;;;0;0;;;;;;;;;0;;;;;;0;;;0;;;;;;0;;;0;0;;;;;1;;1;;;0;24;;;24;;COMPRAS ABASTECIMIENTO
00027 SEDE ACINDAR;4000006462;70;ZPIN;GRIFERÍA;1000081823;20;;4;23/1/2026;AFORTUNA;1012648;Vasser Iris Ducha 29/1042;2;Materiales genericos;PROCESADO;MR01;1;21/1/2026;22/1/2026;enero;10140993;70;1;21/1/2026;21/1/2026;C19;;0;;0;;;;;;;;0;2;;0;;;;0;0;;;;;0;0;;;;;;;;;0;;;;;;0;;;0;;;;;;0;;;0;0;;1000081823;70;27/1/2026;1;;;1;1;0;2;4;;2;4;COMPRAS ABASTECIMIENTO
0004 SERVICIO TECNICO PROYECTO;4000006330;1290;ZPIN;PEDIDOS P/ COTIZAR -;;0;10;4;13/1/2026;LNUNEZ;1034845;BUSCAPOLO INDUCTIVO FLUKE;1;Materiales usuales;CUMPLIDO;MR01;1;9/12/2025;2/1/2026;enero;10137730;1290;1;9/12/2025;9/12/2025;C27;;0;;0;;;;;;;;0;1;;0;;;;0;0;;;;;0;0;;;;;;;;;0;;;;;;0;;;0;;;;;;0;;;0;0;;;;;1;;;1;11;0;35;;;35;;COMPRAS ABASTECIMIENTO
00027 SEDE ACINDAR;4000006462;80;ZPIN;GRIFERÍA;1000081823;20;;4;23/1/2026;AFORTUNA;1012646;Johnson Pileta Inox 304 E37/18;2;Materiales genericos;PROCESADO;MR01;1;21/1/2026;22/1/2026;enero;10140993;80;1;21/1/2026;21/1/2026;C19;;0;;0;;;;;;;;0;2;;0;;;;0;0;;;;;0;0;;;;;;;;;0;;;;;;0;;;0;;;;;;0;;;0;0;;1000081823;80;27/1/2026;1;;;1;1;0;2;4;;2;4;COMPRAS ABASTECIMIENTO
0004 SERVICIO TECNICO PROYECTO;4000006330;1300;ZPIN;PEDIDOS P/ COTIZAR -;;0;10;4;6/1/2026;LNUNEZ;1034846;IMAN EXTENSIBLE;1;Materiales usuales;CUMPLIDO;MR01;1;9/12/2025;2/1/2026;enero;10137730;1300;1;9/12/2025;9/12/2025;C27;;0;;0;;;;;;;;0;1;;0;;;;0;0;;;;;0;0;;;;;;;;;0;;;;;;0;;;0;;;;;;0;;;0;0;;;;;1;;;1;4;0;28;;;28;;COMPRAS ABASTECIMIENTO
0004 SERVICIO TECNICO PROYECTO;4000006330;1310;ZPIN;PEDIDOS P/ COTIZAR -;;0;10;4;2/1/2026;LNUNEZ;1012340;JUEGO TUBOS ENCASTRE 3 8PG DE 4 A 13MM;1;Materiales usuales;CUMPLIDO;MR01;1;9/12/2025;2/1/2026;enero;10137730;1310;1;9/12/2025;9/12/2025;C27;;0;;0;;;;;;;;0;1;;0;;;;0;0;;;;;0;0;;;;;;;;;0;;;;;;0;;;0;;;;;;0;;;0;0;;;;;1;;1;;;0;24;;;24;;COMPRAS ABASTECIMIENTO
0004 SERVICIO TECNICO PROYECTO;4000006330;1320;ZPIN;PEDIDOS P/ COTIZAR -;;0;10;4;2/1/2026;LNUNEZ;1034847;"JUEGO TUBOS ENCASTRE 1/4""";1;Materiales usuales;CUMPLIDO;MR01;1;9/12/2025;2/1/2026;enero;10137730;1320;1;9/12/2025;9/12/2025;C27;;0;;0;;;;;;;;0;1;;0;;;;0;0;;;;;0;0;;;;;;;;;0;;;;;;0;;;0;;;;;;0;;;0;0;;;;;1;;1;;;0;24;;;24;;COMPRAS ABASTECIMIENTO
0004 SERVICIO TECNICO PROYECTO;4000006330;1330;ZPIN;PEDIDOS P/ COTIZAR -;;0;10;4;2/1/2026;LNUNEZ;1029412;TESTER DIGITAL MULTIMETRO BREMEN 6692;1;Materiales usuales;CUMPLIDO;MR01;1;9/12/2025;2/1/2026;enero;10137730;1330;1;9/12/2025;9/12/2025;C27;;0;;0;;;;;;;;0;1;;0;;;;0;0;;;;;0;0;;;;;;;;;0;;;;;;0;;;0;;;;;;0;;;0;0;;;;;1;;1;;;0;24;;;24;;COMPRAS ABASTECIMIENTO
0004 SERVICIO TECNICO PROYECTO;4000006330;1340;ZPIN;PEDIDOS P/ COTIZAR -;;0;10;4;2/1/2026;LNUNEZ;1012339;JUEGO TUBOS ENCASTRE 1 2PG DE 10 A 32MM;1;Materiales usuales;CUMPLIDO;MR01;1;9/12/2025;2/1/2026;enero;10137730;1340;1;9/12/2025;9/12/2025;C27;;0;;0;;;;;;;;0;1;;0;;;;0;0;;;;;0;0;;;;;;;;;0;;;;;;0;;;0;;;;;;0;;;0;0;;;;;1;;1;;;0;24;;;24;;COMPRAS ABASTECIMIENTO
0004 SERVICIO TECNICO PROYECTO;4000006330;1350;ZPIN;PEDIDOS P/ COTIZAR -;;0;10;4;2/1/2026;LNUNEZ;1012340;JUEGO TUBOS ENCASTRE 3 8PG DE 4 A 13MM;1;Materiales usuales;CUMPLIDO;MR01;1;9/12/2025;2/1/2026;enero;10137730;1350;1;9/12/2025;9/12/2025;C27;;0;;0;;;;;;;;0;1;;0;;;;0;0;;;;;0;0;;;;;;;;;0;;;;;;0;;;0;;;;;;0;;;0;0;;;;;1;;1;;;0;24;;;24;;COMPRAS ABASTECIMIENTO
0004 SERVICIO TECNICO PROYECTO;4000006330;1360;ZPIN;PEDIDOS P/ COTIZAR -;;0;10;4;2/1/2026;LNUNEZ;1012355;LLAVE T 6 MM;1;Materiales usuales;CUMPLIDO;MR01;1;9/12/2025;2/1/2026;enero;10137730;1360;1;9/12/2025;9/12/2025;C27;;0;;0;;;;;;;;0;1;;0;;;;0;0;;;;;0;0;;;;;;;;;0;;;;;;0;;;0;;;;;;0;;;0;0;;;;;1;;1;;;0;24;;;24;;COMPRAS ABASTECIMIENTO
0004 SERVICIO TECNICO PROYECTO;4000006330;1370;ZPIN;PEDIDOS P/ COTIZAR -;;0;10;4;2/1/2026;LNUNEZ;1012356;LLAVE T 7 MM;1;Materiales usuales;CUMPLIDO;MR01;1;9/12/2025;2/1/2026;enero;10137730;1370;1;9/12/2025;9/12/2025;C27;;0;;0;;;;;;;;0;1;;0;;;;0;0;;;;;0;0;;;;;;;;;0;;;;;;0;;;0;;;;;;0;;;0;0;;;;;1;;1;;;0;24;;;24;;COMPRAS ABASTECIMIENTO
0004 SERVICIO TECNICO PROYECTO;4000006330;1380;ZPIN;PEDIDOS P/ COTIZAR -;;0;10;4;2/1/2026;LNUNEZ;1012357;LLAVE T 8 MM;1;Materiales usuales;CUMPLIDO;MR01;1;9/12/2025;2/1/2026;enero;10137730;1380;1;9/12/2025;9/12/2025;C27;;0;;0;;;;;;;;0;1;;0;;;;0;0;;;;;0;0;;;;;;;;;0;;;;;;0;;;0;;;;;;0;;;0;0;;;;;1;;1;;;0;24;;;24;;COMPRAS ABASTECIMIENTO
0004 SERVICIO TECNICO PROYECTO;4000006330;1390;ZPIN;PEDIDOS P/ COTIZAR -;;0;10;4;2/1/2026;LNUNEZ;1012358;LLAVE T 9 MM;1;Materiales usuales;CUMPLIDO;MR01;1;9/12/2025;2/1/2026;enero;10137730;1390;1;9/12/2025;9/12/2025;C27;;0;;0;;;;;;;;0;1;;0;;;;0;0;;;;;0;0;;;;;;;;;0;;;;;;0;;;0;;;;;;0;;;0;0;;;;;1;;1;;;0;24;;;24;;COMPRAS ABASTECIMIENTO
0004 SERVICIO TECNICO PROYECTO;4000006330;1400;ZPIN;PEDIDOS P/ COTIZAR -;;0;10;4;2/1/2026;LNUNEZ;1012344;LLAVE T 10 MM;1;Materiales usuales;CUMPLIDO;MR01;1;9/12/2025;2/1/2026;enero;10137730;1400;1;9/12/2025;9/12/2025;C27;;0;;0;;;;;;;;0;1;;0;;;;0;0;;;;;0;0;;;;;;;;;0;;;;;;0;;;0;;;;;;0;;;0;0;;;;;1;;1;;;0;24;;;24;;COMPRAS ABASTECIMIENTO
0004 SERVICIO TECNICO PROYECTO;4000006330;1410;ZPIN;PEDIDOS P/ COTIZAR -;;0;10;4;13/1/2026;LNUNEZ;1034253;JGO DE CABLES C/PINZAS P/ PUENTE 1200AMP;1;Materiales usuales;CUMPLIDO;MR01;1;9/12/2025;2/1/2026;enero;10137730;1410;1;9/12/2025;9/12/2025;C27;;0;;0;;;;;;;;0;1;;0;;;;0;0;;;;;0;0;;;;;;;;;0;;;;;;0;;;0;;;;;;0;;;0;0;;;;;1;;;1;11;0;35;;;35;;COMPRAS ABASTECIMIENTO
0004 SERVICIO TECNICO PROYECTO;4000006330;1420;ZPIN;PEDIDOS P/ COTIZAR -;;0;10;4;2/1/2026;LNUNEZ;1012345;LLAVE T 11 MM;1;Materiales usuales;CUMPLIDO;MR01;1;9/12/2025;2/1/2026;enero;10137730;1420;1;9/12/2025;9/12/2025;C27;;0;;0;;;;;;;;0;1;;0;;;;0;0;;;;;0;0;;;;;;;;;0;;;;;;0;;;0;;;;;;0;;;0;0;;;;;1;;1;;;0;24;;;24;;COMPRAS ABASTECIMIENTO
0004 SERVICIO TECNICO PROYECTO;4000006330;1430;ZPIN;PEDIDOS P/ COTIZAR -;;0;10;4;2/1/2026;LNUNEZ;1012346;LLAVE T 12 MM;1;Materiales usuales;CUMPLIDO;MR01;1;9/12/2025;2/1/2026;enero;10137730;1430;1;9/12/2025;9/12/2025;C27;;0;;0;;;;;;;;0;1;;0;;;;0;0;;;;;0;0;;;;;;;;;0;;;;;;0;;;0;;;;;;0;;;0;0;;;;;1;;1;;;0;24;;;24;;COMPRAS ABASTECIMIENTO
0004 SERVICIO TECNICO PROYECTO;4000006330;1440;ZPIN;PEDIDOS P/ COTIZAR -;;0;10;4;2/1/2026;LNUNEZ;1012360;LLAVE AJUSTABLE 12PG;2;Materiales usuales;CUMPLIDO;MR01;1;9/12/2025;2/1/2026;enero;10137730;1440;1;9/12/2025;9/12/2025;C27;;0;;0;;;;;;;;0;2;;0;;;;0;0;;;;;0;0;;;;;;;;;0;;;;;;0;;;0;;;;;;0;;;0;0;;;;;1;;1;;;0;24;;;24;;COMPRAS ABASTECIMIENTO
0004 SERVICIO TECNICO PROYECTO;4000006330;1450;ZPIN;PEDIDOS P/ COTIZAR -;;0;10;4;2/1/2026;LNUNEZ;1012361;LLAVE AJUSTABLE 18PG;2;Materiales usuales;CUMPLIDO;MR01;1;9/12/2025;2/1/2026;enero;10137730;1450;1;9/12/2025;9/12/2025;C27;;0;;0;;;;;;;;0;2;;0;;;;0;0;;;;;0;0;;;;;;;;;0;;;;;;0;;;0;;;;;;0;;;0;0;;;;;1;;1;;;0;24;;;24;;COMPRAS ABASTECIMIENTO
0004 SERVICIO TECNICO PROYECTO;4000006330;1460;ZPIN;PEDIDOS P/ COTIZAR -;;0;10;4;2/1/2026;LNUNEZ;1034814;"PINZA UNIVERSAL AISLADA 8""";2;Materiales usuales;CUMPLIDO;MR01;1;9/12/2025;2/1/2026;enero;10137730;1460;1;9/12/2025;9/12/2025;C27;;0;;0;;;;;;;;0;2;;0;;;;0;0;;;;;0;0;;;;;;;;;0;;;;;;0;;;0;;;;;;0;;;0;0;;;;;1;;1;;;0;24;;;24;;COMPRAS ABASTECIMIENTO
0004 SERVICIO TECNICO PROYECTO;4000006330;1470;ZPIN;PEDIDOS P/ COTIZAR -;;0;10;4;2/1/2026;LNUNEZ;1012436;PINZA PICO DE LORO 10PG;2;Materiales usuales;CUMPLIDO;MR01;1;9/12/2025;2/1/2026;enero;10137730;1470;1;9/12/2025;9/12/2025;C27;;0;;0;;;;;;;;0;2;;0;;;;0;0;;;;;0;0;;;;;;;;;0;;;;;;0;;;0;;;;;;0;;;0;0;;;;;1;;1;;;0;24;;;24;;COMPRAS ABASTECIMIENTO
0004 SERVICIO TECNICO PROYECTO;4000006330;1480;ZPIN;PEDIDOS P/ COTIZAR -;;0;10;4;2/1/2026;LNUNEZ;1017216;LLAVE ALLEN MILIMETRICA JUEGO 9PZA.;2;Materiales Stock S/Devol;CUMPLIDO;MR01;1;9/12/2025;2/1/2026;enero;10137730;1480;1;9/12/2025;9/12/2025;C27;;0;;0;;;;;;;;0;2;;0;;;;0;0;;;;;0;0;;;;;;;;;0;;;;;;0;;;0;;;;;;0;;;0;0;;;;;1;;1;;;0;24;;;24;;COMPRAS ABASTECIMIENTO
0004 SERVICIO TECNICO PROYECTO;4000006330;1490;ZPIN;PEDIDOS P/ COTIZAR -;;0;10;4;2/1/2026;LNUNEZ;1017217;LLAVE ALLEN PULGADAS JUEGO 9PZA.;2;Materiales Stock S/Devol;CUMPLIDO;MR01;1;9/12/2025;2/1/2026;enero;10137730;1490;1;9/12/2025;9/12/2025;C27;;0;;0;;;;;;;;0;2;;0;;;;0;0;;;;;0;0;;;;;;;;;0;;;;;;0;;;0;;;;;;0;;;0;0;;;;;1;;1;;;0;24;;;24;;COMPRAS ABASTECIMIENTO
0004 SERVICIO TECNICO PROYECTO;4000006330;1500;ZPIN;PEDIDOS P/ COTIZAR -;;0;10;4;2/1/2026;LNUNEZ;1012332;JUEGO DE LLAVES TORX 9 PIEZAS;2;Materiales usuales;CUMPLIDO;MR01;1;9/12/2025;2/1/2026;enero;10137730;1500;1;9/12/2025;9/12/2025;C27;;0;;0;;;;;;;;0;2;;0;;;;0;0;;;;;0;0;;;;;;;;;0;;;;;;0;;;0;;;;;;0;;;0;0;;;;;1;;1;;;0;24;;;24;;COMPRAS ABASTECIMIENTO
0004 SERVICIO TECNICO PROYECTO;4000006330;1510;ZPIN;PEDIDOS P/ COTIZAR -;;0;10;4;2/1/2026;LNUNEZ;1012347;LLAVE T 13 MM;2;Materiales usuales;CUMPLIDO;MR01;1;9/12/2025;2/1/2026;enero;10137730;1510;1;9/12/2025;9/12/2025;C27;;0;;0;;;;;;;;0;2;;0;;;;0;0;;;;;0;0;;;;;;;;;0;;;;;;0;;;0;;;;;;0;;;0;0;;;;;1;;1;;;0;24;;;24;;COMPRAS ABASTECIMIENTO
0004 SERVICIO TECNICO PROYECTO;4000006330;1520;ZPIN;PEDIDOS P/ COTIZAR -;;0;10;4;2/1/2026;LNUNEZ;1012542;SONDA DE ESPESORES 0.05 A 1.00MM;1;Materiales usuales;CUMPLIDO;MR01;1;9/12/2025;2/1/2026;enero;10137730;1520;1;9/12/2025;9/12/2025;C27;;0;;0;;;;;;;;0;1;;0;;;;0;0;;;;;0;0;;;;;;;;;0;;;;;;0;;;0;;;;;;0;;;0;0;;;;;1;;1;;;0;24;;;24;;COMPRAS ABASTECIMIENTO
0004 SERVICIO TECNICO PROYECTO;4000006330;1530;ZPIN;PEDIDOS P/ COTIZAR -;;0;10;4;6/1/2026;LNUNEZ;1012331;JGO. DESTORNILLADOR PHILLIPS 7 UNIDADES;1;Materiales usuales;CUMPLIDO;MR01;1;9/12/2025;2/1/2026;enero;10137730;1530;1;9/12/2025;9/12/2025;C27;;0;;0;;;;;;;;0;1;;0;;;;0;0;;;;;0;0;;;;;;;;;0;;;;;;0;;;0;;;;;;0;;;0;0;;;;;1;;;1;4;0;28;;;28;;COMPRAS ABASTECIMIENTO
0004 SERVICIO TECNICO PROYECTO;4000006330;1540;ZPIN;PEDIDOS P/ COTIZAR -;;0;10;4;6/1/2026;LNUNEZ;1012241;JGO. DESTORNILLADOR PLANO 7 UNIDADES;1;Materiales usuales;CUMPLIDO;MR01;1;9/12/2025;2/1/2026;enero;10137730;1540;1;9/12/2025;9/12/2025;C27;;0;;0;;;;;;;;0;1;;0;;;;0;0;;;;;0;0;;;;;;;;;0;;;;;;0;;;0;;;;;;0;;;0;0;;;;;1;;;1;4;0;28;;;28;;COMPRAS ABASTECIMIENTO
0004 SERVICIO TECNICO PROYECTO;4000006330;1550;ZPIN;PEDIDOS P/ COTIZAR -;;0;10;4;6/1/2026;LNUNEZ;1012433;PINZA PELA CABLES 0.5 A 4MM2;2;Materiales usuales;CUMPLIDO;MR01;1;9/12/2025;2/1/2026;enero;10137730;1550;1;9/12/2025;9/12/2025;C27;;0;;0;;;;;;;;0;2;;0;;;;0;0;;;;;0;0;;;;;;;;;0;;;;;;0;;;0;;;;;;0;;;0;0;;;;;1;;;1;4;0;28;;;28;;COMPRAS ABASTECIMIENTO
0004 SERVICIO TECNICO PROYECTO;4000006330;1560;ZPIN;PEDIDOS P/ COTIZAR -;;0;10;4;2/1/2026;LNUNEZ;1012428;PINZA AUTOAJUSTABLE 9PG;2;Materiales usuales;CUMPLIDO;MR01;1;9/12/2025;2/1/2026;enero;10137730;1560;1;9/12/2025;9/12/2025;C27;;0;;0;;;;;;;;0;2;;0;;;;0;0;;;;;0;0;;;;;;;;;0;;;;;;0;;;0;;;;;;0;;;0;0;;;;;1;;1;;;0;24;;;24;;COMPRAS ABASTECIMIENTO
0004 SERVICIO TECNICO PROYECTO;4000006330;1570;ZPIN;PEDIDOS P/ COTIZAR -;;0;10;4;6/1/2026;LNUNEZ;1012435;PINZA PERRO 10PG;2;Materiales usuales;CUMPLIDO;MR01;1;9/12/2025;2/1/2026;enero;10137730;1570;1;9/12/2025;9/12/2025;C27;;0;;0;;;;;;;;0;2;;0;;;;0;0;;;;;0;0;;;;;;;;;0;;;;;;0;;;0;;;;;;0;;;0;0;;;;;1;;;1;4;0;28;;;28;;COMPRAS ABASTECIMIENTO
0004 SERVICIO TECNICO PROYECTO;4000006330;1580;ZPIN;PEDIDOS P/ COTIZAR -;;0;10;4;2/1/2026;LNUNEZ;1012440;PINZA SEGUER PARA ABRIR CHICA;2;Materiales usuales;CUMPLIDO;MR01;1;9/12/2025;2/1/2026;enero;10137730;1580;1;9/12/2025;9/12/2025;C27;;0;;0;;;;;;;;0;2;;0;;;;0;0;;;;;0;0;;;;;;;;;0;;;;;;0;;;0;;;;;;0;;;0;0;;;;;1;;1;;;0;24;;;24;;COMPRAS ABASTECIMIENTO
0004 SERVICIO TECNICO PROYECTO;4000006330;1590;ZPIN;PEDIDOS P/ COTIZAR -;;0;10;4;2/1/2026;LNUNEZ;1012441;PINZA SEGUER PARA ABRIR GRANDE;2;Materiales usuales;CUMPLIDO;MR01;1;9/12/2025;2/1/2026;enero;10137730;1590;1;9/12/2025;9/12/2025;C27;;0;;0;;;;;;;;0;2;;0;;;;0;0;;;;;0;0;;;;;;;;;0;;;;;;0;;;0;;;;;;0;;;0;0;;;;;1;;1;;;0;24;;;24;;COMPRAS ABASTECIMIENTO
0004 SERVICIO TECNICO PROYECTO;4000006330;1600;ZPIN;PEDIDOS P/ COTIZAR -;;0;10;4;2/1/2026;LNUNEZ;1034817;"ALICATE CORTE DIAGONAL 6"" AISLADO";2;Materiales usuales;CUMPLIDO;MR01;1;9/12/2025;2/1/2026;enero;10137730;1600;1;9/12/2025;9/12/2025;C27;;0;;0;;;;;;;;0;2;;0;;;;0;0;;;;;0;0;;;;;;;;;0;;;;;;0;;;0;;;;;;0;;;0;0;;;;;1;;1;;;0;24;;;24;;COMPRAS ABASTECIMIENTO
0004 SERVICIO TECNICO PROYECTO;4000006330;1610;ZPIN;PEDIDOS P/ COTIZAR -;;0;10;4;2/1/2026;LNUNEZ;1012250;BARRETA INDUSTRIAL REDONDA 32X1500;1;Materiales usuales;CUMPLIDO;MR01;1;9/12/2025;2/1/2026;enero;10137730;1610;1;9/12/2025;9/12/2025;C27;;0;;0;;;;;;;;0;1;;0;;;;0;0;;;;;0;0;;;;;;;;;0;;;;;;0;;;0;;;;;;0;;;0;0;;;;;1;;1;;;0;24;;;24;;COMPRAS ABASTECIMIENTO
0004 SERVICIO TECNICO PROYECTO;4000006330;1620;ZPIN;PEDIDOS P/ COTIZAR -;;0;10;4;2/1/2026;LNUNEZ;1012250;BARRETA INDUSTRIAL REDONDA 32X1500;1;Materiales usuales;CUMPLIDO;MR01;1;9/12/2025;2/1/2026;enero;10137730;1620;1;9/12/2025;9/12/2025;C27;;0;;0;;;;;;;;0;1;;0;;;;0;0;;;;;0;0;;;;;;;;;0;;;;;;0;;;0;;;;;;0;;;0;0;;;;;1;;1;;;0;24;;;24;;COMPRAS ABASTECIMIENTO
0004 SERVICIO TECNICO PROYECTO;4000006330;1630;ZPIN;PEDIDOS P/ COTIZAR -;;0;10;4;2/1/2026;LNUNEZ;1011995;LINTERNA 12V;1;Materiales usuales;CUMPLIDO;MR01;1;9/12/2025;2/1/2026;enero;10137730;1630;1;9/12/2025;9/12/2025;C27;;0;;0;;;;;;;;0;1;;0;;;;0;0;;;;;0;0;;;;;;;;;0;;;;;;0;;;0;;;;;;0;;;0;0;;;;;1;;1;;;0;24;;;24;;COMPRAS ABASTECIMIENTO
0004 SERVICIO TECNICO PROYECTO;4000006330;1640;ZPIN;PEDIDOS P/ COTIZAR -;;0;10;4;2/1/2026;LNUNEZ;1017265;LINTERNA MINERA;2;Materiales usuales;CUMPLIDO;MR01;1;9/12/2025;2/1/2026;enero;10137730;1640;1;9/12/2025;9/12/2025;C27;;0;;0;;;;;;;;0;2;;0;;;;0;0;;;;;0;0;;;;;;;;;0;;;;;;0;;;0;;;;;;0;;;0;0;;;;;1;;1;;;0;24;;;24;;COMPRAS ABASTECIMIENTO
0004 SERVICIO TECNICO PROYECTO;4000006330;1650;ZPIN;PEDIDOS P/ COTIZAR -;;0;10;4;2/1/2026;LNUNEZ;1017266;LINTERNAS LED;1;Materiales usuales;CUMPLIDO;MR01;1;9/12/2025;2/1/2026;enero;10137730;1650;1;9/12/2025;9/12/2025;C27;;0;;0;;;;;;;;0;1;;0;;;;0;0;;;;;0;0;;;;;;;;;0;;;;;;0;;;0;;;;;;0;;;0;0;;;;;1;;1;;;0;24;;;24;;COMPRAS ABASTECIMIENTO
0004 SERVICIO TECNICO PROYECTO;4000006330;1660;ZPIN;PEDIDOS P/ COTIZAR -;;0;10;4;2/1/2026;LNUNEZ;1034863;"BOC. ENC. 1"" N° 32 ALTO IMPACTO";4;Materiales usuales;CUMPLIDO;MR01;1;9/12/2025;2/1/2026;enero;10137730;1660;1;9/12/2025;9/12/2025;C27;;0;;0;;;;;;;;0;4;;0;;;;0;0;;;;;0;0;;;;;;;;;0;;;;;;0;;;0;;;;;;0;;;0;0;;;;;1;;1;;;0;24;;;24;;COMPRAS ABASTECIMIENTO
0004 SERVICIO TECNICO PROYECTO;4000006330;1670;ZPIN;PEDIDOS P/ COTIZAR -;;0;10;4;2/1/2026;LNUNEZ;1034864;"BOC. ENC. 1"" N°33 ALTO IMPACTO";4;Materiales usuales;CUMPLIDO;MR01;1;9/12/2025;2/1/2026;enero;10137730;1670;1;9/12/2025;9/12/2025;C27;;0;;0;;;;;;;;0;4;;0;;;;0;0;;;;;0;0;;;;;;;;;0;;;;;;0;;;0;;;;;;0;;;0;0;;;;;1;;1;;;0;24;;;24;;COMPRAS ABASTECIMIENTO
0004 SERVICIO TECNICO PROYECTO;4000006330;1680;ZPIN;PEDIDOS P/ COTIZAR -;;0;10;4;2/1/2026;LNUNEZ;1034865;CRIQUET HIDRÁULICO 5 TN BOTELLA PICK UP;3;Materiales usuales;CUMPLIDO;MR01;1;9/12/2025;2/1/2026;enero;10137730;1680;1;9/12/2025;9/12/2025;C27;;0;;0;;;;;;;;0;3;;0;;;;0;0;;;;;0;0;;;;;;;;;0;;;;;;0;;;0;;;;;;0;;;0;0;;;;;1;;1;;;0;24;;;24;;COMPRAS ABASTECIMIENTO
0004 SERVICIO TECNICO PROYECTO;4000006330;1690;ZPIN;PEDIDOS P/ COTIZAR -;;0;10;4;2/1/2026;LNUNEZ;1034866;CRIQUET HIDRÁULICO 30 TN;3;Materiales usuales;CUMPLIDO;MR01;1;9/12/2025;2/1/2026;enero;10137730;1690;1;9/12/2025;9/12/2025;C27;;0;;0;;;;;;;;0;3;;0;;;;0;0;;;;;0;0;;;;;;;;;0;;;;;;0;;;0;;;;;;0;;;0;0;;;;;1;;1;;;0;24;;;24;;COMPRAS ABASTECIMIENTO
0004 SERVICIO TECNICO PROYECTO;4000006330;1700;ZPIN;PEDIDOS P/ COTIZAR -;;0;10;4;13/1/2026;LNUNEZ;1034867;DESTALONADORA;1;Materiales usuales;CUMPLIDO;MR01;1;9/12/2025;2/1/2026;enero;10137730;1700;1;9/12/2025;9/12/2025;C27;;0;;0;;;;;;;;0;1;;0;;;;0;0;;;;;0;0;;;;;;;;;0;;;;;;0;;;0;;;;;;0;;;0;0;;;;;1;;;1;11;0;35;;;35;;COMPRAS ABASTECIMIENTO
0004 SERVICIO TECNICO PROYECTO;4000006330;1710;ZPIN;PEDIDOS P/ COTIZAR -;;0;10;4;2/1/2026;LNUNEZ;1034868;LLAVE CRUZ RASSELI CORTA;3;Materiales usuales;CUMPLIDO;MR01;1;9/12/2025;2/1/2026;enero;10137730;1710;1;9/12/2025;9/12/2025;C27;;0;;0;;;;;;;;0;3;;0;;;;0;0;;;;;0;0;;;;;;;;;0;;;;;;0;;;0;;;;;;0;;;0;0;;;;;1;;1;;;0;24;;;24;;COMPRAS ABASTECIMIENTO
0004 SERVICIO TECNICO PROYECTO;4000006330;1720;ZPIN;PEDIDOS P/ COTIZAR -;;0;10;4;2/1/2026;LNUNEZ;1034869;LLAVE CRUZ RASELLI LARGA;3;Materiales usuales;CUMPLIDO;MR01;1;9/12/2025;2/1/2026;enero;10137730;1720;1;9/12/2025;9/12/2025;C27;;0;;0;;;;;;;;0;3;;0;;;;0;0;;;;;0;0;;;;;;;;;0;;;;;;0;;;0;;;;;;0;;;0;0;;;;;1;;1;;;0;24;;;24;;COMPRAS ABASTECIMIENTO
0004 SERVICIO TECNICO PROYECTO;4000006330;1730;ZPIN;PEDIDOS P/ COTIZAR -;;0;10;4;13/1/2026;LNUNEZ;1034870;PALANCAS PLANAS 2 UÑAS LARGAS REFORZADAS;3;Materiales usuales;CUMPLIDO;MR01;1;9/12/2025;2/1/2026;enero;10137730;1730;1;9/12/2025;9/12/2025;C27;;0;;0;;;;;;;;0;3;;0;;;;0;0;;;;;0;0;;;;;;;;;0;;;;;;0;;;0;;;;;;0;;;0;0;;;;;1;;;1;11;0;35;;;35;;COMPRAS ABASTECIMIENTO
0004 SERVICIO TECNICO PROYECTO;4000006330;1740;ZPIN;PEDIDOS P/ COTIZAR -;;0;10;4;13/1/2026;LNUNEZ;1034871;PALANCAS UÑAS 0,9 M PARA CAMIÓN;3;Materiales usuales;CUMPLIDO;MR01;1;9/12/2025;2/1/2026;enero;10137730;1740;1;9/12/2025;9/12/2025;C27;;0;;0;;;;;;;;0;3;;0;;;;0;0;;;;;0;0;;;;;;;;;0;;;;;;0;;;0;;;;;;0;;;0;0;;;;;1;;;1;11;0;35;;;35;;COMPRAS ABASTECIMIENTO
0004 SERVICIO TECNICO PROYECTO;4000006330;1750;ZPIN;PEDIDOS P/ COTIZAR -;;0;10;4;13/1/2026;LNUNEZ;1034872;CUÑAS DESTALONADORAS;6;Materiales usuales;CUMPLIDO;MR01;1;9/12/2025;2/1/2026;enero;10137730;1750;1;9/12/2025;9/12/2025;C27;;0;;0;;;;;;;;0;6;;0;;;;0;0;;;;;0;0;;;;;;;;;0;;;;;;0;;;0;;;;;;0;;;0;0;;;;;1;;;1;11;0;35;;;35;;COMPRAS ABASTECIMIENTO
0004 SERVICIO TECNICO PROYECTO;4000006330;1760;ZPIN;PEDIDOS P/ COTIZAR -;;0;10;4;17/12/2025;LNUNEZ;1026343;LLAVE DE RUEDA N° 33-32 + PALANCA;2;Materiales Stock;CUMPLIDO;MR01;1;9/12/2025;2/1/2026;enero;10137730;1760;1;9/12/2025;9/12/2025;C29;;0;;0;;;;;;;;0;2;;0;;;;0;0;;;;;0;0;;;;;;;;;0;;;;;;0;;;0;;;;;;0;;;0;0;;;;;1;;1;;;0;8;;;8;;COMPRAS ABASTECIMIENTO
0004 SERVICIO TECNICO PROYECTO;4000006330;1770;ZPIN;PEDIDOS P/ COTIZAR -;;0;10;4;2/1/2026;LNUNEZ;1034825;CALIBRE PRESION NEUMATICO;4;Materiales usuales;CUMPLIDO;MR01;1;9/12/2025;2/1/2026;enero;10137730;1770;1;9/12/2025;9/12/2025;C27;;0;;0;;;;;;;;0;4;;0;;;;0;0;;;;;0;0;;;;;;;;;0;;;;;;0;;;0;;;;;;0;;;0;0;;;;;1;;1;;;0;24;;;24;;COMPRAS ABASTECIMIENTO
0004 SERVICIO TECNICO PROYECTO;4000006330;1780;ZPIN;PEDIDOS P/ COTIZAR -;;0;10;4;13/1/2026;LNUNEZ;1034873;TARRAJA DOBLE;5;Materiales usuales;CUMPLIDO;MR01;1;9/12/2025;2/1/2026;enero;10137730;1780;1;9/12/2025;9/12/2025;C27;;0;;0;;;;;;;;0;5;;0;;;;0;0;;;;;0;0;;;;;;;;;0;;;;;;0;;;0;;;;;;0;;;0;0;;;;;1;;;1;11;0;35;;;35;;COMPRAS ABASTECIMIENTO
0004 SERVICIO TECNICO PROYECTO;4000006330;1790;ZPIN;PEDIDOS P/ COTIZAR -;;0;10;4;2/1/2026;LNUNEZ;1034874;CRIQUET NEUM. 30TN CARRO;1;Materiales usuales;CUMPLIDO;MR01;1;9/12/2025;2/1/2026;enero;10137730;1790;1;9/12/2025;9/12/2025;C27;;0;;0;;;;;;;;0;1;;0;;;;0;0;;;;;0;0;;;;;;;;;0;;;;;;0;;;0;;;;;;0;;;0;0;;;;;1;;1;;;0;24;;;24;;COMPRAS ABASTECIMIENTO
0004 SERVICIO TECNICO PROYECTO;4000006330;1800;ZPIN;PEDIDOS P/ COTIZAR -;;0;10;4;2/1/2026;LNUNEZ;1034875;MARTILLO DE GOMA TEAL;1;Materiales usuales;CUMPLIDO;MR01;1;9/12/2025;2/1/2026;enero;10137730;1800;1;9/12/2025;9/12/2025;C27;;0;;0;;;;;;;;0;1;;0;;;;0;0;;;;;0;0;;;;;;;;;0;;;;;;0;;;0;;;;;;0;;;0;0;;;;;1;;1;;;0;24;;;24;;COMPRAS ABASTECIMIENTO
0004 SERVICIO TECNICO PROYECTO;4000006330;1810;ZPIN;PEDIDOS P/ COTIZAR -;;0;10;4;2/1/2026;LNUNEZ;1012425;MAZA MINERO 3 KG;3;Materiales usuales;CUMPLIDO;MR01;1;9/12/2025;2/1/2026;enero;10137730;1810;1;9/12/2025;9/12/2025;C27;;0;;0;;;;;;;;0;3;;0;;;;0;0;;;;;0;0;;;;;;;;;0;;;;;;0;;;0;;;;;;0;;;0;0;;;;;1;;1;;;0;24;;;24;;COMPRAS ABASTECIMIENTO
00027 SEDE ACINDAR;4000006396;60;ZPIN;Elementos varios - C;1000082364;0;;4;3/2/2026;DBENITEZ;1012896;Buscapolo inductivo S/DETALLE;1;Materiales genericos;PROCESADO;MR01;1;8/1/2026;30/1/2026;enero;10139844;60;1;8/1/2026;8/1/2026;C27;;0;;0;;;;;;;;0;1;;0;;;;0;0;;;;;0;0;;;;;;;;;0;;;;;;0;;;0;;;;;;0;;;0;0;;1000082364;60;4/2/2026;1;;;1;4;0;26;1;;26;;COMPRAS ABASTECIMIENTO
0004 SERVICIO TECNICO PROYECTO;4000006330;1820;ZPIN;PEDIDOS P/ COTIZAR -;;0;10;4;13/1/2026;LNUNEZ;1034876;BALDE DE GRASA LUBRIGÓN X 5 KG;3;Materiales usuales;CUMPLIDO;MR01;1;9/12/2025;2/1/2026;enero;10137730;1820;1;9/12/2025;9/12/2025;C27;;0;;0;;;;;;;;0;3;;0;;;;0;0;;;;;0;0;;;;;;;;;0;;;;;;0;;;0;;;;;;0;;;0;0;;;;;1;;;1;11;0;35;;;35;;COMPRAS ABASTECIMIENTO
0004 SERVICIO TECNICO PROYECTO;4000006330;1830;ZPIN;PEDIDOS P/ COTIZAR -;;0;10;4;16/12/2025;LNUNEZ;1022281;CEMENTO PARA VULCANIZADO;3;Materiales Stock S/Devol;CUMPLIDO;MR01;1;9/12/2025;2/1/2026;enero;10137730;1830;1;9/12/2025;9/12/2025;C17;;0;;0;;;;;;;;0;3;;0;;;;0;0;;;;;0;0;;;;;;;;;0;;;;;;0;;;0;;;;;;0;;;0;0;;;;;1;;1;;;0;7;;;7;;COMPRAS ABASTECIMIENTO
0004 SERVICIO TECNICO PROYECTO;4000006330;1840;ZPIN;PEDIDOS P/ COTIZAR -;;0;10;4;2/1/2026;LNUNEZ;1004322;PICO DE INFLAR P CAMARA DE CAMION XUN;2;Materiales Stock;CUMPLIDO;MR01;1;9/12/2025;2/1/2026;enero;10137730;1840;1;9/12/2025;9/12/2025;C27;;0;;0;;;;;;;;0;2;;0;;;;0;0;;;;;0;0;;;;;;;;;0;;;;;;0;;;0;;;;;;0;;;0;0;;;;;1;;1;;;0;24;;;24;;COMPRAS ABASTECIMIENTO
0004 SERVICIO TECNICO PROYECTO;4000006330;1850;ZPIN;PEDIDOS P/ COTIZAR -;;0;10;4;6/1/2026;LNUNEZ;1034824;PICO DE INFLAR VIALES XUN;4;Materiales usuales;CUMPLIDO;MR01;1;9/12/2025;2/1/2026;enero;10137730;1850;1;9/12/2025;9/12/2025;C27;;0;;0;;;;;;;;0;4;;0;;;;0;0;;;;;0;0;;;;;;;;;0;;;;;;0;;;0;;;;;;0;;;0;0;;;;;1;;;1;4;0;28;;;28;;COMPRAS ABASTECIMIENTO
0004 SERVICIO TECNICO PROYECTO;4000006330;1860;ZPIN;PEDIDOS P/ COTIZAR -;;0;10;4;2/1/2026;LNUNEZ;1034875;MARTILLO DE GOMA TEAL;5;Materiales usuales;CUMPLIDO;MR01;1;9/12/2025;2/1/2026;enero;10137730;1860;1;9/12/2025;9/12/2025;C27;;0;;0;;;;;;;;0;5;;0;;;;0;0;;;;;0;0;;;;;;;;;0;;;;;;0;;;0;;;;;;0;;;0;0;;;;;1;;1;;;0;24;;;24;;COMPRAS ABASTECIMIENTO
0004 SERVICIO TECNICO PROYECTO;4000006330;1870;ZPIN;PEDIDOS P/ COTIZAR -;;0;10;4;2/1/2026;LNUNEZ;1012339;JUEGO TUBOS ENCASTRE 1 2PG DE 10 A 32MM;3;Materiales usuales;CUMPLIDO;MR01;1;9/12/2025;2/1/2026;enero;10137730;1870;1;9/12/2025;9/12/2025;C27;;0;;0;;;;;;;;0;3;;0;;;;0;0;;;;;0;0;;;;;;;;;0;;;;;;0;;;0;;;;;;0;;;0;0;;;;;1;;1;;;0;24;;;24;;COMPRAS ABASTECIMIENTO
0004 SERVICIO TECNICO PROYECTO;4000006330;1880;ZPIN;PEDIDOS P/ COTIZAR -;;0;10;4;13/1/2026;LNUNEZ;1034877;TERRAJA TIPO T P/ROSCA DE PICO;1;Materiales usuales;CUMPLIDO;MR01;1;9/12/2025;2/1/2026;enero;10137730;1880;1;9/12/2025;9/12/2025;C27;;0;;0;;;;;;;;0;1;;0;;;;0;0;;;;;0;0;;;;;;;;;0;;;;;;0;;;0;;;;;;0;;;0;0;;;;;1;;;1;11;0;35;;;35;;COMPRAS ABASTECIMIENTO
0004 SERVICIO TECNICO PROYECTO;4000006330;1890;ZPIN;PEDIDOS P/ COTIZAR -;;0;10;4;13/1/2026;LNUNEZ;1034878;KIT REPARACION CAMARAS-PARCHE;1;Materiales usuales;CUMPLIDO;MR01;1;9/12/2025;2/1/2026;enero;10137730;1890;1;9/12/2025;9/12/2025;C27;;0;;0;;;;;;;;0;1;;0;;;;0;0;;;;;0;0;;;;;;;;;0;;;;;;0;;;0;;;;;;0;;;0;0;;;;;1;;;1;11;0;35;;;35;;COMPRAS ABASTECIMIENTO
0004 SERVICIO TECNICO PROYECTO;4000006330;1900;ZPIN;PEDIDOS P/ COTIZAR -;;0;10;4;16/12/2025;LNUNEZ;1011438;TACO MADERA 4PGX4PGX1.2M;1;Materiales usuales;CUMPLIDO;MR01;1;9/12/2025;2/1/2026;enero;10137730;1900;1;9/12/2025;9/12/2025;C22;;0;;0;;;;;;;;0;1;;0;;;;0;0;;;;;0;0;;;;;;;;;0;;;;;;0;;;0;;;;;;0;;;0;0;;;;;1;;1;;;0;7;;;7;;COMPRAS ABASTECIMIENTO
0004 SERVICIO TECNICO PROYECTO;4000006330;1910;ZPIN;PEDIDOS P/ COTIZAR -;;0;10;4;2/1/2026;LNUNEZ;1034880;JGO SACABOCADOS A GOLPE N° 1 X 10PZ;1;Materiales usuales;CUMPLIDO;MR01;1;9/12/2025;2/1/2026;enero;10137730;1910;1;9/12/2025;9/12/2025;C27;;0;;0;;;;;;;;0;1;;0;;;;0;0;;;;;0;0;;;;;;;;;0;;;;;;0;;;0;;;;;;0;;;0;0;;;;;1;;1;;;0;24;;;24;;COMPRAS ABASTECIMIENTO
0004 SERVICIO TECNICO PROYECTO;4000006330;1920;ZPIN;PEDIDOS P/ COTIZAR -;;0;10;4;2/1/2026;LNUNEZ;1001984;CARETA PARA SOLDADOR X UN;2;Materiales Stock;CUMPLIDO;MR01;1;9/12/2025;2/1/2026;enero;10137730;1920;1;9/12/2025;9/12/2025;C27;;0;;0;;;;;;;;0;2;;0;;;;0;0;;;;;0;0;;;;;;;;;0;;;;;;0;;;0;;;;;;0;;;0;0;;;;;1;;1;;;0;24;;;24;;COMPRAS ABASTECIMIENTO
0004 SERVICIO TECNICO PROYECTO;4000006330;1930;ZPIN;PEDIDOS P/ COTIZAR -;;0;10;4;2/1/2026;LNUNEZ;1001985;VIDRIOP CARETASOLDADOR50X105MMINCOLORO;2;Materiales Stock;CUMPLIDO;MR01;1;9/12/2025;2/1/2026;enero;10137730;1930;1;9/12/2025;9/12/2025;C27;;0;;0;;;;;;;;0;2;;0;;;;0;0;;;;;0;0;;;;;;;;;0;;;;;;0;;;0;;;;;;0;;;0;0;;;;;1;;1;;;0;24;;;24;;COMPRAS ABASTECIMIENTO
0004 SERVICIO TECNICO PROYECTO;4000006330;1940;ZPIN;PEDIDOS P/ COTIZAR -;;0;10;4;2/1/2026;LNUNEZ;1034881;PISTOLA DE CALOR 1800W;1;Materiales usuales;CUMPLIDO;MR01;1;9/12/2025;2/1/2026;enero;10137730;1940;1;9/12/2025;9/12/2025;C27;;0;;0;;;;;;;;0;1;;0;;;;0;0;;;;;0;0;;;;;;;;;0;;;;;;0;;;0;;;;;;0;;;0;0;;;;;1;;1;;;0;24;;;24;;COMPRAS ABASTECIMIENTO
0004 SERVICIO TECNICO PROYECTO;4000006330;1950;ZPIN;PEDIDOS P/ COTIZAR -;;0;10;4;2/1/2026;LNUNEZ;1029412;TESTER DIGITAL MULTIMETRO BREMEN 6692;2;Materiales usuales;CUMPLIDO;MR01;1;9/12/2025;2/1/2026;enero;10137730;1950;1;9/12/2025;9/12/2025;C27;;0;;0;;;;;;;;0;2;;0;;;;0;0;;;;;0;0;;;;;;;;;0;;;;;;0;;;0;;;;;;0;;;0;0;;;;;1;;1;;;0;24;;;24;;COMPRAS ABASTECIMIENTO
0004 SERVICIO TECNICO PROYECTO;4000006330;1960;ZPIN;PEDIDOS P/ COTIZAR -;;0;10;4;26/12/2025;LNUNEZ;1012605;PINZA AMPEROMETRICA;1;Materiales genericos;CUMPLIDO;MR01;1;9/12/2025;2/1/2026;enero;10137730;1960;1;9/12/2025;9/12/2025;C20;;0;;0;;;;;;;;0;1;;0;;;;0;0;;;;;0;0;;;;;;;;;0;;;;;;0;;;0;;;;;;0;;;0;0;;;;;1;;1;;;0;17;;;17;;COMPRAS ABASTECIMIENTO
0004 SERVICIO TECNICO PROYECTO;4000006330;1970;ZPIN;PEDIDOS P/ COTIZAR -;;0;10;4;13/1/2026;LNUNEZ;1017260;PINZA CORTACABLE;1;Materiales usuales;CUMPLIDO;MR01;1;9/12/2025;2/1/2026;enero;10137730;1970;1;9/12/2025;9/12/2025;C27;;0;;0;;;;;;;;0;1;;0;;;;0;0;;;;;0;0;;;;;;;;;0;;;;;;0;;;0;;;;;;0;;;0;0;;;;;1;;;1;11;0;35;;;35;;COMPRAS ABASTECIMIENTO
0004 SERVICIO TECNICO PROYECTO;4000006330;1980;ZPIN;PEDIDOS P/ COTIZAR -;;0;10;4;6/1/2026;LNUNEZ;1012433;PINZA PELA CABLES 0.5 A 4MM2;2;Materiales usuales;CUMPLIDO;MR01;1;9/12/2025;2/1/2026;enero;10137730;1980;1;9/12/2025;9/12/2025;C27;;0;;0;;;;;;;;0;2;;0;;;;0;0;;;;;0;0;;;;;;;;;0;;;;;;0;;;0;;;;;;0;;;0;0;;;;;1;;;1;4;0;28;;;28;;COMPRAS ABASTECIMIENTO
0004 SERVICIO TECNICO PROYECTO;4000006330;1990;ZPIN;PEDIDOS P/ COTIZAR -;;0;10;4;2/1/2026;LNUNEZ;1034841;SOLDADOR DE ESTAÑO VESUBIO D3;1;Materiales usuales;CUMPLIDO;MR01;1;9/12/2025;2/1/2026;enero;10137730;1990;1;9/12/2025;9/12/2025;C27;;0;;0;;;;;;;;0;1;;0;;;;0;0;;;;;0;0;;;;;;;;;0;;;;;;0;;;0;;;;;;0;;;0;0;;;;;1;;1;;;0;24;;;24;;COMPRAS ABASTECIMIENTO
0004 SERVICIO TECNICO PROYECTO;4000006330;2000;ZPIN;PEDIDOS P/ COTIZAR -;;0;10;4;2/1/2026;LNUNEZ;1034255;TALADRO INALAMBRICO 18V C/BATERIA;1;Materiales usuales;CUMPLIDO;MR01;1;9/12/2025;2/1/2026;enero;10137730;2000;1;9/12/2025;9/12/2025;C27;;0;;0;;;;;;;;0;1;;0;;;;0;0;;;;;0;0;;;;;;;;;0;;;;;;0;;;0;;;;;;0;;;0;0;;;;;1;;1;;;0;24;;;24;;COMPRAS ABASTECIMIENTO
0004 SERVICIO TECNICO PROYECTO;4000006330;2010;ZPIN;PEDIDOS P/ COTIZAR -;;0;10;4;13/1/2026;LNUNEZ;1034883;KIT SOPLETE ACETILENO;1;Materiales usuales;CUMPLIDO;MR01;1;9/12/2025;2/1/2026;enero;10137730;2010;1;9/12/2025;9/12/2025;C27;;0;;0;;;;;;;;0;1;;0;;;;0;0;;;;;0;0;;;;;;;;;0;;;;;;0;;;0;;;;;;0;;;0;0;;;;;1;;;1;11;0;35;;;35;;COMPRAS ABASTECIMIENTO
0004 SERVICIO TECNICO PROYECTO;4000006330;2020;ZPIN;PEDIDOS P/ COTIZAR -;;0;10;4;2/1/2026;LNUNEZ;1012535;CHISPERO PARA EQUIPO DE OXICORTE;4;Materiales usuales;CUMPLIDO;MR01;1;9/12/2025;2/1/2026;enero;10137730;2020;1;9/12/2025;9/12/2025;C27;;0;;0;;;;;;;;0;4;;0;;;;0;0;;;;;0;0;;;;;;;;;0;;;;;;0;;;0;;;;;;0;;;0;0;;;;;1;;1;;;0;24;;;24;;COMPRAS ABASTECIMIENTO
0004 SERVICIO TECNICO PROYECTO;4000006330;2030;ZPIN;PEDIDOS P/ COTIZAR -;;0;10;4;13/1/2026;LNUNEZ;1034884;TIJERA PARA TECALAN;3;Materiales usuales;CUMPLIDO;MR01;1;9/12/2025;2/1/2026;enero;10137730;2030;1;9/12/2025;9/12/2025;C27;;0;;0;;;;;;;;0;3;;0;;;;0;0;;;;;0;0;;;;;;;;;0;;;;;;0;;;0;;;;;;0;;;0;0;;;;;1;;;1;11;0;35;;;35;;COMPRAS ABASTECIMIENTO
0004 SERVICIO TECNICO PROYECTO;4000006330;2040;ZPIN;PEDIDOS P/ COTIZAR -;;0;10;4;2/1/2026;LNUNEZ;1034868;LLAVE CRUZ RASSELI CORTA;3;Materiales usuales;CUMPLIDO;MR01;1;9/12/2025;2/1/2026;enero;10137730;2040;1;9/12/2025;9/12/2025;C27;;0;;0;;;;;;;;0;3;;0;;;;0;0;;;;;0;0;;;;;;;;;0;;;;;;0;;;0;;;;;;0;;;0;0;;;;;1;;1;;;0;24;;;24;;COMPRAS ABASTECIMIENTO
0004 SERVICIO TECNICO PROYECTO;4000006330;2050;ZPIN;PEDIDOS P/ COTIZAR -;;0;10;4;2/1/2026;LNUNEZ;1012315;ESCUADRA ALBANIL 90B 50CM;1;Materiales usuales;CUMPLIDO;MR01;1;9/12/2025;2/1/2026;enero;10137730;2050;1;9/12/2025;9/12/2025;C27;;0;;0;;;;;;;;0;1;;0;;;;0;0;;;;;0;0;;;;;;;;;0;;;;;;0;;;0;;;;;;0;;;0;0;;;;;1;;1;;;0;24;;;24;;COMPRAS ABASTECIMIENTO
0004 SERVICIO TECNICO PROYECTO;4000006330;2060;ZPIN;PEDIDOS P/ COTIZAR -;;0;10;4;13/1/2026;LNUNEZ;1034830;JUEGO DE ESCUADRAS IMANTADAS P/SOLDAR;2;Materiales usuales;CUMPLIDO;MR01;1;9/12/2025;2/1/2026;enero;10137730;2060;1;9/12/2025;9/12/2025;C27;;0;;0;;;;;;;;0;2;;0;;;;0;0;;;;;0;0;;;;;;;;;0;;;;;;0;;;0;;;;;;0;;;0;0;;;;;1;;;1;11;0;35;;;35;;COMPRAS ABASTECIMIENTO
0004 SERVICIO TECNICO PROYECTO;4000006330;2070;ZPIN;PEDIDOS P/ COTIZAR -;;0;10;4;6/1/2026;LNUNEZ;1034885;PIROMETRO 30 - 550 °C;1;Materiales usuales;CUMPLIDO;MR01;1;9/12/2025;2/1/2026;enero;10137730;2070;1;9/12/2025;9/12/2025;C27;;0;;0;;;;;;;;0;1;;0;;;;0;0;;;;;0;0;;;;;;;;;0;;;;;;0;;;0;;;;;;0;;;0;0;;;;;1;;;1;4;0;28;;;28;;COMPRAS ABASTECIMIENTO
0004 SERVICIO TECNICO PROYECTO;4000006330;2080;ZPIN;PEDIDOS P/ COTIZAR -;;0;10;4;13/1/2026;LNUNEZ;1034827;JGO DE MACHOS C/MANIJA 8PZ PULG W.;2;Materiales usuales;CUMPLIDO;MR01;1;9/12/2025;2/1/2026;enero;10137730;2080;1;9/12/2025;9/12/2025;C27;;0;;0;;;;;;;;0;2;;0;;;;0;0;;;;;0;0;;;;;;;;;0;;;;;;0;;;0;;;;;;0;;;0;0;;;;;1;;;1;11;0;35;;;35;;COMPRAS ABASTECIMIENTO
0004 SERVICIO TECNICO PROYECTO;4000006330;2090;ZPIN;PEDIDOS P/ COTIZAR -;;0;10;4;6/1/2026;LNUNEZ;1034829;KIT EXTRACTORES ESPARRAGO ROSCA IZQ.;2;Materiales usuales;CUMPLIDO;MR01;1;9/12/2025;2/1/2026;enero;10137730;2090;1;9/12/2025;9/12/2025;C27;;0;;0;;;;;;;;0;2;;0;;;;0;0;;;;;0;0;;;;;;;;;0;;;;;;0;;;0;;;;;;0;;;0;0;;;;;1;;;1;4;0;28;;;28;;COMPRAS ABASTECIMIENTO
0004 SERVICIO TECNICO PROYECTO;4000006330;2100;ZPIN;PEDIDOS P/ COTIZAR -;;0;10;4;2/1/2026;LNUNEZ;1012371;LLAVE ALLEN MILIMETRICA JUEGO 9PZA.;1;Materiales usuales;CUMPLIDO;MR01;1;9/12/2025;2/1/2026;enero;10137730;2100;1;9/12/2025;9/12/2025;C27;;0;;0;;;;;;;;0;1;;0;;;;0;0;;;;;0;0;;;;;;;;;0;;;;;;0;;;0;;;;;;0;;;0;0;;;;;1;;1;;;0;24;;;24;;COMPRAS ABASTECIMIENTO
0004 SERVICIO TECNICO PROYECTO;4000006330;2110;ZPIN;PEDIDOS P/ COTIZAR -;;0;10;4;2/1/2026;LNUNEZ;1012332;JUEGO DE LLAVES TORX 9 PIEZAS;1;Materiales usuales;CUMPLIDO;MR01;1;9/12/2025;2/1/2026;enero;10137730;2110;1;9/12/2025;9/12/2025;C27;;0;;0;;;;;;;;0;1;;0;;;;0;0;;;;;0;0;;;;;;;;;0;;;;;;0;;;0;;;;;;0;;;0;0;;;;;1;;1;;;0;24;;;24;;COMPRAS ABASTECIMIENTO
0004 SERVICIO TECNICO PROYECTO;4000006330;2120;ZPIN;PEDIDOS P/ COTIZAR -;;0;10;4;2/1/2026;LNUNEZ;1017265;LINTERNA MINERA;4;Materiales usuales;CUMPLIDO;MR01;1;9/12/2025;2/1/2026;enero;10137730;2120;1;9/12/2025;9/12/2025;C27;;0;;0;;;;;;;;0;4;;0;;;;0;0;;;;;0;0;;;;;;;;;0;;;;;;0;;;0;;;;;;0;;;0;0;;;;;1;;1;;;0;24;;;24;;COMPRAS ABASTECIMIENTO
0004 SERVICIO TECNICO PROYECTO;4000006330;2130;ZPIN;PEDIDOS P/ COTIZAR -;;0;10;4;13/1/2026;LNUNEZ;1034887;GAS R22 A/A;1;Materiales usuales;CUMPLIDO;MR01;1;9/12/2025;2/1/2026;enero;10137730;2130;1;9/12/2025;9/12/2025;C27;;0;;0;;;;;;;;0;1;;0;;;;0;0;;;;;0;0;;;;;;;;;0;;;;;;0;;;0;;;;;;0;;;0;0;;;;;1;;;1;11;0;35;;;35;;COMPRAS ABASTECIMIENTO
0004 SERVICIO TECNICO PROYECTO;4000006330;2140;ZPIN;PEDIDOS P/ COTIZAR -;;0;10;4;17/12/2025;LNUNEZ;1003378;PISTOLA ACEITE C CAUDALIMETRO XUN;3;Materiales Stock;CUMPLIDO;MR01;1;9/12/2025;2/1/2026;enero;10137730;2140;1;9/12/2025;9/12/2025;C29;;0;;0;;;;;;;;0;3;;0;;;;0;0;;;;;0;0;;;;;;;;;0;;;;;;0;;;0;;;;;;0;;;0;0;;;;;1;;1;;;0;8;;;8;;COMPRAS ABASTECIMIENTO
0004 SERVICIO TECNICO PROYECTO;4000006330;2150;ZPIN;PEDIDOS P/ COTIZAR -;;0;10;4;6/1/2026;LNUNEZ;1034933;TORQUIMETRO DIGITAL TORQUE  1/4 1/2 3/8;1;Materiales usuales;CUMPLIDO;MR01;1;9/12/2025;2/1/2026;enero;10137730;2150;1;9/12/2025;9/12/2025;C27;;0;;0;;;;;;;;0;1;;0;;;;0;0;;;;;0;0;;;;;;;;;0;;;;;;0;;;0;;;;;;0;;;0;0;;;;;1;;;1;4;0;28;;;28;;COMPRAS ABASTECIMIENTO
0004 SERVICIO TECNICO PROYECTO;4000006330;2160;ZPIN;PEDIDOS P/ COTIZAR -;;0;10;4;2/1/2026;LNUNEZ;1012499;CALIBRE DIGITAL ELECTRONICO;2;Materiales usuales;CUMPLIDO;MR01;1;9/12/2025;2/1/2026;enero;10137730;2160;1;9/12/2025;9/12/2025;C27;;0;;0;;;;;;;;0;2;;0;;;;0;0;;;;;0;0;;;;;;;;;0;;;;;;0;;;0;;;;;;0;;;0;0;;;;;1;;1;;;0;24;;;24;;COMPRAS ABASTECIMIENTO
0004 SERVICIO TECNICO PROYECTO;4000006330;2170;ZPIN;PEDIDOS P/ COTIZAR -;;0;10;4;2/1/2026;LNUNEZ;1034888;GATO NEUMATICO 30T C/CARRITO;1;Materiales usuales;CUMPLIDO;MR01;1;9/12/2025;2/1/2026;enero;10137730;2170;1;9/12/2025;9/12/2025;C27;;0;;0;;;;;;;;0;1;;0;;;;0;0;;;;;0;0;;;;;;;;;0;;;;;;0;;;0;;;;;;0;;;0;0;;;;;1;;1;;;0;24;;;24;;COMPRAS ABASTECIMIENTO
0004 SERVICIO TECNICO PROYECTO;4000006330;2180;ZPIN;PEDIDOS P/ COTIZAR -;;0;10;4;6/1/2026;LNUNEZ;1034894;"LLAVE IMPACTO NEUM. ENC 1"" EJE LARGO";1;Materiales usuales;CUMPLIDO;MR01;1;9/12/2025;2/1/2026;enero;10137730;2180;1;9/12/2025;9/12/2025;C27;;0;;0;;;;;;;;0;1;;0;;;;0;0;;;;;0;0;;;;;;;;;0;;;;;;0;;;0;;;;;;0;;;0;0;;;;;1;;;1;4;0;28;;;28;;COMPRAS ABASTECIMIENTO
0004 SERVICIO TECNICO PROYECTO;4000006330;2190;ZPIN;PEDIDOS P/ COTIZAR -;;0;10;4;10/12/2025;LNUNEZ;1034585;KIT DE TAPONES;1;Materiales Stock;CUMPLIDO;MR01;1;9/12/2025;2/1/2026;enero;10137730;2190;1;9/12/2025;9/12/2025;C03;;0;;0;;;;;;;;0;1;;0;;;;0;0;;;;;0;0;;;;;;;;;0;;;;;;0;;;0;;;;;;0;;;0;0;;;;;1;;1;;;0;1;;;1;;COMPRAS EQUIPOS
0004 SERVICIO TECNICO PROYECTO;4000006330;2200;ZPIN;PEDIDOS P/ COTIZAR -;;0;10;4;10/12/2025;LNUNEZ;1034895;KIT SELLOS ORING;1;Materiales Stock;CUMPLIDO;MR01;1;9/12/2025;2/1/2026;enero;10137730;2200;1;9/12/2025;9/12/2025;C03;;0;;0;;;;;;;;0;1;;0;;;;0;0;;;;;0;0;;;;;;;;;0;;;;;;0;;;0;;;;;;0;;;0;0;;;;;1;;1;;;0;1;;;1;;COMPRAS EQUIPOS
0004 SERVICIO TECNICO PROYECTO;4000006330;2210;ZPIN;PEDIDOS P/ COTIZAR -;;0;10;4;10/12/2025;LNUNEZ;1034896;KIT SELLOS ORING;1;Materiales Stock;CUMPLIDO;MR01;1;9/12/2025;2/1/2026;enero;10137730;2210;1;9/12/2025;9/12/2025;C03;;0;;0;;;;;;;;0;1;;0;;;;0;0;;;;;0;0;;;;;;;;;0;;;;;;0;;;0;;;;;;0;;;0;0;;;;;1;;1;;;0;1;;;1;;COMPRAS EQUIPOS
00007 COMERCIAL OF LICITACION;4000006644;10;ZPIN;26/16 - TGS CAMBIO T;;0;10;4;22/4/2026;EPAONE;1012896;"MANTAS TERMOCONTRAIBLES Ø30"" HTLP60";750;Materiales genericos;CUMPLIDO;MR01;1;7/4/2026;17/4/2026;abril;10147072;10;1;7/4/2026;7/4/2026;PCO;;0;;0;;;;;;;;0;750;;0;;;;0;0;;;;;0;0;;;;;;;;;0;;;;;;0;;;0;;;;;;0;;;0;0;;;;;1;;;1;5;0;15;;;15;;SIN GC
00007 COMERCIAL OF LICITACION;4000006646;10;ZPIN;26/16 - TGS CAMBIO T;;0;10;4;27/4/2026;EPAONE;1012623;"TACO DE MADERA DURA  6""x4""x1,20 m";2000;Materiales genericos;CUMPLIDO;MR01;1;7/4/2026;17/4/2026;abril;10147089;10;1;7/4/2026;7/4/2026;PCO;;0;;0;;;;;;;;0;2000;;0;;;;0;0;;;;;0;0;;;;;;;;;0;;;;;;0;;;0;;;;;;0;;;0;0;;;;;1;;;1;10;0;20;;;20;;SIN GC
00040-Comunic y Sustentabilidad;4000006647;10;ZPIN;POSAVASOS DIRECTORIO;;0;10;4;28/4/2026;NMONTENEGRO;1055159;POSAVASO C/LOGO;30;Materiales usuales;CUMPLIDO;MR01;1;7/4/2026;7/4/2026;abril;10147090;20;1;8/4/2026;8/4/2026;C17;;0;;0;;;;;;;;0;30;;0;;;;0;0;;;;;0;0;;;;;;;;;0;;;;;;0;;;0;;;;;;0;;;0;0;;;;;1;;;1;21;1;20;;;20;;COMPRAS ABASTECIMIENTO
00007 COMERCIAL OF LICITACION;4000006648;10;ZPIN;26/16 - TGS CAMBIO T;;0;10;4;27/4/2026;EPAONE;1012608;LOSETA DE HORMIGON S/PLANO;3500;Materiales genericos;CUMPLIDO;MR01;1;7/4/2026;17/4/2026;abril;10147091;10;1;7/4/2026;7/4/2026;PCO;;0;;0;;;;;;;;0;3500;;0;;;;0;0;;;;;0;0;;;;;;;;;0;;;;;;0;;;0;;;;;;0;;;0;0;;;;;1;;;1;10;0;20;;;20;;SIN GC
00007 COMERCIAL OF LICITACION;4000006649;10;ZPIN;26/16 - TGS CAMBIO T;;0;10;4;4/5/2026;EPAONE;1012774;ARENA SECA PARA ARENADO;80;Materiales genericos;CUMPLIDO;MR01;1;7/4/2026;17/4/2026;abril;10147094;10;1;7/4/2026;7/4/2026;PCO;;0;;0;;;;;;;;0;80;;0;;;;0;0;;;;;0;0;;;;;;;;;0;;;;;;0;;;0;;;;;;0;;;0;0;;;;;1;;;1;17;0;27;;;27;;SIN GC
00007 COMERCIAL OF LICITACION;4000006651;10;ZPIN;26/16-TGS-Cbio tramo;;0;10;4;4/5/2026;FRAMOS;1009685;PIEDRA PARTIDA GRANITICA 10-30;1;Materiales usuales;CUMPLIDO;MR01;1;7/4/2026;7/4/2026;abril;10147112;10;1;7/4/2026;7/4/2026;PCO;;0;;0;;;;;;;;0;1;;0;;;;0;0;;;;;0;0;;;;;;;;;0;;;;;;0;;;0;;;;;;0;;;0;0;;;;;1;;;1;27;0;27;;;27;;SIN GC
00007 COMERCIAL OF LICITACION;4000006652;10;ZPIN;26/16 - TGS CAMBIO T;;0;10;4;4/5/2026;EPAONE;1012782;MATERIALES PIPING S/ADJUNTO;1;Materiales genericos;CUMPLIDO;MR01;1;8/4/2026;17/4/2026;abril;10147185;10;1;8/4/2026;8/4/2026;PCO;;0;;0;;;;;;;;0;1;;0;;;;0;0;;;;;0;0;;;;;;;;;0;;;;;;0;;;0;;;;;;0;;;0;0;;;;;1;;;1;17;0;26;;;26;;SIN GC
00298 Añelo;4000006654;10;ZPIN;BAJA SERVICIO VIGILA;;0;10;4;9/4/2026;LCARRIL;1017395;BAJA SERVICIO VIGILANCIA SEDE AÑELO;1;Servicios;CUMPLIDO;MR01;2;9/4/2026;30/4/2026;abril;10147250;10;1;9/4/2026;9/4/2026;C25;;0;;0;;;;;;;;0;1;;0;;;;0;0;;;;;0;0;;;;;;;;;0;;;;;;0;;;0;;;;;;0;;;0;0;;;;;1;;1;;;0;0;;;;;COMPRAS ABASTECIMIENTO
00029-AMPLIACION SEDE ROSARIO;4000006658;10;ZPIN;CC29;1000086797;0;;4;15/4/2026;AFORTUNA;1012806;Cable sintenax de 2 x 2.5 mm2;200;Materiales genericos;PROCESADO;MR01;1;10/4/2026;17/4/2026;abril;10147330;10;1;10/4/2026;10/4/2026;C11;;0;;0;;;;;;;;0;200;;0;;;;0;0;;;;;0;0;;;;;;;;;0;;;;;;0;;;0;;;;;;0;;;0;0;;1000086797;10;17/4/2026;1;;1;;;0;5;2;;5;;COMPRAS ABASTECIMIENTO
00029-AMPLIACION SEDE ROSARIO;4000006658;20;ZPIN;CC29;1000086797;0;;4;15/4/2026;AFORTUNA;1012806;Cable sintenax de 4 x 6 mm2;117;Materiales genericos;PROCESADO;MR01;1;10/4/2026;17/4/2026;abril;10147330;20;1;10/4/2026;10/4/2026;C11;;0;;0;;;;;;;;0;117;;0;;;;0;0;;;;;0;0;;;;;;;;;0;;;;;;0;;;0;;;;;;0;;;0;0;;1000086797;20;17/4/2026;1;;1;;;0;5;2;;5;;COMPRAS ABASTECIMIENTO
00029-AMPLIACION SEDE ROSARIO;4000006658;30;ZPIN;CC29;;0;10;4;15/4/2026;AFORTUNA;1012806;Cable sintenax de 4 x 10 mm2;134;Materiales genericos;CUMPLIDO;MR01;1;10/4/2026;17/4/2026;abril;10147330;30;1;10/4/2026;10/4/2026;C11;;0;;0;;;;;;;;0;134;;0;;;;0;0;;;;;0;0;;;;;;;;;0;;;;;;0;;;0;;;;;;0;;;0;0;;;;;1;;1;;;0;5;;;5;;COMPRAS ABASTECIMIENTO
00029-AMPLIACION SEDE ROSARIO;4000006658;40;ZPIN;CC29;1000086797;0;;4;15/4/2026;AFORTUNA;1012806;Cable sintenax de 1 x 10 mm2;160;Materiales genericos;PROCESADO;MR01;1;10/4/2026;17/4/2026;abril;10147330;40;1;10/4/2026;10/4/2026;C11;;0;;0;;;;;;;;0;160;;0;;;;0;0;;;;;0;0;;;;;;;;;0;;;;;;0;;;0;;;;;;0;;;0;0;;1000086797;40;17/4/2026;1;;1;;;0;5;2;;5;;COMPRAS ABASTECIMIENTO
00029-AMPLIACION SEDE ROSARIO;4000006658;50;ZPIN;CC29;;0;10;4;15/4/2026;AFORTUNA;1012806;Cable sintenax de 2 x 2.5 mm2;200;Materiales genericos;CUMPLIDO;MR01;1;10/4/2026;17/4/2026;abril;10147330;50;1;10/4/2026;10/4/2026;C11;;0;;0;;;;;;;;0;200;;0;;;;0;0;;;;;0;0;;;;;;;;;0;;;;;;0;;;0;;;;;;0;;;0;0;;;;;1;;1;;;0;5;;;5;;COMPRAS ABASTECIMIENTO
00029-AMPLIACION SEDE ROSARIO;4000006658;60;ZPIN;CC29;1000086797;0;;4;15/4/2026;AFORTUNA;1012807;Grampa peine paralela de 6 mm2/35 mm2;15;Materiales genericos;PROCESADO;MR01;1;10/4/2026;17/4/2026;abril;10147330;60;1;10/4/2026;10/4/2026;C11;;0;;0;;;;;;;;0;15;;0;;;;0;0;;;;;0;0;;;;;;;;;0;;;;;;0;;;0;;;;;;0;;;0;0;;1000086797;60;17/4/2026;1;;1;;;0;5;2;;5;;COMPRAS ABASTECIMIENTO
00029-AMPLIACION SEDE ROSARIO;4000006658;70;ZPIN;CC29;1000086797;0;;4;15/4/2026;AFORTUNA;1012807;Curva pasacables perforada de 100 mm;2;Materiales genericos;PROCESADO;MR01;1;10/4/2026;17/4/2026;abril;10147330;70;1;10/4/2026;10/4/2026;C11;;0;;0;;;;;;;;0;2;;0;;;;0;0;;;;;0;0;;;;;;;;;0;;;;;;0;;;0;;;;;;0;;;0;0;;1000086797;70;17/4/2026;1;;1;;;0;5;2;;5;;COMPRAS ABASTECIMIENTO
00029-AMPLIACION SEDE ROSARIO;4000006658;80;ZPIN;CC29;1000086797;0;;4;15/4/2026;AFORTUNA;1012807;Bandeja pasacables perforada 100mm x 3m;11;Materiales genericos;PROCESADO;MR01;1;10/4/2026;17/4/2026;abril;10147330;80;1;10/4/2026;10/4/2026;C11;;0;;0;;;;;;;;0;11;;0;;;;0;0;;;;;0;0;;;;;;;;;0;;;;;;0;;;0;;;;;;0;;;0;0;;1000086797;80;17/4/2026;1;;1;;;0;5;2;;5;;COMPRAS ABASTECIMIENTO
00007 COMERCIAL OF LICITACION;4000006660;10;ZPIN;26/16 - TGS CAMBIO T;;0;10;4;23/4/2026;EPAONE;1012974;FLETE SEMIREMOLQUE ROS/BAHIA;1;Servicios;CUMPLIDO;MR01;1;10/4/2026;17/4/2026;abril;10147344;10;1;10/4/2026;10/4/2026;PCO;;0;;0;;;;;;;;0;1;;0;;;;0;0;;;;;0;0;;;;;;;;;0;;;;;;0;;;0;;;;;;0;;;0;0;;;;;1;;;1;6;0;13;;;13;;SIN GC
00007 COMERCIAL OF LICITACION;4000006660;20;ZPIN;26/16 - TGS CAMBIO T;;0;10;4;23/4/2026;EPAONE;1012974;FLETE SEMIREMOLQUE BSAS/BAHIA;1;Servicios;CUMPLIDO;MR01;1;10/4/2026;17/4/2026;abril;10147344;20;1;10/4/2026;10/4/2026;PCO;;0;;0;;;;;;;;0;1;;0;;;;0;0;;;;;0;0;;;;;;;;;0;;;;;;0;;;0;;;;;;0;;;0;0;;;;;1;;;1;6;0;13;;;13;;SIN GC
00007 COMERCIAL OF LICITACION;4000006663;10;ZPIN;26/16 - TGS CAMBIO T;;0;10;4;14/4/2026;EPAONE;1042361;ALQUILER CAMION C/ SEMIREMOLQUE;6;Servicios;CUMPLIDO;MR01;1;10/4/2026;17/4/2026;abril;10147418;10;1;10/4/2026;10/4/2026;C04;;0;;0;;;;;;;;0;6;;0;;;;0;0;;;;;0;0;;;;;;;;;0;;;;;;0;;;0;;;;;;0;;;0;0;;;;;1;;1;;;0;4;;;4;;COMPRAS EQUIPOS
00005 TALLER;4000006664;10;ZPIN;PEDIDO TALLER / ARRA;;0;10;4;30/4/2026;HCABELLO;1012896;ARRANCADOR PORTATIL : MARCA NOCCO;1;Materiales genericos;CUMPLIDO;MM01;1;13/4/2026;20/4/2026;abril;10147450;10;1;13/4/2026;13/4/2026;C13;;0;;0;;;;;;;;0;1;;0;;;;0;0;;;;;0;0;;;;;;;;;0;;;;;;0;;;0;;;;;;0;;;0;0;;;;;1;;;1;10;0;17;;;17;;COMPRAS ABASTECIMIENTO
00007 COMERCIAL OF LICITACION;4000006667;10;ZPIN;26/16 - TGS CAMBIO T;;0;10;4;5/5/2026;EPAONE;1022295;SECADO DE CAÑERIA S/ADJUNTOS;1;Servicios;CUMPLIDO;MR01;1;13/4/2026;21/4/2026;abril;10147566;10;1;13/4/2026;13/4/2026;PCO;;0;;0;;;;;;;;0;1;;0;;;;0;0;;;;;0;0;;;;;;;;;0;;;;;;0;;;0;;;;;;0;;;0;0;;;;;1;;;1;14;0;22;;;22;;SIN GC
00007 COMERCIAL OF LICITACION;4000006668;10;ZPIN;17.26 - Abrasilver;;0;10;4;15/4/2026;MBALAUZ;1013141;SERVICIO DE INTERNET XDIA;1;Servicios;CUMPLIDO;MR01;1;13/4/2026;17/4/2026;abril;10147578;10;1;13/4/2026;13/4/2026;PCO;;0;;0;;;;;;;;0;1;;0;;;;0;0;;;;;0;0;;;;;;;;;0;;;;;;0;;;0;;;;;;0;;;0;0;;;;;1;;1;;;0;2;;;2;;SIN GC
00007 COMERCIAL OF LICITACION;4000006668;20;ZPIN;17.26 - Abrasilver;;0;10;4;15/4/2026;MBALAUZ;1013113;TRANSPORTE DE PERSONAL XVIAJE;1;Servicios;CUMPLIDO;MR01;1;13/4/2026;17/4/2026;abril;10147578;20;1;13/4/2026;13/4/2026;PCO;;0;;0;;;;;;;;0;1;;0;;;;0;0;;;;;0;0;;;;;;;;;0;;;;;;0;;;0;;;;;;0;;;0;0;;;;;1;;1;;;0;2;;;2;;SIN GC
00007 COMERCIAL OF LICITACION;4000006668;30;ZPIN;17.26 - Abrasilver;;0;10;4;20/4/2026;MBALAUZ;1013130;EXAMEN PREOCUPACIONAL BASICO XUN;1;Servicios;CUMPLIDO;MR01;1;13/4/2026;17/4/2026;abril;10147578;30;1;13/4/2026;13/4/2026;PCO;;0;;0;;;;;;;;0;1;;0;;;;0;0;;;;;0;0;;;;;;;;;0;;;;;;0;;;0;;;;;;0;;;0;0;;;;;1;;;1;3;0;7;;;7;;SIN GC
00007 COMERCIAL OF LICITACION;4000006668;40;ZPIN;17.26 - Abrasilver;;0;10;4;20/4/2026;MBALAUZ;1013133;ALQUILER BANO QUIMICO SIN LAVAMANOS XDIA;1;Servicios;CUMPLIDO;MR01;1;13/4/2026;17/4/2026;abril;10147578;40;1;13/4/2026;13/4/2026;PCO;;0;;0;;;;;;;;0;1;;0;;;;0;0;;;;;0;0;;;;;;;;;0;;;;;;0;;;0;;;;;;0;;;0;0;;;;;1;;;1;3;0;7;;;7;;SIN GC
00007 COMERCIAL OF LICITACION;4000006668;50;ZPIN;17.26 - Abrasilver;;0;10;4;4/5/2026;MBALAUZ;1013127;SS AMBULANCIA MEDIA COMPLEJIDAD XDIA;1;Servicios;CUMPLIDO;MR01;1;13/4/2026;17/4/2026;abril;10147578;50;1;13/4/2026;13/4/2026;PCO;;0;;0;;;;;;;;0;1;;0;;;;0;0;;;;;0;0;;;;;;;;;0;;;;;;0;;;0;;;;;;0;;;0;0;;;;;1;;;1;17;0;21;;;21;;SIN GC
00007 COMERCIAL OF LICITACION;4000006668;60;ZPIN;17.26 - Abrasilver;;0;10;4;21/4/2026;MBALAUZ;1011236;GASOIL DIESEL 500;1;Materiales usuales;CUMPLIDO;MR01;1;13/4/2026;17/4/2026;abril;10147578;60;1;13/4/2026;13/4/2026;PCO;;0;;0;;;;;;;;0;1;;0;;;;0;0;;;;;0;0;;;;;;;;;0;;;;;;0;;;0;;;;;;0;;;0;0;;;;;1;;;1;4;0;8;;;8;;SIN GC
00007 COMERCIAL OF LICITACION;4000006668;70;ZPIN;17.26 - Abrasilver;;0;10;4;20/4/2026;MBALAUZ;1010725;BIDON DE AGUA 20 L.;1;Materiales usuales;CUMPLIDO;MR01;1;13/4/2026;17/4/2026;abril;10147578;70;1;13/4/2026;13/4/2026;PCO;;0;;0;;;;;;;;0;1;;0;;;;0;0;;;;;0;0;;;;;;;;;0;;;;;;0;;;0;;;;;;0;;;0;0;;;;;1;;;1;3;0;7;;;7;;SIN GC
00007 COMERCIAL OF LICITACION;4000006669;10;ZPIN;26/16 - TGS CAMBIO T;;0;10;4;5/5/2026;EPAONE;1022295;Servicio de agrimensura p/planos afectac;1;Servicios;CUMPLIDO;MR01;1;14/4/2026;21/4/2026;abril;10147621;10;1;14/4/2026;14/4/2026;PCO;;0;;0;;;;;;;;0;1;;0;;;;0;0;;;;;0;0;;;;;;;;;0;;;;;;0;;;0;;;;;;0;;;0;0;;;;;1;;;1;14;0;21;;;21;;SIN GC
00007 COMERCIAL OF LICITACION;4000006671;10;ZPIN;26/16 - TGS CAMBIO T;;0;10;4;4/5/2026;EPAONE;1013006;ESTUDIO DE SUELOS;1;Servicios;CUMPLIDO;MR01;1;14/4/2026;21/4/2026;abril;10147679;10;1;14/4/2026;14/4/2026;PCO;;0;;0;;;;;;;;0;1;;0;;;;0;0;;;;;0;0;;;;;;;;;0;;;;;;0;;;0;;;;;;0;;;0;0;;;;;1;;;1;13;0;20;;;20;;SIN GC
00005 TALLER;4000006676;10;ZPIN;PEDIDO INFORMACION -;;0;10;4;29/4/2026;SFLORES;1015947;SERV.REPARACION BALDE EBINOX;1;Materiales genericos;CUMPLIDO;MR01;1;16/4/2026;23/4/2026;abril;10147780;10;1;16/4/2026;16/4/2026;C38;;0;;0;;;;;;;;0;1;;0;;;;0;0;;;;;0;0;;;;;;;;;0;;;;;;0;;;0;;;;;;0;;;0;0;;;;;1;;;1;6;0;13;;;13;;COMPRAS EQUIPOS
00022 DIRECTORIO;4000006677;10;ZPIN;CAMISAS CALIDAD;;0;10;4;28/4/2026;NMONTENEGRO;1012673;CAMISA DE CALIDAD - PEDIDO DE MARIAN;50;Materiales genericos;CUMPLIDO;MR01;1;16/4/2026;16/4/2026;abril;10147803;10;1;16/4/2026;16/4/2026;C28;;0;;0;;;;;;;;0;50;;0;;;;0;0;;;;;0;0;;;;;;;;;0;;;;;;0;;;0;;;;;;0;;;0;0;;;;;1;;;1;12;0;12;;;12;;COMPRAS ABASTECIMIENTO
00007 COMERCIAL OF LICITACION;4000006678;10;ZPIN;18/26Movimiento de m;;0;10;4;22/4/2026;FRAMOS;1016002;CAMPERA 2º PIEL T. L;1;Materiales Stock C/Devol;CUMPLIDO;MR01;1;16/4/2026;16/4/2026;abril;10147841;10;1;16/4/2026;16/4/2026;PCO;;0;;0;;;;;;;;0;1;;0;;;;0;0;;;;;0;0;;;;;;;;;0;;;;;;0;;;0;;;;;;0;;;0;0;;;;;1;;;1;6;0;6;;;6;;SIN GC
00007 COMERCIAL OF LICITACION;4000006678;20;ZPIN;18/26Movimiento de m;;0;10;4;22/4/2026;FRAMOS;1001694;PASAMONTANAS PARA -10 GRADOS;1;Materiales Stock;CUMPLIDO;MR01;1;16/4/2026;16/4/2026;abril;10147841;20;1;16/4/2026;16/4/2026;PCO;;0;;0;;;;;;;;0;1;;0;;;;0;0;;;;;0;0;;;;;;;;;0;;;;;;0;;;0;;;;;;0;;;0;0;;;;;1;;;1;6;0;6;;;6;;SIN GC
00007 COMERCIAL OF LICITACION;4000006678;30;ZPIN;18/26Movimiento de m;;0;10;4;22/4/2026;FRAMOS;1009472;GUANTE VAQUETA MEDIO PASEO-FORRADO X PAR;1;Materiales Stock;CUMPLIDO;MR01;1;16/4/2026;16/4/2026;abril;10147841;30;1;16/4/2026;16/4/2026;PCO;;0;;0;;;;;;;;0;1;;0;;;;0;0;;;;;0;0;;;;;;;;;0;;;;;;0;;;0;;;;;;0;;;0;0;;;;;1;;;1;6;0;6;;;6;;SIN GC
00007 COMERCIAL OF LICITACION;4000006678;40;ZPIN;18/26Movimiento de m;;0;10;4;22/4/2026;FRAMOS;1002055;MEDIAS TERMICAS T. UNICO PARA -10 GRADOS;1;Materiales Stock;CUMPLIDO;MR01;1;16/4/2026;16/4/2026;abril;10147841;40;1;16/4/2026;16/4/2026;PCO;;0;;0;;;;;;;;0;1;;0;;;;0;0;;;;;0;0;;;;;;;;;0;;;;;;0;;;0;;;;;;0;;;0;0;;;;;1;;;1;6;0;6;;;6;;SIN GC
00007 COMERCIAL OF LICITACION;4000006678;50;ZPIN;18/26Movimiento de m;;0;10;4;22/4/2026;FRAMOS;1002016;PANTALON JEAN T.48;1;Materiales Stock;CUMPLIDO;MR01;1;16/4/2026;16/4/2026;abril;10147841;50;1;16/4/2026;16/4/2026;PCO;;0;;0;;;;;;;;0;1;;0;;;;0;0;;;;;0;0;;;;;;;;;0;;;;;;0;;;0;;;;;;0;;;0;0;;;;;1;;;1;6;0;6;;;6;;SIN GC
00007 COMERCIAL OF LICITACION;4000006678;60;ZPIN;18/26Movimiento de m;;0;10;4;22/4/2026;FRAMOS;1049552;BUZO POLAR NEGRO S/LOGO TL;1;Materiales usuales;CUMPLIDO;MR01;1;16/4/2026;16/4/2026;abril;10147841;60;1;16/4/2026;16/4/2026;PCO;;0;;0;;;;;;;;0;1;;0;;;;0;0;;;;;0;0;;;;;;;;;0;;;;;;0;;;0;;;;;;0;;;0;0;;;;;1;;;1;6;0;6;;;6;;SIN GC
00007 COMERCIAL OF LICITACION;4000006678;70;ZPIN;18/26Movimiento de m;;0;10;4;22/4/2026;FRAMOS;1049715;BOTIN DE SEGURIDAD T.42;1;Materiales usuales;CUMPLIDO;MR01;1;16/4/2026;16/4/2026;abril;10147841;70;1;16/4/2026;16/4/2026;PCO;;0;;0;;;;;;;;0;1;;0;;;;0;0;;;;;0;0;;;;;;;;;0;;;;;;0;;;0;;;;;;0;;;0;0;;;;;1;;;1;6;0;6;;;6;;SIN GC
00007 COMERCIAL OF LICITACION;4000006678;80;ZPIN;18/26Movimiento de m;;0;10;4;22/4/2026;FRAMOS;1011724;JARDINERO TERMICO TALLE L;1;Materiales usuales;CUMPLIDO;MR01;1;16/4/2026;16/4/2026;abril;10147841;80;1;16/4/2026;16/4/2026;PCO;;0;;0;;;;;;;;0;1;;0;;;;0;0;;;;;0;0;;;;;;;;;0;;;;;;0;;;0;;;;;;0;;;0;0;;;;;1;;;1;6;0;6;;;6;;SIN GC
00007 COMERCIAL OF LICITACION;4000006679;10;ZPIN;18/26Movimiento de m;;0;10;4;22/4/2026;FRAMOS;1001689;CASCO BLANCO (MSA);1;Materiales Stock;CUMPLIDO;MR01;1;16/4/2026;20/4/2026;abril;10147852;10;1;16/4/2026;16/4/2026;PCO;;0;;0;;;;;;;;0;1;;0;;;;0;0;;;;;0;0;;;;;;;;;0;;;;;;0;;;0;;;;;;0;;;0;0;;;;;1;;;1;2;0;6;;;6;;SIN GC
00007 COMERCIAL OF LICITACION;4000006679;20;ZPIN;18/26Movimiento de m;;0;10;4;22/4/2026;FRAMOS;1001697;GUANTE VAQUETA MEDIO PASEO T.10;1;Materiales Stock;CUMPLIDO;MR01;1;16/4/2026;20/4/2026;abril;10147852;20;1;16/4/2026;16/4/2026;PCO;;0;;0;;;;;;;;0;1;;0;;;;0;0;;;;;0;0;;;;;;;;;0;;;;;;0;;;0;;;;;;0;;;0;0;;;;;1;;;1;2;0;6;;;6;;SIN GC
00007 COMERCIAL OF LICITACION;4000006679;30;ZPIN;18/26Movimiento de m;;0;10;4;22/4/2026;FRAMOS;1017296;SEMIMASCARA 3M;1;Materiales usuales;CUMPLIDO;MR01;1;16/4/2026;20/4/2026;abril;10147852;30;1;16/4/2026;16/4/2026;PCO;;0;;0;;;;;;;;0;1;;0;;;;0;0;;;;;0;0;;;;;;;;;0;;;;;;0;;;0;;;;;;0;;;0;0;;;;;1;;;1;2;0;6;;;6;;SIN GC
00007 COMERCIAL OF LICITACION;4000006679;40;ZPIN;18/26Movimiento de m;;0;10;4;22/4/2026;FRAMOS;1001984;CARETA PARA SOLDADOR X UN;1;Materiales Stock;CUMPLIDO;MR01;1;16/4/2026;20/4/2026;abril;10147852;40;1;16/4/2026;16/4/2026;PCO;;0;;0;;;;;;;;0;1;;0;;;;0;0;;;;;0;0;;;;;;;;;0;;;;;;0;;;0;;;;;;0;;;0;0;;;;;1;;;1;2;0;6;;;6;;SIN GC
00007 COMERCIAL OF LICITACION;4000006679;50;ZPIN;18/26Movimiento de m;;0;10;4;22/4/2026;FRAMOS;1017306;CAPA PARA LLUVIA;1;Materiales usuales;CUMPLIDO;MR01;1;16/4/2026;20/4/2026;abril;10147852;50;1;16/4/2026;16/4/2026;PCO;;0;;0;;;;;;;;0;1;;0;;;;0;0;;;;;0;0;;;;;;;;;0;;;;;;0;;;0;;;;;;0;;;0;0;;;;;1;;;1;2;0;6;;;6;;SIN GC
00007 COMERCIAL OF LICITACION;4000006679;70;ZPIN;18/26Movimiento de m;;0;10;4;22/4/2026;FRAMOS;1015971;MAMELUCO DESCARTAB LAM 60GR BL Tyvek/Kl;1;Materiales Stock C/Devol;CUMPLIDO;MR01;1;16/4/2026;20/4/2026;abril;10147852;60;1;16/4/2026;16/4/2026;PCO;;0;;0;;;;;;;;0;1;;0;;;;0;0;;;;;0;0;;;;;;;;;0;;;;;;0;;;0;;;;;;0;;;0;0;;;;;1;;;1;2;0;6;;;6;;SIN GC
00007 COMERCIAL OF LICITACION;4000006679;80;ZPIN;18/26Movimiento de m;;0;10;4;22/4/2026;FRAMOS;1016496;GUANTE DE ALTO IMPACTO;1;Materiales Stock S/Devol;CUMPLIDO;MR01;1;16/4/2026;20/4/2026;abril;10147852;70;1;16/4/2026;16/4/2026;PCO;;0;;0;;;;;;;;0;1;;0;;;;0;0;;;;;0;0;;;;;;;;;0;;;;;;0;;;0;;;;;;0;;;0;0;;;;;1;;;1;2;0;6;;;6;;SIN GC
00007 COMERCIAL OF LICITACION;4000006679;90;ZPIN;18/26Movimiento de m;;0;10;4;22/4/2026;FRAMOS;1035708;BOTELLA 750ML C/ LOGO;1;Materiales usuales;CUMPLIDO;MR01;1;16/4/2026;20/4/2026;abril;10147852;80;1;16/4/2026;16/4/2026;PCO;;0;;0;;;;;;;;0;1;;0;;;;0;0;;;;;0;0;;;;;;;;;0;;;;;;0;;;0;;;;;;0;;;0;0;;;;;1;;;1;2;0;6;;;6;;SIN GC
00007 COMERCIAL OF LICITACION;4000006679;100;ZPIN;18/26Movimiento de m;;0;10;4;22/4/2026;FRAMOS;1001687;ANTEOJO INCOLORO ECOLINEHC;1;Materiales Stock;CUMPLIDO;MR01;1;16/4/2026;20/4/2026;abril;10147852;90;1;16/4/2026;16/4/2026;PCO;;0;;0;;;;;;;;0;1;;0;;;;0;0;;;;;0;0;;;;;;;;;0;;;;;;0;;;0;;;;;;0;;;0;0;;;;;1;;;1;2;0;6;;;6;;SIN GC
00007 COMERCIAL OF LICITACION;4000006679;110;ZPIN;18/26Movimiento de m;;0;10;4;22/4/2026;FRAMOS;1001746;BOTA GOMA P.ACERO N 42;1;Materiales Stock;CUMPLIDO;MR01;1;16/4/2026;20/4/2026;abril;10147852;100;1;16/4/2026;16/4/2026;PCO;;0;;0;;;;;;;;0;1;;0;;;;0;0;;;;;0;0;;;;;;;;;0;;;;;;0;;;0;;;;;;0;;;0;0;;;;;1;;;1;2;0;6;;;6;;SIN GC
00007 COMERCIAL OF LICITACION;4000006680;10;ZPIN;18/26Movimiento de m;;0;10;4;7/5/2026;FRAMOS;1013130;EXAMEN PREOCUPACIONAL BASICO XUN;1;Servicios;CUMPLIDO;MR01;1;16/4/2026;20/4/2026;abril;10147854;10;1;16/4/2026;16/4/2026;PCO;;0;;0;;;;;;;;0;1;;0;;;;0;0;;;;;0;0;;;;;;;;;0;;;;;;0;;;0;;;;;;0;;;0;0;;;;;1;;;1;17;0;21;;;21;;SIN GC
00007 COMERCIAL OF LICITACION;4000006681;10;ZPIN;18/26Movimiento de m;;0;10;4;6/5/2026;FRAMOS;1022295;SERVICIO OBRA S DETALLE XUN;1;Servicios;CUMPLIDO;MR01;1;16/4/2026;20/4/2026;abril;10147855;10;1;16/4/2026;16/4/2026;C04;;0;;0;;;;;;;;0;1;;0;;;;0;0;;;;;0;0;;;;;;;;;0;;;;;;0;;;0;;;;;;0;;;0;0;;;;;1;;;1;16;0;20;;;20;;COMPRAS EQUIPOS
00007 COMERCIAL OF LICITACION;4000006682;10;ZPIN;18/26Movimiento de m;;0;10;4;6/5/2026;FRAMOS;1054491;RADIO HANDY;1;Materiales usuales;CUMPLIDO;MR01;1;16/4/2026;20/4/2026;abril;10147856;10;1;16/4/2026;16/4/2026;PCO;;0;;0;;;;;;;;0;1;;0;;;;0;0;;;;;0;0;;;;;;;;;0;;;;;;0;;;0;;;;;;0;;;0;0;;;;;1;;;1;16;0;20;;;20;;SIN GC
00007 COMERCIAL OF LICITACION;4000006682;20;ZPIN;18/26Movimiento de m;;0;10;4;6/5/2026;FRAMOS;1022294;SERVICIO OBRA S DETALLE XDIA;1;Servicios;CUMPLIDO;MR01;1;16/4/2026;20/4/2026;abril;10147856;20;1;16/4/2026;16/4/2026;PCO;;0;;0;;;;;;;;0;1;;0;;;;0;0;;;;;0;0;;;;;;;;;0;;;;;;0;;;0;;;;;;0;;;0;0;;;;;1;;;1;16;0;20;;;20;;SIN GC
00007 COMERCIAL OF LICITACION;4000006686;10;ZPIN;26/16 - TGS CAMBIO T;;0;10;4;5/5/2026;EPAONE;1042362;SUBC. DESARROLLO INGENIERIA DE DETALLE;1;Servicios;CUMPLIDO;MR01;1;16/4/2026;24/4/2026;abril;10147890;10;1;16/4/2026;16/4/2026;PCO;;0;;0;;;;;;;;0;1;;0;;;;0;0;;;;;0;0;;;;;;;;;0;;;;;;0;;;0;;;;;;0;;;0;0;;;;;1;;;1;11;0;19;;;19;;SIN GC
00007 COMERCIAL OF LICITACION;4000006687;10;ZPIN;18/26Movimiento de m;;0;10;4;22/4/2026;FRAMOS;1016496;GUANTE DE ALTO IMPACTO;1;Materiales Stock S/Devol;CUMPLIDO;MR01;1;16/4/2026;20/4/2026;abril;10147893;10;1;16/4/2026;16/4/2026;PCO;;0;;0;;;;;;;;0;1;;0;;;;0;0;;;;;0;0;;;;;;;;;0;;;;;;0;;;0;;;;;;0;;;0;0;;;;;1;;;1;2;0;6;;;6;;SIN GC
00007 COMERCIAL OF LICITACION;4000006687;20;ZPIN;18/26Movimiento de m;;0;10;4;26/6/2026;FRAMOS;1036794;GUANTE ANTICORTE GRADO 3 C/CERTIFICADO;1;Materiales Stock C/Devol;CUMPLIDO;MR01;1;16/4/2026;20/4/2026;abril;10147893;70;1;26/6/2026;26/6/2026;C28;;0;;0;;;;;;;;0;1;;0;;;;0;0;;;;;0;0;;;;;;;;;0;;;;;;0;;;0;;;;;;0;;;0;0;;;;;1;;;1;67;71;0;;1;;;COMPRAS ABASTECIMIENTO
00007 COMERCIAL OF LICITACION;4000006687;30;ZPIN;18/26Movimiento de m;;0;10;4;22/4/2026;FRAMOS;1049534;GUANTES LATEX TALLE S;1;Materiales Stock S/Devol;CUMPLIDO;MR01;1;16/4/2026;20/4/2026;abril;10147893;20;1;16/4/2026;16/4/2026;PCO;;0;;0;;;;;;;;0;1;;0;;;;0;0;;;;;0;0;;;;;;;;;0;;;;;;0;;;0;;;;;;0;;;0;0;;;;;1;;;1;2;0;6;;;6;;SIN GC
00007 COMERCIAL OF LICITACION;4000006687;40;ZPIN;18/26Movimiento de m;;0;10;4;22/4/2026;FRAMOS;1012674;CAMISA DE TRABAJO S PEDIDO TALLE L;1;Materiales genericos;CUMPLIDO;MR01;1;16/4/2026;20/4/2026;abril;10147893;30;1;16/4/2026;16/4/2026;PCO;;0;;0;;;;;;;;0;1;;0;;;;0;0;;;;;0;0;;;;;;;;;0;;;;;;0;;;0;;;;;;0;;;0;0;;;;;1;;;1;2;0;6;;;6;;SIN GC
00007 COMERCIAL OF LICITACION;4000006687;50;ZPIN;18/26Movimiento de m;;0;10;4;22/4/2026;FRAMOS;1004246;MAMELUCO TERMICO T L X UN;1;Materiales Stock;CUMPLIDO;MR01;1;16/4/2026;20/4/2026;abril;10147893;40;1;16/4/2026;16/4/2026;PCO;;0;;0;;;;;;;;0;1;;0;;;;0;0;;;;;0;0;;;;;;;;;0;;;;;;0;;;0;;;;;;0;;;0;0;;;;;1;;;1;2;0;6;;;6;;SIN GC
00007 COMERCIAL OF LICITACION;4000006687;60;ZPIN;18/26Movimiento de m;;0;10;4;22/4/2026;FRAMOS;1035412;PANTALON 1RA PIEL MUJER T. L;1;Materiales Stock;CUMPLIDO;MR01;1;16/4/2026;20/4/2026;abril;10147893;50;1;16/4/2026;16/4/2026;PCO;;0;;0;;;;;;;;0;1;;0;;;;0;0;;;;;0;0;;;;;;;;;0;;;;;;0;;;0;;;;;;0;;;0;0;;;;;1;;;1;2;0;6;;;6;;SIN GC
00007 COMERCIAL OF LICITACION;4000006687;70;ZPIN;18/26Movimiento de m;;0;10;4;22/4/2026;FRAMOS;1017304;CHALECO REFLECTIVO;1;Materiales usuales;CUMPLIDO;MR01;1;16/4/2026;20/4/2026;abril;10147893;60;1;16/4/2026;16/4/2026;PCO;;0;;0;;;;;;;;0;1;;0;;;;0;0;;;;;0;0;;;;;;;;;0;;;;;;0;;;0;;;;;;0;;;0;0;;;;;1;;;1;2;0;6;;;6;;SIN GC
00014 SISTEMAS;4000006695;10;ZPIN;Cotizacion Multifunc;;0;10;4;5/5/2026;JBIONDI;1013315;LASER MULTIFUNCION A3 COLOR;1;Materiales Sistemas;CUMPLIDO;MR01;1;21/4/2026;21/4/2026;abril;10148208;10;1;21/4/2026;21/4/2026;C05;;0;;0;;;;;;;;0;1;;0;;;;0;0;;;;;0;0;;;;;;;;;0;;;;;;0;;;0;;;;;;0;;;0;0;;;;;1;;;1;14;0;14;;;14;;SIN GC
00014 SISTEMAS;4000006695;20;ZPIN;Cotizacion Multifunc;;0;10;4;5/5/2026;JBIONDI;1013312;CHORRO DE TINTA MULTIFUNCION A3 ecotank;1;Materiales Sistemas;CUMPLIDO;MR01;1;21/4/2026;21/4/2026;abril;10148208;20;1;21/4/2026;21/4/2026;C05;;0;;0;;;;;;;;0;1;;0;;;;0;0;;;;;0;0;;;;;;;;;0;;;;;;0;;;0;;;;;;0;;;0;0;;;;;1;;;1;14;0;14;;;14;;SIN GC
00008 ABASTECIMIENTO;4000006697;10;ZPIN;BARQUILLA HIDROGRUA;;0;10;4;8/5/2026;PAPPELLA;1012741;ACCESORIO P/HIDROGRUA S/ADJUNTO;1;Materiales genericos;CUMPLIDO;MR01;1;22/4/2026;7/5/2026;mayo;10148341;10;1;22/4/2026;22/4/2026;C27;;0;;0;;;;;;;;0;1;;0;;;;0;0;;;;;0;0;;;;;;;;;0;;;;;;0;;;0;;;;;;0;;;0;0;;;;;1;;;1;1;0;16;;;16;;COMPRAS ABASTECIMIENTO
00007 COMERCIAL OF LICITACION;4000006698;10;ZPIN;19/26;;0;10;4;12/5/2026;GBACCELLI;1012799;Bomba de agua captación de río;4;Materiales genericos;CUMPLIDO;MR01;1;22/4/2026;30/4/2026;abril;10148370;10;1;22/4/2026;22/4/2026;PCO;;0;;0;;;;;;;;0;4;;0;;;;0;0;;;;;0;0;;;;;;;;;0;;;;;;0;;;0;;;;;;0;;;0;0;;;;;1;;;1;12;0;20;;;20;;SIN GC
00007 COMERCIAL OF LICITACION;4000006698;20;ZPIN;19/26;;0;10;3;12/5/2026;GBACCELLI;1012799;Bomba de agua envío a Almacenamiento;4;Materiales genericos;CUMPLIDO;MR01;1;22/4/2026;30/4/2026;abril;10148370;20;1;22/4/2026;22/4/2026;PCO;;0;;0;;;;;;;;0;4;;0;;;;0;0;;;;;0;0;;;;;;;;;0;;;;;;0;;;0;;;;;;0;;;0;0;;;;;1;;;1;12;0;20;;;20;;SIN GC
00007 COMERCIAL OF LICITACION;4000006698;30;ZPIN;19/26;;0;10;4;12/5/2026;GBACCELLI;1012799;Bomba de agua envío a CFP;2;Materiales genericos;CUMPLIDO;MR01;1;22/4/2026;30/4/2026;abril;10148370;30;1;22/4/2026;22/4/2026;PCO;;0;;0;;;;;;;;0;2;;0;;;;0;0;;;;;0;0;;;;;;;;;0;;;;;;0;;;0;;;;;;0;;;0;0;;;;;1;;;1;12;0;20;;;20;;SIN GC
00007 COMERCIAL OF LICITACION;4000006698;40;ZPIN;19/26;;0;10;4;12/5/2026;GBACCELLI;1012799;Bomba agua carga camiones;2;Materiales genericos;CUMPLIDO;MR01;1;22/4/2026;30/4/2026;abril;10148370;40;1;22/4/2026;22/4/2026;PCO;;0;;0;;;;;;;;0;2;;0;;;;0;0;;;;;0;0;;;;;;;;;0;;;;;;0;;;0;;;;;;0;;;0;0;;;;;1;;;1;12;0;20;;;20;;SIN GC
00007 COMERCIAL OF LICITACION;4000006699;10;ZPIN;19/26;;0;10;4;11/5/2026;GBACCELLI;1012799;Variador de frecuencia bomba agua río;4;Materiales genericos;CUMPLIDO;MR01;1;22/4/2026;30/4/2026;abril;10148373;10;1;22/4/2026;22/4/2026;PCO;;0;;0;;;;;;;;0;4;;0;;;;0;0;;;;;0;0;;;;;;;;;0;;;;;;0;;;0;;;;;;0;;;0;0;;;;;1;;;1;11;0;19;;;19;;SIN GC
00007 COMERCIAL OF LICITACION;4000006699;20;ZPIN;19/26;;0;10;4;11/5/2026;GBACCELLI;1012799;Variador de frecuencia bomba envío almac;4;Materiales genericos;CUMPLIDO;MR01;1;22/4/2026;30/4/2026;abril;10148373;20;1;22/4/2026;22/4/2026;PCO;;0;;0;;;;;;;;0;4;;0;;;;0;0;;;;;0;0;;;;;;;;;0;;;;;;0;;;0;;;;;;0;;;0;0;;;;;1;;;1;11;0;19;;;19;;SIN GC
00007 COMERCIAL OF LICITACION;4000006699;30;ZPIN;19/26;;0;10;4;11/5/2026;GBACCELLI;1012799;Variador de frecuencia bomba envío CFP;2;Materiales genericos;CUMPLIDO;MR01;1;22/4/2026;30/4/2026;abril;10148373;30;1;22/4/2026;22/4/2026;PCO;;0;;0;;;;;;;;0;2;;0;;;;0;0;;;;;0;0;;;;;;;;;0;;;;;;0;;;0;;;;;;0;;;0;0;;;;;1;;;1;11;0;19;;;19;;SIN GC
00007 COMERCIAL OF LICITACION;4000006700;10;ZPIN;19/26;;0;10;4;4/5/2026;GBACCELLI;1012801;"Trafo 33/0,4kV; 2400 KVA";2;Materiales genericos;CUMPLIDO;MR01;1;22/4/2026;30/4/2026;abril;10148375;10;1;22/4/2026;22/4/2026;PCO;;0;;0;;;;;;;;0;2;;0;;;;0;0;;;;;0;0;;;;;;;;;0;;;;;;0;;;0;;;;;;0;;;0;0;;;;;1;;;1;4;0;12;;;12;;SIN GC
00007 COMERCIAL OF LICITACION;4000006700;20;ZPIN;19/26;;0;10;4;4/5/2026;GBACCELLI;1012801;"Trafo 33/0,4kV; 800 KVA";5;Materiales genericos;CUMPLIDO;MR01;1;22/4/2026;30/4/2026;abril;10148375;20;1;22/4/2026;22/4/2026;PCO;;0;;0;;;;;;;;0;5;;0;;;;0;0;;;;;0;0;;;;;;;;;0;;;;;;0;;;0;;;;;;0;;;0;0;;;;;1;;;1;4;0;12;;;12;;SIN GC
00007 COMERCIAL OF LICITACION;4000006700;30;ZPIN;19/26;;0;10;4;4/5/2026;GBACCELLI;1012801;"Trafo 33/0,4kV; 200 KVA";2;Materiales genericos;CUMPLIDO;MR01;1;22/4/2026;30/4/2026;abril;10148375;30;1;22/4/2026;22/4/2026;PCO;;0;;0;;;;;;;;0;2;;0;;;;0;0;;;;;0;0;;;;;;;;;0;;;;;;0;;;0;;;;;;0;;;0;0;;;;;1;;;1;4;0;12;;;12;;SIN GC
00007 COMERCIAL OF LICITACION;4000006701;10;ZPIN;20-26 VICUÑA - ALQUI;;0;10;4;4/5/2026;EBLASI;1012976;FLETE BALANCIN P.LARGA H 12TN 8MT XVIAJE;1;Servicios;CUMPLIDO;MR01;1;23/4/2026;13/5/2026;mayo;10148428;10;1;23/4/2026;23/4/2026;PCO;;0;;0;;;;;;;;0;1;;0;;;;0;0;;;;;0;0;;;;;;;;;0;;;;;;0;;;0;;;;;;0;;;0;0;;;;;1;;1;;;0;11;;;11;;SIN GC
00007 COMERCIAL OF LICITACION;4000006701;20;ZPIN;20-26 VICUÑA - ALQUI;;0;10;4;4/5/2026;EBLASI;1012978;FLETE CARRETON XVIAJE;1;Servicios;CUMPLIDO;MR01;1;23/4/2026;13/5/2026;mayo;10148428;20;1;23/4/2026;23/4/2026;PCO;;0;;0;;;;;;;;0;1;;0;;;;0;0;;;;;0;0;;;;;;;;;0;;;;;;0;;;0;;;;;;0;;;0;0;;;;;1;;1;;;0;11;;;11;;SIN GC
00007 COMERCIAL OF LICITACION;4000006701;30;ZPIN;20-26 VICUÑA - ALQUI;;0;10;4;4/5/2026;EBLASI;1043570;FLETE CARRETON CUELLO DESMONTABLE;1;Servicios;CUMPLIDO;MR01;1;23/4/2026;13/5/2026;mayo;10148428;30;1;23/4/2026;23/4/2026;PCO;;0;;0;;;;;;;;0;1;;0;;;;0;0;;;;;0;0;;;;;;;;;0;;;;;;0;;;0;;;;;;0;;;0;0;;;;;1;;1;;;0;11;;;11;;SIN GC
00007 COMERCIAL OF LICITACION;4000006702;10;ZPIN;20-26 VICUÑA - ALQUI;;0;10;4;6/5/2026;EBLASI;1054491;RADIO HANDY;18;Materiales usuales;CUMPLIDO;MR01;1;23/4/2026;13/5/2026;mayo;10148429;10;1;23/4/2026;23/4/2026;PCO;;0;;0;;;;;;;;0;18;;0;;;;0;0;;;;;0;0;;;;;;;;;0;;;;;;0;;;0;;;;;;0;;;0;0;;;;;1;;1;;;0;13;;;13;;SIN GC
00007 COMERCIAL OF LICITACION;4000006702;20;ZPIN;20-26 VICUÑA - ALQUI;;0;10;4;6/5/2026;EBLASI;1034943;ANTENA RADIO;1;Materiales Stock;CUMPLIDO;MR01;1;23/4/2026;13/5/2026;mayo;10148429;20;1;23/4/2026;23/4/2026;PCO;;0;;0;;;;;;;;0;1;;0;;;;0;0;;;;;0;0;;;;;;;;;0;;;;;;0;;;0;;;;;;0;;;0;0;;;;;1;;1;;;0;13;;;13;;SIN GC
00007 COMERCIAL OF LICITACION;4000006703;10;ZPIN;20-26 VICUÑA - ALQUI;;0;10;4;11/5/2026;EBLASI;1013125;SERVICIO ENFERMERIA XDIA;1;Servicios;CUMPLIDO;MR01;1;23/4/2026;13/5/2026;mayo;10148430;10;1;23/4/2026;23/4/2026;PCO;;0;;0;;;;;;;;0;1;;0;;;;0;0;;;;;0;0;;;;;;;;;0;;;;;;0;;;0;;;;;;0;;;0;0;;;;;1;;1;;;0;18;;;18;;SIN GC
00007 COMERCIAL OF LICITACION;4000006703;20;ZPIN;20-26 VICUÑA - ALQUI;;0;10;4;11/5/2026;EBLASI;1013129;SERVICIO DE AREA PROTEGIDA XDIA;1;Servicios;CUMPLIDO;MR01;1;23/4/2026;13/5/2026;mayo;10148430;20;1;23/4/2026;23/4/2026;PCO;;0;;0;;;;;;;;0;1;;0;;;;0;0;;;;;0;0;;;;;;;;;0;;;;;;0;;;0;;;;;;0;;;0;0;;;;;1;;1;;;0;18;;;18;;SIN GC
00007 COMERCIAL OF LICITACION;4000006704;10;ZPIN;20-26 VICUÑA - ALQUI;;0;10;4;11/5/2026;EBLASI;1013136;SERVICIO LIMPIEZA DESAGOTE BANO QUIMICO;1;Servicios;CUMPLIDO;MR01;1;23/4/2026;13/5/2026;mayo;10148431;10;1;23/4/2026;23/4/2026;PCO;;0;;0;;;;;;;;0;1;;0;;;;0;0;;;;;0;0;;;;;;;;;0;;;;;;0;;;0;;;;;;0;;;0;0;;;;;1;;1;;;0;18;;;18;;SIN GC
00007 COMERCIAL OF LICITACION;4000006704;20;ZPIN;20-26 VICUÑA - ALQUI;;0;10;4;11/5/2026;EBLASI;1013134;ALQUILER BANO QUIMICO CON LAVAMANOS XDIA;1;Servicios;CUMPLIDO;MR01;1;23/4/2026;13/5/2026;mayo;10148431;20;1;23/4/2026;23/4/2026;PCO;;0;;0;;;;;;;;0;1;;0;;;;0;0;;;;;0;0;;;;;;;;;0;;;;;;0;;;0;;;;;;0;;;0;0;;;;;1;;1;;;0;18;;;18;;SIN GC
00007 COMERCIAL OF LICITACION;4000006704;30;ZPIN;20-26 VICUÑA - ALQUI;;0;10;4;11/5/2026;EBLASI;1013133;ALQUILER BANO QUIMICO SIN LAVAMANOS XDIA;1;Servicios;CUMPLIDO;MR01;1;23/4/2026;13/5/2026;mayo;10148431;30;1;23/4/2026;23/4/2026;PCO;;0;;0;;;;;;;;0;1;;0;;;;0;0;;;;;0;0;;;;;;;;;0;;;;;;0;;;0;;;;;;0;;;0;0;;;;;1;;1;;;0;18;;;18;;SIN GC
00007 COMERCIAL OF LICITACION;4000006705;30;ZPIN;20-26 VICUÑA - ALQUI;;0;10;4;24/4/2026;EBLASI;1001815;AGUA DESMINERALIZADA X 20L;1;Materiales Stock;CUMPLIDO;MR01;1;23/4/2026;13/5/2026;mayo;10148432;10;1;23/4/2026;23/4/2026;PCO;;0;;0;;;;;;;;0;1;;0;;;;0;0;;;;;0;0;;;;;;;;;0;;;;;;0;;;0;;;;;;0;;;0;0;;;;;1;;1;;;0;1;;;1;;SIN GC
00007 COMERCIAL OF LICITACION;4000006706;10;ZPIN;20-26 VICUÑA - ALQUI;;0;10;4;4/5/2026;EBLASI;1012317;ESPATULA METALICA 2PG;1;Materiales usuales;CUMPLIDO;MR01;1;23/4/2026;13/5/2026;mayo;10148440;10;1;23/4/2026;23/4/2026;PCO;;0;;0;;;;;;;;0;1;;0;;;;0;0;;;;;0;0;;;;;;;;;0;;;;;;0;;;0;;;;;;0;;;0;0;;;;;1;;1;;;0;11;;;11;;SIN GC
00007 COMERCIAL OF LICITACION;4000006706;20;ZPIN;20-26 VICUÑA - ALQUI;;0;10;4;4/5/2026;EBLASI;1012318;ESPATULA METALICA 3PG;1;Materiales usuales;CUMPLIDO;MR01;1;23/4/2026;13/5/2026;mayo;10148440;20;1;23/4/2026;23/4/2026;PCO;;0;;0;;;;;;;;0;1;;0;;;;0;0;;;;;0;0;;;;;;;;;0;;;;;;0;;;0;;;;;;0;;;0;0;;;;;1;;1;;;0;11;;;11;;SIN GC
00007 COMERCIAL OF LICITACION;4000006706;30;ZPIN;20-26 VICUÑA - ALQUI;;0;10;4;4/5/2026;EBLASI;1011168;FRAZADA 1 PLAZA;1;Materiales usuales;CUMPLIDO;MR01;1;23/4/2026;13/5/2026;mayo;10148440;30;1;23/4/2026;23/4/2026;PCO;;0;;0;;;;;;;;0;1;;0;;;;0;0;;;;;0;0;;;;;;;;;0;;;;;;0;;;0;;;;;;0;;;0;0;;;;;1;;1;;;0;11;;;11;;SIN GC
00007 COMERCIAL OF LICITACION;4000006706;40;ZPIN;20-26 VICUÑA - ALQUI;;0;10;4;24/4/2026;EBLASI;1013876;CADENA 48 ESLABONES - EXCAVADORA KOMA;1;Materiales usuales equipo;CUMPLIDO;MR01;1;23/4/2026;13/5/2026;mayo;10148440;40;1;23/4/2026;23/4/2026;PCO;;0;;0;;;;;;;;0;1;;0;;;;0;0;;;;;0;0;;;;;;;;;0;;;;;;0;;;0;;;;;;0;;;0;0;;;;;1;;1;;;0;1;;;1;;SIN GC
00007 COMERCIAL OF LICITACION;4000006707;10;ZPIN;20-26 VICUÑA - ALQUI;;0;10;4;24/4/2026;EBLASI;1004682;BIDON LAVAPARABRISAS;1;Materiales Stock;CUMPLIDO;MR01;1;23/4/2026;13/5/2026;mayo;10148444;10;1;23/4/2026;23/4/2026;PCO;;0;;0;;;;;;;;0;1;;0;;;;0;0;;;;;0;0;;;;;;;;;0;;;;;;0;;;0;;;;;;0;;;0;0;;;;;1;;1;;;0;1;;;1;;SIN GC
00007 COMERCIAL OF LICITACION;4000006707;20;ZPIN;20-26 VICUÑA - ALQUI;;0;10;4;24/4/2026;EBLASI;1013425;21643741 TAPON BIDON LAVAPARABRISAS;1;Materiales Stock C/Devol;CUMPLIDO;MR01;1;23/4/2026;13/5/2026;mayo;10148444;20;1;23/4/2026;23/4/2026;PCO;;0;;0;;;;;;;;0;1;;0;;;;0;0;;;;;0;0;;;;;;;;;0;;;;;;0;;;0;;;;;;0;;;0;0;;;;;1;;1;;;0;1;;;1;;SIN GC
00007 COMERCIAL OF LICITACION;4000006707;30;ZPIN;20-26 VICUÑA - ALQUI;;0;10;4;24/4/2026;EBLASI;1004086;ESCOBILLA LIMPIAPARABRISA DELANTERO;2;Materiales Stock;CUMPLIDO;MR01;1;23/4/2026;13/5/2026;mayo;10148444;30;1;23/4/2026;23/4/2026;PCO;;0;;0;;;;;;;;0;2;;0;;;;0;0;;;;;0;0;;;;;;;;;0;;;;;;0;;;0;;;;;;0;;;0;0;;;;;1;;1;;;0;1;;;1;;SIN GC
00007 COMERCIAL OF LICITACION;4000006707;40;ZPIN;20-26 VICUÑA - ALQUI;;0;10;1;24/4/2026;EBLASI;1004251;ESCOBILLALIMPIAPARABRIZASTOYOTAHILUXJGO;5;Materiales Stock;CUMPLIDO;MR01;1;23/4/2026;13/5/2026;mayo;10148444;40;1;23/4/2026;23/4/2026;PCO;;0;;0;;;;;;;;0;5;;0;;;;0;0;;;;;0;0;;;;;;;;;0;;;;;;0;;;0;;;;;;0;;;0;0;;;;;1;;1;;;0;1;;;1;;SIN GC
00007 COMERCIAL OF LICITACION;4000006707;50;ZPIN;20-26 VICUÑA - ALQUI;;0;10;4;8/5/2026;EBLASI;1003986;ESCOBILLA LIMPIA PARABRISAS;1;Materiales Stock;CUMPLIDO;MR01;1;23/4/2026;13/5/2026;mayo;10148444;50;1;23/4/2026;23/4/2026;PCO;;0;;0;;;;;;;;0;1;;0;;;;0;0;;;;;0;0;;;;;;;;;0;;;;;;0;;;0;;;;;;0;;;0;0;;;;;1;;1;;;0;15;;;15;;SIN GC
00007 COMERCIAL OF LICITACION;4000006708;10;ZPIN;20-26 VICUÑA - ALQUI;;0;10;4;8/5/2026;EBLASI;1013130;EXAMEN PREOCUPACIONAL BASICO XUN;18;Servicios;CUMPLIDO;MR01;1;23/4/2026;13/5/2026;mayo;10148446;10;1;23/4/2026;23/4/2026;PCO;;0;;0;;;;;;;;0;18;;0;;;;0;0;;;;;0;0;;;;;;;;;0;;;;;;0;;;0;;;;;;0;;;0;0;;;;;1;;1;;;0;15;;;15;;SIN GC
00007 COMERCIAL OF LICITACION;4000006708;20;ZPIN;20-26 VICUÑA - ALQUI;;0;10;4;8/5/2026;EBLASI;1013131;EXAMEN PREOCUPACIONAL ADICIONALES XUN;18;Servicios;CUMPLIDO;MR01;1;23/4/2026;13/5/2026;mayo;10148446;20;1;23/4/2026;23/4/2026;PCO;;0;;0;;;;;;;;0;18;;0;;;;0;0;;;;;0;0;;;;;;;;;0;;;;;;0;;;0;;;;;;0;;;0;0;;;;;1;;1;;;0;15;;;15;;SIN GC
00007 COMERCIAL OF LICITACION;4000006711;10;ZPIN;20-26 VICUÑA - ALQUI;;0;10;4;4/5/2026;EBLASI;1003466;PERTIGA 3.4M-3.7MC/LED/BANDSOP12/24v xUN;2;Materiales Stock;CUMPLIDO;MR01;1;23/4/2026;13/5/2026;mayo;10148480;10;1;23/4/2026;23/4/2026;PCO;;0;;0;;;;;;;;0;2;;0;;;;0;0;;;;;0;0;;;;;;;;;0;;;;;;0;;;0;;;;;;0;;;0;0;;;;;1;;1;;;0;11;;;11;;SIN GC
00007 COMERCIAL OF LICITACION;4000006715;10;ZPIN;26/16 - TGS CAMBIO T;;0;10;4;11/5/2026;EPAONE;1022295;TRANSPORTE DE PERSONAL;2;Servicios;CUMPLIDO;MR01;1;23/4/2026;4/5/2026;mayo;10148501;10;1;23/4/2026;23/4/2026;PCO;;0;;0;;;;;;;;0;2;;0;;;;0;0;;;;;0;0;;;;;;;;;0;;;;;;0;;;0;;;;;;0;;;0;0;;;;;1;;;1;7;0;18;;;18;;SIN GC
00007 COMERCIAL OF LICITACION;4000006716;10;ZPIN;26/16 - TGS CAMBIO T;;0;10;4;11/5/2026;EPAONE;1022295;VIANDAS INCLUIR TRASLADO A OBRA;100;Servicios;CUMPLIDO;MR01;1;23/4/2026;4/5/2026;mayo;10148503;10;1;23/4/2026;23/4/2026;PCO;;0;;0;;;;;;;;0;100;;0;;;;0;0;;;;;0;0;;;;;;;;;0;;;;;;0;;;0;;;;;;0;;;0;0;;;;;1;;;1;7;0;18;;;18;;SIN GC
00007 COMERCIAL OF LICITACION;4000006717;10;ZPIN;26/16 - TGS CAMBIO T;;0;10;4;27/4/2026;EPAONE;1022295;EXAMENES PREOCUPACIONALES;150;Servicios;CUMPLIDO;MR01;1;23/4/2026;4/5/2026;mayo;10148505;10;1;23/4/2026;23/4/2026;PCO;;0;;0;;;;;;;;0;150;;0;;;;0;0;;;;;0;0;;;;;;;;;0;;;;;;0;;;0;;;;;;0;;;0;0;;;;;1;;1;;;0;4;;;4;;SIN GC
"00001 GENERAL SEDE&#160;";4000006718;10;ZPIN;PM 101 766 ZPI BAJA;;0;10;4;27/4/2026;DYANEZ;1013109;BAJA OC 4500107926. CAMBIO CENTRO COSTO;1;Servicios;CUMPLIDO;MM01;1;23/4/2026;23/4/2026;abril;10148525;10;1;23/4/2026;23/4/2026;C24;;0;;0;;;;;;;;0;1;;0;;;;0;0;;;;;0;0;;;;;;;;;0;;;;;;0;;;0;;;;;;0;;;0;0;;;;;1;;;1;4;0;4;;;4;;COMPRAS ABASTECIMIENTO
00007 COMERCIAL OF LICITACION;4000006723;10;ZPIN;26.10-Loc y Caminos;;25;10;4;8/5/2026;LAFFATATO;1049655;SUELO CALCAREO;1;Materiales usuales;CUMPLIDO;MR01;1;24/4/2026;30/4/2026;abril;10148575;10;1;24/4/2026;24/4/2026;PCO;;0;;0;;;;;;;;0;1;;0;;;;0;0;;;;;0;0;;;;;;;;;0;;;;;;0;;;0;;;;;;0;;;0;0;;;;;1;;;1;8;0;14;;;14;;SIN GC
00007 COMERCIAL OF LICITACION;4000006724;10;ZPIN;26/16 - TGS CAMBIO T;;0;10;4;15/5/2026;EPAONE;1018238;SUBCONTRATO SOLDADURA/REVESTIMIENTO ML;1;Servicios;CUMPLIDO;MR01;1;24/4/2026;4/5/2026;mayo;10148587;10;1;24/4/2026;24/4/2026;PCO;;0;;0;;;;;;;;0;1;;0;;;;0;0;;;;;0;0;;;;;;;;;0;;;;;;0;;;0;;;;;;0;;;0;0;;;;;1;;;1;11;0;21;;;21;;SIN GC
00007 COMERCIAL OF LICITACION;4000006727;10;ZPIN;19/26;;0;10;4;11/5/2026;GBACCELLI;1012798;Cable subt. 1x240mm2 Cu sin armadura;7000;Materiales genericos;CUMPLIDO;MR01;1;24/4/2026;11/5/2026;mayo;10148596;10;1;24/4/2026;24/4/2026;PCO;;0;;0;;;;;;;;0;7000;;0;;;;0;0;;;;;0;0;;;;;;;;;0;;;;;;0;;;0;;;;;;0;;;0;0;;;;;1;;1;;;0;17;;;17;;SIN GC
00007 COMERCIAL OF LICITACION;4000006727;20;ZPIN;19/26;;0;10;4;11/5/2026;GBACCELLI;1012798;Cable subt. 1x240mm2 Cu con armadura;7000;Materiales genericos;CUMPLIDO;MR01;1;24/4/2026;11/5/2026;mayo;10148596;20;1;24/4/2026;24/4/2026;PCO;;0;;0;;;;;;;;0;7000;;0;;;;0;0;;;;;0;0;;;;;;;;;0;;;;;;0;;;0;;;;;;0;;;0;0;;;;;1;;1;;;0;17;;;17;;SIN GC
00007 COMERCIAL OF LICITACION;4000006727;30;ZPIN;19/26;;0;10;4;11/5/2026;GBACCELLI;1012798;Cable subt. 3x35 mm2 Cu sin armadura;600;Materiales genericos;CUMPLIDO;MR01;1;24/4/2026;11/5/2026;mayo;10148596;30;1;24/4/2026;24/4/2026;PCO;;0;;0;;;;;;;;0;600;;0;;;;0;0;;;;;0;0;;;;;;;;;0;;;;;;0;;;0;;;;;;0;;;0;0;;;;;1;;1;;;0;17;;;17;;SIN GC
00007 COMERCIAL OF LICITACION;4000006727;40;ZPIN;19/26;;0;10;4;11/5/2026;GBACCELLI;1012798;Cable subt. 3x35 mm2 Cu con armadura;600;Materiales genericos;CUMPLIDO;MR01;1;24/4/2026;11/5/2026;mayo;10148596;40;1;24/4/2026;24/4/2026;PCO;;0;;0;;;;;;;;0;600;;0;;;;0;0;;;;;0;0;;;;;;;;;0;;;;;;0;;;0;;;;;;0;;;0;0;;;;;1;;1;;;0;17;;;17;;SIN GC
00007 COMERCIAL OF LICITACION;4000006727;50;ZPIN;19/26;;0;10;4;11/5/2026;GBACCELLI;1012798;Cable subt. 3x6mm2 Cu sin armadura;100;Materiales genericos;CUMPLIDO;MR01;1;24/4/2026;11/5/2026;mayo;10148596;50;1;24/4/2026;24/4/2026;PCO;;0;;0;;;;;;;;0;100;;0;;;;0;0;;;;;0;0;;;;;;;;;0;;;;;;0;;;0;;;;;;0;;;0;0;;;;;1;;1;;;0;17;;;17;;SIN GC
00007 COMERCIAL OF LICITACION;4000006727;60;ZPIN;19/26;;0;10;4;11/5/2026;GBACCELLI;1012798;Conductor AC/SR 50/8 mm2;70000;Materiales genericos;CUMPLIDO;MR01;1;24/4/2026;11/5/2026;mayo;10148596;60;1;24/4/2026;24/4/2026;PCO;;0;;0;;;;;;;;0;70000;;0;;;;0;0;;;;;0;0;;;;;;;;;0;;;;;;0;;;0;;;;;;0;;;0;0;;;;;1;;1;;;0;17;;;17;;SIN GC
00007 COMERCIAL OF LICITACION;4000006727;70;ZPIN;19/26;;0;10;4;11/5/2026;GBACCELLI;1012798;Conductor AC/SR 70/12mm2;70000;Materiales genericos;CUMPLIDO;MR01;1;24/4/2026;11/5/2026;mayo;10148596;70;1;24/4/2026;24/4/2026;PCO;;0;;0;;;;;;;;0;70000;;0;;;;0;0;;;;;0;0;;;;;;;;;0;;;;;;0;;;0;;;;;;0;;;0;0;;;;;1;;1;;;0;17;;;17;;SIN GC
00007 COMERCIAL OF LICITACION;4000006727;80;ZPIN;19/26;;0;10;4;11/5/2026;GBACCELLI;1012798;Conductor de cobre IRAM 2004 70 mm2;1000;Materiales genericos;CUMPLIDO;MR01;1;24/4/2026;11/5/2026;mayo;10148596;80;1;24/4/2026;24/4/2026;PCO;;0;;0;;;;;;;;0;1000;;0;;;;0;0;;;;;0;0;;;;;;;;;0;;;;;;0;;;0;;;;;;0;;;0;0;;;;;1;;1;;;0;17;;;17;;SIN GC
00007 COMERCIAL OF LICITACION;4000006734;10;ZPIN;26/16 - TGS CAMBIO T;;0;10;4;7/5/2026;EPAONE;1042079;SUBC. ENSAYOS NO DESTRUCTIVOS S/DET;1;Servicios;CUMPLIDO;MR01;1;24/4/2026;4/5/2026;mayo;10148609;10;1;24/4/2026;24/4/2026;PCO;;0;;0;;;;;;;;0;1;;0;;;;0;0;;;;;0;0;;;;;;;;;0;;;;;;0;;;0;;;;;;0;;;0;0;;;;;1;;;1;3;0;13;;;13;;SIN GC
00007 COMERCIAL OF LICITACION;4000006736;10;ZPIN;26/16 - TGS CAMBIO T;;0;10;4;29/4/2026;EPAONE;1012784;ACCESORIOS PARA PH S/ADJUNTO;1;Materiales genericos;CUMPLIDO;MR01;1;27/4/2026;4/5/2026;mayo;10148663;10;1;27/4/2026;27/4/2026;PCO;;0;;0;;;;;;;;0;1;;0;;;;0;0;;;;;0;0;;;;;;;;;0;;;;;;0;;;0;;;;;;0;;;0;0;;;;;1;;1;;;0;2;;;2;;SIN GC
00007 COMERCIAL OF LICITACION;4000006743;10;ZPIN;26/16 - TGS CAMBIO T;;0;10;4;29/4/2026;EPAONE;1012896;Electrodos E8010-P1 Ø5mm x kg;3400;Materiales genericos;CUMPLIDO;MR01;1;27/4/2026;4/5/2026;mayo;10148716;10;1;27/4/2026;27/4/2026;PCO;;0;;0;;;;;;;;0;3400;;0;;;;0;0;;;;;0;0;;;;;;;;;0;;;;;;0;;;0;;;;;;0;;;0;0;;;;;1;;1;;;0;2;;;2;;SIN GC
00007 COMERCIAL OF LICITACION;4000006743;20;ZPIN;26/16 - TGS CAMBIO T;;0;10;4;29/4/2026;EPAONE;1012896;Electrodos E7010-P1 Ø4mm x kg;850;Materiales genericos;CUMPLIDO;MR01;1;27/4/2026;4/5/2026;mayo;10148716;20;1;27/4/2026;27/4/2026;PCO;;0;;0;;;;;;;;0;850;;0;;;;0;0;;;;;0;0;;;;;;;;;0;;;;;;0;;;0;;;;;;0;;;0;0;;;;;1;;1;;;0;2;;;2;;SIN GC
00007 COMERCIAL OF LICITACION;4000006752;10;ZPIN;19/26;;0;10;4;19/5/2026;GBACCELLI;1012993;Obra EIC Acueducto WP2;1;Servicios;CUMPLIDO;MR01;1;29/4/2026;15/5/2026;mayo;10148957;10;1;29/4/2026;29/4/2026;PCO;;0;;0;;;;;;;;0;1;;0;;;;0;0;;;;;0;0;;;;;;;;;0;;;;;;0;;;0;;;;;;0;;;0;0;;;;;1;;;1;4;0;20;;;20;;SIN GC
00007 COMERCIAL OF LICITACION;4000006754;10;ZPIN;19/26;;0;10;4;11/5/2026;GBACCELLI;1012800;Conductor ACSR 150/25 mm2;75000;Materiales genericos;CUMPLIDO;MR01;1;30/4/2026;15/5/2026;mayo;10148982;10;1;30/4/2026;30/4/2026;PCO;;0;;0;;;;;;;;0;75000;;0;;;;0;0;;;;;0;0;;;;;;;;;0;;;;;;0;;;0;;;;;;0;;;0;0;;;;;1;;1;;;0;11;;;11;;SIN GC
00007 COMERCIAL OF LICITACION;4000006754;20;ZPIN;19/26;;0;10;4;11/5/2026;GBACCELLI;1012800;Cable OPGW con 24 FO;25000;Materiales genericos;CUMPLIDO;MR01;1;30/4/2026;15/5/2026;mayo;10148982;20;1;30/4/2026;30/4/2026;PCO;;0;;0;;;;;;;;0;25000;;0;;;;0;0;;;;;0;0;;;;;;;;;0;;;;;;0;;;0;;;;;;0;;;0;0;;;;;1;;1;;;0;11;;;11;;SIN GC
00007 COMERCIAL OF LICITACION;4000006755;10;ZPIN;26/16 - TGS CAMBIO T;;0;10;4;11/5/2026;EBENSI;1012782;"CASQUETE Ø30"" MSSSP-75 WPHY 70 E=15,8MM";2;Materiales genericos;CUMPLIDO;MR01;1;30/4/2026;5/5/2026;mayo;10148989;10;1;30/4/2026;30/4/2026;PCO;;0;;0;;;;;;;;0;2;;0;;;;0;0;;;;;0;0;;;;;;;;;0;;;;;;0;;;0;;;;;;0;;;0;0;;;;;1;;;1;6;0;11;;;11;;SIN GC
00007 COMERCIAL OF LICITACION;4000006755;20;ZPIN;26/16 - TGS CAMBIO T;;0;10;4;11/5/2026;EBENSI;1012782;"CASQUETE Ø 30"" ASTM A-234 WPB, E=9,52 MM";4;Materiales genericos;CUMPLIDO;MR01;1;30/4/2026;5/5/2026;mayo;10148989;20;1;30/4/2026;30/4/2026;PCO;;0;;0;;;;;;;;0;4;;0;;;;0;0;;;;;0;0;;;;;;;;;0;;;;;;0;;;0;;;;;;0;;;0;0;;;;;1;;;1;6;0;11;;;11;;SIN GC
00007 COMERCIAL OF LICITACION;4000006760;10;ZPIN;19/16 YPF - EPC UPST;;0;10;4;23/6/2026;EPAONE;1042098;TRAMPAS S/ADJUNTOS;1;Servicios;CUMPLIDO;MR01;1;4/5/2026;22/5/2026;mayo;10149196;10;1;4/5/2026;4/5/2026;PCO;;0;;0;;;;;;;;0;1;;0;;;;0;0;;;;;0;0;;;;;;;;;0;;;;;;0;;;0;;;;;;0;;;0;0;;;;;1;;;1;32;0;50;;;50;;SIN GC
00007 COMERCIAL OF LICITACION;4000006761;10;ZPIN;PARACEL CAPEX 2026;;0;10;4;21/5/2026;LAFFATATO;1011236;Gasoil equipos;1;Materiales usuales;CUMPLIDO;MR01;1;4/5/2026;15/5/2026;mayo;10149206;10;1;4/5/2026;4/5/2026;PCO;;0;;0;;;;;;;;0;1;;0;;;;0;0;;;;;0;0;;;;;;;;;0;;;;;;0;;;0;;;;;;0;;;0;0;;;;;1;;;1;6;0;17;;;17;;SIN GC
00007 COMERCIAL OF LICITACION;4000006761;20;ZPIN;PARACEL CAPEX 2026;;0;10;4;22/5/2026;LAFFATATO;1011014;Caño de PVC C20 Ø20cm;1000;Materiales usuales;CUMPLIDO;MR01;1;4/5/2026;15/5/2026;mayo;10149206;20;1;4/5/2026;4/5/2026;PCO;;0;;0;;;;;;;;0;1000;;0;;;;0;0;;;;;0;0;;;;;;;;;0;;;;;;0;;;0;;;;;;0;;;0;0;;;;;1;;;1;7;0;18;;;18;;SIN GC
00007 COMERCIAL OF LICITACION;4000006761;30;ZPIN;PARACEL CAPEX 2026;;0;10;4;14/5/2026;LAFFATATO;1009728;Acero CA50 - Con CyD;1;Materiales usuales;CUMPLIDO;MR01;1;4/5/2026;15/5/2026;mayo;10149206;30;1;4/5/2026;4/5/2026;PCO;;0;;0;;;;;;;;0;1;;0;;;;0;0;;;;;0;0;;;;;;;;;0;;;;;;0;;;0;;;;;;0;;;0;0;;;;;1;;1;;;0;10;;;10;;SIN GC
00007 COMERCIAL OF LICITACION;4000006761;40;ZPIN;PARACEL CAPEX 2026;;0;10;4;28/5/2026;LAFFATATO;1011432;"Tirante 3""x3""x3mt";1;Materiales usuales;CUMPLIDO;MR01;1;4/5/2026;15/5/2026;mayo;10149206;40;1;4/5/2026;4/5/2026;PCO;;0;;0;;;;;;;;0;1;;0;;;;0;0;;;;;0;0;;;;;;;;;0;;;;;;0;;;0;;;;;;0;;;0;0;;;;;1;;;1;13;0;24;;;24;;SIN GC
00007 COMERCIAL OF LICITACION;4000006761;50;ZPIN;PARACEL CAPEX 2026;;0;10;4;28/5/2026;LAFFATATO;1011419;Fenólico 2,44x1,22mts 18mm;1;Materiales usuales;CUMPLIDO;MR01;1;4/5/2026;15/5/2026;mayo;10149206;50;1;4/5/2026;4/5/2026;PCO;;0;;0;;;;;;;;0;1;;0;;;;0;0;;;;;0;0;;;;;;;;;0;;;;;;0;;;0;;;;;;0;;;0;0;;;;;1;;;1;13;0;24;;;24;;SIN GC
00007 COMERCIAL OF LICITACION;4000006761;60;ZPIN;PARACEL CAPEX 2026;;0;10;4;28/5/2026;LAFFATATO;1012818;Geomembrana HDPE lisa e=2mm;2675;Materiales genericos;CUMPLIDO;MR01;1;4/5/2026;15/5/2026;mayo;10149206;60;1;4/5/2026;4/5/2026;PCO;;0;;0;;;;;;;;0;2675;;0;;;;0;0;;;;;0;0;;;;;;;;;0;;;;;;0;;;0;;;;;;0;;;0;0;;;;;1;;;1;13;0;24;;;24;;SIN GC
00007 COMERCIAL OF LICITACION;4000006761;70;ZPIN;PARACEL CAPEX 2026;;0;10;4;28/5/2026;LAFFATATO;1009675;Arena trituración 0-6;1;Materiales usuales;CUMPLIDO;MR01;1;4/5/2026;15/5/2026;mayo;10149206;70;1;4/5/2026;4/5/2026;PCO;;0;;0;;;;;;;;0;1;;0;;;;0;0;;;;;0;0;;;;;;;;;0;;;;;;0;;;0;;;;;;0;;;0;0;;;;;1;;;1;13;0;24;;;24;;SIN GC
00007 COMERCIAL OF LICITACION;4000006761;80;ZPIN;PARACEL CAPEX 2026;;0;10;4;28/5/2026;LAFFATATO;1009680;Arena mediana 0-20;1;Materiales usuales;CUMPLIDO;MR01;1;4/5/2026;15/5/2026;mayo;10149206;80;1;4/5/2026;4/5/2026;PCO;;0;;0;;;;;;;;0;1;;0;;;;0;0;;;;;0;0;;;;;;;;;0;;;;;;0;;;0;;;;;;0;;;0;0;;;;;1;;;1;13;0;24;;;24;;SIN GC
00007 COMERCIAL OF LICITACION;4000006761;90;ZPIN;PARACEL CAPEX 2026;;0;10;4;14/5/2026;LAFFATATO;1009728;Acero CA60 - Con CyD;1;Materiales usuales;CUMPLIDO;MR01;1;4/5/2026;15/5/2026;mayo;10149206;90;1;4/5/2026;4/5/2026;PCO;;0;;0;;;;;;;;0;1;;0;;;;0;0;;;;;0;0;;;;;;;;;0;;;;;;0;;;0;;;;;;0;;;0;0;;;;;1;;1;;;0;10;;;10;;SIN GC
00007 COMERCIAL OF LICITACION;4000006761;100;ZPIN;PARACEL CAPEX 2026;;0;10;4;22/5/2026;LAFFATATO;1027400;Caño de HDPE Ø800 mm;5;Materiales usuales;CUMPLIDO;MR01;1;4/5/2026;15/5/2026;mayo;10149206;100;1;4/5/2026;4/5/2026;PCO;;0;;0;;;;;;;;0;5;;0;;;;0;0;;;;;0;0;;;;;;;;;0;;;;;;0;;;0;;;;;;0;;;0;0;;;;;1;;;1;7;0;18;;;18;;SIN GC
00007 COMERCIAL OF LICITACION;4000006761;110;ZPIN;PARACEL CAPEX 2026;;0;10;4;21/5/2026;LAFFATATO;1011241;Hormigón elaborado H8;1;Materiales usuales;CUMPLIDO;MR01;1;4/5/2026;15/5/2026;mayo;10149206;110;1;4/5/2026;4/5/2026;PCO;;0;;0;;;;;;;;0;1;;0;;;;0;0;;;;;0;0;;;;;;;;;0;;;;;;0;;;0;;;;;;0;;;0;0;;;;;1;;;1;6;0;17;;;17;;SIN GC
00007 COMERCIAL OF LICITACION;4000006761;120;ZPIN;PARACEL CAPEX 2026;;0;10;4;21/5/2026;LAFFATATO;1011243;Hormigón elaborado H15;1;Materiales usuales;CUMPLIDO;MR01;1;4/5/2026;15/5/2026;mayo;10149206;120;1;4/5/2026;4/5/2026;PCO;;0;;0;;;;;;;;0;1;;0;;;;0;0;;;;;0;0;;;;;;;;;0;;;;;;0;;;0;;;;;;0;;;0;0;;;;;1;;;1;6;0;17;;;17;;SIN GC
00007 COMERCIAL OF LICITACION;4000006761;130;ZPIN;PARACEL CAPEX 2026;;0;10;4;21/5/2026;LAFFATATO;1011245;Hormigón elaborado H20;1;Materiales usuales;CUMPLIDO;MR01;1;4/5/2026;15/5/2026;mayo;10149206;130;1;4/5/2026;4/5/2026;PCO;;0;;0;;;;;;;;0;1;;0;;;;0;0;;;;;0;0;;;;;;;;;0;;;;;;0;;;0;;;;;;0;;;0;0;;;;;1;;;1;6;0;17;;;17;;SIN GC
00007 COMERCIAL OF LICITACION;4000006761;140;ZPIN;PARACEL CAPEX 2026;;0;10;4;21/5/2026;LAFFATATO;1011248;Hormigón elaborado H30;1;Materiales usuales;CUMPLIDO;MR01;1;4/5/2026;15/5/2026;mayo;10149206;140;1;4/5/2026;4/5/2026;PCO;;0;;0;;;;;;;;0;1;;0;;;;0;0;;;;;0;0;;;;;;;;;0;;;;;;0;;;0;;;;;;0;;;0;0;;;;;1;;;1;6;0;17;;;17;;SIN GC
00007 COMERCIAL OF LICITACION;4000006761;150;ZPIN;PARACEL CAPEX 2026;;0;10;4;28/5/2026;LAFFATATO;1012775;Piedra granítica Ø200mm;42;Materiales genericos;CUMPLIDO;MR01;1;4/5/2026;15/5/2026;mayo;10149206;150;1;4/5/2026;4/5/2026;PCO;;0;;0;;;;;;;;0;42;;0;;;;0;0;;;;;0;0;;;;;;;;;0;;;;;;0;;;0;;;;;;0;;;0;0;;;;;1;;;1;13;0;24;;;24;;SIN GC
00007 COMERCIAL OF LICITACION;4000006761;160;ZPIN;PARACEL CAPEX 2026;;0;10;4;14/5/2026;LAFFATATO;1009719;Trilogic Ø10;1;Materiales usuales;CUMPLIDO;MR01;1;4/5/2026;15/5/2026;mayo;10149206;160;1;4/5/2026;4/5/2026;PCO;;0;;0;;;;;;;;0;1;;0;;;;0;0;;;;;0;0;;;;;;;;;0;;;;;;0;;;0;;;;;;0;;;0;0;;;;;1;;1;;;0;10;;;10;;SIN GC
00007 COMERCIAL OF LICITACION;4000006761;170;ZPIN;PARACEL CAPEX 2026;;0;10;4;28/5/2026;LAFFATATO;1012872;Sellador Weber Flex;1;Materiales genericos;CUMPLIDO;MR01;1;4/5/2026;15/5/2026;mayo;10149206;170;1;4/5/2026;4/5/2026;PCO;;0;;0;;;;;;;;0;1;;0;;;;0;0;;;;;0;0;;;;;;;;;0;;;;;;0;;;0;;;;;;0;;;0;0;;;;;1;;;1;13;0;24;;;24;;SIN GC
00007 COMERCIAL OF LICITACION;4000006761;180;ZPIN;PARACEL CAPEX 2026;;0;10;4;28/5/2026;LAFFATATO;1016242;Molde pavimento e=0,15 x L=3m;1;Materiales genericos;CUMPLIDO;MR01;1;4/5/2026;15/5/2026;mayo;10149206;180;1;4/5/2026;4/5/2026;PCO;;0;;0;;;;;;;;0;1;;0;;;;0;0;;;;;0;0;;;;;;;;;0;;;;;;0;;;0;;;;;;0;;;0;0;;;;;1;;;1;13;0;24;;;24;;SIN GC
00007 COMERCIAL OF LICITACION;4000006761;190;ZPIN;PARACEL CAPEX 2026;;0;10;4;28/5/2026;LAFFATATO;1012509;Film de polietileno 200 micrones;1;Materiales usuales;CUMPLIDO;MR01;1;4/5/2026;15/5/2026;mayo;10149206;190;1;4/5/2026;4/5/2026;PCO;;0;;0;;;;;;;;0;1;;0;;;;0;0;;;;;0;0;;;;;;;;;0;;;;;;0;;;0;;;;;;0;;;0;0;;;;;1;;;1;13;0;24;;;24;;SIN GC
00007 COMERCIAL OF LICITACION;4000006761;200;ZPIN;PARACEL CAPEX 2026;;0;10;4;22/5/2026;LAFFATATO;1010562;Caño PEAD Ø250mm;1;Materiales usuales;CUMPLIDO;MR01;1;4/5/2026;15/5/2026;mayo;10149206;200;1;4/5/2026;4/5/2026;PCO;;0;;0;;;;;;;;0;1;;0;;;;0;0;;;;;0;0;;;;;;;;;0;;;;;;0;;;0;;;;;;0;;;0;0;;;;;1;;;1;7;0;18;;;18;;SIN GC
00007 COMERCIAL OF LICITACION;4000006761;210;ZPIN;PARACEL CAPEX 2026;;0;10;4;11/5/2026;LAFFATATO;1012769;Materiales para cerco olimpico s/espec;1;Materiales genericos;CUMPLIDO;MR01;1;4/5/2026;15/5/2026;mayo;10149206;210;1;4/5/2026;4/5/2026;PCO;;0;;0;;;;;;;;0;1;;0;;;;0;0;;;;;0;0;;;;;;;;;0;;;;;;0;;;0;;;;;;0;;;0;0;;;;;1;;1;;;0;7;;;7;;SIN GC
00007 COMERCIAL OF LICITACION;4000006762;10;ZPIN;19/16 YPF - EPC UPST;;0;10;4;15/5/2026;EPAONE;1042098;SEPARADORES S/ADJUNTOS;1;Servicios;CUMPLIDO;MR01;1;4/5/2026;22/5/2026;mayo;10149207;10;1;4/5/2026;4/5/2026;PCO;;0;;0;;;;;;;;0;1;;0;;;;0;0;;;;;0;0;;;;;;;;;0;;;;;;0;;;0;;;;;;0;;;0;0;;;;;1;;1;;;0;11;;;11;;SIN GC
00007 COMERCIAL OF LICITACION;4000006763;10;ZPIN;19/16 YPF - EPC UPST;;0;10;4;4/6/2026;EPAONE;1042098;DESARENADORES S/ADJUNTOS;1;Servicios;CUMPLIDO;MR01;1;4/5/2026;22/5/2026;mayo;10149208;10;1;4/5/2026;4/5/2026;PCO;;0;;0;;;;;;;;0;1;;0;;;;0;0;;;;;0;0;;;;;;;;;0;;;;;;0;;;0;;;;;;0;;;0;0;;;;;1;;;1;13;0;31;;;31;;SIN GC
00007 COMERCIAL OF LICITACION;4000006764;10;ZPIN;20-26 VICUÑA - ALQUI;;0;10;4;8/5/2026;EBLASI;1013141;SERVICIO DE INTERNET XDIA;1;Servicios;CUMPLIDO;MR01;1;5/5/2026;13/5/2026;mayo;10149226;10;1;5/5/2026;5/5/2026;PCO;;0;;0;;;;;;;;0;1;;0;;;;0;0;;;;;0;0;;;;;;;;;0;;;;;;0;;;0;;;;;;0;;;0;0;;;;;1;;1;;;0;3;;;3;;SIN GC
00007 COMERCIAL OF LICITACION;4000006764;20;ZPIN;20-26 VICUÑA - ALQUI;;0;10;4;8/5/2026;EBLASI;1013142;INSTALACION DE INTERNET XUN;1;Servicios;CUMPLIDO;MR01;1;5/5/2026;13/5/2026;mayo;10149226;20;1;5/5/2026;5/5/2026;PCO;;0;;0;;;;;;;;0;1;;0;;;;0;0;;;;;0;0;;;;;;;;;0;;;;;;0;;;0;;;;;;0;;;0;0;;;;;1;;1;;;0;3;;;3;;SIN GC
00007 COMERCIAL OF LICITACION;4000006764;30;ZPIN;20-26 VICUÑA - ALQUI;;0;10;4;14/5/2026;EBLASI;1013120;VIANDA DESAYUNO XUN;1;Servicios;CUMPLIDO;MR01;1;5/5/2026;13/5/2026;mayo;10149226;30;1;5/5/2026;5/5/2026;PCO;;0;;0;;;;;;;;0;1;;0;;;;0;0;;;;;0;0;;;;;;;;;0;;;;;;0;;;0;;;;;;0;;;0;0;;;;;1;;;1;1;0;9;;;9;;SIN GC
00007 COMERCIAL OF LICITACION;4000006764;40;ZPIN;20-26 VICUÑA - ALQUI;;0;10;4;14/5/2026;EBLASI;1013121;VIANDA ALMUERZO XUN;1;Servicios;CUMPLIDO;MR01;1;5/5/2026;13/5/2026;mayo;10149226;40;1;5/5/2026;5/5/2026;PCO;;0;;0;;;;;;;;0;1;;0;;;;0;0;;;;;0;0;;;;;;;;;0;;;;;;0;;;0;;;;;;0;;;0;0;;;;;1;;;1;1;0;9;;;9;;SIN GC
00007 COMERCIAL OF LICITACION;4000006764;50;ZPIN;20-26 VICUÑA - ALQUI;;0;10;4;14/5/2026;EBLASI;1013113;TRANSPORTE DE PERSONAL XVIAJE;1;Servicios;CUMPLIDO;MR01;1;5/5/2026;13/5/2026;mayo;10149226;50;1;5/5/2026;5/5/2026;PCO;;0;;0;;;;;;;;0;1;;0;;;;0;0;;;;;0;0;;;;;;;;;0;;;;;;0;;;0;;;;;;0;;;0;0;;;;;1;;;1;1;0;9;;;9;;SIN GC
00007 COMERCIAL OF LICITACION;4000006765;10;ZPIN;20-26 VICUÑA - ALQUI;;0;10;4;8/5/2026;EBLASI;1002066;PANTALON PRIMERA PIEL T.L;1;Materiales Stock;CUMPLIDO;MR01;1;5/5/2026;13/5/2026;mayo;10149228;10;1;5/5/2026;5/5/2026;PCO;;0;;0;;;;;;;;0;1;;0;;;;0;0;;;;;0;0;;;;;;;;;0;;;;;;0;;;0;;;;;;0;;;0;0;;;;;1;;1;;;0;3;;;3;;SIN GC
00007 COMERCIAL OF LICITACION;4000006765;20;ZPIN;20-26 VICUÑA - ALQUI;;0;10;4;8/5/2026;EBLASI;1002045;CAMISETA PRIMERA PIEL T.L;1;Materiales Stock;CUMPLIDO;MR01;1;5/5/2026;13/5/2026;mayo;10149228;20;1;5/5/2026;5/5/2026;PCO;;0;;0;;;;;;;;0;1;;0;;;;0;0;;;;;0;0;;;;;;;;;0;;;;;;0;;;0;;;;;;0;;;0;0;;;;;1;;1;;;0;3;;;3;;SIN GC
00007 COMERCIAL OF LICITACION;4000006765;30;ZPIN;20-26 VICUÑA - ALQUI;;0;10;4;8/5/2026;EBLASI;1049715;BOTIN DE SEGURIDAD T.42;1;Materiales usuales;CUMPLIDO;MR01;1;5/5/2026;13/5/2026;mayo;10149228;30;1;5/5/2026;5/5/2026;PCO;;0;;0;;;;;;;;0;1;;0;;;;0;0;;;;;0;0;;;;;;;;;0;;;;;;0;;;0;;;;;;0;;;0;0;;;;;1;;1;;;0;3;;;3;;SIN GC
00007 COMERCIAL OF LICITACION;4000006765;40;ZPIN;20-26 VICUÑA - ALQUI;;0;10;4;8/5/2026;EBLASI;1001692;MENTONERA PARA CASCO;1;Materiales Stock;CUMPLIDO;MR01;1;5/5/2026;13/5/2026;mayo;10149228;40;1;5/5/2026;5/5/2026;PCO;;0;;0;;;;;;;;0;1;;0;;;;0;0;;;;;0;0;;;;;;;;;0;;;;;;0;;;0;;;;;;0;;;0;0;;;;;1;;1;;;0;3;;;3;;SIN GC
00007 COMERCIAL OF LICITACION;4000006765;50;ZPIN;20-26 VICUÑA - ALQUI;;0;10;4;8/5/2026;EBLASI;1002051;CAMPERA 2 PIEL T. L;1;Materiales Stock;CUMPLIDO;MR01;1;5/5/2026;13/5/2026;mayo;10149228;50;1;5/5/2026;5/5/2026;PCO;;0;;0;;;;;;;;0;1;;0;;;;0;0;;;;;0;0;;;;;;;;;0;;;;;;0;;;0;;;;;;0;;;0;0;;;;;1;;1;;;0;3;;;3;;SIN GC
00007 COMERCIAL OF LICITACION;4000006765;60;ZPIN;20-26 VICUÑA - ALQUI;;0;10;4;8/5/2026;EBLASI;1001694;PASAMONTANAS PARA -10 GRADOS;1;Materiales Stock;CUMPLIDO;MR01;1;5/5/2026;13/5/2026;mayo;10149228;60;1;5/5/2026;5/5/2026;PCO;;0;;0;;;;;;;;0;1;;0;;;;0;0;;;;;0;0;;;;;;;;;0;;;;;;0;;;0;;;;;;0;;;0;0;;;;;1;;1;;;0;3;;;3;;SIN GC
00007 COMERCIAL OF LICITACION;4000006766;10;ZPIN;20-26 VICUÑA - ALQUI;;0;10;4;8/5/2026;EBLASI;1001716;TAPON AUDITIVO QUANTUM;1;Materiales Stock;CUMPLIDO;MR01;1;5/5/2026;13/5/2026;mayo;10149230;10;1;5/5/2026;5/5/2026;PCO;;0;;0;;;;;;;;0;1;;0;;;;0;0;;;;;0;0;;;;;;;;;0;;;;;;0;;;0;;;;;;0;;;0;0;;;;;1;;1;;;0;3;;;3;;SIN GC
00007 COMERCIAL OF LICITACION;4000006766;20;ZPIN;20-26 VICUÑA - ALQUI;;0;10;4;8/5/2026;EBLASI;1002055;MEDIAS TERMICAS T. UNICO PARA -10 GRADOS;1;Materiales Stock;CUMPLIDO;MR01;1;5/5/2026;13/5/2026;mayo;10149230;20;1;5/5/2026;5/5/2026;PCO;;0;;0;;;;;;;;0;1;;0;;;;0;0;;;;;0;0;;;;;;;;;0;;;;;;0;;;0;;;;;;0;;;0;0;;;;;1;;1;;;0;3;;;3;;SIN GC
00007 COMERCIAL OF LICITACION;4000006766;30;ZPIN;20-26 VICUÑA - ALQUI;;0;10;4;8/5/2026;EBLASI;1002027;PANTALON TRABAJO T.46 BEIGE;1;Materiales Stock;CUMPLIDO;MR01;1;5/5/2026;13/5/2026;mayo;10149230;30;1;5/5/2026;5/5/2026;PCO;;0;;0;;;;;;;;0;1;;0;;;;0;0;;;;;0;0;;;;;;;;;0;;;;;;0;;;0;;;;;;0;;;0;0;;;;;1;;1;;;0;3;;;3;;SIN GC
00007 COMERCIAL OF LICITACION;4000006766;40;ZPIN;20-26 VICUÑA - ALQUI;;0;10;4;8/5/2026;EBLASI;1009481;ANTEOJO ARGON  GRIS H/C;1;Materiales Stock;CUMPLIDO;MR01;1;5/5/2026;13/5/2026;mayo;10149230;40;1;5/5/2026;5/5/2026;PCO;;0;;0;;;;;;;;0;1;;0;;;;0;0;;;;;0;0;;;;;;;;;0;;;;;;0;;;0;;;;;;0;;;0;0;;;;;1;;1;;;0;3;;;3;;SIN GC
00007 COMERCIAL OF LICITACION;4000006767;10;ZPIN;21/26-Fase 8C;;0;10;4;13/5/2026;FRAMOS;1012770;BENTONITA S ESPECIFICACION;1;Materiales genericos;CUMPLIDO;MR01;1;5/5/2026;15/5/2026;mayo;10149241;10;1;5/5/2026;5/5/2026;PCO;;0;;0;;;;;;;;0;1;;0;;;;0;0;;;;;0;0;;;;;;;;;0;;;;;;0;;;0;;;;;;0;;;0;0;;;;;1;;1;;;0;8;;;8;;SIN GC
00007 COMERCIAL OF LICITACION;4000006767;20;ZPIN;21/26-Fase 8C;;0;10;4;14/5/2026;FRAMOS;1033753;GEOTEXTIL NO TEJIDO DE 270 G/M2;1;Materiales usuales;CUMPLIDO;MR01;1;5/5/2026;15/5/2026;mayo;10149241;20;1;5/5/2026;5/5/2026;PCO;;0;;0;;;;;;;;0;1;;0;;;;0;0;;;;;0;0;;;;;;;;;0;;;;;;0;;;0;;;;;;0;;;0;0;;;;;1;;1;;;0;9;;;9;;SIN GC
00007 COMERCIAL OF LICITACION;4000006767;30;ZPIN;21/26-Fase 8C;;0;10;4;14/5/2026;FRAMOS;1026082;MAZA VOLEO 5KG BRONCE/CABO PLASTICO;10;Materiales Stock S/Devol;CUMPLIDO;MR01;1;5/5/2026;15/5/2026;mayo;10149241;30;1;5/5/2026;5/5/2026;PCO;;0;;0;;;;;;;;0;10;;0;;;;0;0;;;;;0;0;;;;;;;;;0;;;;;;0;;;0;;;;;;0;;;0;0;;;;;1;;1;;;0;9;;;9;;SIN GC
00007 COMERCIAL OF LICITACION;4000006767;40;ZPIN;21/26-Fase 8C;;0;10;4;13/5/2026;FRAMOS;1012842;Bolsa 60x70, 62gr/m2 para contrapeso;400000;Materiales genericos;CUMPLIDO;MR01;1;5/5/2026;15/5/2026;mayo;10149241;40;1;5/5/2026;5/5/2026;PCO;;0;;0;;;;;;;;0;400000;;0;;;;0;0;;;;;0;0;;;;;;;;;0;;;;;;0;;;0;;;;;;0;;;0;0;;;;;1;;1;;;0;8;;;8;;SIN GC
00007 COMERCIAL OF LICITACION;4000006767;50;ZPIN;21/26-Fase 8C;;0;10;4;14/5/2026;FRAMOS;1012529;SOGA NAUTICA Ø12 mm - rollo x 150m;1;Materiales usuales;CUMPLIDO;MR01;1;5/5/2026;15/5/2026;mayo;10149241;50;1;5/5/2026;5/5/2026;PCO;;0;;0;;;;;;;;0;1;;0;;;;0;0;;;;;0;0;;;;;;;;;0;;;;;;0;;;0;;;;;;0;;;0;0;;;;;1;;1;;;0;9;;;9;;SIN GC
00007 COMERCIAL OF LICITACION;4000006767;60;ZPIN;21/26-Fase 8C;;0;10;4;13/5/2026;FRAMOS;1022295;PINCHOTE HIERRO LISO 20MM X 1.2MT LARGO;1000;Servicios;CUMPLIDO;MR01;1;5/5/2026;15/5/2026;mayo;10149241;60;1;5/5/2026;5/5/2026;PCO;;0;;0;;;;;;;;0;1000;;0;;;;0;0;;;;;0;0;;;;;;;;;0;;;;;;0;;;0;;;;;;0;;;0;0;;;;;1;;1;;;0;8;;;8;;SIN GC
00007 COMERCIAL OF LICITACION;4000006767;70;ZPIN;21/26-Fase 8C;;0;10;4;15/5/2026;FRAMOS;1022295;"Bolsón contenedor ""big bag"" 1.3 tn";1000;Servicios;CUMPLIDO;MR01;1;5/5/2026;15/5/2026;mayo;10149241;70;1;5/5/2026;5/5/2026;PCO;;0;;0;;;;;;;;0;1000;;0;;;;0;0;;;;;0;0;;;;;;;;;0;;;;;;0;;;0;;;;;;0;;;0;0;;;;;1;;1;;;0;10;;;10;;SIN GC
00007 COMERCIAL OF LICITACION;4000006767;80;ZPIN;21/26-Fase 8C;;0;10;4;13/5/2026;FRAMOS;1022295;PERCHAS PARA ROLLO MEMBRANA;10;Servicios;CUMPLIDO;MR01;1;5/5/2026;15/5/2026;mayo;10149241;80;1;5/5/2026;5/5/2026;PCO;;0;;0;;;;;;;;0;10;;0;;;;0;0;;;;;0;0;;;;;;;;;0;;;;;;0;;;0;;;;;;0;;;0;0;;;;;1;;1;;;0;8;;;8;;SIN GC
00007 COMERCIAL OF LICITACION;4000006767;90;ZPIN;21/26-Fase 8C;;0;10;4;14/5/2026;FRAMOS;1022295;SOGA NAUTICA Ø14 mm - rollo x 100m;1;Servicios;CUMPLIDO;MR01;1;5/5/2026;15/5/2026;mayo;10149241;90;1;5/5/2026;5/5/2026;PCO;;0;;0;;;;;;;;0;1;;0;;;;0;0;;;;;0;0;;;;;;;;;0;;;;;;0;;;0;;;;;;0;;;0;0;;;;;1;;1;;;0;9;;;9;;SIN GC
00007 COMERCIAL OF LICITACION;4000006767;100;ZPIN;21/26-Fase 8C;;0;10;4;14/5/2026;FRAMOS;1022295;Faja para Izaje de rollo - certificada;250;Servicios;CUMPLIDO;MR01;1;5/5/2026;15/5/2026;mayo;10149241;100;1;5/5/2026;5/5/2026;PCO;;0;;0;;;;;;;;0;250;;0;;;;0;0;;;;;0;0;;;;;;;;;0;;;;;;0;;;0;;;;;;0;;;0;0;;;;;1;;1;;;0;9;;;9;;SIN GC
00007 COMERCIAL OF LICITACION;4000006769;10;ZPIN;21/26-Fase 8C;;0;10;4;19/5/2026;FRAMOS;1013021;CERTIFICACION EQUIPO;34;Servicios;CUMPLIDO;MR01;1;6/5/2026;15/5/2026;mayo;10149392;10;1;6/5/2026;6/5/2026;PCO;;0;;0;;;;;;;;0;34;;0;;;;0;0;;;;;0;0;;;;;;;;;0;;;;;;0;;;0;;;;;;0;;;0;0;;;;;1;;;1;4;0;13;;;13;;SIN GC
00007 COMERCIAL OF LICITACION;4000006769;20;ZPIN;21/26-Fase 8C;;0;10;4;19/5/2026;FRAMOS;1016081;CERTIFICACION OPERADOR OBRA;65;Servicios;CUMPLIDO;MR01;1;6/5/2026;15/5/2026;mayo;10149392;20;1;6/5/2026;6/5/2026;PCO;;0;;0;;;;;;;;0;65;;0;;;;0;0;;;;;0;0;;;;;;;;;0;;;;;;0;;;0;;;;;;0;;;0;0;;;;;1;;;1;4;0;13;;;13;;SIN GC
00007 COMERCIAL OF LICITACION;4000006770;10;ZPIN;21/26-Fase 8C;;0;10;4;15/5/2026;FRAMOS;1012608;New jersey de hormigon armado;100;Materiales genericos;CUMPLIDO;MR01;1;6/5/2026;15/5/2026;mayo;10149405;10;1;6/5/2026;6/5/2026;PCO;;0;;0;;;;;;;;0;100;;0;;;;0;0;;;;;0;0;;;;;;;;;0;;;;;;0;;;0;;;;;;0;;;0;0;;;;;1;;1;;;0;9;;;9;;SIN GC
00007 COMERCIAL OF LICITACION;4000006771;10;ZPIN;21/26-Fase 8C;;0;10;4;13/5/2026;FRAMOS;1013113;TRANSPORTE DE PERSONAL XVIAJE;1;Servicios;CUMPLIDO;MR01;1;6/5/2026;15/5/2026;mayo;10149406;10;1;6/5/2026;6/5/2026;PCO;;0;;0;;;;;;;;0;1;;0;;;;0;0;;;;;0;0;;;;;;;;;0;;;;;;0;;;0;;;;;;0;;;0;0;;;;;1;;1;;;0;7;;;7;;SIN GC
00007 COMERCIAL OF LICITACION;4000006772;10;ZPIN;26/16-TGS-Cbio tramo;;0;10;4;13/5/2026;FRAMOS;1042080;SUBC. CERCO PERIMETRAL;1;Servicios;CUMPLIDO;MR01;1;6/5/2026;11/5/2026;mayo;10149465;10;1;6/5/2026;6/5/2026;PCO;;0;;0;;;;;;;;0;1;;0;;;;0;0;;;;;0;0;;;;;;;;;0;;;;;;0;;;0;;;;;;0;;;0;0;;;;;1;;;1;2;0;7;;;7;;SIN GC
00007 COMERCIAL OF LICITACION;4000006773;10;ZPIN;26/16-TGS-Cbio tramo;;0;10;4;13/5/2026;FRAMOS;1042362;Baranda guarda ganado;1;Servicios;CUMPLIDO;MR01;1;6/5/2026;11/5/2026;mayo;10149470;10;1;6/5/2026;6/5/2026;PCO;;0;;0;;;;;;;;0;1;;0;;;;0;0;;;;;0;0;;;;;;;;;0;;;;;;0;;;0;;;;;;0;;;0;0;;;;;1;;;1;2;0;7;;;7;;SIN GC
00007 COMERCIAL OF LICITACION;4000006779;10;ZPIN;26.19 YPF - WP2;;0;10;4;5/6/2026;LAFFATATO;1042362;Tablestacado;1;Servicios;CUMPLIDO;MR01;1;7/5/2026;19/5/2026;mayo;10149537;10;1;7/5/2026;7/5/2026;PCO;;0;;0;;;;;;;;0;1;;0;;;;0;0;;;;;0;0;;;;;;;;;0;;;;;;0;;;0;;;;;;0;;;0;0;;;;;1;;;1;17;0;29;;;29;;SIN GC
00007 COMERCIAL OF LICITACION;4000006782;10;ZPIN;20-26 VICUÑA - ALQUI;;0;10;4;12/5/2026;EBLASI;1010725;BIDON DE AGUA 20 L.;1;Materiales usuales;CUMPLIDO;MR01;1;8/5/2026;13/5/2026;mayo;10149636;10;1;8/5/2026;8/5/2026;PCO;;0;;0;;;;;;;;0;1;;0;;;;0;0;;;;;0;0;;;;;;;;;0;;;;;;0;;;0;;;;;;0;;;0;0;;;;;1;;1;;;0;4;;;4;;SIN GC
00008 ABASTECIMIENTO;4000006783;10;ZPIN;ESCANER REMITOS RECE;;0;10;4;22/5/2026;PAPPELLA;1012735;ESCANER PARA REMITOS S/ADJUNTO;1;Materiales genericos;CUMPLIDO;MR01;1;8/5/2026;22/5/2026;mayo;10149657;10;1;8/5/2026;8/5/2026;C05;;0;;0;;;;;;;;0;1;;0;;;;0;0;;;;;0;0;;;;;;;;;0;;;;;;0;;;0;;;;;;0;;;0;0;;;;;1;;1;;;0;14;;;14;;SIN GC
00007 COMERCIAL OF LICITACION;4000006786;10;ZPIN;19/16 YPF - EPC UPST;;0;10;4;22/5/2026;EPAONE;1012782;MATERIALES PIPING S/ADJUNTO;1;Materiales genericos;CUMPLIDO;MR01;1;11/5/2026;29/5/2026;mayo;10149778;10;1;11/5/2026;11/5/2026;PCO;;0;;0;;;;;;;;0;1;;0;;;;0;0;;;;;0;0;;;;;;;;;0;;;;;;0;;;0;;;;;;0;;;0;0;;;;;1;;1;;;0;11;;;11;;SIN GC
00004 LEGALES ROSARIO;4000006788;10;ZPIN;LICITACIÓN PÓLIZAS A;;0;10;4;18/6/2026;NLAFORNARO;1012965;POLIZA AUTOMOTOR MSA;1;Servicios;CUMPLIDO;MR01;1;12/5/2026;1/6/2026;junio;10149880;10;1;12/5/2026;12/5/2026;C16;;0;;0;;;;;;;;0;1;;0;;;;0;0;;;;;0;0;;;;;;;;;0;;;;;;0;;;0;;;;;;0;;;0;0;;;;;1;;;1;17;0;37;;;37;;COMPRAS ABASTECIMIENTO
00004 LEGALES ROSARIO;4000006788;20;ZPIN;LICITACIÓN PÓLIZAS A;;0;10;4;18/6/2026;NLAFORNARO;1012965;POLIZA AUTOMOTOR MILICIC MINERIA SA;1;Servicios;CUMPLIDO;MR01;1;12/5/2026;1/6/2026;junio;10149880;20;1;12/5/2026;12/5/2026;C16;;0;;0;;;;;;;;0;1;;0;;;;0;0;;;;;0;0;;;;;;;;;0;;;;;;0;;;0;;;;;;0;;;0;0;;;;;1;;;1;17;0;37;;;37;;COMPRAS ABASTECIMIENTO
00004 LEGALES ROSARIO;4000006788;30;ZPIN;LICITACIÓN PÓLIZAS A;;0;10;4;18/6/2026;NLAFORNARO;1012963;POLIZA SEGURO TECNICO MSA;1;Servicios;CUMPLIDO;MR01;1;12/5/2026;1/6/2026;junio;10149880;30;1;12/5/2026;12/5/2026;C16;;0;;0;;;;;;;;0;1;;0;;;;0;0;;;;;0;0;;;;;;;;;0;;;;;;0;;;0;;;;;;0;;;0;0;;;;;1;;;1;17;0;37;;;37;;COMPRAS ABASTECIMIENTO
00004 LEGALES ROSARIO;4000006788;40;ZPIN;LICITACIÓN PÓLIZAS A;;0;10;4;18/6/2026;NLAFORNARO;1012963;POLIZA SEGURO TECNICO MILICIC MINERIA SA;1;Servicios;CUMPLIDO;MR01;1;12/5/2026;1/6/2026;junio;10149880;40;1;12/5/2026;12/5/2026;C16;;0;;0;;;;;;;;0;1;;0;;;;0;0;;;;;0;0;;;;;;;;;0;;;;;;0;;;0;;;;;;0;;;0;0;;;;;1;;;1;17;0;37;;;37;;COMPRAS ABASTECIMIENTO
00004 LEGALES ROSARIO;4000006788;50;ZPIN;LICITACIÓN PÓLIZAS A;;0;10;4;18/6/2026;NLAFORNARO;1012962;POLIZA DE TRANSPORTES DE MSA;1;Servicios;CUMPLIDO;MR01;1;12/5/2026;1/6/2026;junio;10149880;50;1;12/5/2026;12/5/2026;C16;;0;;0;;;;;;;;0;1;;0;;;;0;0;;;;;0;0;;;;;;;;;0;;;;;;0;;;0;;;;;;0;;;0;0;;;;;1;;;1;17;0;37;;;37;;COMPRAS ABASTECIMIENTO
00004 LEGALES ROSARIO;4000006788;60;ZPIN;LICITACIÓN PÓLIZAS A;;0;10;4;18/6/2026;NLAFORNARO;1012962;POLIZA DE TRANSPORTES DE MILICIC MINERIA;1;Servicios;CUMPLIDO;MR01;1;12/5/2026;1/6/2026;junio;10149880;60;1;12/5/2026;12/5/2026;C16;;0;;0;;;;;;;;0;1;;0;;;;0;0;;;;;0;0;;;;;;;;;0;;;;;;0;;;0;;;;;;0;;;0;0;;;;;1;;;1;17;0;37;;;37;;COMPRAS ABASTECIMIENTO
00004 LEGALES ROSARIO;4000006788;70;ZPIN;LICITACIÓN PÓLIZAS A;;0;10;4;18/6/2026;NLAFORNARO;1012959;POLIZA TODO RIESGO OPERATIVO MSA;1;Servicios;CUMPLIDO;MR01;1;12/5/2026;1/6/2026;junio;10149880;70;1;12/5/2026;12/5/2026;C16;;0;;0;;;;;;;;0;1;;0;;;;0;0;;;;;0;0;;;;;;;;;0;;;;;;0;;;0;;;;;;0;;;0;0;;;;;1;;;1;17;0;37;;;37;;COMPRAS ABASTECIMIENTO
00004 LEGALES ROSARIO;4000006788;80;ZPIN;LICITACIÓN PÓLIZAS A;;0;10;4;18/6/2026;NLAFORNARO;1012959;POLIZA TODO RIESGO OPERATIVO MMSA;1;Servicios;CUMPLIDO;MR01;1;12/5/2026;1/6/2026;junio;10149880;80;1;12/5/2026;12/5/2026;C16;;0;;0;;;;;;;;0;1;;0;;;;0;0;;;;;0;0;;;;;;;;;0;;;;;;0;;;0;;;;;;0;;;0;0;;;;;1;;;1;17;0;37;;;37;;COMPRAS ABASTECIMIENTO
"00001 GENERAL SEDE&#160;";4000006792;10;ZPIN;CONTROL DE PLAGAS;;0;10;4;4/6/2026;VHEREÑU;1013139;SS CONTROL DE PLAGAS XUN;12;Servicios;CUMPLIDO;MR01;1;12/5/2026;26/5/2026;mayo;10149995;10;1;12/5/2026;12/5/2026;C25;;0;;0;;;;;;;;0;12;;0;;;;0;0;;;;;0;0;;;;;;;;;0;;;;;;0;;;0;;;;;;0;;;0;0;;;;;1;;;1;9;0;23;;;23;;COMPRAS ABASTECIMIENTO
"00001 GENERAL SEDE&#160;";4000006792;20;ZPIN;CONTROL DE PLAGAS;;0;10;4;4/6/2026;VHEREÑU;1026355;FUMIGACION CONTRA MOSQUITOS;2;Servicios;CUMPLIDO;MR01;1;12/5/2026;26/5/2026;mayo;10149995;20;1;12/5/2026;12/5/2026;C25;;0;;0;;;;;;;;0;2;;0;;;;0;0;;;;;0;0;;;;;;;;;0;;;;;;0;;;0;;;;;;0;;;0;0;;;;;1;;;1;9;0;23;;;23;;COMPRAS ABASTECIMIENTO
"00001 GENERAL SEDE&#160;";4000006792;30;ZPIN;CONTROL DE PLAGAS;;0;10;4;4/6/2026;VHEREÑU;1026355;SS CONTROL DE ALACRANES;4;Servicios;CUMPLIDO;MR01;1;12/5/2026;26/5/2026;mayo;10149995;30;1;12/5/2026;12/5/2026;C25;;0;;0;;;;;;;;0;4;;0;;;;0;0;;;;;0;0;;;;;;;;;0;;;;;;0;;;0;;;;;;0;;;0;0;;;;;1;;;1;9;0;23;;;23;;COMPRAS ABASTECIMIENTO
00007 COMERCIAL OF LICITACION;4000006798;10;ZPIN;21/26-Fase 8C;;0;10;4;19/5/2026;FRAMOS;1022295;Examen polisomnografía;1;Servicios;CUMPLIDO;MR01;1;13/5/2026;18/5/2026;mayo;10150098;10;1;13/5/2026;13/5/2026;PCO;;0;;0;;;;;;;;0;1;;0;;;;0;0;;;;;0;0;;;;;;;;;0;;;;;;0;;;0;;;;;;0;;;0;0;;;;;1;;;1;1;0;6;;;6;;SIN GC
00007 COMERCIAL OF LICITACION;4000006798;20;ZPIN;21/26-Fase 8C;;0;10;4;15/5/2026;FRAMOS;1002089;CAPA DE LLUVIA T.L;1;Materiales Stock;CUMPLIDO;MR01;1;13/5/2026;13/5/2026;mayo;10150098;20;1;13/5/2026;13/5/2026;PCO;;0;;0;;;;;;;;0;1;;0;;;;0;0;;;;;0;0;;;;;;;;;0;;;;;;0;;;0;;;;;;0;;;0;0;;;;;1;;;1;2;0;2;;;2;;SIN GC
00007 COMERCIAL OF LICITACION;4000006798;30;ZPIN;21/26-Fase 8C;;0;10;4;15/5/2026;FRAMOS;1012738;Máscara 3M con filtro;1;Materiales genericos;CUMPLIDO;MR01;1;13/5/2026;13/5/2026;mayo;10150098;30;1;13/5/2026;13/5/2026;PCO;;0;;0;;;;;;;;0;1;;0;;;;0;0;;;;;0;0;;;;;;;;;0;;;;;;0;;;0;;;;;;0;;;0;0;;;;;1;;;1;2;0;2;;;2;;SIN GC
00007 COMERCIAL OF LICITACION;4000006798;40;ZPIN;21/26-Fase 8C;;0;10;4;14/5/2026;FRAMOS;1029328;Arnés de seguridad;1;Materiales Stock;CUMPLIDO;MR01;1;13/5/2026;13/5/2026;mayo;10150098;40;1;13/5/2026;13/5/2026;PCO;;0;;0;;;;;;;;0;1;;0;;;;0;0;;;;;0;0;;;;;;;;;0;;;;;;0;;;0;;;;;;0;;;0;0;;;;;1;;;1;1;0;1;;;1;;SIN GC
0004 SERVICIO TECNICO PROYECTO;4000006800;10;ZPIN;GET - CARGADOR FRONT;;0;10;4;21/5/2026;LNUNEZ;1056108;PORTAUÑAS DERECHO - WA900;1;Materiales Stock;CUMPLIDO;MR01;1;14/5/2026;14/5/2026;mayo;10150182;10;1;14/5/2026;14/5/2026;C03;;0;;0;;;;;;;;0;1;;0;;;;0;0;;;;;0;0;;;;;;;;;0;;;;;;0;;;0;;;;;;0;;;0;0;;;;;1;;;1;7;0;7;;;7;;COMPRAS EQUIPOS
0004 SERVICIO TECNICO PROYECTO;4000006800;20;ZPIN;GET - CARGADOR FRONT;;0;10;4;21/5/2026;LNUNEZ;1056109;PORTAUÑAS IZQUIERDO - WA900;1;Materiales Stock;CUMPLIDO;MR01;1;14/5/2026;14/5/2026;mayo;10150182;20;1;14/5/2026;14/5/2026;C03;;0;;0;;;;;;;;0;1;;0;;;;0;0;;;;;0;0;;;;;;;;;0;;;;;;0;;;0;;;;;;0;;;0;0;;;;;1;;;1;7;0;7;;;7;;COMPRAS EQUIPOS
0004 SERVICIO TECNICO PROYECTO;4000006800;30;ZPIN;GET - CARGADOR FRONT;;0;10;4;21/5/2026;LNUNEZ;1056110;PORTAUÑAS CENTRAL - WA900;6;Materiales Stock;CUMPLIDO;MR01;1;14/5/2026;14/5/2026;mayo;10150182;30;1;14/5/2026;14/5/2026;C03;;0;;0;;;;;;;;0;6;;0;;;;0;0;;;;;0;0;;;;;;;;;0;;;;;;0;;;0;;;;;;0;;;0;0;;;;;1;;;1;7;0;7;;;7;;COMPRAS EQUIPOS
0004 SERVICIO TECNICO PROYECTO;4000006800;40;ZPIN;GET - CARGADOR FRONT;;0;10;4;21/5/2026;LNUNEZ;1056112;UÑA - WA900;8;Materiales Stock;CUMPLIDO;MR01;1;14/5/2026;14/5/2026;mayo;10150182;40;1;14/5/2026;14/5/2026;C03;;0;;0;;;;;;;;0;8;;0;;;;0;0;;;;;0;0;;;;;;;;;0;;;;;;0;;;0;;;;;;0;;;0;0;;;;;1;;;1;7;0;7;;;7;;COMPRAS EQUIPOS
0004 SERVICIO TECNICO PROYECTO;4000006800;50;ZPIN;GET - CARGADOR FRONT;;0;10;4;21/5/2026;LNUNEZ;1015947;TRABA DE UÑA (SIN CODIGO VISIBLE);8;Materiales genericos;CUMPLIDO;MR01;1;14/5/2026;14/5/2026;mayo;10150182;50;1;14/5/2026;14/5/2026;C03;;0;;0;;;;;;;;0;8;;0;;;;0;0;;;;;0;0;;;;;;;;;0;;;;;;0;;;0;;;;;;0;;;0;0;;;;;1;;;1;7;0;7;;;7;;COMPRAS EQUIPOS
0004 SERVICIO TECNICO PROYECTO;4000006800;60;ZPIN;GET - CARGADOR FRONT;;0;10;4;21/5/2026;LNUNEZ;1056113;PROTECTOR LATERAL DE BALDE - WA900;4;Materiales Stock;CUMPLIDO;MR01;1;14/5/2026;14/5/2026;mayo;10150182;60;1;14/5/2026;14/5/2026;C03;;0;;0;;;;;;;;0;4;;0;;;;0;0;;;;;0;0;;;;;;;;;0;;;;;;0;;;0;;;;;;0;;;0;0;;;;;1;;;1;7;0;7;;;7;;COMPRAS EQUIPOS
0004 SERVICIO TECNICO PROYECTO;4000006800;70;ZPIN;GET - CARGADOR FRONT;;0;10;4;21/5/2026;LNUNEZ;1056114;PERNO / TRABA PROTECTOR LATERAL - WA900;8;Materiales Stock;CUMPLIDO;MR01;1;14/5/2026;14/5/2026;mayo;10150182;70;1;14/5/2026;14/5/2026;C03;;0;;0;;;;;;;;0;8;;0;;;;0;0;;;;;0;0;;;;;;;;;0;;;;;;0;;;0;;;;;;0;;;0;0;;;;;1;;;1;7;0;7;;;7;;COMPRAS EQUIPOS
0004 SERVICIO TECNICO PROYECTO;4000006800;80;ZPIN;GET - CARGADOR FRONT;;0;10;4;21/5/2026;LNUNEZ;1056115;ARANDELA;16;Materiales Stock;CUMPLIDO;MR01;1;14/5/2026;14/5/2026;mayo;10150182;80;1;14/5/2026;14/5/2026;C03;;0;;0;;;;;;;;0;16;;0;;;;0;0;;;;;0;0;;;;;;;;;0;;;;;;0;;;0;;;;;;0;;;0;0;;;;;1;;;1;7;0;7;;;7;;COMPRAS EQUIPOS
0004 SERVICIO TECNICO PROYECTO;4000006800;90;ZPIN;GET - CARGADOR FRONT;;0;10;4;21/5/2026;LNUNEZ;1056116;PLACA AJUSTE DE PROTECTOR LATERAL - WA90;4;Materiales Stock;CUMPLIDO;MR01;1;14/5/2026;14/5/2026;mayo;10150182;90;1;14/5/2026;14/5/2026;C03;;0;;0;;;;;;;;0;4;;0;;;;0;0;;;;;0;0;;;;;;;;;0;;;;;;0;;;0;;;;;;0;;;0;0;;;;;1;;;1;7;0;7;;;7;;COMPRAS EQUIPOS
0004 SERVICIO TECNICO PROYECTO;4000006800;100;ZPIN;GET - CARGADOR FRONT;;0;10;4;21/5/2026;LNUNEZ;1015947;ENTRE DIENTES IZQUIERDO (SIN CODIGO);3;Materiales genericos;CUMPLIDO;MR01;1;14/5/2026;14/5/2026;mayo;10150182;100;1;14/5/2026;14/5/2026;C03;;0;;0;;;;;;;;0;3;;0;;;;0;0;;;;;0;0;;;;;;;;;0;;;;;;0;;;0;;;;;;0;;;0;0;;;;;1;;;1;7;0;7;;;7;;COMPRAS EQUIPOS
0004 SERVICIO TECNICO PROYECTO;4000006800;110;ZPIN;GET - CARGADOR FRONT;;0;10;4;21/5/2026;LNUNEZ;1015947;ENTRE DIENTES DERECHO (SIN CODIGO);3;Materiales genericos;CUMPLIDO;MR01;1;14/5/2026;14/5/2026;mayo;10150182;110;1;14/5/2026;14/5/2026;C03;;0;;0;;;;;;;;0;3;;0;;;;0;0;;;;;0;0;;;;;;;;;0;;;;;;0;;;0;;;;;;0;;;0;0;;;;;1;;;1;7;0;7;;;7;;COMPRAS EQUIPOS
0004 SERVICIO TECNICO PROYECTO;4000006800;120;ZPIN;GET - CARGADOR FRONT;;0;10;4;21/5/2026;LNUNEZ;1015947;ENTRE DIENTES CENTRAL (SIN CODIGO);1;Materiales genericos;CUMPLIDO;MR01;1;14/5/2026;14/5/2026;mayo;10150182;120;1;14/5/2026;14/5/2026;C03;;0;;0;;;;;;;;0;1;;0;;;;0;0;;;;;0;0;;;;;;;;;0;;;;;;0;;;0;;;;;;0;;;0;0;;;;;1;;;1;7;0;7;;;7;;COMPRAS EQUIPOS
0004 SERVICIO TECNICO PROYECTO;4000006800;130;ZPIN;GET - CARGADOR FRONT;;0;10;4;21/5/2026;LNUNEZ;1015947;PERNO DE ENTREDIENTES (SIN CODIGO);28;Materiales genericos;CUMPLIDO;MR01;1;14/5/2026;14/5/2026;mayo;10150182;130;1;14/5/2026;14/5/2026;C03;;0;;0;;;;;;;;0;28;;0;;;;0;0;;;;;0;0;;;;;;;;;0;;;;;;0;;;0;;;;;;0;;;0;0;;;;;1;;;1;7;0;7;;;7;;COMPRAS EQUIPOS
0004 SERVICIO TECNICO PROYECTO;4000006800;140;ZPIN;GET - CARGADOR FRONT;;0;10;4;21/5/2026;LNUNEZ;1015947;TUERCA ENTREDIENTES (SIN CODIGO);28;Materiales genericos;CUMPLIDO;MR01;1;14/5/2026;14/5/2026;mayo;10150182;140;1;14/5/2026;14/5/2026;C03;;0;;0;;;;;;;;0;28;;0;;;;0;0;;;;;0;0;;;;;;;;;0;;;;;;0;;;0;;;;;;0;;;0;0;;;;;1;;;1;7;0;7;;;7;;COMPRAS EQUIPOS
0004 SERVICIO TECNICO PROYECTO;4000006801;10;ZPIN;GET - EXCAVADORA PC2;;0;10;4;21/5/2026;LNUNEZ;1016834;Uña Alta Penetracion;5;Materiales Stock;CUMPLIDO;MR01;1;14/5/2026;14/5/2026;mayo;10150184;10;1;14/5/2026;14/5/2026;G04;;0;;0;;;;;;;;0;5;;0;;;;0;0;;;;;0;0;;;;;;;;;0;;;;;;0;;;0;;;;;;0;;;0;0;;;;;1;;;1;7;0;7;;;7;;COMPRAS EQUIPOS
0004 SERVICIO TECNICO PROYECTO;4000006801;20;ZPIN;GET - EXCAVADORA PC2;;0;10;4;21/5/2026;LNUNEZ;1016835;Pasador de Uña;5;Materiales Stock;CUMPLIDO;MR01;1;14/5/2026;14/5/2026;mayo;10150184;20;1;14/5/2026;14/5/2026;G05;;0;;0;;;;;;;;0;5;;0;;;;0;0;;;;;0;0;;;;;;;;;0;;;;;;0;;;0;;;;;;0;;;0;0;;;;;1;;;1;7;0;7;;;7;;COMPRAS EQUIPOS
0004 SERVICIO TECNICO PROYECTO;4000006801;30;ZPIN;GET - EXCAVADORA PC2;;0;10;4;21/5/2026;LNUNEZ;1016836;Portauña Izq/Der;2;Materiales Stock;CUMPLIDO;MR01;1;14/5/2026;14/5/2026;mayo;10150184;30;1;14/5/2026;14/5/2026;G04;;0;;0;;;;;;;;0;2;;0;;;;0;0;;;;;0;0;;;;;;;;;0;;;;;;0;;;0;;;;;;0;;;0;0;;;;;1;;;1;7;0;7;;;7;;COMPRAS EQUIPOS
0004 SERVICIO TECNICO PROYECTO;4000006801;40;ZPIN;GET - EXCAVADORA PC2;;0;10;4;21/5/2026;LNUNEZ;1016837;Portauñas Centrales;4;Materiales Stock;CUMPLIDO;MR01;1;14/5/2026;14/5/2026;mayo;10150184;40;1;14/5/2026;14/5/2026;G04;;0;;0;;;;;;;;0;4;;0;;;;0;0;;;;;0;0;;;;;;;;;0;;;;;;0;;;0;;;;;;0;;;0;0;;;;;1;;;1;7;0;7;;;7;;COMPRAS EQUIPOS
0004 SERVICIO TECNICO PROYECTO;4000006801;50;ZPIN;GET - EXCAVADORA PC2;;0;10;4;21/5/2026;LNUNEZ;1016846;Protector de Portauñas Central;3;Materiales Stock;CUMPLIDO;MR01;1;14/5/2026;14/5/2026;mayo;10150184;50;1;14/5/2026;14/5/2026;G04;;0;;0;;;;;;;;0;3;;0;;;;0;0;;;;;0;0;;;;;;;;;0;;;;;;0;;;0;;;;;;0;;;0;0;;;;;1;;;1;7;0;7;;;7;;COMPRAS EQUIPOS
0004 SERVICIO TECNICO PROYECTO;4000006801;60;ZPIN;GET - EXCAVADORA PC2;;0;10;4;21/5/2026;LNUNEZ;1016847;Protector de Portauñas Izq/Der;2;Materiales Stock;CUMPLIDO;MR01;1;14/5/2026;14/5/2026;mayo;10150184;60;1;14/5/2026;14/5/2026;G04;;0;;0;;;;;;;;0;2;;0;;;;0;0;;;;;0;0;;;;;;;;;0;;;;;;0;;;0;;;;;;0;;;0;0;;;;;1;;;1;7;0;7;;;7;;COMPRAS EQUIPOS
0004 SERVICIO TECNICO PROYECTO;4000006801;70;ZPIN;GET - EXCAVADORA PC2;;0;10;4;21/5/2026;LNUNEZ;1015947;CUCHILLA ENTRE DIENTES;4;Materiales genericos;CUMPLIDO;MR01;1;14/5/2026;14/5/2026;mayo;10150184;70;1;14/5/2026;14/5/2026;C03;;0;;0;;;;;;;;0;4;;0;;;;0;0;;;;;0;0;;;;;;;;;0;;;;;;0;;;0;;;;;;0;;;0;0;;;;;1;;;1;7;0;7;;;7;;COMPRAS EQUIPOS
0004 SERVICIO TECNICO PROYECTO;4000006802;10;ZPIN;LUBRICANTES PARA EQP;;0;10;4;15/5/2026;LNUNEZ;1056117;ACEITE EXTRAVIDA XVT 550  TAMBOR 205LTS;1;Materiales Stock;CUMPLIDO;MR01;1;14/5/2026;14/5/2026;mayo;10150185;10;1;14/5/2026;14/5/2026;L01;;0;;0;;;;;;;;0;1;;0;;;;0;0;;;;;0;0;;;;;;;;;0;;;;;;0;;;0;;;;;;0;;;0;0;;;;;1;;;1;1;0;1;;;1;;COMPRAS EQUIPOS
0004 SERVICIO TECNICO PROYECTO;4000006802;20;ZPIN;LUBRICANTES PARA EQP;;0;10;4;15/5/2026;LNUNEZ;1056118;ACEITE EXTRAVIDA XV 500  TAMBOR 205LTS;1;Materiales Stock;CUMPLIDO;MR01;1;14/5/2026;14/5/2026;mayo;10150185;20;1;14/5/2026;14/5/2026;L01;;0;;0;;;;;;;;0;1;;0;;;;0;0;;;;;0;0;;;;;;;;;0;;;;;;0;;;0;;;;;;0;;;0;0;;;;;1;;;1;1;0;1;;;1;;COMPRAS EQUIPOS
00005 TALLER;4000006804;10;ZPIN;STOCK  CILINDRO BACC;;0;10;4;22/5/2026;VFOLCH;1015947;CILINDRO COMPUERTA BACCO PARA STOCK;2;Materiales genericos;CUMPLIDO;MR01;1;15/5/2026;15/5/2026;mayo;10150238;10;1;15/5/2026;15/5/2026;C03;;0;;0;;;;;;;;0;2;;0;;;;0;0;;;;;0;0;;;;;;;;;0;;;;;;0;;;0;;;;;;0;;;0;0;;;;;1;;;1;7;0;7;;;7;;COMPRAS EQUIPOS
00007 COMERCIAL OF LICITACION;4000006810;10;ZPIN;21/26-Fase 8C;;0;10;4;20/5/2026;FRAMOS;1012978;Flete c/carretón de equipos hasta 25 tn;1;Servicios;CUMPLIDO;MR01;1;18/5/2026;22/5/2026;mayo;10150448;10;1;18/5/2026;18/5/2026;PCO;;0;;0;;;;;;;;0;1;;0;;;;0;0;;;;;0;0;;;;;;;;;0;;;;;;0;;;0;;;;;;0;;;0;0;;;;;1;;1;;;0;2;;;2;;SIN GC
00007 COMERCIAL OF LICITACION;4000006810;20;ZPIN;21/26-Fase 8C;;0;10;4;20/5/2026;FRAMOS;1012978;Flete c/carretón de equipos hasta 35 tn;1;Servicios;CUMPLIDO;MR01;1;18/5/2026;22/5/2026;mayo;10150448;20;1;18/5/2026;18/5/2026;PCO;;0;;0;;;;;;;;0;1;;0;;;;0;0;;;;;0;0;;;;;;;;;0;;;;;;0;;;0;;;;;;0;;;0;0;;;;;1;;1;;;0;2;;;2;;SIN GC
00007 COMERCIAL OF LICITACION;4000006810;30;ZPIN;21/26-Fase 8C;;0;10;4;20/5/2026;FRAMOS;1012978;Flete c/carretón de equipos hasta 45 tn;1;Servicios;CUMPLIDO;MR01;1;18/5/2026;22/5/2026;mayo;10150448;30;1;18/5/2026;18/5/2026;PCO;;0;;0;;;;;;;;0;1;;0;;;;0;0;;;;;0;0;;;;;;;;;0;;;;;;0;;;0;;;;;;0;;;0;0;;;;;1;;1;;;0;2;;;2;;SIN GC
00007 COMERCIAL OF LICITACION;4000006812;10;ZPIN;22/26-McEwen-Prestri;;0;10;4;11/6/2026;LMEDINA;1012997;SUBC. VOLADURA;1;Servicios;CUMPLIDO;MR01;1;18/5/2026;27/5/2026;mayo;10150463;10;1;18/5/2026;18/5/2026;PCO;;0;;0;;;;;;;;0;1;;0;;;;0;0;;;;;0;0;;;;;;;;;0;;;;;;0;;;0;;;;;;0;;;0;0;;;;;1;;;1;15;0;24;;;24;;SIN GC
00007 COMERCIAL OF LICITACION;4000006814;10;ZPIN;19/16 YPF EPC WP2 GA;;0;10;4;21/5/2026;EBENSI;1012786;"MANTA TERMOCONTRAIBLE Ø4"" C/PRIMER INCL.";200;Materiales genericos;CUMPLIDO;MR01;1;19/5/2026;22/5/2026;mayo;10150544;10;1;19/5/2026;19/5/2026;PCO;;0;;0;;;;;;;;0;200;;0;;;;0;0;;;;;0;0;;;;;;;;;0;;;;;;0;;;0;;;;;;0;;;0;0;;;;;1;;1;;;0;2;;;2;;SIN GC
00007 COMERCIAL OF LICITACION;4000006814;20;ZPIN;19/16 YPF EPC WP2 GA;;0;10;4;21/5/2026;EBENSI;1012786;"MANTA TERMOCONTRAIBLE Ø6"" C/PRIMER INCL.";200;Materiales genericos;CUMPLIDO;MR01;1;19/5/2026;22/5/2026;mayo;10150544;20;1;19/5/2026;19/5/2026;PCO;;0;;0;;;;;;;;0;200;;0;;;;0;0;;;;;0;0;;;;;;;;;0;;;;;;0;;;0;;;;;;0;;;0;0;;;;;1;;1;;;0;2;;;2;;SIN GC
00007 COMERCIAL OF LICITACION;4000006814;30;ZPIN;19/16 YPF EPC WP2 GA;;0;10;4;21/5/2026;EBENSI;1012786;"MANTA TERMOCONTRAIBLE Ø10"" C/PRIMER INCL";200;Materiales genericos;CUMPLIDO;MR01;1;19/5/2026;22/5/2026;mayo;10150544;30;1;19/5/2026;19/5/2026;PCO;;0;;0;;;;;;;;0;200;;0;;;;0;0;;;;;0;0;;;;;;;;;0;;;;;;0;;;0;;;;;;0;;;0;0;;;;;1;;1;;;0;2;;;2;;SIN GC
00007 COMERCIAL OF LICITACION;4000006814;40;ZPIN;19/16 YPF EPC WP2 GA;;0;10;4;21/5/2026;EBENSI;1012786;"MANTA TERMOCONTRAIBLE Ø12"" C/PRIMER INCL";200;Materiales genericos;CUMPLIDO;MR01;1;19/5/2026;22/5/2026;mayo;10150544;40;1;19/5/2026;19/5/2026;PCO;;0;;0;;;;;;;;0;200;;0;;;;0;0;;;;;0;0;;;;;;;;;0;;;;;;0;;;0;;;;;;0;;;0;0;;;;;1;;1;;;0;2;;;2;;SIN GC
00007 COMERCIAL OF LICITACION;4000006814;50;ZPIN;19/16 YPF EPC WP2 GA;;0;10;4;21/5/2026;EBENSI;1012786;"MANTA TERMOCONTRAIBLE Ø16"" C/PRIMER INCL";200;Materiales genericos;CUMPLIDO;MR01;1;19/5/2026;22/5/2026;mayo;10150544;50;1;19/5/2026;19/5/2026;PCO;;0;;0;;;;;;;;0;200;;0;;;;0;0;;;;;0;0;;;;;;;;;0;;;;;;0;;;0;;;;;;0;;;0;0;;;;;1;;1;;;0;2;;;2;;SIN GC
00007 COMERCIAL OF LICITACION;4000006814;60;ZPIN;19/16 YPF EPC WP2 GA;;0;10;4;21/5/2026;EBENSI;1012786;"MANTA TERMOCONTRAIBLE Ø20"" C/PRIMER INCL";200;Materiales genericos;CUMPLIDO;MR01;1;19/5/2026;22/5/2026;mayo;10150544;60;1;19/5/2026;19/5/2026;PCO;;0;;0;;;;;;;;0;200;;0;;;;0;0;;;;;0;0;;;;;;;;;0;;;;;;0;;;0;;;;;;0;;;0;0;;;;;1;;1;;;0;2;;;2;;SIN GC
00007 COMERCIAL OF LICITACION;4000006814;70;ZPIN;19/16 YPF EPC WP2 GA;;0;10;4;21/5/2026;EBENSI;1012786;"MANTA TERMOCONTRAIBLE Ø24"" C/PRIMER INCL";200;Materiales genericos;CUMPLIDO;MR01;1;19/5/2026;22/5/2026;mayo;10150544;70;1;19/5/2026;19/5/2026;PCO;;0;;0;;;;;;;;0;200;;0;;;;0;0;;;;;0;0;;;;;;;;;0;;;;;;0;;;0;;;;;;0;;;0;0;;;;;1;;1;;;0;2;;;2;;SIN GC
00007 COMERCIAL OF LICITACION;4000006818;10;ZPIN;19/16 YPF - EPC UPST;;0;10;4;3/6/2026;EPAONE;1012782;MATERIALES PIPING S/ADJUNTO;1;Materiales genericos;CUMPLIDO;MR01;1;21/5/2026;29/5/2026;mayo;10150750;10;1;21/5/2026;21/5/2026;PCO;;0;;0;;;;;;;;0;1;;0;;;;0;0;;;;;0;0;;;;;;;;;0;;;;;;0;;;0;;;;;;0;;;0;0;;;;;1;;;1;5;0;13;;;13;;SIN GC
00007 COMERCIAL OF LICITACION;4000006820;10;ZPIN;26-23 - Bulk Earthwo;;0;10;4;3/6/2026;MBALAUZ;1013134;ALQUILER BANO QUIMICO CON LAVAMANOS XDIA;1;Servicios;CUMPLIDO;MR01;1;22/5/2026;9/6/2026;junio;10150786;10;1;22/5/2026;22/5/2026;PCO;;0;;0;;;;;;;;0;1;;0;;;;0;0;;;;;0;0;;;;;;;;;0;;;;;;0;;;0;;;;;;0;;;0;0;;;;;1;;1;;;0;12;;;12;;SIN GC
00007 COMERCIAL OF LICITACION;4000006820;20;ZPIN;26-23 - Bulk Earthwo;;0;10;4;8/6/2026;MBALAUZ;1013113;TRANSPORTE DE PERSONAL XVIAJE;1;Servicios;CUMPLIDO;MR01;1;22/5/2026;9/6/2026;junio;10150786;20;1;22/5/2026;22/5/2026;PCO;;0;;0;;;;;;;;0;1;;0;;;;0;0;;;;;0;0;;;;;;;;;0;;;;;;0;;;0;;;;;;0;;;0;0;;;;;1;;1;;;0;17;;;17;;SIN GC
00007 COMERCIAL OF LICITACION;4000006820;30;ZPIN;26-23 - Bulk Earthwo;;0;10;4;8/6/2026;MBALAUZ;1013141;SERVICIO DE INTERNET XDIA;1;Servicios;CUMPLIDO;MR01;1;22/5/2026;9/6/2026;junio;10150786;30;1;22/5/2026;22/5/2026;PCO;;0;;0;;;;;;;;0;1;;0;;;;0;0;;;;;0;0;;;;;;;;;0;;;;;;0;;;0;;;;;;0;;;0;0;;;;;1;;1;;;0;17;;;17;;SIN GC
00007 COMERCIAL OF LICITACION;4000006820;40;ZPIN;26-23 - Bulk Earthwo;;0;10;4;18/6/2026;MBALAUZ;1010725;BIDON DE AGUA 20 L.;1;Materiales usuales;CUMPLIDO;MR01;1;22/5/2026;9/6/2026;junio;10150786;40;1;22/5/2026;22/5/2026;PCO;;0;;0;;;;;;;;0;1;;0;;;;0;0;;;;;0;0;;;;;;;;;0;;;;;;0;;;0;;;;;;0;;;0;0;;;;;1;;;1;9;0;27;;;27;;SIN GC
00007 COMERCIAL OF LICITACION;4000006820;50;ZPIN;26-23 - Bulk Earthwo;;0;10;4;3/6/2026;MBALAUZ;1013136;SERVICIO LIMPIEZA DESAGOTE BANO QUIMICO;1;Servicios;CUMPLIDO;MR01;1;22/5/2026;9/6/2026;junio;10150786;50;1;22/5/2026;22/5/2026;PCO;;0;;0;;;;;;;;0;1;;0;;;;0;0;;;;;0;0;;;;;;;;;0;;;;;;0;;;0;;;;;;0;;;0;0;;;;;1;;1;;;0;12;;;12;;SIN GC
00007 COMERCIAL OF LICITACION;4000006820;60;ZPIN;26-23 - Bulk Earthwo;;0;10;4;17/6/2026;MBALAUZ;1013130;EXAMEN PREOCUPACIONAL BASICO XUN;1;Servicios;CUMPLIDO;MR01;1;22/5/2026;9/6/2026;junio;10150786;60;1;22/5/2026;22/5/2026;PCO;;0;;0;;;;;;;;0;1;;0;;;;0;0;;;;;0;0;;;;;;;;;0;;;;;;0;;;0;;;;;;0;;;0;0;;;;;1;;;1;8;0;26;;;26;;SIN GC
00007 COMERCIAL OF LICITACION;4000006820;70;ZPIN;26-23 - Bulk Earthwo;;0;10;4;17/6/2026;MBALAUZ;1013131;EXAMEN PREOCUPACIONAL ADICIONALES XUN;1;Servicios;CUMPLIDO;MR01;1;22/5/2026;9/6/2026;junio;10150786;70;1;22/5/2026;22/5/2026;PCO;;0;;0;;;;;;;;0;1;;0;;;;0;0;;;;;0;0;;;;;;;;;0;;;;;;0;;;0;;;;;;0;;;0;0;;;;;1;;;1;8;0;26;;;26;;SIN GC
00007 COMERCIAL OF LICITACION;4000006820;80;ZPIN;26-23 - Bulk Earthwo;;0;10;1;26/5/2026;MBALAUZ;1012873;LUBRICANTE S DETALLE;1;Materiales genericos;CUMPLIDO;MR01;1;22/5/2026;9/6/2026;junio;10150786;80;1;22/5/2026;22/5/2026;C03;;0;;0;;;;;;;;0;1;;0;;;;0;0;;;;;0;0;;;;;;;;;0;;;;;;0;;;0;;;;;;0;;;0;0;;;;;1;;1;;;0;4;;;4;;COMPRAS EQUIPOS
00007 COMERCIAL OF LICITACION;4000006823;10;ZPIN;26-23 - Bulk Earthwo;;0;10;4;1/7/2026;MBALAUZ;1012994;Injección y Lechadas;1;Servicios;CUMPLIDO;MR01;1;22/5/2026;9/6/2026;junio;10150808;10;1;22/5/2026;22/5/2026;PCO;;0;;0;;;;;;;;0;1;;0;;;;0;0;;;;;0;0;;;;;;;;;0;;;;;;0;;;0;;;;;;0;;;0;0;;;;;1;;;1;22;0;40;;;40;;SIN GC
00007 COMERCIAL OF LICITACION;4000006823;20;ZPIN;26-23 - Bulk Earthwo;;0;10;4;10/7/2026;MBALAUZ;1012994;Cerco Olímpico;1;Servicios;CUMPLIDO;MR01;1;22/5/2026;9/6/2026;junio;10150808;20;1;22/5/2026;22/5/2026;PCO;;0;;0;;;;;;;;0;1;;0;;;;0;0;;;;;0;0;;;;;;;;;0;;;;;;0;;;0;;;;;;0;;;0;0;;;;;1;;;1;31;0;49;;;49;;SIN GC
00007 COMERCIAL OF LICITACION;4000006823;30;ZPIN;26-23 - Bulk Earthwo;;0;10;4;17/6/2026;MBALAUZ;1012994;Disposición Final de Residuos;1;Servicios;CUMPLIDO;MR01;1;22/5/2026;9/6/2026;junio;10150808;30;1;22/5/2026;22/5/2026;PCO;;0;;0;;;;;;;;0;1;;0;;;;0;0;;;;;0;0;;;;;;;;;0;;;;;;0;;;0;;;;;;0;;;0;0;;;;;1;;;1;8;0;26;;;26;;SIN GC
00007 COMERCIAL OF LICITACION;4000006823;40;ZPIN;26-23 - Bulk Earthwo;;0;10;4;17/6/2026;MBALAUZ;1010725;BIDON DE AGUA 20 L.;1;Materiales usuales;CUMPLIDO;MR01;1;22/5/2026;9/6/2026;junio;10150808;40;1;22/5/2026;22/5/2026;PCO;;0;;0;;;;;;;;0;1;;0;;;;0;0;;;;;0;0;;;;;;;;;0;;;;;;0;;;0;;;;;;0;;;0;0;;;;;1;;;1;8;0;26;;;26;;SIN GC
00007 COMERCIAL OF LICITACION;4000006823;50;ZPIN;26-23 - Bulk Earthwo;;0;10;4;3/6/2026;MBALAUZ;1012994;Radio Handy;1;Servicios;CUMPLIDO;MR01;1;22/5/2026;9/6/2026;junio;10150808;50;1;22/5/2026;22/5/2026;PCO;;0;;0;;;;;;;;0;1;;0;;;;0;0;;;;;0;0;;;;;;;;;0;;;;;;0;;;0;;;;;;0;;;0;0;;;;;1;;1;;;0;12;;;12;;SIN GC
00014 SISTEMAS;4000006826;10;ZPIN;Cotizacion de notebo;;0;10;4;29/5/2026;JBIONDI;1013325;Notebook Lenovo P16 GEN4;2;Materiales Sistemas;CUMPLIDO;MR01;1;26/5/2026;2/6/2026;junio;10150942;10;1;26/5/2026;26/5/2026;C05;;0;;0;;;;;;;;0;2;;0;;;;0;0;;;;;0;0;;;;;;;;;0;;;;;;0;;;0;;;;;;0;;;0;0;;;;;1;;1;;;0;3;;;3;;SIN GC
00016 SEGURIDAD E HIGIENE;4000006827;10;ZPIN;RADAR DE VELOCIDAD;;0;10;4;11/6/2026;ASOTO;1056384;RADAR DE VELOCIDAD-CARTEL DE VELOC. DIG.;4;Materiales usuales;CUMPLIDO;MR01;1;26/5/2026;26/5/2026;mayo;10150986;10;1;26/5/2026;26/5/2026;C28;;0;;0;;;;;;;;0;4;;0;;;;0;0;;;;;0;0;;;;;;;;;0;;;;;;0;;;0;;;;;;0;;;0;0;;;;;1;;;1;16;0;16;;;16;;COMPRAS ABASTECIMIENTO
00007 COMERCIAL OF LICITACION;4000006828;10;ZPIN;26/24-TACA TACA;;0;10;4;16/6/2026;FRAMOS;1042362;SUBCONTRATO PERFORACIÓN;1;Servicios;CUMPLIDO;MR01;1;27/5/2026;10/6/2026;junio;10151043;10;1;27/5/2026;27/5/2026;PCO;;0;;0;;;;;;;;0;1;;0;;;;0;0;;;;;0;0;;;;;;;;;0;;;;;;0;;;0;;;;;;0;;;0;0;;;;;1;;;1;6;0;20;;;20;;SIN GC
00007 COMERCIAL OF LICITACION;4000006829;10;ZPIN;24-26 TGS CP N3-Line;;0;10;4;17/6/2026;EPAONE;1022295;CRUCES PHD S/ADJUNTOS;1;Servicios;CUMPLIDO;MR01;1;27/5/2026;12/6/2026;junio;10151045;10;1;27/5/2026;27/5/2026;PCO;;0;;0;;;;;;;;0;1;;0;;;;0;0;;;;;0;0;;;;;;;;;0;;;;;;0;;;0;;;;;;0;;;0;0;;;;;1;;;1;5;0;21;;;21;;SIN GC
00007 COMERCIAL OF LICITACION;4000006829;20;ZPIN;24-26 TGS CP N3-Line;;0;10;4;17/6/2026;EPAONE;1022295;CRUCES TUNELERA CONVEN S/ADJUNTOS;1;Servicios;CUMPLIDO;MR01;1;27/5/2026;12/6/2026;junio;10151045;20;1;27/5/2026;27/5/2026;PCO;;0;;0;;;;;;;;0;1;;0;;;;0;0;;;;;0;0;;;;;;;;;0;;;;;;0;;;0;;;;;;0;;;0;0;;;;;1;;;1;5;0;21;;;21;;SIN GC
00007 COMERCIAL OF LICITACION;4000006832;10;ZPIN;26-23 - Bulk Earthwo;;0;10;4;7/7/2026;MBALAUZ;1012994;Instalación de Piezómetros de Cuerda Vib;1;Servicios;CUMPLIDO;MR01;1;28/5/2026;9/6/2026;junio;10151152;10;1;28/5/2026;28/5/2026;PCO;;0;;0;;;;;;;;0;1;;0;;;;0;0;;;;;0;0;;;;;;;;;0;;;;;;0;;;0;;;;;;0;;;0;0;;;;;1;;;1;28;0;40;;;40;;SIN GC
00005 TALLER;4000006834;10;ZPIN;COTIZACION DE PLANO;;0;10;4;16/6/2026;LNUNEZ;1015947;CONJUNTO PROTECTOR CAMARA PROXICAM;1;Materiales genericos;CUMPLIDO;MR01;1;28/5/2026;28/5/2026;mayo;10151160;10;1;28/5/2026;28/5/2026;C03;;0;;0;;;;;;;;0;1;;0;;;;0;0;;;;;0;0;;;;;;;;;0;;;;;;0;;;0;;;;;;0;;;0;0;;;;;1;;;1;19;0;19;;;19;;COMPRAS EQUIPOS
00007 COMERCIAL OF LICITACION;4000006835;10;ZPIN;24-26 TGS CP N3-Line;;0;10;4;10/6/2026;EPAONE;1042098;SUBC. FABRIC. TRAMPAS;1;Servicios;CUMPLIDO;MR01;1;28/5/2026;12/6/2026;junio;10151164;10;1;28/5/2026;28/5/2026;PCO;;0;;0;;;;;;;;0;1;;0;;;;0;0;;;;;0;0;;;;;;;;;0;;;;;;0;;;0;;;;;;0;;;0;0;;;;;1;;1;;;0;13;;;13;;SIN GC
00007 COMERCIAL OF LICITACION;4000006842;10;ZPIN;26-23 - Bulk Earthwo;;0;10;4;17/6/2026;MBALAUZ;1012860;Elementos Electricidad;1;Materiales genericos;CUMPLIDO;MR01;1;28/5/2026;9/6/2026;junio;10151209;10;1;28/5/2026;28/5/2026;PCO;;0;;0;;;;;;;;0;1;;0;;;;0;0;;;;;0;0;;;;;;;;;0;;;;;;0;;;0;;;;;;0;;;0;0;;;;;1;;;1;8;0;20;;;20;;SIN GC
00007 COMERCIAL OF LICITACION;4000006842;20;ZPIN;26-23 - Bulk Earthwo;;0;10;4;17/6/2026;MBALAUZ;1012860;Elementos Ferreteria;1;Materiales genericos;CUMPLIDO;MR01;1;28/5/2026;9/6/2026;junio;10151209;20;1;28/5/2026;28/5/2026;PCO;;0;;0;;;;;;;;0;1;;0;;;;0;0;;;;;0;0;;;;;;;;;0;;;;;;0;;;0;;;;;;0;;;0;0;;;;;1;;;1;8;0;20;;;20;;SIN GC
00007 COMERCIAL OF LICITACION;4000006842;30;ZPIN;26-23 - Bulk Earthwo;;0;10;4;16/6/2026;MBALAUZ;1012860;Elementos Seguridad y EPP;1;Materiales genericos;CUMPLIDO;MR01;1;28/5/2026;9/6/2026;junio;10151209;30;1;28/5/2026;28/5/2026;PCO;;0;;0;;;;;;;;0;1;;0;;;;0;0;;;;;0;0;;;;;;;;;0;;;;;;0;;;0;;;;;;0;;;0;0;;;;;1;;;1;7;0;19;;;19;;SIN GC
00007 COMERCIAL OF LICITACION;4000006842;40;ZPIN;26-23 - Bulk Earthwo;;0;10;4;10/6/2026;MBALAUZ;1012860;Servicio Medico en Obra;1;Materiales genericos;CUMPLIDO;MR01;1;28/5/2026;9/6/2026;junio;10151209;40;1;4/6/2026;4/6/2026;PCO;;0;;0;;;;;;;;0;1;;0;;;;0;0;;;;;0;0;;;;;;;;;0;;;;;;0;;;0;;;;;;0;;;0;0;;;;;1;;;1;1;7;6;;1;6;;SIN GC
00007 COMERCIAL OF LICITACION;4000006844;10;ZPIN;24-26 TGS CP N3-Line;;0;10;4;17/6/2026;EPAONE;1042362;SUBC. DESARROLLO INGENIERIA DE DETALLE;1;Servicios;CUMPLIDO;MR01;1;29/5/2026;12/6/2026;junio;10151248;10;1;29/5/2026;29/5/2026;PCO;;0;;0;;;;;;;;0;1;;0;;;;0;0;;;;;0;0;;;;;;;;;0;;;;;;0;;;0;;;;;;0;;;0;0;;;;;1;;;1;5;0;19;;;19;;SIN GC
00007 COMERCIAL OF LICITACION;4000006845;10;ZPIN;26/19 YPF - EPC UPST;;0;10;4;9/6/2026;EBENSI;1012782;CAÑO Y ACCESORIOS AC S/LISTADO ADJ.;1;Materiales genericos;CUMPLIDO;MR01;1;29/5/2026;5/6/2026;junio;10151253;10;1;29/5/2026;29/5/2026;PCO;;0;;0;;;;;;;;0;1;;0;;;;0;0;;;;;0;0;;;;;;;;;0;;;;;;0;;;0;;;;;;0;;;0;0;;;;;1;;;1;4;0;11;;;11;;SIN GC
00007 COMERCIAL OF LICITACION;4000006846;10;ZPIN;26/19 YPF - EPC UPST;;0;;4;24/8/2026;EBENSI;1012791;"BRIDA ERFV Ø6"" S/ESPECIFIICACION ADJ";1;Materiales genericos;RESPONDIDO;MR01;1;29/5/2026;14/8/2026;agosto;10151254;10;1;29/5/2026;29/5/2026;PCO;;0;;0;;;;;;;;0;1;;0;;;;0;0;;;;;0;0;;;;;;;;;0;;;;;;0;;;0;;;;;;0;;;0;0;;;;;1;;;1;10;0;87;;;87;;SIN GC
0004 SERVICIO TECNICO PROYECTO;4000006847;10;ZPIN;BATERIA P/ CAMION F.;;0;10;4;1/6/2026;LNUNEZ;1015947;BATERIA 200 AMP (VER FOTOS ANEXO);12;Materiales genericos;CUMPLIDO;MR01;1;29/5/2026;29/5/2026;mayo;10151255;10;1;29/5/2026;29/5/2026;C03;;0;;0;;;;;;;;0;12;;0;;;;0;0;;;;;0;0;;;;;;;;;0;;;;;;0;;;0;;;;;;0;;;0;0;;;;;1;;;1;3;0;3;;;3;;COMPRAS EQUIPOS
00007 COMERCIAL OF LICITACION;4000006851;10;ZPIN;26/24-TACA TACA;;0;;4;29/7/2026;FRAMOS;1012997;SUBC. VOLADURA;1;Servicios;RESPONDIDO;MR01;1;1/6/2026;20/8/2026;agosto;10151343;10;1;1/6/2026;1/6/2026;PCO;;0;;0;;;;;;;;0;1;;0;;;;0;0;;;;;0;0;;;;;;;;;0;;;;;;0;;;0;;;;;;0;;;0;0;;;;;1;;1;;;0;58;;;58;;SIN GC
00007 COMERCIAL OF LICITACION;4000006851;20;ZPIN;26/24-TACA TACA;;0;;4;29/7/2026;FRAMOS;1042063;SUBC. PERFORACIÓN;1;Servicios;RESPONDIDO;MR01;1;1/6/2026;20/8/2026;agosto;10151343;20;1;1/6/2026;1/6/2026;PCO;;0;;0;;;;;;;;0;1;;0;;;;0;0;;;;;0;0;;;;;;;;;0;;;;;;0;;;0;;;;;;0;;;0;0;;;;;1;;1;;;0;58;;;58;;SIN GC
00007 COMERCIAL OF LICITACION;4000006852;10;ZPIN;24/26 CP N3-Lineas V;;0;10;4;24/6/2026;GBACCELLI;1012993;Subcontrato Obra EIC;1;Servicios;CUMPLIDO;MR01;1;1/6/2026;15/6/2026;junio;10151390;10;1;1/6/2026;1/6/2026;PCO;;0;;0;;;;;;;;0;1;;0;;;;0;0;;;;;0;0;;;;;;;;;0;;;;;;0;;;0;;;;;;0;;;0;0;;;;;1;;;1;9;0;23;;;23;;SIN GC
00007 COMERCIAL OF LICITACION;4000006853;10;ZPIN;26.26 MASA - Gualcam;;0;10;4;26/6/2026;LAFFATATO;1012997;SUBC. VOLADURA;1;Servicios;CUMPLIDO;MR01;1;1/6/2026;16/6/2026;junio;10151407;10;1;1/6/2026;1/6/2026;PCO;;0;;0;;;;;;;;0;1;;0;;;;0;0;;;;;0;0;;;;;;;;;0;;;;;;0;;;0;;;;;;0;;;0;0;;;;;1;;;1;10;0;25;;;25;;SIN GC
00007 COMERCIAL OF LICITACION;4000006853;20;ZPIN;26.26 MASA - Gualcam;;0;10;4;19/6/2026;LAFFATATO;1012820;Gaviones y colchonetas;1;Materiales genericos;CUMPLIDO;MR01;1;1/6/2026;16/6/2026;junio;10151407;20;1;1/6/2026;1/6/2026;PCO;;0;;0;;;;;;;;0;1;;0;;;;0;0;;;;;0;0;;;;;;;;;0;;;;;;0;;;0;;;;;;0;;;0;0;;;;;1;;;1;3;0;18;;;18;;SIN GC
00007 COMERCIAL OF LICITACION;4000006853;30;ZPIN;26.26 MASA - Gualcam;;0;10;4;23/6/2026;LAFFATATO;1011243;Hormigón;1;Materiales usuales;CUMPLIDO;MR01;1;1/6/2026;16/6/2026;junio;10151407;30;1;1/6/2026;1/6/2026;PCO;;0;;0;;;;;;;;0;1;;0;;;;0;0;;;;;0;0;;;;;;;;;0;;;;;;0;;;0;;;;;;0;;;0;0;;;;;1;;;1;7;0;22;;;22;;SIN GC
00007 COMERCIAL OF LICITACION;4000006853;40;ZPIN;26.26 MASA - Gualcam;;0;10;4;18/6/2026;LAFFATATO;1009725;Barras de acero ADN 420;1;Materiales usuales;CUMPLIDO;MR01;1;1/6/2026;16/6/2026;junio;10151407;40;1;1/6/2026;1/6/2026;PCO;;0;;0;;;;;;;;0;1;;0;;;;0;0;;;;;0;0;;;;;;;;;0;;;;;;0;;;0;;;;;;0;;;0;0;;;;;1;;;1;2;0;17;;;17;;SIN GC
00007 COMERCIAL OF LICITACION;4000006853;50;ZPIN;26.26 MASA - Gualcam;;0;10;4;24/6/2026;LAFFATATO;1012877;"Bulon 3/4"" x 6""";1;Materiales genericos;CUMPLIDO;MR01;1;1/6/2026;16/6/2026;junio;10151407;50;1;1/6/2026;1/6/2026;PCO;;0;;0;;;;;;;;0;1;;0;;;;0;0;;;;;0;0;;;;;;;;;0;;;;;;0;;;0;;;;;;0;;;0;0;;;;;1;;;1;8;0;23;;;23;;SIN GC
00007 COMERCIAL OF LICITACION;4000006853;60;ZPIN;26.26 MASA - Gualcam;;0;10;4;24/6/2026;LAFFATATO;1011419;Fenólico y tirantes;1;Materiales usuales;CUMPLIDO;MR01;1;1/6/2026;16/6/2026;junio;10151407;60;1;1/6/2026;1/6/2026;PCO;;0;;0;;;;;;;;0;1;;0;;;;0;0;;;;;0;0;;;;;;;;;0;;;;;;0;;;0;;;;;;0;;;0;0;;;;;1;;;1;8;0;23;;;23;;SIN GC
00007 COMERCIAL OF LICITACION;4000006853;70;ZPIN;26.26 MASA - Gualcam;;0;10;4;24/6/2026;LAFFATATO;1013113;Transporte de personal;1;Servicios;CUMPLIDO;MR01;1;1/6/2026;16/6/2026;junio;10151407;70;1;1/6/2026;1/6/2026;PCO;;0;;0;;;;;;;;0;1;;0;;;;0;0;;;;;0;0;;;;;;;;;0;;;;;;0;;;0;;;;;;0;;;0;0;;;;;1;;;1;8;0;23;;;23;;SIN GC
00007 COMERCIAL OF LICITACION;4000006853;80;ZPIN;26.26 MASA - Gualcam;;0;10;4;26/6/2026;LAFFATATO;1010725;Bidones de agua de 20 L;1;Materiales usuales;CUMPLIDO;MR01;1;1/6/2026;16/6/2026;junio;10151407;80;1;1/6/2026;1/6/2026;PCO;;0;;0;;;;;;;;0;1;;0;;;;0;0;;;;;0;0;;;;;;;;;0;;;;;;0;;;0;;;;;;0;;;0;0;;;;;1;;;1;10;0;25;;;25;;SIN GC
00007 COMERCIAL OF LICITACION;4000006853;90;ZPIN;26.26 MASA - Gualcam;;0;10;4;18/6/2026;LAFFATATO;1013130;Preocupacionales;1;Servicios;CUMPLIDO;MR01;1;1/6/2026;16/6/2026;junio;10151407;90;1;1/6/2026;1/6/2026;PCO;;0;;0;;;;;;;;0;1;;0;;;;0;0;;;;;0;0;;;;;;;;;0;;;;;;0;;;0;;;;;;0;;;0;0;;;;;1;;;1;2;0;17;;;17;;SIN GC
"00001 GENERAL SEDE&#160;";4000006855;10;ZPIN;PEDIDO S/ MAIL ADJ.;8000093432;0;;4;17/6/2026;ASIGNORELLI;1012807;AISLADOR ESCALONADO DE RESINA S/ DETALLE;5;Materiales genericos;PROCESADO;MR01;1;2/6/2026;8/6/2026;junio;10151469;10;1;2/6/2026;2/6/2026;C11;;0;;0;;;;;;;;0;5;;0;;;;0;0;;;;;0;0;;;;;;;;;0;;;;;;0;;;0;;;;;;0;;;0;0;;;;;1;;;1;9;0;15;;;15;;COMPRAS ABASTECIMIENTO
00007 COMERCIAL OF LICITACION;4000006856;10;ZPIN;24/26 CP N3-Lineas V;;0;10;4;25/6/2026;GBACCELLI;1012996;Subcontrato Obra FO CPN3;1;Servicios;CUMPLIDO;MR01;1;2/6/2026;15/6/2026;junio;10151486;10;1;2/6/2026;2/6/2026;PCO;;0;;0;;;;;;;;0;1;;0;;;;0;0;;;;;0;0;;;;;;;;;0;;;;;;0;;;0;;;;;;0;;;0;0;;;;;1;;;1;10;0;23;;;23;;SIN GC
00007 COMERCIAL OF LICITACION;4000006857;10;ZPIN;24/26 CP N3-Lineas V;;0;10;4;25/6/2026;GBACCELLI;1012993;Subcontrato Diseño PC CPN3;1;Servicios;CUMPLIDO;MR01;1;2/6/2026;15/6/2026;junio;10151489;10;1;2/6/2026;2/6/2026;PCO;;0;;0;;;;;;;;0;1;;0;;;;0;0;;;;;0;0;;;;;;;;;0;;;;;;0;;;0;;;;;;0;;;0;0;;;;;1;;;1;10;0;23;;;23;;SIN GC
00007 COMERCIAL OF LICITACION;4000006858;10;ZPIN;24/26 CP N3-Lineas V;;0;10;4;25/6/2026;GBACCELLI;1012993;Subcontrato Pozo Profundo PC;1;Servicios;CUMPLIDO;MR01;1;2/6/2026;15/6/2026;junio;10151495;10;1;2/6/2026;2/6/2026;PCO;;0;;0;;;;;;;;0;1;;0;;;;0;0;;;;;0;0;;;;;;;;;0;;;;;;0;;;0;;;;;;0;;;0;0;;;;;1;;;1;10;0;23;;;23;;SIN GC
00007 COMERCIAL OF LICITACION;4000006859;10;ZPIN;;;0;10;4;17/6/2026;EPAONE;1022295;CRUCES PHD S/ADJUNTOS;1;Servicios;CUMPLIDO;MR01;1;2/6/2026;12/6/2026;junio;10151498;10;1;2/6/2026;2/6/2026;PCO;;0;;0;;;;;;;;0;1;;0;;;;0;0;;;;;0;0;;;;;;;;;0;;;;;;0;;;0;;;;;;0;;;0;0;;;;;1;;;1;5;0;15;;;15;;SIN GC
0004 SERVICIO TECNICO PROYECTO;4000006862;10;ZPIN;ESCOBILLA S/ MUESTRA;;0;10;4;8/6/2026;LNUNEZ;1015947;ESCOBILLA LIMPIAPARABRISAS (VER ANEXOS);1;Materiales genericos;CUMPLIDO;MR01;1;3/6/2026;3/6/2026;junio;10151552;10;1;3/6/2026;3/6/2026;C03;;0;;0;;;;;;;;0;1;;0;;;;0;0;;;;;0;0;;;;;;;;;0;;;;;;0;;;0;;;;;;0;;;0;0;;;;;1;;;1;5;0;5;;;5;;COMPRAS EQUIPOS
00007 COMERCIAL OF LICITACION;4000006863;10;ZPIN;24/26 CP N3-Lineas V;;0;10;4;16/6/2026;GBACCELLI;1012799;Instrumentos de medición de presión;1;Materiales genericos;CUMPLIDO;MR01;1;3/6/2026;12/6/2026;junio;10151563;10;1;3/6/2026;3/6/2026;PCO;;0;;0;;;;;;;;0;1;;0;;;;0;0;;;;;0;0;;;;;;;;;0;;;;;;0;;;0;;;;;;0;;;0;0;;;;;1;;;1;4;0;13;;;13;;SIN GC
00007 COMERCIAL OF LICITACION;4000006864;10;ZPIN;24/26 CP N3-Lineas V;;0;10;4;17/6/2026;GBACCELLI;1012799;Instrumentos de medición de temperatura;1;Materiales genericos;CUMPLIDO;MR01;1;3/6/2026;12/6/2026;junio;10151566;10;1;3/6/2026;3/6/2026;PCO;;0;;0;;;;;;;;0;1;;0;;;;0;0;;;;;0;0;;;;;;;;;0;;;;;;0;;;0;;;;;;0;;;0;0;;;;;1;;;1;5;0;14;;;14;;SIN GC
00007 COMERCIAL OF LICITACION;4000006865;10;ZPIN;24/26 CP N3-Lineas V;;0;10;4;19/6/2026;GBACCELLI;1012799;Detectores de paso de Scraper;1;Materiales genericos;CUMPLIDO;MR01;1;3/6/2026;12/6/2026;junio;10151567;10;1;3/6/2026;3/6/2026;PCO;;0;;0;;;;;;;;0;1;;0;;;;0;0;;;;;0;0;;;;;;;;;0;;;;;;0;;;0;;;;;;0;;;0;0;;;;;1;;;1;7;0;16;;;16;;SIN GC
00007 COMERCIAL OF LICITACION;4000006866;10;ZPIN;24/26 CP N3-Lineas V;;0;10;4;22/6/2026;GBACCELLI;1012799;Válvulas de seguridad;1;Materiales genericos;CUMPLIDO;MR01;1;3/6/2026;12/6/2026;junio;10151569;10;1;3/6/2026;3/6/2026;PCO;;0;;0;;;;;;;;0;1;;0;;;;0;0;;;;;0;0;;;;;;;;;0;;;;;;0;;;0;;;;;;0;;;0;0;;;;;1;;;1;10;0;19;;;19;;SIN GC
00007 COMERCIAL OF LICITACION;4000006867;10;ZPIN;24/26 CP N3-Lineas V;;0;10;4;25/6/2026;GBACCELLI;1012804;Cable óptico monomodo 48 fibras;20000;Materiales genericos;CUMPLIDO;MR01;1;3/6/2026;12/6/2026;junio;10151602;10;1;3/6/2026;3/6/2026;PCO;;0;;0;;;;;;;;0;20000;;0;;;;0;0;;;;;0;0;;;;;;;;;0;;;;;;0;;;0;;;;;;0;;;0;0;;;;;1;;;1;13;0;22;;;22;;SIN GC
00007 COMERCIAL OF LICITACION;4000006867;20;ZPIN;24/26 CP N3-Lineas V;;0;10;4;25/6/2026;GBACCELLI;1012804;Cable óptico monomodo 12 fibras;20000;Materiales genericos;CUMPLIDO;MR01;1;3/6/2026;12/6/2026;junio;10151602;20;1;3/6/2026;3/6/2026;PCO;;0;;0;;;;;;;;0;20000;;0;;;;0;0;;;;;0;0;;;;;;;;;0;;;;;;0;;;0;;;;;;0;;;0;0;;;;;1;;;1;13;0;22;;;22;;SIN GC
00007 COMERCIAL OF LICITACION;4000006868;10;ZPIN;24/26 CP N3-Lineas V;;0;10;4;25/6/2026;GBACCELLI;1012998;Subcontrato Detección de Fugas Ductos;1;Servicios;CUMPLIDO;MR01;1;3/6/2026;12/6/2026;junio;10151690;10;1;3/6/2026;3/6/2026;PCO;;0;;0;;;;;;;;0;1;;0;;;;0;0;;;;;0;0;;;;;;;;;0;;;;;;0;;;0;;;;;;0;;;0;0;;;;;1;;;1;13;0;22;;;22;;SIN GC
00007 COMERCIAL OF LICITACION;4000006869;10;ZPIN;26.26 MASA - Gualcam;;0;10;4;23/6/2026;LAFFATATO;1011267;Geomembrana HDPE  2 mm;1;Materiales usuales;CUMPLIDO;MR01;1;4/6/2026;16/6/2026;junio;10151713;10;1;4/6/2026;4/6/2026;PCO;;0;;0;;;;;;;;0;1;;0;;;;0;0;;;;;0;0;;;;;;;;;0;;;;;;0;;;0;;;;;;0;;;0;0;;;;;1;;;1;7;0;19;;;19;;SIN GC
00007 COMERCIAL OF LICITACION;4000006870;10;ZPIN;26.26 MASA - Gualcam;;0;10;4;24/6/2026;LAFFATATO;1009873;Pefil IPN 260;1;Materiales usuales;CUMPLIDO;MR01;1;4/6/2026;16/6/2026;junio;10151767;10;1;4/6/2026;4/6/2026;PCO;;0;;0;;;;;;;;0;1;;0;;;;0;0;;;;;0;0;;;;;;;;;0;;;;;;0;;;0;;;;;;0;;;0;0;;;;;1;;;1;8;0;20;;;20;;SIN GC
00007 COMERCIAL OF LICITACION;4000006870;20;ZPIN;26.26 MASA - Gualcam;;0;10;4;26/6/2026;LAFFATATO;1027601;"Tubo redondo 3"" de 6mm esp.";1;Materiales usuales;CUMPLIDO;MR01;1;4/6/2026;16/6/2026;junio;10151767;20;1;4/6/2026;4/6/2026;PCO;;0;;0;;;;;;;;0;1;;0;;;;0;0;;;;;0;0;;;;;;;;;0;;;;;;0;;;0;;;;;;0;;;0;0;;;;;1;;;1;10;0;22;;;22;;SIN GC
00007 COMERCIAL OF LICITACION;4000006870;30;ZPIN;26.26 MASA - Gualcam;;0;10;4;24/6/2026;LAFFATATO;1028464;"Tubo de  acero 6"" de 9mm esp.";1;Materiales usuales;CUMPLIDO;MR01;1;4/6/2026;16/6/2026;junio;10151767;30;1;4/6/2026;4/6/2026;PCO;;0;;0;;;;;;;;0;1;;0;;;;0;0;;;;;0;0;;;;;;;;;0;;;;;;0;;;0;;;;;;0;;;0;0;;;;;1;;;1;8;0;20;;;20;;SIN GC
00007 COMERCIAL OF LICITACION;4000006870;40;ZPIN;26.26 MASA - Gualcam;;0;10;4;24/6/2026;LAFFATATO;1009745;Barra lisa 16 mm;1;Materiales usuales;CUMPLIDO;MR01;1;4/6/2026;16/6/2026;junio;10151767;40;1;4/6/2026;4/6/2026;PCO;;0;;0;;;;;;;;0;1;;0;;;;0;0;;;;;0;0;;;;;;;;;0;;;;;;0;;;0;;;;;;0;;;0;0;;;;;1;;;1;8;0;20;;;20;;SIN GC
00007 COMERCIAL OF LICITACION;4000006873;10;ZPIN;26.24-TGS-CP N3-Line;;0;10;4;25/6/2026;LCANNELLI;1010160;SUELO SELECCIONADO;1;Materiales usuales;CUMPLIDO;MR01;1;9/6/2026;24/6/2026;junio;10152073;10;1;9/6/2026;9/6/2026;PCO;;0;;0;;;;;;;;0;1;;0;;;;0;0;;;;;0;0;;;;;;;;;0;;;;;;0;;;0;;;;;;0;;;0;0;;;;;1;;;1;1;0;16;;;16;;SIN GC
00007 COMERCIAL OF LICITACION;4000006873;20;ZPIN;26.24-TGS-CP N3-Line;;0;10;4;25/6/2026;LCANNELLI;1011243;HORMIGON ELABORADO H15;1;Materiales usuales;CUMPLIDO;MR01;1;9/6/2026;24/6/2026;junio;10152073;20;1;9/6/2026;9/6/2026;PCO;;0;;0;;;;;;;;0;1;;0;;;;0;0;;;;;0;0;;;;;;;;;0;;;;;;0;;;0;;;;;;0;;;0;0;;;;;1;;;1;1;0;16;;;16;;SIN GC
00007 COMERCIAL OF LICITACION;4000006873;30;ZPIN;26.24-TGS-CP N3-Line;;0;10;4;25/6/2026;LCANNELLI;1011247;HORMIGON ELABORADO H25;1;Materiales usuales;CUMPLIDO;MR01;1;9/6/2026;24/6/2026;junio;10152073;30;1;9/6/2026;9/6/2026;PCO;;0;;0;;;;;;;;0;1;;0;;;;0;0;;;;;0;0;;;;;;;;;0;;;;;;0;;;0;;;;;;0;;;0;0;;;;;1;;;1;1;0;16;;;16;;SIN GC
00007 COMERCIAL OF LICITACION;4000006873;40;ZPIN;26.24-TGS-CP N3-Line;;0;10;4;25/6/2026;LCANNELLI;1011249;HORMIGON ELABORADO H35;1;Materiales usuales;CUMPLIDO;MR01;1;9/6/2026;24/6/2026;junio;10152073;40;1;9/6/2026;9/6/2026;PCO;;0;;0;;;;;;;;0;1;;0;;;;0;0;;;;;0;0;;;;;;;;;0;;;;;;0;;;0;;;;;;0;;;0;0;;;;;1;;;1;1;0;16;;;16;;SIN GC
00007 COMERCIAL OF LICITACION;4000006873;50;ZPIN;26.24-TGS-CP N3-Line;;0;10;4;23/6/2026;LCANNELLI;1009735;HIERRO NERVADO SOLDABLE ADN420 DIAM 12MM;1;Materiales usuales;CUMPLIDO;MR01;1;9/6/2026;24/6/2026;junio;10152073;50;1;9/6/2026;9/6/2026;PCO;;0;;0;;;;;;;;0;1;;0;;;;0;0;;;;;0;0;;;;;;;;;0;;;;;;0;;;0;;;;;;0;;;0;0;;;;;1;;1;;;0;14;;;14;;SIN GC
00007 COMERCIAL OF LICITACION;4000006873;60;ZPIN;26.24-TGS-CP N3-Line;;0;10;4;23/6/2026;LCANNELLI;1012949;SERVICIO CYD SOBRE ADN420 DIAM 12;1;Materiales usuales;CUMPLIDO;MR01;1;9/6/2026;24/6/2026;junio;10152073;60;1;9/6/2026;9/6/2026;PCO;;0;;0;;;;;;;;0;1;;0;;;;0;0;;;;;0;0;;;;;;;;;0;;;;;;0;;;0;;;;;;0;;;0;0;;;;;1;;1;;;0;14;;;14;;SIN GC
00007 COMERCIAL OF LICITACION;4000006873;70;ZPIN;26.24-TGS-CP N3-Line;;0;10;4;23/6/2026;LCANNELLI;1009704;MALLA Q524 DIAM 10MM;1;Materiales usuales;CUMPLIDO;MR01;1;9/6/2026;24/6/2026;junio;10152073;70;1;9/6/2026;9/6/2026;PCO;;0;;0;;;;;;;;0;1;;0;;;;0;0;;;;;0;0;;;;;;;;;0;;;;;;0;;;0;;;;;;0;;;0;0;;;;;1;;1;;;0;14;;;14;;SIN GC
00007 COMERCIAL OF LICITACION;4000006873;80;ZPIN;26.24-TGS-CP N3-Line;;0;10;4;23/6/2026;LCANNELLI;1012955;FLETE ACEROS;1;Materiales usuales;CUMPLIDO;MR01;1;9/6/2026;24/6/2026;junio;10152073;80;1;9/6/2026;9/6/2026;PCO;;0;;0;;;;;;;;0;1;;0;;;;0;0;;;;;0;0;;;;;;;;;0;;;;;;0;;;0;;;;;;0;;;0;0;;;;;1;;1;;;0;14;;;14;;SIN GC
00007 COMERCIAL OF LICITACION;4000006873;90;ZPIN;26.24-TGS-CP N3-Line;;0;10;4;2/7/2026;LCANNELLI;1026120;SERV DE PROV DE AGUA NO POTABLE EN OBRA;5000000;Servicios;CUMPLIDO;MR01;1;9/6/2026;24/6/2026;junio;10152073;90;1;9/6/2026;9/6/2026;PCO;;0;;0;;;;;;;;0;5000000;;0;;;;0;0;;;;;0;0;;;;;;;;;0;;;;;;0;;;0;;;;;;0;;;0;0;;;;;1;;;1;8;0;23;;;23;;SIN GC
00007 COMERCIAL OF LICITACION;4000006873;100;ZPIN;26.24-TGS-CP N3-Line;;0;10;4;24/6/2026;LCANNELLI;1011420;FENOLICO 1 CARA BUENA 18MM 2.44X1.22 MTS;1;Materiales usuales;CUMPLIDO;MR01;1;9/6/2026;24/6/2026;junio;10152073;100;1;9/6/2026;9/6/2026;PCO;;0;;0;;;;;;;;0;1;;0;;;;0;0;;;;;0;0;;;;;;;;;0;;;;;;0;;;0;;;;;;0;;;0;0;;;;;1;;1;;;0;15;;;15;;SIN GC
00007 COMERCIAL OF LICITACION;4000006873;110;ZPIN;26.24-TGS-CP N3-Line;;0;10;4;25/6/2026;LCANNELLI;1009682;PIEDRA PARTIDA GRANITICA 0-6;1;Materiales usuales;CUMPLIDO;MR01;1;9/6/2026;24/6/2026;junio;10152073;110;1;9/6/2026;9/6/2026;PCO;;0;;0;;;;;;;;0;1;;0;;;;0;0;;;;;0;0;;;;;;;;;0;;;;;;0;;;0;;;;;;0;;;0;0;;;;;1;;;1;1;0;16;;;16;;SIN GC
00007 COMERCIAL OF LICITACION;4000006873;120;ZPIN;26.24-TGS-CP N3-Line;;0;10;4;25/6/2026;LCANNELLI;1009684;PIEDRA PARTIDA GRANITICA 6-20 GRANZA;1;Materiales usuales;CUMPLIDO;MR01;1;9/6/2026;24/6/2026;junio;10152073;120;1;9/6/2026;9/6/2026;PCO;;0;;0;;;;;;;;0;1;;0;;;;0;0;;;;;0;0;;;;;;;;;0;;;;;;0;;;0;;;;;;0;;;0;0;;;;;1;;;1;1;0;16;;;16;;SIN GC
00007 COMERCIAL OF LICITACION;4000006873;130;ZPIN;26.24-TGS-CP N3-Line;;0;10;4;24/6/2026;LCANNELLI;1010703;SIKAGROUT 212 X25KG;1;Materiales usuales;CUMPLIDO;MR01;1;9/6/2026;24/6/2026;junio;10152073;130;1;9/6/2026;9/6/2026;PCO;;0;;0;;;;;;;;0;1;;0;;;;0;0;;;;;0;0;;;;;;;;;0;;;;;;0;;;0;;;;;;0;;;0;0;;;;;1;;1;;;0;15;;;15;;SIN GC
0004 SERVICIO TECNICO PROYECTO;4000006875;10;ZPIN;78103 - TOMA DE FUER;;0;10;4;16/6/2026;LNUNEZ;1015947;PALLIET COMPLETO (VER ANEXOS - NOTAS);1;Materiales genericos;CUMPLIDO;MR01;1;10/6/2026;10/6/2026;junio;10152136;10;1;10/6/2026;10/6/2026;C03;;0;;0;;;;;;;;0;1;;0;;;;0;0;;;;;0;0;;;;;;;;;0;;;;;;0;;;0;;;;;;0;;;0;0;;;;;1;;;1;6;0;6;;;6;;COMPRAS EQUIPOS
0004 SERVICIO TECNICO PROYECTO;4000006875;20;ZPIN;78103 - TOMA DE FUER;;0;10;4;17/6/2026;LNUNEZ;1015947;ESTRIA DE TOMA DE FUERZA (VER ANEXOS - N;1;Materiales genericos;CUMPLIDO;MR01;1;10/6/2026;10/6/2026;junio;10152136;20;1;10/6/2026;10/6/2026;C03;;0;;0;;;;;;;;0;1;;0;;;;0;0;;;;;0;0;;;;;;;;;0;;;;;;0;;;0;;;;;;0;;;0;0;;;;;1;;;1;7;0;7;;;7;;COMPRAS EQUIPOS
00007 COMERCIAL OF LICITACION;4000006876;10;ZPIN;24/26 CP N3-Lineas V;;0;10;4;26/6/2026;GBACCELLI;1012799;Columna iluminación;10;Materiales genericos;CUMPLIDO;MR01;1;10/6/2026;19/6/2026;junio;10152150;10;1;10/6/2026;10/6/2026;PCO;;0;;0;;;;;;;;0;10;;0;;;;0;0;;;;;0;0;;;;;;;;;0;;;;;;0;;;0;;;;;;0;;;0;0;;;;;1;;;1;7;0;16;;;16;;SIN GC
00007 COMERCIAL OF LICITACION;4000006877;10;ZPIN;24/26 CP N3-Lineas V;;0;10;4;22/6/2026;GBACCELLI;1012799;"Luminaria led APE Delga EXPRL-2301; 141";10;Materiales genericos;CUMPLIDO;MR01;1;10/6/2026;17/6/2026;junio;10152152;10;1;10/6/2026;10/6/2026;PCO;;0;;0;;;;;;;;0;10;;0;;;;0;0;;;;;0;0;;;;;;;;;0;;;;;;0;;;0;;;;;;0;;;0;0;;;;;1;;;1;5;0;12;;;12;;SIN GC
00007 COMERCIAL OF LICITACION;4000006877;20;ZPIN;24/26 CP N3-Lineas V;;0;10;4;22/6/2026;GBACCELLI;1012799;Caja cuadrada antideflagrante con tapa r;10;Materiales genericos;CUMPLIDO;MR01;1;10/6/2026;17/6/2026;junio;10152152;20;1;10/6/2026;10/6/2026;PCO;;0;;0;;;;;;;;0;10;;0;;;;0;0;;;;;0;0;;;;;;;;;0;;;;;;0;;;0;;;;;;0;;;0;0;;;;;1;;;1;5;0;12;;;12;;SIN GC
00007 COMERCIAL OF LICITACION;4000006878;10;ZPIN;24/26 CP N3-Lineas V;;0;10;4;30/6/2026;GBACCELLI;1012799;"Shelter Eléctrico según ""TE-000-104581-E";1;Materiales genericos;CUMPLIDO;MR01;1;10/6/2026;19/6/2026;junio;10152153;10;1;10/6/2026;10/6/2026;PCO;;0;;0;;;;;;;;0;1;;0;;;;0;0;;;;;0;0;;;;;;;;;0;;;;;;0;;;0;;;;;;0;;;0;0;;;;;1;;;1;11;0;20;;;20;;SIN GC
00007 COMERCIAL OF LICITACION;4000006879;10;ZPIN;26.26 MASA - Gualcam;;0;10;4;23/6/2026;LAFFATATO;1022693;Baños químicos;1;Servicios;CUMPLIDO;MR01;1;10/6/2026;17/6/2026;junio;10152163;10;1;10/6/2026;10/6/2026;PCO;;0;;0;;;;;;;;0;1;;0;;;;0;0;;;;;0;0;;;;;;;;;0;;;;;;0;;;0;;;;;;0;;;0;0;;;;;1;;;1;6;0;13;;;13;;SIN GC
00007 COMERCIAL OF LICITACION;4000006882;10;ZPIN;26.24 TGS LINEAS VIN;;0;10;4;23/6/2026;EBENSI;1012786;Manta termcontr. COVALENCE DIRAX 10'';80;Materiales genericos;CUMPLIDO;MR01;1;11/6/2026;22/6/2026;junio;10152246;10;1;11/6/2026;11/6/2026;PCO;;0;;0;;;;;;;;0;80;;0;;;;0;0;;;;;0;0;;;;;;;;;0;;;;;;0;;;0;;;;;;0;;;0;0;;;;;1;;;1;1;0;12;;;12;;SIN GC
00007 COMERCIAL OF LICITACION;4000006882;20;ZPIN;26.24 TGS LINEAS VIN;;0;10;4;23/6/2026;EBENSI;1012786;Manta termcontr. COVALENCE DIRAX 8'';190;Materiales genericos;CUMPLIDO;MR01;1;11/6/2026;22/6/2026;junio;10152246;20;1;11/6/2026;11/6/2026;PCO;;0;;0;;;;;;;;0;190;;0;;;;0;0;;;;;0;0;;;;;;;;;0;;;;;;0;;;0;;;;;;0;;;0;0;;;;;1;;;1;1;0;12;;;12;;SIN GC
00007 COMERCIAL OF LICITACION;4000006882;30;ZPIN;26.24 TGS LINEAS VIN;;0;10;4;23/6/2026;EBENSI;1012786;Manta termcontr. COVALENCE DIRAX 6'';10;Materiales genericos;CUMPLIDO;MR01;1;11/6/2026;22/6/2026;junio;10152246;30;1;11/6/2026;11/6/2026;PCO;;0;;0;;;;;;;;0;10;;0;;;;0;0;;;;;0;0;;;;;;;;;0;;;;;;0;;;0;;;;;;0;;;0;0;;;;;1;;;1;1;0;12;;;12;;SIN GC
00007 COMERCIAL OF LICITACION;4000006882;40;ZPIN;26.24 TGS LINEAS VIN;;0;10;4;23/6/2026;EBENSI;1012786;Manta termcontr. COVALENCE HTLP-60 10'';1210;Materiales genericos;CUMPLIDO;MR01;1;11/6/2026;22/6/2026;junio;10152246;40;1;11/6/2026;11/6/2026;PCO;;0;;0;;;;;;;;0;1210;;0;;;;0;0;;;;;0;0;;;;;;;;;0;;;;;;0;;;0;;;;;;0;;;0;0;;;;;1;;;1;1;0;12;;;12;;SIN GC
00007 COMERCIAL OF LICITACION;4000006882;50;ZPIN;26.24 TGS LINEAS VIN;;0;10;4;23/6/2026;EBENSI;1012786;Manta termcontr. COVALENCE HTLP-60 8'';2450;Materiales genericos;CUMPLIDO;MR01;1;11/6/2026;22/6/2026;junio;10152246;50;1;11/6/2026;11/6/2026;PCO;;0;;0;;;;;;;;0;2450;;0;;;;0;0;;;;;0;0;;;;;;;;;0;;;;;;0;;;0;;;;;;0;;;0;0;;;;;1;;;1;1;0;12;;;12;;SIN GC
00007 COMERCIAL OF LICITACION;4000006882;60;ZPIN;26.24 TGS LINEAS VIN;;0;10;4;23/6/2026;EBENSI;1012786;Manta termcontr. COVALENCE HTLP-60 6'';40;Materiales genericos;CUMPLIDO;MR01;1;11/6/2026;22/6/2026;junio;10152246;60;1;11/6/2026;11/6/2026;PCO;;0;;0;;;;;;;;0;40;;0;;;;0;0;;;;;0;0;;;;;;;;;0;;;;;;0;;;0;;;;;;0;;;0;0;;;;;1;;;1;1;0;12;;;12;;SIN GC
00005 TALLER;4000006885;10;ZPIN;46045 - CUCHILLA MIN;;0;10;4;16/6/2026;LNUNEZ;1056930;CUCHILLA - CARGADOR MINI 324G;2;Materiales Stock;CUMPLIDO;MR01;1;12/6/2026;12/6/2026;junio;10152343;10;1;12/6/2026;12/6/2026;C03;;0;;0;;;;;;;;0;2;;0;;;;0;0;;;;;0;0;;;;;;;;;0;;;;;;0;;;0;;;;;;0;;;0;0;;;;;1;;;1;4;0;4;;;4;;COMPRAS EQUIPOS
00007 COMERCIAL OF LICITACION;4000006893;10;ZPIN;26.26 MASA - Gualcam;;0;10;4;25/6/2026;LAFFATATO;1013060;Alquiler de Campamento;1;Servicios;CUMPLIDO;MR01;1;16/6/2026;25/6/2026;junio;10152489;10;1;16/6/2026;16/6/2026;PCO;;0;;0;;;;;;;;0;1;;0;;;;0;0;;;;;0;0;;;;;;;;;0;;;;;;0;;;0;;;;;;0;;;0;0;;;;;1;;1;;;0;9;;;9;;SIN GC
00007 COMERCIAL OF LICITACION;4000006894;10;ZPIN;VMOS-Membranas;;0;10;4;24/6/2026;LCANNELLI;1011266;GEOMEMBRANA ALTA DENSIDAD 1000MIC;1;Materiales usuales;CUMPLIDO;MR01;1;16/6/2026;30/6/2026;junio;10152515;10;1;16/6/2026;16/6/2026;PCO;;0;;0;;;;;;;;0;1;;0;;;;0;0;;;;;0;0;;;;;;;;;0;;;;;;0;;;0;;;;;;0;;;0;0;;;;;1;;1;;;0;8;;;8;;SIN GC
00007 COMERCIAL OF LICITACION;4000006894;20;ZPIN;VMOS-Membranas;;0;10;4;22/6/2026;LCANNELLI;1012818;MANTA CEMENTICIA s/ESP;57914;Materiales genericos;CUMPLIDO;MR01;1;16/6/2026;30/6/2026;junio;10152515;20;1;16/6/2026;16/6/2026;PCO;;0;;0;;;;;;;;0;57914;;0;;;;0;0;;;;;0;0;;;;;;;;;0;;;;;;0;;;0;;;;;;0;;;0;0;;;;;1;;1;;;0;6;;;6;;SIN GC
00007 COMERCIAL OF LICITACION;4000006894;30;ZPIN;VMOS-Membranas;;0;10;4;23/6/2026;LCANNELLI;1012759;CINTA SIKA MULTISEAL;270;Materiales genericos;CUMPLIDO;MR01;1;16/6/2026;30/6/2026;junio;10152515;30;1;16/6/2026;16/6/2026;PCO;;0;;0;;;;;;;;0;270;;0;;;;0;0;;;;;0;0;;;;;;;;;0;;;;;;0;;;0;;;;;;0;;;0;0;;;;;1;;1;;;0;7;;;7;;SIN GC
00007 COMERCIAL OF LICITACION;4000006894;40;ZPIN;VMOS-Membranas;;0;10;4;23/6/2026;LCANNELLI;1012880;"PERNO EXPANSIÓN Ø3/8"" x 2-1/2""";270;Materiales genericos;CUMPLIDO;MR01;1;16/6/2026;30/6/2026;junio;10152515;40;1;16/6/2026;16/6/2026;PCO;;0;;0;;;;;;;;0;270;;0;;;;0;0;;;;;0;0;;;;;;;;;0;;;;;;0;;;0;;;;;;0;;;0;0;;;;;1;;1;;;0;7;;;7;;SIN GC
00007 COMERCIAL OF LICITACION;4000006894;50;ZPIN;VMOS-Membranas;;0;10;4;23/6/2026;LCANNELLI;1012766;PLETINA 25mmx3mmx 6,00m;46;Materiales genericos;CUMPLIDO;MR01;1;16/6/2026;30/6/2026;junio;10152515;50;1;16/6/2026;16/6/2026;PCO;;0;;0;;;;;;;;0;46;;0;;;;0;0;;;;;0;0;;;;;;;;;0;;;;;;0;;;0;;;;;;0;;;0;0;;;;;1;;1;;;0;7;;;7;;SIN GC
00014 SISTEMAS;4000006911;10;ZPIN;Reparacion de impres;;0;10;4;26/6/2026;JBIONDI;1013031;Reparacion Brother 7065;1;Servicios;CUMPLIDO;MR01;1;22/6/2026;23/6/2026;junio;10152977;10;1;22/6/2026;22/6/2026;C23;;0;;0;;;;;;;;0;1;;0;;;;0;0;;;;;0;0;;;;;;;;;0;;;;;;0;;;0;;;;;;0;;;0;0;;;;;1;;;1;3;0;4;;;4;;COMPRAS ABASTECIMIENTO
00005 TALLER;4000006912;40;ZPIN;PEDIDO INFORMACION -;;0;10;4;25/6/2026;SFLORES;1046391;PINT.POL 2/1 AMARILLO KOMATSU X 3,6 L;1;Materiales Stock C/Devol;CUMPLIDO;MR01;1;22/6/2026;29/6/2026;junio;10153010;40;1;22/6/2026;22/6/2026;C22;;0;;0;;;;;;;;0;1;;0;;;;0;0;;;;;0;0;;;;;;;;;0;;;;;;0;;;0;;;;;;0;;;0;0;;;;;1;;1;;;0;3;;;3;;COMPRAS ABASTECIMIENTO
00005 TALLER;4000006912;50;ZPIN;PEDIDO INFORMACION -;;0;10;4;25/6/2026;SFLORES;1046397;CATALIZADOR X 0,9 L;1;Materiales Stock C/Devol;CUMPLIDO;MR01;1;22/6/2026;29/6/2026;junio;10153010;50;1;22/6/2026;22/6/2026;C22;;0;;0;;;;;;;;0;1;;0;;;;0;0;;;;;0;0;;;;;;;;;0;;;;;;0;;;0;;;;;;0;;;0;0;;;;;1;;1;;;0;3;;;3;;COMPRAS ABASTECIMIENTO
00005 TALLER;4000006912;60;ZPIN;PEDIDO INFORMACION -;;0;10;4;25/6/2026;SFLORES;1056162;THINNER X 1/2LT;1;Materiales Stock;CUMPLIDO;MR01;1;22/6/2026;29/6/2026;junio;10153010;60;1;22/6/2026;22/6/2026;C22;;0;;0;;;;;;;;0;1;;0;;;;0;0;;;;;0;0;;;;;;;;;0;;;;;;0;;;0;;;;;;0;;;0;0;;;;;1;;1;;;0;3;;;3;;COMPRAS ABASTECIMIENTO
00005 TALLER;4000006913;10;ZPIN;PEDIDO INFORMACION -;;19;10;4;26/6/2026;SFLORES;1057362;CAJA DE VOLANTE;1;Materiales Stock;CUMPLIDO;MR01;1;23/6/2026;26/6/2026;junio;10153036;10;1;23/6/2026;23/6/2026;C03;;0;;0;;;;;;;;0;1;;0;;;;0;0;;;;;0;0;;;;;;;;;0;;;;;;0;;;0;;;;;;0;;;0;0;;;;;1;;1;;;0;3;;;3;;COMPRAS EQUIPOS
00008 ABASTECIMIENTO;4000006915;10;ZPIN;PEDIDO S/ MAIL ADJ.;;0;10;4;16/7/2026;ASIGNORELLI;1010807;CABLE DE COBRE DESNUDO 1X35MM2;50;Materiales usuales;CUMPLIDO;MR01;1;23/6/2026;5/7/2026;julio;10153072;30;1;23/6/2026;23/6/2026;C11;;0;;0;;;;;;;;0;50;;0;;;;0;0;;;;;0;0;;;;;;;;;0;;;;;;0;;;0;;;;;;0;;;0;0;;;;;1;;;1;11;0;23;;;23;;COMPRAS ABASTECIMIENTO
00008 ABASTECIMIENTO;4000006915;20;ZPIN;PEDIDO S/ MAIL ADJ.;;0;10;4;16/7/2026;ASIGNORELLI;1033122;"CONECTOR A COMPRESION ""C"" SEC 25A35MM2";10;Materiales Stock;CUMPLIDO;MR01;1;23/6/2026;5/7/2026;julio;10153072;20;1;23/6/2026;23/6/2026;C11;;0;;0;;;;;;;;0;10;;0;;;;0;0;;;;;0;0;;;;;;;;;0;;;;;;0;;;0;;;;;;0;;;0;0;;;;;1;;;1;11;0;23;;;23;;COMPRAS ABASTECIMIENTO
00008 ABASTECIMIENTO;4000006915;30;ZPIN;PEDIDO S/ MAIL ADJ.;;0;10;4;16/7/2026;ASIGNORELLI;1033123;"JABAL. AC-COB IRAM2309;D:19MM;L:1500MM";3;Materiales Stock;CUMPLIDO;MR01;1;23/6/2026;5/7/2026;julio;10153072;40;1;23/6/2026;23/6/2026;C11;;0;;0;;;;;;;;0;3;;0;;;;0;0;;;;;0;0;;;;;;;;;0;;;;;;0;;;0;;;;;;0;;;0;0;;;;;1;;;1;11;0;23;;;23;;COMPRAS ABASTECIMIENTO
00008 ABASTECIMIENTO;4000006915;40;ZPIN;PEDIDO S/ MAIL ADJ.;;0;10;4;16/7/2026;ASIGNORELLI;1033124;CONEXIÓN JABALINAS 3/4A CABLE D 25A70MM2;3;Materiales Stock;CUMPLIDO;MR01;1;23/6/2026;5/7/2026;julio;10153072;50;1;23/6/2026;23/6/2026;C11;;0;;0;;;;;;;;0;3;;0;;;;0;0;;;;;0;0;;;;;;;;;0;;;;;;0;;;0;;;;;;0;;;0;0;;;;;1;;;1;11;0;23;;;23;;COMPRAS ABASTECIMIENTO
00008 ABASTECIMIENTO;4000006915;50;ZPIN;PEDIDO S/ MAIL ADJ.;;0;10;4;16/7/2026;ASIGNORELLI;1010991;TERMINAL OJAL P CABLE 35MM;20;Materiales usuales;CUMPLIDO;MR01;1;23/6/2026;5/7/2026;julio;10153072;60;1;23/6/2026;23/6/2026;C11;;0;;0;;;;;;;;0;20;;0;;;;0;0;;;;;0;0;;;;;;;;;0;;;;;;0;;;0;;;;;;0;;;0;0;;;;;1;;;1;11;0;23;;;23;;COMPRAS ABASTECIMIENTO
00008 ABASTECIMIENTO;4000006915;60;ZPIN;PEDIDO S/ MAIL ADJ.;;0;10;4;16/7/2026;ASIGNORELLI;1050067;CABLE DE POTENCIA 1X(3X4MM2);30;Materiales usuales;CUMPLIDO;MR01;1;23/6/2026;5/7/2026;julio;10153072;70;1;23/6/2026;23/6/2026;C11;;0;;0;;;;;;;;0;30;;0;;;;0;0;;;;;0;0;;;;;;;;;0;;;;;;0;;;0;;;;;;0;;;0;0;;;;;1;;;1;11;0;23;;;23;;COMPRAS ABASTECIMIENTO
00008 ABASTECIMIENTO;4000006915;70;ZPIN;PEDIDO S/ MAIL ADJ.;;0;10;4;16/7/2026;ASIGNORELLI;1017054;CABLE TPR TIPO TALLER 3X4MM2 X 100MTS.;1;Materiales Stock S/Devol;CUMPLIDO;MR01;1;23/6/2026;5/7/2026;julio;10153072;80;1;23/6/2026;23/6/2026;C11;;0;;0;;;;;;;;0;1;;0;;;;0;0;;;;;0;0;;;;;;;;;0;;;;;;0;;;0;;;;;;0;;;0;0;;;;;1;;;1;11;0;23;;;23;;COMPRAS ABASTECIMIENTO
00008 ABASTECIMIENTO;4000006915;80;ZPIN;PEDIDO S/ MAIL ADJ.;;0;10;4;16/7/2026;ASIGNORELLI;1035289;PROLONGACION MONOFASICA X35MTS;1;Materiales Stock;CUMPLIDO;MR01;1;23/6/2026;5/7/2026;julio;10153072;90;1;23/6/2026;23/6/2026;C11;;0;;0;;;;;;;;0;1;;0;;;;0;0;;;;;0;0;;;;;;;;;0;;;;;;0;;;0;;;;;;0;;;0;0;;;;;1;;;1;11;0;23;;;23;;COMPRAS ABASTECIMIENTO
00008 ABASTECIMIENTO;4000006915;90;ZPIN;PEDIDO S/ MAIL ADJ.;;0;10;4;16/7/2026;ASIGNORELLI;1035288;PROLONGACION TRIFASICA X 35MTS;1;Materiales Stock;CUMPLIDO;MR01;1;23/6/2026;5/7/2026;julio;10153072;100;1;23/6/2026;23/6/2026;C11;;0;;0;;;;;;;;0;1;;0;;;;0;0;;;;;0;0;;;;;;;;;0;;;;;;0;;;0;;;;;;0;;;0;0;;;;;1;;;1;11;0;23;;;23;;COMPRAS ABASTECIMIENTO
00008 ABASTECIMIENTO;4000006915;100;ZPIN;PEDIDO S/ MAIL ADJ.;;0;10;4;16/7/2026;ASIGNORELLI;1001680;FICHA T.STECK HEMBRA 380V 32A T N XUN;3;Materiales Stock;CUMPLIDO;MR01;1;23/6/2026;5/7/2026;julio;10153072;110;1;23/6/2026;23/6/2026;C11;;0;;0;;;;;;;;0;3;;0;;;;0;0;;;;;0;0;;;;;;;;;0;;;;;;0;;;0;;;;;;0;;;0;0;;;;;1;;;1;11;0;23;;;23;;COMPRAS ABASTECIMIENTO
00008 ABASTECIMIENTO;4000006915;110;ZPIN;PEDIDO S/ MAIL ADJ.;;0;10;4;16/7/2026;ASIGNORELLI;1001681;FICHA T.STECK MACHO 380V 32A T N XUN;3;Materiales Stock;CUMPLIDO;MR01;1;23/6/2026;5/7/2026;julio;10153072;120;1;23/6/2026;23/6/2026;C11;;0;;0;;;;;;;;0;3;;0;;;;0;0;;;;;0;0;;;;;;;;;0;;;;;;0;;;0;;;;;;0;;;0;0;;;;;1;;;1;11;0;23;;;23;;COMPRAS ABASTECIMIENTO
00008 ABASTECIMIENTO;4000006915;120;ZPIN;PEDIDO S/ MAIL ADJ.;;0;10;4;16/7/2026;ASIGNORELLI;1001678;FICHA T.STECK HEMBRA 220V 16A 2P T X UN;5;Materiales Stock;CUMPLIDO;MR01;1;23/6/2026;5/7/2026;julio;10153072;130;1;23/6/2026;23/6/2026;C11;;0;;0;;;;;;;;0;5;;0;;;;0;0;;;;;0;0;;;;;;;;;0;;;;;;0;;;0;;;;;;0;;;0;0;;;;;1;;;1;11;0;23;;;23;;COMPRAS ABASTECIMIENTO
00008 ABASTECIMIENTO;4000006915;130;ZPIN;PEDIDO S/ MAIL ADJ.;;0;10;4;16/7/2026;ASIGNORELLI;1001679;FICHA T.STECK MACHO 220V 16A 2P T XUN;5;Materiales Stock;CUMPLIDO;MR01;1;23/6/2026;5/7/2026;julio;10153072;140;1;23/6/2026;23/6/2026;C11;;0;;0;;;;;;;;0;5;;0;;;;0;0;;;;;0;0;;;;;;;;;0;;;;;;0;;;0;;;;;;0;;;0;0;;;;;1;;;1;11;0;23;;;23;;COMPRAS ABASTECIMIENTO
00008 ABASTECIMIENTO;4000006915;140;ZPIN;PEDIDO S/ MAIL ADJ.;;0;10;4;16/7/2026;ASIGNORELLI;1011113;CAJA ESTANCA PLASTICA 115X115X80MM;3;Materiales usuales;CUMPLIDO;MR01;1;23/6/2026;5/7/2026;julio;10153072;150;1;23/6/2026;23/6/2026;C11;;0;;0;;;;;;;;0;3;;0;;;;0;0;;;;;0;0;;;;;;;;;0;;;;;;0;;;0;;;;;;0;;;0;0;;;;;1;;;1;11;0;23;;;23;;COMPRAS ABASTECIMIENTO
00008 ABASTECIMIENTO;4000006915;150;ZPIN;PEDIDO S/ MAIL ADJ.;;0;10;4;16/7/2026;ASIGNORELLI;1011036;TERMOMAGNETICA BIPOLAR 2X20A;5;Materiales usuales;CUMPLIDO;MR01;1;23/6/2026;5/7/2026;julio;10153072;160;1;23/6/2026;23/6/2026;C11;;0;;0;;;;;;;;0;5;;0;;;;0;0;;;;;0;0;;;;;;;;;0;;;;;;0;;;0;;;;;;0;;;0;0;;;;;1;;;1;11;0;23;;;23;;COMPRAS ABASTECIMIENTO
00008 ABASTECIMIENTO;4000006915;160;ZPIN;PEDIDO S/ MAIL ADJ.;;0;10;4;16/7/2026;ASIGNORELLI;1011053;TERMOMAGNETICA TETRAPOLAR 4X63A;1;Materiales usuales;CUMPLIDO;MR01;1;23/6/2026;5/7/2026;julio;10153072;170;1;23/6/2026;23/6/2026;C11;;0;;0;;;;;;;;0;1;;0;;;;0;0;;;;;0;0;;;;;;;;;0;;;;;;0;;;0;;;;;;0;;;0;0;;;;;1;;;1;11;0;23;;;23;;COMPRAS ABASTECIMIENTO
00008 ABASTECIMIENTO;4000006915;170;ZPIN;PEDIDO S/ MAIL ADJ.;;0;10;4;16/7/2026;ASIGNORELLI;1011050;TERMOMAGNETICA TETRAPOLAR 4X25A;2;Materiales usuales;CUMPLIDO;MR01;1;23/6/2026;5/7/2026;julio;10153072;180;1;23/6/2026;23/6/2026;C11;;0;;0;;;;;;;;0;2;;0;;;;0;0;;;;;0;0;;;;;;;;;0;;;;;;0;;;0;;;;;;0;;;0;0;;;;;1;;;1;11;0;23;;;23;;COMPRAS ABASTECIMIENTO
00008 ABASTECIMIENTO;4000006915;180;ZPIN;PEDIDO S/ MAIL ADJ.;;0;10;4;16/7/2026;ASIGNORELLI;1011080;DISYUNTOR TETRAPOLAR 4X63A;1;Materiales usuales;CUMPLIDO;MR01;1;23/6/2026;5/7/2026;julio;10153072;190;1;23/6/2026;23/6/2026;C11;;0;;0;;;;;;;;0;1;;0;;;;0;0;;;;;0;0;;;;;;;;;0;;;;;;0;;;0;;;;;;0;;;0;0;;;;;1;;;1;11;0;23;;;23;;COMPRAS ABASTECIMIENTO
00008 ABASTECIMIENTO;4000006915;190;ZPIN;PEDIDO S/ MAIL ADJ.;;0;10;4;16/7/2026;ASIGNORELLI;1011064;DISYUNTOR BIPOLAR 2X25A;3;Materiales usuales;CUMPLIDO;MR01;1;23/6/2026;5/7/2026;julio;10153072;200;1;23/6/2026;23/6/2026;C11;;0;;0;;;;;;;;0;3;;0;;;;0;0;;;;;0;0;;;;;;;;;0;;;;;;0;;;0;;;;;;0;;;0;0;;;;;1;;;1;11;0;23;;;23;;COMPRAS ABASTECIMIENTO
00008 ABASTECIMIENTO;4000006915;200;ZPIN;PEDIDO S/ MAIL ADJ.;;0;10;4;16/7/2026;ASIGNORELLI;1012807;CAJA ELECTRICIDAD PVC RECTANG. 100X50X50;3;Materiales genericos;CUMPLIDO;MR01;1;23/6/2026;5/7/2026;julio;10153072;210;1;23/6/2026;23/6/2026;C11;;0;;0;;;;;;;;0;3;;0;;;;0;0;;;;;0;0;;;;;;;;;0;;;;;;0;;;0;;;;;;0;;;0;0;;;;;1;;;1;11;0;23;;;23;;COMPRAS ABASTECIMIENTO
00008 ABASTECIMIENTO;4000006915;210;ZPIN;PEDIDO S/ MAIL ADJ.;;0;10;4;16/7/2026;ASIGNORELLI;1011014;CAÑO PVC RIGIDO SEMIPESADO D20MM X3M;5;Materiales usuales;CUMPLIDO;MR01;1;23/6/2026;5/7/2026;julio;10153072;220;1;23/6/2026;23/6/2026;C11;;0;;0;;;;;;;;0;5;;0;;;;0;0;;;;;0;0;;;;;;;;;0;;;;;;0;;;0;;;;;;0;;;0;0;;;;;1;;;1;11;0;23;;;23;;COMPRAS ABASTECIMIENTO
00008 ABASTECIMIENTO;4000006915;220;ZPIN;PEDIDO S/ MAIL ADJ.;;0;10;4;16/7/2026;ASIGNORELLI;1011021;CONECTOR PARA TUBO PVC DIAM20MM;10;Materiales usuales;CUMPLIDO;MR01;1;23/6/2026;5/7/2026;julio;10153072;230;1;23/6/2026;23/6/2026;C11;;0;;0;;;;;;;;0;10;;0;;;;0;0;;;;;0;0;;;;;;;;;0;;;;;;0;;;0;;;;;;0;;;0;0;;;;;1;;;1;11;0;23;;;23;;COMPRAS ABASTECIMIENTO
00008 ABASTECIMIENTO;4000006915;230;ZPIN;PEDIDO S/ MAIL ADJ.;;0;10;4;16/7/2026;ASIGNORELLI;1047970;"UNION PVC P/CAÑO RIGIDO 3/4""";5;Materiales usuales;CUMPLIDO;MR01;1;23/6/2026;5/7/2026;julio;10153072;240;1;23/6/2026;23/6/2026;C11;;0;;0;;;;;;;;0;5;;0;;;;0;0;;;;;0;0;;;;;;;;;0;;;;;;0;;;0;;;;;;0;;;0;0;;;;;1;;;1;11;0;23;;;23;;COMPRAS ABASTECIMIENTO
00008 ABASTECIMIENTO;4000006915;240;ZPIN;PEDIDO S/ MAIL ADJ.;;0;10;4;16/7/2026;ASIGNORELLI;1026783;CURVA 90 PARA TUBO DE PVC 20MM;5;Materiales usuales;CUMPLIDO;MR01;1;23/6/2026;5/7/2026;julio;10153072;250;1;23/6/2026;23/6/2026;C27;;0;;0;;;;;;;;0;5;;0;;;;0;0;;;;;0;0;;;;;;;;;0;;;;;;0;;;0;;;;;;0;;;0;0;;;;;1;;;1;11;0;23;;;23;;COMPRAS ABASTECIMIENTO
00008 ABASTECIMIENTO;4000006915;250;ZPIN;PEDIDO S/ MAIL ADJ.;;0;10;4;16/7/2026;ASIGNORELLI;1012807;TOMACORRIENTE SIMPLE 10A P/EMBUTIR;3;Materiales genericos;CUMPLIDO;MR01;1;23/6/2026;5/7/2026;julio;10153072;260;1;23/6/2026;23/6/2026;C11;;0;;0;;;;;;;;0;3;;0;;;;0;0;;;;;0;0;;;;;;;;;0;;;;;;0;;;0;;;;;;0;;;0;0;;;;;1;;;1;11;0;23;;;23;;COMPRAS ABASTECIMIENTO
00008 ABASTECIMIENTO;4000006915;260;ZPIN;PEDIDO S/ MAIL ADJ.;;0;10;4;16/7/2026;ASIGNORELLI;1012807;TOMACORRIENTE SIMPLE 20A P/ EMBUTIR;1;Materiales genericos;CUMPLIDO;MR01;1;23/6/2026;5/7/2026;julio;10153072;270;1;23/6/2026;23/6/2026;C11;;0;;0;;;;;;;;0;1;;0;;;;0;0;;;;;0;0;;;;;;;;;0;;;;;;0;;;0;;;;;;0;;;0;0;;;;;1;;;1;11;0;23;;;23;;COMPRAS ABASTECIMIENTO
00008 ABASTECIMIENTO;4000006915;270;ZPIN;PEDIDO S/ MAIL ADJ.;;0;10;4;16/7/2026;ASIGNORELLI;1012807;TOMACORRIENTE DOBLE 10A P/ EMBUTIR;3;Materiales genericos;CUMPLIDO;MR01;1;23/6/2026;5/7/2026;julio;10153072;280;1;23/6/2026;23/6/2026;C11;;0;;0;;;;;;;;0;3;;0;;;;0;0;;;;;0;0;;;;;;;;;0;;;;;;0;;;0;;;;;;0;;;0;0;;;;;1;;;1;11;0;23;;;23;;COMPRAS ABASTECIMIENTO
00008 ABASTECIMIENTO;4000006915;280;ZPIN;PEDIDO S/ MAIL ADJ.;;0;10;4;16/7/2026;ASIGNORELLI;1012807;TOMACORRIENTE DOBLE 20A P/ EMBUTIR;1;Materiales genericos;CUMPLIDO;MR01;1;23/6/2026;5/7/2026;julio;10153072;290;1;23/6/2026;23/6/2026;C11;;0;;0;;;;;;;;0;1;;0;;;;0;0;;;;;0;0;;;;;;;;;0;;;;;;0;;;0;;;;;;0;;;0;0;;;;;1;;;1;11;0;23;;;23;;COMPRAS ABASTECIMIENTO
00008 ABASTECIMIENTO;4000006915;290;ZPIN;PEDIDO S/ MAIL ADJ.;;0;10;4;16/7/2026;ASIGNORELLI;1012807;INTERRUPTOR ILUMINACION 1 PTO SIMPLE;3;Materiales genericos;CUMPLIDO;MR01;1;23/6/2026;5/7/2026;julio;10153072;300;1;23/6/2026;23/6/2026;C11;;0;;0;;;;;;;;0;3;;0;;;;0;0;;;;;0;0;;;;;;;;;0;;;;;;0;;;0;;;;;;0;;;0;0;;;;;1;;;1;11;0;23;;;23;;COMPRAS ABASTECIMIENTO
00008 ABASTECIMIENTO;4000006915;300;ZPIN;PEDIDO S/ MAIL ADJ.;;0;10;4;16/7/2026;ASIGNORELLI;1012807;INTERRUPTOR ILUMINACION 2 PTO SIMPLE;3;Materiales genericos;CUMPLIDO;MR01;1;23/6/2026;5/7/2026;julio;10153072;310;1;23/6/2026;23/6/2026;C11;;0;;0;;;;;;;;0;3;;0;;;;0;0;;;;;0;0;;;;;;;;;0;;;;;;0;;;0;;;;;;0;;;0;0;;;;;1;;;1;11;0;23;;;23;;COMPRAS ABASTECIMIENTO
00008 ABASTECIMIENTO;4000006915;310;ZPIN;PEDIDO S/ MAIL ADJ.;;0;10;4;16/7/2026;ASIGNORELLI;1047987;PLAFON ESTANCO LED 2X18W;2;Materiales usuales;CUMPLIDO;MR01;1;23/6/2026;5/7/2026;julio;10153072;320;1;23/6/2026;23/6/2026;C11;;0;;0;;;;;;;;0;2;;0;;;;0;0;;;;;0;0;;;;;;;;;0;;;;;;0;;;0;;;;;;0;;;0;0;;;;;1;;;1;11;0;23;;;23;;COMPRAS ABASTECIMIENTO
00008 ABASTECIMIENTO;4000006915;320;ZPIN;PEDIDO S/ MAIL ADJ.;;0;10;4;16/7/2026;ASIGNORELLI;1047988;TUBO LED LUZ FRIA 18W;5;Materiales usuales;CUMPLIDO;MR01;1;23/6/2026;5/7/2026;julio;10153072;330;1;23/6/2026;23/6/2026;C11;;0;;0;;;;;;;;0;5;;0;;;;0;0;;;;;0;0;;;;;;;;;0;;;;;;0;;;0;;;;;;0;;;0;0;;;;;1;;;1;11;0;23;;;23;;COMPRAS ABASTECIMIENTO
00008 ABASTECIMIENTO;4000006915;330;ZPIN;PEDIDO S/ MAIL ADJ.;;0;10;4;16/7/2026;ASIGNORELLI;1012128;PRECINTOS NYLON 3,6 X 200 MM NEGROS X100;2;Materiales usuales;CUMPLIDO;MR01;1;23/6/2026;5/7/2026;julio;10153072;340;1;23/6/2026;23/6/2026;C27;;0;;0;;;;;;;;0;2;;0;;;;0;0;;;;;0;0;;;;;;;;;0;;;;;;0;;;0;;;;;;0;;;0;0;;;;;1;;;1;11;0;23;;;23;;COMPRAS ABASTECIMIENTO
00008 ABASTECIMIENTO;4000006915;340;ZPIN;PEDIDO S/ MAIL ADJ.;;0;10;4;16/7/2026;ASIGNORELLI;1012122;PRECINTO PLASTICO AL-5 300MM X100U;2;Materiales usuales;CUMPLIDO;MR01;1;23/6/2026;5/7/2026;julio;10153072;350;1;23/6/2026;23/6/2026;C27;;0;;0;;;;;;;;0;2;;0;;;;0;0;;;;;0;0;;;;;;;;;0;;;;;;0;;;0;;;;;;0;;;0;0;;;;;1;;;1;11;0;23;;;23;;COMPRAS ABASTECIMIENTO
00008 ABASTECIMIENTO;4000006915;350;ZPIN;PEDIDO S/ MAIL ADJ.;;0;10;4;16/7/2026;ASIGNORELLI;1048086;CINTA AISLADORA 19MMX0.15MX18MTS.;5;Materiales usuales;CUMPLIDO;MR01;1;23/6/2026;5/7/2026;julio;10153072;360;1;23/6/2026;23/6/2026;C27;;0;;0;;;;;;;;0;5;;0;;;;0;0;;;;;0;0;;;;;;;;;0;;;;;;0;;;0;;;;;;0;;;0;0;;;;;1;;;1;11;0;23;;;23;;COMPRAS ABASTECIMIENTO
00007 COMERCIAL OF LICITACION;4000006916;10;ZPIN;26.24 TGS LINEAS VIN;;0;;4;26/6/2026;EPAONE;1012608;LOSETA DE HORMIGON 1,5x0,5 S/PLANO;300;Materiales genericos;RESPONDIDO;MR01;1;24/6/2026;11/7/2026;julio;10153157;10;1;24/6/2026;24/6/2026;PCO;;0;;0;;;;;;;;0;300;;0;;;;0;0;;;;;0;0;;;;;;;;;0;;;;;;0;;;0;;;;;;0;;;0;0;;;;;1;;1;;;0;2;;;2;;SIN GC
00007 COMERCIAL OF LICITACION;4000006917;10;ZPIN;26/24-TACA TACA;;0;10;4;3/7/2026;FRAMOS;1013130;EXAMEN PREOCUPACIONAL BASICO XUN;1;Servicios;CUMPLIDO;MR01;1;24/6/2026;10/7/2026;julio;10153159;10;1;24/6/2026;24/6/2026;PCO;;0;;0;;;;;;;;0;1;;0;;;;0;0;;;;;0;0;;;;;;;;;0;;;;;;0;;;0;;;;;;0;;;0;0;;;;;1;;1;;;0;9;;;9;;SIN GC
00007 COMERCIAL OF LICITACION;4000006917;20;ZPIN;26/24-TACA TACA;;0;10;4;1/7/2026;FRAMOS;1025931;SERVICIO DE INTERNET X MES;1;Servicios;CUMPLIDO;MR01;1;24/6/2026;10/7/2026;julio;10153159;20;1;24/6/2026;24/6/2026;PCO;;0;;0;;;;;;;;0;1;;0;;;;0;0;;;;;0;0;;;;;;;;;0;;;;;;0;;;0;;;;;;0;;;0;0;;;;;1;;1;;;0;7;;;7;;SIN GC
00007 COMERCIAL OF LICITACION;4000006917;30;ZPIN;26/24-TACA TACA;;0;10;4;8/7/2026;FRAMOS;1017311;GUANTE POLAR;1;Materiales usuales;CUMPLIDO;MR01;1;24/6/2026;10/7/2026;julio;10153159;30;1;24/6/2026;24/6/2026;PCO;;0;;0;;;;;;;;0;1;;0;;;;0;0;;;;;0;0;;;;;;;;;0;;;;;;0;;;0;;;;;;0;;;0;0;;;;;1;;1;;;0;14;;;14;;SIN GC
00007 COMERCIAL OF LICITACION;4000006917;40;ZPIN;26/24-TACA TACA;;0;10;4;8/7/2026;FRAMOS;1017306;CAPA PARA LLUVIA;1;Materiales usuales;CUMPLIDO;MR01;1;24/6/2026;10/7/2026;julio;10153159;40;1;24/6/2026;24/6/2026;PCO;;0;;0;;;;;;;;0;1;;0;;;;0;0;;;;;0;0;;;;;;;;;0;;;;;;0;;;0;;;;;;0;;;0;0;;;;;1;;1;;;0;14;;;14;;SIN GC
00007 COMERCIAL OF LICITACION;4000006917;50;ZPIN;26/24-TACA TACA;;0;10;4;8/7/2026;FRAMOS;1017304;CHALECO REFLECTIVO T.S;1;Materiales usuales;CUMPLIDO;MR01;1;24/6/2026;10/7/2026;julio;10153159;50;1;24/6/2026;24/6/2026;PCO;;0;;0;;;;;;;;0;1;;0;;;;0;0;;;;;0;0;;;;;;;;;0;;;;;;0;;;0;;;;;;0;;;0;0;;;;;1;;1;;;0;14;;;14;;SIN GC
00007 COMERCIAL OF LICITACION;4000006917;60;ZPIN;26/24-TACA TACA;;0;10;4;8/7/2026;FRAMOS;1017305;CASCOS;1;Materiales usuales;CUMPLIDO;MR01;1;24/6/2026;10/7/2026;julio;10153159;60;1;24/6/2026;24/6/2026;PCO;;0;;0;;;;;;;;0;1;;0;;;;0;0;;;;;0;0;;;;;;;;;0;;;;;;0;;;0;;;;;;0;;;0;0;;;;;1;;1;;;0;14;;;14;;SIN GC
00007 COMERCIAL OF LICITACION;4000006917;70;ZPIN;26/24-TACA TACA;;0;10;4;8/7/2026;FRAMOS;1017298;MASCARA RESPIRADORA;1;Materiales usuales;CUMPLIDO;MR01;1;24/6/2026;10/7/2026;julio;10153159;70;1;24/6/2026;24/6/2026;PCO;;0;;0;;;;;;;;0;1;;0;;;;0;0;;;;;0;0;;;;;;;;;0;;;;;;0;;;0;;;;;;0;;;0;0;;;;;1;;1;;;0;14;;;14;;SIN GC
00007 COMERCIAL OF LICITACION;4000006917;80;ZPIN;26/24-TACA TACA;;0;10;4;8/7/2026;FRAMOS;1017299;LENTES TRANSPARENTES;1;Materiales usuales;CUMPLIDO;MR01;1;24/6/2026;10/7/2026;julio;10153159;80;1;24/6/2026;24/6/2026;PCO;;0;;0;;;;;;;;0;1;;0;;;;0;0;;;;;0;0;;;;;;;;;0;;;;;;0;;;0;;;;;;0;;;0;0;;;;;1;;1;;;0;14;;;14;;SIN GC
00007 COMERCIAL OF LICITACION;4000006917;90;ZPIN;26/24-TACA TACA;;0;10;4;8/7/2026;FRAMOS;1017296;SEMIMASCARA 3M;1;Materiales usuales;CUMPLIDO;MR01;1;24/6/2026;10/7/2026;julio;10153159;90;1;24/6/2026;24/6/2026;PCO;;0;;0;;;;;;;;0;1;;0;;;;0;0;;;;;0;0;;;;;;;;;0;;;;;;0;;;0;;;;;;0;;;0;0;;;;;1;;1;;;0;14;;;14;;SIN GC
00007 COMERCIAL OF LICITACION;4000006917;100;ZPIN;26/24-TACA TACA;;0;10;4;8/7/2026;FRAMOS;1016386;CHOMBA ALG DAMA BLANCO TALLE L C LOGO;1;Materiales usuales;CUMPLIDO;MR01;1;24/6/2026;10/7/2026;julio;10153159;100;1;24/6/2026;24/6/2026;PCO;;0;;0;;;;;;;;0;1;;0;;;;0;0;;;;;0;0;;;;;;;;;0;;;;;;0;;;0;;;;;;0;;;0;0;;;;;1;;1;;;0;14;;;14;;SIN GC
00007 COMERCIAL OF LICITACION;4000006917;110;ZPIN;26/24-TACA TACA;;0;10;4;8/7/2026;FRAMOS;1016392;ZAPATILLA SEG DAMA FUNC CAPRI MARRON N37;1;Materiales usuales;CUMPLIDO;MR01;1;24/6/2026;10/7/2026;julio;10153159;110;1;24/6/2026;24/6/2026;PCO;;0;;0;;;;;;;;0;1;;0;;;;0;0;;;;;0;0;;;;;;;;;0;;;;;;0;;;0;;;;;;0;;;0;0;;;;;1;;1;;;0;14;;;14;;SIN GC
00007 COMERCIAL OF LICITACION;4000006917;120;ZPIN;26/24-TACA TACA;;0;10;4;8/7/2026;FRAMOS;1013141;SERVICIO DE INTERNET XDIA;1;Servicios;CUMPLIDO;MR01;1;24/6/2026;10/7/2026;julio;10153159;120;1;24/6/2026;24/6/2026;PCO;;0;;0;;;;;;;;0;1;;0;;;;0;0;;;;;0;0;;;;;;;;;0;;;;;;0;;;0;;;;;;0;;;0;0;;;;;1;;1;;;0;14;;;14;;SIN GC
00007 COMERCIAL OF LICITACION;4000006917;130;ZPIN;26/24-TACA TACA;;0;;4;21/7/2026;FRAMOS;1013113;TRANSPORTE DE PERSONAL XVIAJE;1;Servicios;RESPONDIDO;MR01;1;24/6/2026;30/7/2026;julio;10153159;130;1;24/6/2026;24/6/2026;PCO;;0;;0;;;;;;;;0;1;;0;;;;0;0;;;;;0;0;;;;;;;;;0;;;;;;0;;;0;;;;;;0;;;0;0;;;;;1;;1;;;0;27;;;27;;SIN GC
00007 COMERCIAL OF LICITACION;4000006917;140;ZPIN;26/24-TACA TACA;;0;10;4;8/7/2026;FRAMOS;1012700;CAMPERA C LOGO T XL S PEDIDO;1;Materiales genericos;CUMPLIDO;MR01;1;24/6/2026;10/7/2026;julio;10153159;140;1;24/6/2026;24/6/2026;PCO;;0;;0;;;;;;;;0;1;;0;;;;0;0;;;;;0;0;;;;;;;;;0;;;;;;0;;;0;;;;;;0;;;0;0;;;;;1;;1;;;0;14;;;14;;SIN GC
00007 COMERCIAL OF LICITACION;4000006917;150;ZPIN;26/24-TACA TACA;;0;10;4;8/7/2026;FRAMOS;1012692;REMERA ALGOD M CORTA LOGO T.L S PEDIDO;1;Materiales genericos;CUMPLIDO;MR01;1;24/6/2026;10/7/2026;julio;10153159;150;1;24/6/2026;24/6/2026;PCO;;0;;0;;;;;;;;0;1;;0;;;;0;0;;;;;0;0;;;;;;;;;0;;;;;;0;;;0;;;;;;0;;;0;0;;;;;1;;1;;;0;14;;;14;;SIN GC
00007 COMERCIAL OF LICITACION;4000006917;160;ZPIN;26/24-TACA TACA;;0;10;4;8/7/2026;FRAMOS;1012682;PANTALON TRABAJO T.44 S PEDIDO;1;Materiales genericos;CUMPLIDO;MR01;1;24/6/2026;10/7/2026;julio;10153159;160;1;24/6/2026;24/6/2026;PCO;;0;;0;;;;;;;;0;1;;0;;;;0;0;;;;;0;0;;;;;;;;;0;;;;;;0;;;0;;;;;;0;;;0;0;;;;;1;;1;;;0;14;;;14;;SIN GC
00007 COMERCIAL OF LICITACION;4000006917;170;ZPIN;26/24-TACA TACA;;0;10;4;8/7/2026;FRAMOS;1011996;GUANTE LATEX X100;1;Materiales usuales;CUMPLIDO;MR01;1;24/6/2026;10/7/2026;julio;10153159;170;1;24/6/2026;24/6/2026;PCO;;0;;0;;;;;;;;0;1;;0;;;;0;0;;;;;0;0;;;;;;;;;0;;;;;;0;;;0;;;;;;0;;;0;0;;;;;1;;1;;;0;14;;;14;;SIN GC
00007 COMERCIAL OF LICITACION;4000006917;180;ZPIN;26/24-TACA TACA;;0;10;4;8/7/2026;FRAMOS;1011825;MATAFUEGO ABC X10KG C/CERTF Y PRECINTO;1;Materiales usuales;CUMPLIDO;MR01;1;24/6/2026;10/7/2026;julio;10153159;180;1;24/6/2026;24/6/2026;PCO;;0;;0;;;;;;;;0;1;;0;;;;0;0;;;;;0;0;;;;;;;;;0;;;;;;0;;;0;;;;;;0;;;0;0;;;;;1;;1;;;0;14;;;14;;SIN GC
00007 COMERCIAL OF LICITACION;4000006917;190;ZPIN;26/24-TACA TACA;;0;10;4;8/7/2026;FRAMOS;1011833;PROTECTOR SOLAR CREMA FACTOR 60 X 90ML;1;Materiales usuales;CUMPLIDO;MR01;1;24/6/2026;10/7/2026;julio;10153159;190;1;24/6/2026;24/6/2026;PCO;;0;;0;;;;;;;;0;1;;0;;;;0;0;;;;;0;0;;;;;;;;;0;;;;;;0;;;0;;;;;;0;;;0;0;;;;;1;;1;;;0;14;;;14;;SIN GC
00007 COMERCIAL OF LICITACION;4000006917;200;ZPIN;26/24-TACA TACA;;0;10;4;8/7/2026;FRAMOS;1011765;TELEFONO CELULAR;1;Materiales usuales;CUMPLIDO;MR01;1;24/6/2026;10/7/2026;julio;10153159;200;1;24/6/2026;24/6/2026;PCO;;0;;0;;;;;;;;0;1;;0;;;;0;0;;;;;0;0;;;;;;;;;0;;;;;;0;;;0;;;;;;0;;;0;0;;;;;1;;1;;;0;14;;;14;;SIN GC
00007 COMERCIAL OF LICITACION;4000006917;210;ZPIN;26/24-TACA TACA;;0;10;4;8/7/2026;FRAMOS;1011724;JARDINERO TERMICO TALLE L;1;Materiales usuales;CUMPLIDO;MR01;1;24/6/2026;10/7/2026;julio;10153159;210;1;24/6/2026;24/6/2026;PCO;;0;;0;;;;;;;;0;1;;0;;;;0;0;;;;;0;0;;;;;;;;;0;;;;;;0;;;0;;;;;;0;;;0;0;;;;;1;;1;;;0;14;;;14;;SIN GC
00007 COMERCIAL OF LICITACION;4000006917;220;ZPIN;26/24-TACA TACA;;0;10;4;8/7/2026;FRAMOS;1011731;MAMELUCO IGNIFUGO T.L;1;Materiales usuales;CUMPLIDO;MR01;1;24/6/2026;10/7/2026;julio;10153159;220;1;24/6/2026;24/6/2026;PCO;;0;;0;;;;;;;;0;1;;0;;;;0;0;;;;;0;0;;;;;;;;;0;;;;;;0;;;0;;;;;;0;;;0;0;;;;;1;;1;;;0;14;;;14;;SIN GC
00007 COMERCIAL OF LICITACION;4000006917;230;ZPIN;26/24-TACA TACA;;0;10;4;8/7/2026;FRAMOS;1011715;CAMPERA NEGRA NEOPRENE C LOGO T L;1;Materiales usuales;CUMPLIDO;MR01;1;24/6/2026;10/7/2026;julio;10153159;230;1;24/6/2026;24/6/2026;PCO;;0;;0;;;;;;;;0;1;;0;;;;0;0;;;;;0;0;;;;;;;;;0;;;;;;0;;;0;;;;;;0;;;0;0;;;;;1;;1;;;0;14;;;14;;SIN GC
00007 COMERCIAL OF LICITACION;4000006917;240;ZPIN;26/24-TACA TACA;;0;10;4;8/7/2026;FRAMOS;1011709;BUZO ALGODON AZUL OSCURO C LOGO T L;1;Materiales usuales;CUMPLIDO;MR01;1;24/6/2026;10/7/2026;julio;10153159;240;1;24/6/2026;24/6/2026;PCO;;0;;0;;;;;;;;0;1;;0;;;;0;0;;;;;0;0;;;;;;;;;0;;;;;;0;;;0;;;;;;0;;;0;0;;;;;1;;1;;;0;14;;;14;;SIN GC
00007 COMERCIAL OF LICITACION;4000006917;250;ZPIN;26/24-TACA TACA;;0;10;4;8/7/2026;FRAMOS;1011702;REMERA ALGOD M CORTA NEGRA C LOGO T.L;1;Materiales usuales;CUMPLIDO;MR01;1;24/6/2026;10/7/2026;julio;10153159;250;1;24/6/2026;24/6/2026;PCO;;0;;0;;;;;;;;0;1;;0;;;;0;0;;;;;0;0;;;;;;;;;0;;;;;;0;;;0;;;;;;0;;;0;0;;;;;1;;1;;;0;14;;;14;;SIN GC
00007 COMERCIAL OF LICITACION;4000006917;260;ZPIN;26/24-TACA TACA;;0;10;4;8/7/2026;FRAMOS;1011672;PANTALON TRABAJO GRAFA AZUL T.48;1;Materiales usuales;CUMPLIDO;MR01;1;24/6/2026;10/7/2026;julio;10153159;260;1;24/6/2026;24/6/2026;PCO;;0;;0;;;;;;;;0;1;;0;;;;0;0;;;;;0;0;;;;;;;;;0;;;;;;0;;;0;;;;;;0;;;0;0;;;;;1;;1;;;0;14;;;14;;SIN GC
00007 COMERCIAL OF LICITACION;4000006917;270;ZPIN;26/24-TACA TACA;;0;10;4;8/7/2026;FRAMOS;1011344;GUANTE DE GOMA T.L;1;Materiales usuales;CUMPLIDO;MR01;1;24/6/2026;10/7/2026;julio;10153159;270;1;24/6/2026;24/6/2026;PCO;;0;;0;;;;;;;;0;1;;0;;;;0;0;;;;;0;0;;;;;;;;;0;;;;;;0;;;0;;;;;;0;;;0;0;;;;;1;;1;;;0;14;;;14;;SIN GC
00007 COMERCIAL OF LICITACION;4000006918;10;ZPIN;26.24 TGS LINEAS VIN;;0;;4;29/6/2026;EPAONE;1011814;MALLA DE ADVERTENCIA 30x100 AMARILLO;200;Materiales usuales;RESPONDIDO;MR01;1;24/6/2026;11/7/2026;julio;10153165;10;1;24/6/2026;24/6/2026;PCO;;0;;0;;;;;;;;0;200;;0;;;;0;0;;;;;0;0;;;;;;;;;0;;;;;;0;;;0;;;;;;0;;;0;0;;;;;1;;1;;;0;5;;;5;;SIN GC
00007 COMERCIAL OF LICITACION;4000006919;10;ZPIN;26.24 TGS LINEAS VIN;;0;10;4;1/7/2026;EPAONE;1022295;Servicio de agrimensura p/planos afectac;1;Servicios;CUMPLIDO;MR01;1;24/6/2026;10/7/2026;julio;10153232;10;1;24/6/2026;24/6/2026;PCO;;0;;0;;;;;;;;0;1;;0;;;;0;0;;;;;0;0;;;;;;;;;0;;;;;;0;;;0;;;;;;0;;;0;0;;;;;1;;1;;;0;7;;;7;;SIN GC
00007 COMERCIAL OF LICITACION;4000006921;10;ZPIN;22/26-McEwen-Prestri;;0;10;4;1/7/2026;LMEDINA;1022295;SERVICIO OBRA S DETALLE XUN;1;Servicios;CUMPLIDO;MR01;1;25/6/2026;6/7/2026;julio;10153259;10;1;25/6/2026;25/6/2026;PCO;;0;;0;;;;;;;;0;1;;0;;;;0;0;;;;;0;0;;;;;;;;;0;;;;;;0;;;0;;;;;;0;;;0;0;;;;;1;;1;;;0;6;;;6;;SIN GC
00007 COMERCIAL OF LICITACION;4000006921;20;ZPIN;22/26-McEwen-Prestri;;0;10;4;29/6/2026;LMEDINA;1025931;SERVICIO DE INTERNET X MES;1;Servicios;CUMPLIDO;MR01;1;25/6/2026;6/7/2026;julio;10153259;20;1;25/6/2026;25/6/2026;PCO;;0;;0;;;;;;;;0;1;;0;;;;0;0;;;;;0;0;;;;;;;;;0;;;;;;0;;;0;;;;;;0;;;0;0;;;;;1;;1;;;0;4;;;4;;SIN GC
00007 COMERCIAL OF LICITACION;4000006921;30;ZPIN;22/26-McEwen-Prestri;;0;10;4;1/7/2026;LMEDINA;1012873;LUBRICANTE S DETALLE;1;Materiales genericos;CUMPLIDO;MR01;1;25/6/2026;6/7/2026;julio;10153259;30;1;25/6/2026;25/6/2026;PCO;;0;;0;;;;;;;;0;1;;0;;;;0;0;;;;;0;0;;;;;;;;;0;;;;;;0;;;0;;;;;;0;;;0;0;;;;;1;;1;;;0;6;;;6;;SIN GC
00007 COMERCIAL OF LICITACION;4000006921;40;ZPIN;22/26-McEwen-Prestri;;0;10;4;29/6/2026;LMEDINA;1054491;RADIO HANDY;1;Materiales usuales;CUMPLIDO;MR01;1;25/6/2026;6/7/2026;julio;10153259;40;1;25/6/2026;25/6/2026;PCO;;0;;0;;;;;;;;0;1;;0;;;;0;0;;;;;0;0;;;;;;;;;0;;;;;;0;;;0;;;;;;0;;;0;0;;;;;1;;1;;;0;4;;;4;;SIN GC
00298 Añelo;4000006923;10;ZPIN;BAJA OC;;0;10;4;30/6/2026;DBENITEZ;1029185;BAJA OC 4500114431;1;Material No Valorado;CUMPLIDO;MR01;2;25/6/2026;30/6/2026;junio;10153317;10;1;25/6/2026;25/6/2026;C25;;0;;0;;;;;;;;0;1;;0;;;;0;0;;;;;0;0;;;;;;;;;0;;;;;;0;;;0;;;;;;0;;;0;0;;;;;1;;1;;;0;5;;;5;;COMPRAS ABASTECIMIENTO
00007 COMERCIAL OF LICITACION;4000006925;10;ZPIN;26.24 TGS LINEAS VIN;;0;;4;15/7/2026;EPAONE;1012782;MATERIALES PIPING S/ADJUNTO;1;Materiales genericos;RESPONDIDO;MR01;1;26/6/2026;10/7/2026;julio;10153411;10;1;26/6/2026;26/6/2026;PCO;;0;;0;;;;;;;;0;1;;0;;;;0;0;;;;;0;0;;;;;;;;;0;;;;;;0;;;0;;;;;;0;;;0;0;;;;;1;;;1;5;0;19;;;19;;SIN GC
0004 SERVICIO TECNICO PROYECTO;4000006926;10;ZPIN;CILINDRO BINOTTO 4 E;;0;10;4;3/7/2026;LNUNEZ;1057536;CILINDRO BINOTTO 4 ETAPAS - OMBU;1;Materiales Stock;CUMPLIDO;MR01;1;26/6/2026;26/6/2026;junio;10153412;10;1;26/6/2026;26/6/2026;C03;;0;;0;;;;;;;;0;1;;0;;;;0;0;;;;;0;0;;;;;;;;;0;;;;;;0;;;0;;;;;;0;;;0;0;;;;;1;;;1;7;0;7;;;7;;COMPRAS EQUIPOS
00005 TALLER;4000006933;10;ZPIN;PEDIDO INFORMACION -;;0;10;4;1/7/2026;SFLORES;1028930;ANILLO DE RETENCION;1;Materiales Stock;CUMPLIDO;MR01;1;30/6/2026;7/7/2026;julio;10153553;10;1;30/6/2026;30/6/2026;C03;;0;;0;;;;;;;;0;1;;0;;;;0;0;;;;;0;0;;;;;;;;;0;;;;;;0;;;0;;;;;;0;;;0;0;;;;;1;;1;;;0;1;;;1;;COMPRAS EQUIPOS
00005 TALLER;4000006933;20;ZPIN;PEDIDO INFORMACION -;;0;10;4;1/7/2026;SFLORES;1028972;SELLO ANULAR;1;Materiales Stock;CUMPLIDO;MR01;1;30/6/2026;7/7/2026;julio;10153553;20;1;30/6/2026;30/6/2026;C03;;0;;0;;;;;;;;0;1;;0;;;;0;0;;;;;0;0;;;;;;;;;0;;;;;;0;;;0;;;;;;0;;;0;0;;;;;1;;1;;;0;1;;;1;;COMPRAS EQUIPOS
00005 TALLER;4000006933;30;ZPIN;PEDIDO INFORMACION -;;0;10;4;1/7/2026;SFLORES;1028931;EMPAQUETADURA;1;Materiales Stock;CUMPLIDO;MR01;1;30/6/2026;7/7/2026;julio;10153553;30;1;30/6/2026;30/6/2026;C03;;0;;0;;;;;;;;0;1;;0;;;;0;0;;;;;0;0;;;;;;;;;0;;;;;;0;;;0;;;;;;0;;;0;0;;;;;1;;1;;;0;1;;;1;;COMPRAS EQUIPOS
00005 TALLER;4000006933;40;ZPIN;PEDIDO INFORMACION -;;0;10;4;1/7/2026;SFLORES;1028932;CONJUNTO DE RODILLO;1;Materiales Stock;CUMPLIDO;MR01;1;30/6/2026;7/7/2026;julio;10153553;40;1;30/6/2026;30/6/2026;C03;;0;;0;;;;;;;;0;1;;0;;;;0;0;;;;;0;0;;;;;;;;;0;;;;;;0;;;0;;;;;;0;;;0;0;;;;;1;;1;;;0;1;;;1;;COMPRAS EQUIPOS
00005 TALLER;4000006933;50;ZPIN;PEDIDO INFORMACION -;;0;10;4;1/7/2026;SFLORES;1028934;SELLO DE ACEITE;1;Materiales Stock;CUMPLIDO;MR01;1;30/6/2026;7/7/2026;julio;10153553;50;1;30/6/2026;30/6/2026;C03;;0;;0;;;;;;;;0;1;;0;;;;0;0;;;;;0;0;;;;;;;;;0;;;;;;0;;;0;;;;;;0;;;0;0;;;;;1;;1;;;0;1;;;1;;COMPRAS EQUIPOS
00005 TALLER;4000006933;60;ZPIN;PEDIDO INFORMACION -;;0;10;4;1/7/2026;SFLORES;1028935;SELLO DE LABIO;1;Materiales Stock;CUMPLIDO;MR01;1;30/6/2026;7/7/2026;julio;10153553;60;1;30/6/2026;30/6/2026;C03;;0;;0;;;;;;;;0;1;;0;;;;0;0;;;;;0;0;;;;;;;;;0;;;;;;0;;;0;;;;;;0;;;0;0;;;;;1;;1;;;0;1;;;1;;COMPRAS EQUIPOS
00005 TALLER;4000006933;70;ZPIN;PEDIDO INFORMACION -;;0;10;4;1/7/2026;SFLORES;1028936;SELLO ANULAR;2;Materiales Stock;CUMPLIDO;MR01;1;30/6/2026;7/7/2026;julio;10153553;70;1;30/6/2026;30/6/2026;C03;;0;;0;;;;;;;;0;2;;0;;;;0;0;;;;;0;0;;;;;;;;;0;;;;;;0;;;0;;;;;;0;;;0;0;;;;;1;;1;;;0;1;;;1;;COMPRAS EQUIPOS
00005 TALLER;4000006933;80;ZPIN;PEDIDO INFORMACION -;;0;10;4;1/7/2026;SFLORES;1028937;COJINETE DE BOLAS;1;Materiales Stock;CUMPLIDO;MR01;1;30/6/2026;7/7/2026;julio;10153553;80;1;30/6/2026;30/6/2026;C03;;0;;0;;;;;;;;0;1;;0;;;;0;0;;;;;0;0;;;;;;;;;0;;;;;;0;;;0;;;;;;0;;;0;0;;;;;1;;1;;;0;1;;;1;;COMPRAS EQUIPOS
00005 TALLER;4000006933;90;ZPIN;PEDIDO INFORMACION -;;0;10;4;1/7/2026;SFLORES;1028973;SELLO ANULAR;1;Materiales Stock;CUMPLIDO;MR01;1;30/6/2026;7/7/2026;julio;10153553;90;1;30/6/2026;30/6/2026;C03;;0;;0;;;;;;;;0;1;;0;;;;0;0;;;;;0;0;;;;;;;;;0;;;;;;0;;;0;;;;;;0;;;0;0;;;;;1;;1;;;0;1;;;1;;COMPRAS EQUIPOS
00005 TALLER;4000006933;100;ZPIN;PEDIDO INFORMACION -;;0;10;4;1/7/2026;SFLORES;1028938;ANILLO DE RETENCION;1;Materiales Stock;CUMPLIDO;MR01;1;30/6/2026;7/7/2026;julio;10153553;100;1;30/6/2026;30/6/2026;C03;;0;;0;;;;;;;;0;1;;0;;;;0;0;;;;;0;0;;;;;;;;;0;;;;;;0;;;0;;;;;;0;;;0;0;;;;;1;;1;;;0;1;;;1;;COMPRAS EQUIPOS
00005 TALLER;4000006933;110;ZPIN;PEDIDO INFORMACION -;;0;10;4;1/7/2026;SFLORES;1028560;ORING COBERTIDOR;1;Materiales Stock;CUMPLIDO;MR01;1;30/6/2026;7/7/2026;julio;10153553;110;1;30/6/2026;30/6/2026;C03;;0;;0;;;;;;;;0;1;;0;;;;0;0;;;;;0;0;;;;;;;;;0;;;;;;0;;;0;;;;;;0;;;0;0;;;;;1;;1;;;0;1;;;1;;COMPRAS EQUIPOS
00005 TALLER;4000006933;120;ZPIN;PEDIDO INFORMACION -;;0;10;4;1/7/2026;SFLORES;1028954;ANILLO DE SELLO METALICO;1;Materiales Stock;CUMPLIDO;MR01;1;30/6/2026;7/7/2026;julio;10153553;120;1;30/6/2026;30/6/2026;C03;;0;;0;;;;;;;;0;1;;0;;;;0;0;;;;;0;0;;;;;;;;;0;;;;;;0;;;0;;;;;;0;;;0;0;;;;;1;;1;;;0;1;;;1;;COMPRAS EQUIPOS
00005 TALLER;4000006933;130;ZPIN;PEDIDO INFORMACION -;;0;10;4;1/7/2026;SFLORES;1028955;ANILLO DE SELLO METALICO;1;Materiales Stock;CUMPLIDO;MR01;1;30/6/2026;7/7/2026;julio;10153553;130;1;30/6/2026;30/6/2026;C03;;0;;0;;;;;;;;0;1;;0;;;;0;0;;;;;0;0;;;;;;;;;0;;;;;;0;;;0;;;;;;0;;;0;0;;;;;1;;1;;;0;1;;;1;;COMPRAS EQUIPOS
00005 TALLER;4000006933;140;ZPIN;PEDIDO INFORMACION -;;0;10;4;1/7/2026;SFLORES;1057611;PORTA ANILLO DE SELLO ACEITE;1;Materiales Stock;CUMPLIDO;MR01;1;30/6/2026;7/7/2026;julio;10153553;140;1;30/6/2026;30/6/2026;C03;;0;;0;;;;;;;;0;1;;0;;;;0;0;;;;;0;0;;;;;;;;;0;;;;;;0;;;0;;;;;;0;;;0;0;;;;;1;;1;;;0;1;;;1;;COMPRAS EQUIPOS
00005 TALLER;4000006933;150;ZPIN;PEDIDO INFORMACION -;;0;10;4;1/7/2026;SFLORES;1057612;SOPORTE DE COJINETE;1;Materiales Stock;CUMPLIDO;MR01;1;30/6/2026;7/7/2026;julio;10153553;150;1;30/6/2026;30/6/2026;C03;;0;;0;;;;;;;;0;1;;0;;;;0;0;;;;;0;0;;;;;;;;;0;;;;;;0;;;0;;;;;;0;;;0;0;;;;;1;;1;;;0;1;;;1;;COMPRAS EQUIPOS
00005 TALLER;4000006933;160;ZPIN;PEDIDO INFORMACION -;;0;10;3;1/7/2026;SFLORES;1057613;BRIDA DE SALIDA DEL CONVERTIDOR;2;Materiales Stock;CUMPLIDO;MR01;1;30/6/2026;7/7/2026;julio;10153553;160;1;30/6/2026;30/6/2026;C03;;0;;0;;;;;;;;0;2;;0;;;;0;0;;;;;0;0;;;;;;;;;0;;;;;;0;;;0;;;;;;0;;;0;0;;;;;1;;1;;;0;1;;;1;;COMPRAS EQUIPOS
00005 TALLER;4000006933;170;ZPIN;PEDIDO INFORMACION -;;0;10;4;1/7/2026;SFLORES;1028957;BUJE;2;Materiales Stock;CUMPLIDO;MR01;1;30/6/2026;7/7/2026;julio;10153553;170;1;30/6/2026;30/6/2026;C03;;0;;0;;;;;;;;0;2;;0;;;;0;0;;;;;0;0;;;;;;;;;0;;;;;;0;;;0;;;;;;0;;;0;0;;;;;1;;1;;;0;1;;;1;;COMPRAS EQUIPOS
00005 TALLER;4000006933;180;ZPIN;PEDIDO INFORMACION -;;0;10;4;1/7/2026;SFLORES;1028958;COJINETE DE BOLAS;1;Materiales Stock;CUMPLIDO;MR01;1;30/6/2026;7/7/2026;julio;10153553;180;1;30/6/2026;30/6/2026;C03;;0;;0;;;;;;;;0;1;;0;;;;0;0;;;;;0;0;;;;;;;;;0;;;;;;0;;;0;;;;;;0;;;0;0;;;;;1;;1;;;0;1;;;1;;COMPRAS EQUIPOS
00005 TALLER;4000006933;190;ZPIN;PEDIDO INFORMACION -;;0;10;4;1/7/2026;SFLORES;1057614;CONJUNTO ESTATOR;1;Materiales Stock;CUMPLIDO;MR01;1;30/6/2026;7/7/2026;julio;10153553;190;1;30/6/2026;30/6/2026;C03;;0;;0;;;;;;;;0;1;;0;;;;0;0;;;;;0;0;;;;;;;;;0;;;;;;0;;;0;;;;;;0;;;0;0;;;;;1;;1;;;0;1;;;1;;COMPRAS EQUIPOS
00005 TALLER;4000006933;210;ZPIN;PEDIDO INFORMACION -;;0;10;4;1/7/2026;SFLORES;1028960;COJINETE DE BOLAS;1;Materiales Stock;CUMPLIDO;MR01;1;30/6/2026;7/7/2026;julio;10153553;200;1;30/6/2026;30/6/2026;C03;;0;;0;;;;;;;;0;1;;0;;;;0;0;;;;;0;0;;;;;;;;;0;;;;;;0;;;0;;;;;;0;;;0;0;;;;;1;;1;;;0;1;;;1;;COMPRAS EQUIPOS
00005 TALLER;4000006933;220;ZPIN;PEDIDO INFORMACION -;;0;10;4;1/7/2026;SFLORES;1028961;ANILLO DE RESORTE;1;Materiales Stock;CUMPLIDO;MR01;1;30/6/2026;7/7/2026;julio;10153553;210;1;30/6/2026;30/6/2026;C03;;0;;0;;;;;;;;0;1;;0;;;;0;0;;;;;0;0;;;;;;;;;0;;;;;;0;;;0;;;;;;0;;;0;0;;;;;1;;1;;;0;1;;;1;;COMPRAS EQUIPOS
00005 TALLER;4000006933;230;ZPIN;PEDIDO INFORMACION -;;0;10;4;1/7/2026;SFLORES;1028962;PASADOR DE RESORTE;6;Materiales Stock;CUMPLIDO;MR01;1;30/6/2026;7/7/2026;julio;10153553;220;1;30/6/2026;30/6/2026;C03;;0;;0;;;;;;;;0;6;;0;;;;0;0;;;;;0;0;;;;;;;;;0;;;;;;0;;;0;;;;;;0;;;0;0;;;;;1;;1;;;0;1;;;1;;COMPRAS EQUIPOS
00005 TALLER;4000006933;250;ZPIN;PEDIDO INFORMACION -;;0;10;4;1/7/2026;SFLORES;1029717;ENGRANAJE DE PLANETARIO;3;Materiales Stock;CUMPLIDO;MR01;1;30/6/2026;7/7/2026;julio;10153553;230;1;30/6/2026;30/6/2026;C03;;0;;0;;;;;;;;0;3;;0;;;;0;0;;;;;0;0;;;;;;;;;0;;;;;;0;;;0;;;;;;0;;;0;0;;;;;1;;1;;;0;1;;;1;;COMPRAS EQUIPOS
00005 TALLER;4000006933;260;ZPIN;PEDIDO INFORMACION -;;0;10;4;1/7/2026;SFLORES;1029716;EJE PLANETARIO DE TRANSMISION;3;Materiales Stock;CUMPLIDO;MR01;1;30/6/2026;7/7/2026;julio;10153553;240;1;30/6/2026;30/6/2026;C03;;0;;0;;;;;;;;0;3;;0;;;;0;0;;;;;0;0;;;;;;;;;0;;;;;;0;;;0;;;;;;0;;;0;0;;;;;1;;1;;;0;1;;;1;;COMPRAS EQUIPOS
00005 TALLER;4000006933;270;ZPIN;PEDIDO INFORMACION -;;0;10;4;1/7/2026;SFLORES;1041777;RETENEDOR;1;Materiales Stock;CUMPLIDO;MR01;1;30/6/2026;7/7/2026;julio;10153553;250;1;30/6/2026;30/6/2026;C03;;0;;0;;;;;;;;0;1;;0;;;;0;0;;;;;0;0;;;;;;;;;0;;;;;;0;;;0;;;;;;0;;;0;0;;;;;1;;1;;;0;1;;;1;;COMPRAS EQUIPOS
00005 TALLER;4000006933;280;ZPIN;PEDIDO INFORMACION -;;0;10;4;1/7/2026;SFLORES;1028945;ANILLO DE RESORTE;1;Materiales Stock;CUMPLIDO;MR01;1;30/6/2026;7/7/2026;julio;10153553;260;1;30/6/2026;30/6/2026;C03;;0;;0;;;;;;;;0;1;;0;;;;0;0;;;;;0;0;;;;;;;;;0;;;;;;0;;;0;;;;;;0;;;0;0;;;;;1;;1;;;0;1;;;1;;COMPRAS EQUIPOS
00005 TALLER;4000006933;290;ZPIN;PEDIDO INFORMACION -;;0;10;4;1/7/2026;SFLORES;1028882;CONJUNTO DE COJINETE DE RODILLOS;3;Materiales Stock;CUMPLIDO;MR01;1;30/6/2026;7/7/2026;julio;10153553;270;1;30/6/2026;30/6/2026;C03;;0;;0;;;;;;;;0;3;;0;;;;0;0;;;;;0;0;;;;;;;;;0;;;;;;0;;;0;;;;;;0;;;0;0;;;;;1;;1;;;0;1;;;1;;COMPRAS EQUIPOS
00005 TALLER;4000006933;300;ZPIN;PEDIDO INFORMACION -;;0;10;4;1/7/2026;SFLORES;1028946;DISCO DE EMPUJE;6;Materiales Stock;CUMPLIDO;MR01;1;30/6/2026;7/7/2026;julio;10153553;280;1;30/6/2026;30/6/2026;C03;;0;;0;;;;;;;;0;6;;0;;;;0;0;;;;;0;0;;;;;;;;;0;;;;;;0;;;0;;;;;;0;;;0;0;;;;;1;;1;;;0;1;;;1;;COMPRAS EQUIPOS
00005 TALLER;4000006933;310;ZPIN;PEDIDO INFORMACION -;;0;10;4;1/7/2026;SFLORES;1028947;ANILLO DE SELLO METALICO;1;Materiales Stock;CUMPLIDO;MR01;1;30/6/2026;7/7/2026;julio;10153553;290;1;30/6/2026;30/6/2026;C03;;0;;0;;;;;;;;0;1;;0;;;;0;0;;;;;0;0;;;;;;;;;0;;;;;;0;;;0;;;;;;0;;;0;0;;;;;1;;1;;;0;1;;;1;;COMPRAS EQUIPOS
00005 TALLER;4000006933;320;ZPIN;PEDIDO INFORMACION -;;0;10;4;1/7/2026;SFLORES;1057615;EJE CENTRAL DEL CONVERTIDOR PAR;1;Materiales Stock;CUMPLIDO;MR01;1;30/6/2026;7/7/2026;julio;10153553;300;1;30/6/2026;30/6/2026;C03;;0;;0;;;;;;;;0;1;;0;;;;0;0;;;;;0;0;;;;;;;;;0;;;;;;0;;;0;;;;;;0;;;0;0;;;;;1;;1;;;0;1;;;1;;COMPRAS EQUIPOS
00005 TALLER;4000006933;330;ZPIN;PEDIDO INFORMACION -;;0;10;4;1/7/2026;SFLORES;1028948;COJINETE DE BOLAS;1;Materiales Stock;CUMPLIDO;MR01;1;30/6/2026;7/7/2026;julio;10153553;310;1;30/6/2026;30/6/2026;C03;;0;;0;;;;;;;;0;1;;0;;;;0;0;;;;;0;0;;;;;;;;;0;;;;;;0;;;0;;;;;;0;;;0;0;;;;;1;;1;;;0;1;;;1;;COMPRAS EQUIPOS
00005 TALLER;4000006933;340;ZPIN;PEDIDO INFORMACION -;;0;10;4;1/7/2026;SFLORES;1028949;PASADOR DE RESORTE;2;Materiales Stock;CUMPLIDO;MR01;1;30/6/2026;7/7/2026;julio;10153553;320;1;30/6/2026;30/6/2026;C03;;0;;0;;;;;;;;0;2;;0;;;;0;0;;;;;0;0;;;;;;;;;0;;;;;;0;;;0;;;;;;0;;;0;0;;;;;1;;1;;;0;1;;;1;;COMPRAS EQUIPOS
00005 TALLER;4000006933;350;ZPIN;PEDIDO INFORMACION -;;0;10;4;1/7/2026;SFLORES;1028913;PASADOR DE RESORTE;3;Materiales Stock;CUMPLIDO;MR01;1;30/6/2026;7/7/2026;julio;10153553;330;1;30/6/2026;30/6/2026;C03;;0;;0;;;;;;;;0;3;;0;;;;0;0;;;;;0;0;;;;;;;;;0;;;;;;0;;;0;;;;;;0;;;0;0;;;;;1;;1;;;0;1;;;1;;COMPRAS EQUIPOS
00005 TALLER;4000006933;360;ZPIN;PEDIDO INFORMACION -;;0;10;4;1/7/2026;SFLORES;1028950;ANILLO DE TRABA;1;Materiales Stock;CUMPLIDO;MR01;1;30/6/2026;7/7/2026;julio;10153553;340;1;30/6/2026;30/6/2026;C03;;0;;0;;;;;;;;0;1;;0;;;;0;0;;;;;0;0;;;;;;;;;0;;;;;;0;;;0;;;;;;0;;;0;0;;;;;1;;1;;;0;1;;;1;;COMPRAS EQUIPOS
00005 TALLER;4000006933;370;ZPIN;PEDIDO INFORMACION -;;0;10;4;1/7/2026;SFLORES;1028951;PISTA DE COJINETE DE RODILLO ESPECIAL;1;Materiales Stock;CUMPLIDO;MR01;1;30/6/2026;7/7/2026;julio;10153553;350;1;30/6/2026;30/6/2026;C03;;0;;0;;;;;;;;0;1;;0;;;;0;0;;;;;0;0;;;;;;;;;0;;;;;;0;;;0;;;;;;0;;;0;0;;;;;1;;1;;;0;1;;;1;;COMPRAS EQUIPOS
00005 TALLER;4000006933;380;ZPIN;PEDIDO INFORMACION -;;0;10;4;1/7/2026;SFLORES;1028952;ANILLO;1;Materiales Stock;CUMPLIDO;MR01;1;30/6/2026;7/7/2026;julio;10153553;360;1;30/6/2026;30/6/2026;C03;;0;;0;;;;;;;;0;1;;0;;;;0;0;;;;;0;0;;;;;;;;;0;;;;;;0;;;0;;;;;;0;;;0;0;;;;;1;;1;;;0;1;;;1;;COMPRAS EQUIPOS
00005 TALLER;4000006933;390;ZPIN;PEDIDO INFORMACION -;;0;10;4;1/7/2026;SFLORES;1028953;ANILLO DE RETENCION;1;Materiales Stock;CUMPLIDO;MR01;1;30/6/2026;7/7/2026;julio;10153553;370;1;30/6/2026;30/6/2026;C03;;0;;0;;;;;;;;0;1;;0;;;;0;0;;;;;0;0;;;;;;;;;0;;;;;;0;;;0;;;;;;0;;;0;0;;;;;1;;1;;;0;1;;;1;;COMPRAS EQUIPOS
00005 TALLER;4000006933;400;ZPIN;PEDIDO INFORMACION -;;0;10;4;1/7/2026;SFLORES;1041775;ESPACIADOR DE ACERO;1;Materiales Stock;CUMPLIDO;MR01;1;30/6/2026;7/7/2026;julio;10153553;380;1;30/6/2026;30/6/2026;C03;;0;;0;;;;;;;;0;1;;0;;;;0;0;;;;;0;0;;;;;;;;;0;;;;;;0;;;0;;;;;;0;;;0;0;;;;;1;;1;;;0;1;;;1;;COMPRAS EQUIPOS
00005 TALLER;4000006933;410;ZPIN;PEDIDO INFORMACION -;;0;10;4;1/7/2026;SFLORES;1043023;ESPACIADOR;5;Materiales Stock;CUMPLIDO;MR01;1;30/6/2026;7/7/2026;julio;10153553;390;1;30/6/2026;30/6/2026;C03;;0;;0;;;;;;;;0;5;;0;;;;0;0;;;;;0;0;;;;;;;;;0;;;;;;0;;;0;;;;;;0;;;0;0;;;;;1;;1;;;0;1;;;1;;COMPRAS EQUIPOS
00005 TALLER;4000006933;420;ZPIN;PEDIDO INFORMACION -;;0;10;4;1/7/2026;SFLORES;1043028;RESORTE DE COMPRESION;1;Materiales Stock;CUMPLIDO;MR01;1;30/6/2026;7/7/2026;julio;10153553;400;1;30/6/2026;30/6/2026;C03;;0;;0;;;;;;;;0;1;;0;;;;0;0;;;;;0;0;;;;;;;;;0;;;;;;0;;;0;;;;;;0;;;0;0;;;;;1;;1;;;0;1;;;1;;COMPRAS EQUIPOS
00005 TALLER;4000006933;430;ZPIN;PEDIDO INFORMACION -;;0;10;4;1/7/2026;SFLORES;1043029;RESORTE DE COMPRESION;1;Materiales Stock;CUMPLIDO;MR01;1;30/6/2026;7/7/2026;julio;10153553;410;1;30/6/2026;30/6/2026;C03;;0;;0;;;;;;;;0;1;;0;;;;0;0;;;;;0;0;;;;;;;;;0;;;;;;0;;;0;;;;;;0;;;0;0;;;;;1;;1;;;0;1;;;1;;COMPRAS EQUIPOS
00005 TALLER;4000006933;440;ZPIN;PEDIDO INFORMACION -;;0;10;4;1/7/2026;SFLORES;1029720;SELLO;4;Materiales Stock;CUMPLIDO;MR01;1;30/6/2026;7/7/2026;julio;10153553;420;1;30/6/2026;30/6/2026;C03;;0;;0;;;;;;;;0;4;;0;;;;0;0;;;;;0;0;;;;;;;;;0;;;;;;0;;;0;;;;;;0;;;0;0;;;;;1;;1;;;0;1;;;1;;COMPRAS EQUIPOS
00005 TALLER;4000006933;450;ZPIN;PEDIDO INFORMACION -;;0;10;4;1/7/2026;SFLORES;1028966;SELLO ANULAR;1;Materiales Stock;CUMPLIDO;MR01;1;30/6/2026;7/7/2026;julio;10153553;430;1;30/6/2026;30/6/2026;C03;;0;;0;;;;;;;;0;1;;0;;;;0;0;;;;;0;0;;;;;;;;;0;;;;;;0;;;0;;;;;;0;;;0;0;;;;;1;;1;;;0;1;;;1;;COMPRAS EQUIPOS
00005 TALLER;4000006933;460;ZPIN;PEDIDO INFORMACION -;;0;10;4;1/7/2026;SFLORES;1003967;SEAL-O RING;1;Materiales Stock;CUMPLIDO;MR01;1;30/6/2026;7/7/2026;julio;10153553;440;1;30/6/2026;30/6/2026;C29;;0;;0;;;;;;;;0;1;;0;;;;0;0;;;;;0;0;;;;;;;;;0;;;;;;0;;;0;;;;;;0;;;0;0;;;;;1;;1;;;0;1;;;1;;COMPRAS ABASTECIMIENTO
00005 TALLER;4000006933;480;ZPIN;PEDIDO INFORMACION -;;0;10;4;1/7/2026;SFLORES;1029719;VALVULA DE ALIVIO;1;Materiales Stock;CUMPLIDO;MR01;1;30/6/2026;7/7/2026;julio;10153553;450;1;30/6/2026;30/6/2026;C03;;0;;0;;;;;;;;0;1;;0;;;;0;0;;;;;0;0;;;;;;;;;0;;;;;;0;;;0;;;;;;0;;;0;0;;;;;1;;1;;;0;1;;;1;;COMPRAS EQUIPOS
00007 COMERCIAL OF LICITACION;4000006934;10;ZPIN;22/26-McEwen-Prestri;;0;10;4;8/7/2026;LMEDINA;1013021;Ver Anexo Certificaciones;1;Servicios;CUMPLIDO;MR01;1;1/7/2026;8/7/2026;julio;10153651;10;1;1/7/2026;1/7/2026;PCO;;0;;0;;;;;;;;0;1;;0;;;;0;0;;;;;0;0;;;;;;;;;0;;;;;;0;;;0;;;;;;0;;;0;0;;;;;1;;1;;;0;7;;;7;;SIN GC
00007 COMERCIAL OF LICITACION;4000006934;20;ZPIN;22/26-McEwen-Prestri;;0;10;4;8/7/2026;LMEDINA;1016081;Ver Anexo Certificaciones;1;Servicios;CUMPLIDO;MR01;1;1/7/2026;8/7/2026;julio;10153651;20;1;1/7/2026;1/7/2026;PCO;;0;;0;;;;;;;;0;1;;0;;;;0;0;;;;;0;0;;;;;;;;;0;;;;;;0;;;0;;;;;;0;;;0;0;;;;;1;;1;;;0;7;;;7;;SIN GC
00007 COMERCIAL OF LICITACION;4000006936;10;ZPIN;24/26 CP N3-Lineas V;;0;;4;14/7/2026;GBACCELLI;1012799;Controlador de flujo Emerson FB3000;1;Materiales genericos;RESPONDIDO;MR01;1;1/7/2026;8/7/2026;julio;10153743;10;1;1/7/2026;1/7/2026;PCO;;0;;0;;;;;;;;0;1;;0;;;;0;0;;;;;0;0;;;;;;;;;0;;;;;;0;;;0;;;;;;0;;;0;0;;;;;1;;;1;6;0;13;;;13;;SIN GC
00007 COMERCIAL OF LICITACION;4000006939;10;ZPIN;26.30 YPF - RPN°7;;0;10;4;8/7/2026;LAFFATATO;1025934;Baños químicos;1;Servicios;CUMPLIDO;MR01;1;3/7/2026;15/7/2026;julio;10153846;10;1;3/7/2026;3/7/2026;PCO;;0;;0;;;;;;;;0;1;;0;;;;0;0;;;;;0;0;;;;;;;;;0;;;;;;0;;;0;;;;;;0;;;0;0;;;;;1;;1;;;0;5;;;5;;SIN GC
00007 COMERCIAL OF LICITACION;4000006939;20;ZPIN;26.30 YPF - RPN°7;;0;10;4;12/7/2026;LAFFATATO;1010725;Bidones de agua;1;Materiales usuales;CUMPLIDO;MR01;1;3/7/2026;15/7/2026;julio;10153846;20;1;3/7/2026;3/7/2026;PCO;;0;;0;;;;;;;;0;1;;0;;;;0;0;;;;;0;0;;;;;;;;;0;;;;;;0;;;0;;;;;;0;;;0;0;;;;;1;;1;;;0;9;;;9;;SIN GC
00007 COMERCIAL OF LICITACION;4000006939;30;ZPIN;26.30 YPF - RPN°7;;0;10;4;8/7/2026;LAFFATATO;1013128;Ambulancia y servicio de atención;1;Servicios;CUMPLIDO;MR01;1;3/7/2026;15/7/2026;julio;10153846;30;1;3/7/2026;3/7/2026;PCO;;0;;0;;;;;;;;0;1;;0;;;;0;0;;;;;0;0;;;;;;;;;0;;;;;;0;;;0;;;;;;0;;;0;0;;;;;1;;1;;;0;5;;;5;;SIN GC
00007 COMERCIAL OF LICITACION;4000006939;40;ZPIN;26.30 YPF - RPN°7;;0;10;4;8/7/2026;LAFFATATO;1013130;Preocupacionales;1;Servicios;CUMPLIDO;MR01;1;3/7/2026;15/7/2026;julio;10153846;40;1;3/7/2026;3/7/2026;PCO;;0;;0;;;;;;;;0;1;;0;;;;0;0;;;;;0;0;;;;;;;;;0;;;;;;0;;;0;;;;;;0;;;0;0;;;;;1;;1;;;0;5;;;5;;SIN GC
00007 COMERCIAL OF LICITACION;4000006939;50;ZPIN;26.30 YPF - RPN°7;;0;10;4;8/7/2026;LAFFATATO;1013147;Servicio de vigilancia nocturna;1;Servicios;CUMPLIDO;MR01;1;3/7/2026;15/7/2026;julio;10153846;50;1;3/7/2026;3/7/2026;PCO;;0;;0;;;;;;;;0;1;;0;;;;0;0;;;;;0;0;;;;;;;;;0;;;;;;0;;;0;;;;;;0;;;0;0;;;;;1;;1;;;0;5;;;5;;SIN GC
00007 COMERCIAL OF LICITACION;4000006939;60;ZPIN;26.30 YPF - RPN°7;;0;10;4;12/7/2026;LAFFATATO;1013113;Servicio de transporte de personal;1;Servicios;CUMPLIDO;MR01;1;3/7/2026;15/7/2026;julio;10153846;60;1;3/7/2026;3/7/2026;PCO;;0;;0;;;;;;;;0;1;;0;;;;0;0;;;;;0;0;;;;;;;;;0;;;;;;0;;;0;;;;;;0;;;0;0;;;;;1;;1;;;0;9;;;9;;SIN GC
00007 COMERCIAL OF LICITACION;4000006939;70;ZPIN;26.30 YPF - RPN°7;;0;10;4;8/7/2026;LAFFATATO;1026044;Servicio de viandas;1;Servicios;CUMPLIDO;MR01;1;3/7/2026;15/7/2026;julio;10153846;70;1;3/7/2026;3/7/2026;PCO;;0;;0;;;;;;;;0;1;;0;;;;0;0;;;;;0;0;;;;;;;;;0;;;;;;0;;;0;;;;;;0;;;0;0;;;;;1;;1;;;0;5;;;5;;SIN GC
00007 COMERCIAL OF LICITACION;4000006941;10;ZPIN;26-23 - Bulk Earthwo;;0;;4;15/7/2026;MBALAUZ;1011124;400 Tn de Cemento Puzolánico;1;Materiales usuales;RESPONDIDO;MR01;1;6/7/2026;14/7/2026;julio;10153961;10;1;6/7/2026;6/7/2026;PCO;;0;;0;;;;;;;;0;1;;0;;;;0;0;;;;;0;0;;;;;;;;;0;;;;;;0;;;0;;;;;;0;;;0;0;;;;;1;;;1;1;0;9;;;9;;SIN GC
0004 SERVICIO TECNICO PROYECTO;4000006942;10;ZPIN;PEDIDO INFORMACION T;;0;;4;16/7/2026;MADAMOSI;1057703;ARTICULACION ELASTICA (MANCHON);1;Materiales Stock;RESPONDIDO;MR01;1;6/7/2026;6/7/2026;julio;10153979;10;1;6/7/2026;6/7/2026;C03;;0;;0;;;;;;;;0;1;;0;;;;0;0;;;;;0;0;;;;;;;;;0;;;;;;0;;;0;;;;;;0;;;0;0;;;;;1;;;1;10;0;10;;;10;;COMPRAS EQUIPOS
0004 SERVICIO TECNICO PROYECTO;4000006942;20;ZPIN;PEDIDO INFORMACION T;;0;;4;16/7/2026;MADAMOSI;1057704;TORNILLO;1;Materiales Stock;RESPONDIDO;MR01;1;6/7/2026;6/7/2026;julio;10153979;20;1;6/7/2026;6/7/2026;C03;;0;;0;;;;;;;;0;1;;0;;;;0;0;;;;;0;0;;;;;;;;;0;;;;;;0;;;0;;;;;;0;;;0;0;;;;;1;;;1;10;0;10;;;10;;COMPRAS EQUIPOS
0004 SERVICIO TECNICO PROYECTO;4000006942;30;ZPIN;PEDIDO INFORMACION T;;0;;4;16/7/2026;MADAMOSI;1057705;LLAVE;1;Materiales Stock;RESPONDIDO;MR01;1;6/7/2026;6/7/2026;julio;10153979;30;1;6/7/2026;6/7/2026;C03;;0;;0;;;;;;;;0;1;;0;;;;0;0;;;;;0;0;;;;;;;;;0;;;;;;0;;;0;;;;;;0;;;0;0;;;;;1;;;1;10;0;10;;;10;;COMPRAS EQUIPOS
0004 SERVICIO TECNICO PROYECTO;4000006942;40;ZPIN;PEDIDO INFORMACION T;;0;;4;16/7/2026;MADAMOSI;1057707;CUBO;1;Materiales Stock;RESPONDIDO;MR01;1;6/7/2026;6/7/2026;julio;10153979;40;1;6/7/2026;6/7/2026;C03;;0;;0;;;;;;;;0;1;;0;;;;0;0;;;;;0;0;;;;;;;;;0;;;;;;0;;;0;;;;;;0;;;0;0;;;;;1;;;1;10;0;10;;;10;;COMPRAS EQUIPOS
0004 SERVICIO TECNICO PROYECTO;4000006942;50;ZPIN;PEDIDO INFORMACION T;;0;;4;16/7/2026;MADAMOSI;1057708;JUNTA;1;Materiales Stock;RESPONDIDO;MR01;1;6/7/2026;6/7/2026;julio;10153979;50;1;6/7/2026;6/7/2026;C03;;0;;0;;;;;;;;0;1;;0;;;;0;0;;;;;0;0;;;;;;;;;0;;;;;;0;;;0;;;;;;0;;;0;0;;;;;1;;;1;10;0;10;;;10;;COMPRAS EQUIPOS
0004 SERVICIO TECNICO PROYECTO;4000006942;60;ZPIN;PEDIDO INFORMACION T;;0;;4;16/7/2026;MADAMOSI;1057709;CONJUNTO RUEDA;1;Materiales Stock;RESPONDIDO;MR01;1;6/7/2026;6/7/2026;julio;10153979;60;1;6/7/2026;6/7/2026;C03;;0;;0;;;;;;;;0;1;;0;;;;0;0;;;;;0;0;;;;;;;;;0;;;;;;0;;;0;;;;;;0;;;0;0;;;;;1;;;1;10;0;10;;;10;;COMPRAS EQUIPOS
0004 SERVICIO TECNICO PROYECTO;4000006942;70;ZPIN;PEDIDO INFORMACION T;;0;;4;16/7/2026;MADAMOSI;1057710;CUBO;1;Materiales Stock;RESPONDIDO;MR01;1;6/7/2026;6/7/2026;julio;10153979;70;1;6/7/2026;6/7/2026;C03;;0;;0;;;;;;;;0;1;;0;;;;0;0;;;;;0;0;;;;;;;;;0;;;;;;0;;;0;;;;;;0;;;0;0;;;;;1;;;1;10;0;10;;;10;;COMPRAS EQUIPOS
0004 SERVICIO TECNICO PROYECTO;4000006942;90;ZPIN;PEDIDO INFORMACION T;;0;;4;16/7/2026;MADAMOSI;1057712;COJINETE (RODAMIENTO);1;Materiales Stock;RESPONDIDO;MR01;1;6/7/2026;6/7/2026;julio;10153979;90;1;6/7/2026;6/7/2026;C03;;0;;0;;;;;;;;0;1;;0;;;;0;0;;;;;0;0;;;;;;;;;0;;;;;;0;;;0;;;;;;0;;;0;0;;;;;1;;;1;10;0;10;;;10;;COMPRAS EQUIPOS
0004 SERVICIO TECNICO PROYECTO;4000006942;100;ZPIN;PEDIDO INFORMACION T;;0;;4;16/7/2026;MADAMOSI;1057713;SELLO;1;Materiales Stock;RESPONDIDO;MR01;1;6/7/2026;6/7/2026;julio;10153979;100;1;6/7/2026;6/7/2026;C03;;0;;0;;;;;;;;0;1;;0;;;;0;0;;;;;0;0;;;;;;;;;0;;;;;;0;;;0;;;;;;0;;;0;0;;;;;1;;;1;10;0;10;;;10;;COMPRAS EQUIPOS
0004 SERVICIO TECNICO PROYECTO;4000006942;110;ZPIN;PEDIDO INFORMACION T;;0;;4;16/7/2026;MADAMOSI;1057714;O'RING;1;Materiales Stock;RESPONDIDO;MR01;1;6/7/2026;6/7/2026;julio;10153979;110;1;6/7/2026;6/7/2026;C03;;0;;0;;;;;;;;0;1;;0;;;;0;0;;;;;0;0;;;;;;;;;0;;;;;;0;;;0;;;;;;0;;;0;0;;;;;1;;;1;10;0;10;;;10;;COMPRAS EQUIPOS
0004 SERVICIO TECNICO PROYECTO;4000006942;120;ZPIN;PEDIDO INFORMACION T;;0;;4;16/7/2026;MADAMOSI;1057715;CABLE;1;Materiales Stock;RESPONDIDO;MR01;1;6/7/2026;6/7/2026;julio;10153979;120;1;6/7/2026;6/7/2026;C03;;0;;0;;;;;;;;0;1;;0;;;;0;0;;;;;0;0;;;;;;;;;0;;;;;;0;;;0;;;;;;0;;;0;0;;;;;1;;;1;10;0;10;;;10;;COMPRAS EQUIPOS
00007 COMERCIAL OF LICITACION;4000006944;10;ZPIN;26.24 TGS LINEAS VIN;;0;;4;23/7/2026;EPAONE;1012782;MATERIALES PIPING S/ADJUNTO ADENDA;1;Materiales genericos;RESPONDIDO;MR01;1;7/7/2026;17/7/2026;julio;10154125;10;1;7/7/2026;7/7/2026;PCO;;0;;0;;;;;;;;0;1;;0;;;;0;0;;;;;0;0;;;;;;;;;0;;;;;;0;;;0;;;;;;0;;;0;0;;;;;1;;;1;6;0;16;;;16;;SIN GC
00007 COMERCIAL OF LICITACION;4000006946;10;ZPIN;24/26 CP N3-Lineas V;;0;;4;28/7/2026;GBACCELLI;1012998;Provisión de Puentes de Medición Fiscale;1;Servicios;RESPONDIDO;MR01;1;8/7/2026;24/7/2026;julio;10154237;10;1;8/7/2026;8/7/2026;PCO;;0;;0;;;;;;;;0;1;;0;;;;0;0;;;;;0;0;;;;;;;;;0;;;;;;0;;;0;;;;;;0;;;0;0;;;;;1;;;1;4;0;20;;;20;;SIN GC
00007 COMERCIAL OF LICITACION;4000006947;10;ZPIN;23-26 VICUÑA – BULK;;0;;4;14/7/2026;EBLASI;1011261;GEOTEXTIL NO TEJIDO 100 GR M2;1;Materiales usuales;RESPONDIDO;MR01;1;8/7/2026;15/7/2026;julio;10154251;10;1;8/7/2026;8/7/2026;PCO;;0;;0;;;;;;;;0;1;;0;;;;0;0;;;;;0;0;;;;;;;;;0;;;;;;0;;;0;;;;;;0;;;0;0;;;;;1;;1;;;0;6;;;6;;SIN GC
00007 COMERCIAL OF LICITACION;4000006947;20;ZPIN;23-26 VICUÑA – BULK;;0;;4;14/7/2026;EBLASI;1012822;GEOCELDA S ESPECIFICACION;1;Materiales genericos;RESPONDIDO;MR01;1;8/7/2026;15/7/2026;julio;10154251;20;1;8/7/2026;8/7/2026;PCO;;0;;0;;;;;;;;0;1;;0;;;;0;0;;;;;0;0;;;;;;;;;0;;;;;;0;;;0;;;;;;0;;;0;0;;;;;1;;1;;;0;6;;;6;;SIN GC
00007 COMERCIAL OF LICITACION;4000006947;30;ZPIN;23-26 VICUÑA – BULK;;0;;4;14/7/2026;EBLASI;1012822;GEOCELDA S ESPECIFICACION;1;Materiales genericos;RESPONDIDO;MR01;1;8/7/2026;15/7/2026;julio;10154251;30;1;8/7/2026;8/7/2026;PCO;;0;;0;;;;;;;;0;1;;0;;;;0;0;;;;;0;0;;;;;;;;;0;;;;;;0;;;0;;;;;;0;;;0;0;;;;;1;;1;;;0;6;;;6;;SIN GC
00007 COMERCIAL OF LICITACION;4000006947;40;ZPIN;23-26 VICUÑA – BULK;;0;;4;14/7/2026;EBLASI;1011360;ESTACA 1PGX1PGX0,15 MTS;1;Materiales usuales;RESPONDIDO;MR01;1;8/7/2026;15/7/2026;julio;10154251;40;1;8/7/2026;8/7/2026;PCO;;0;;0;;;;;;;;0;1;;0;;;;0;0;;;;;0;0;;;;;;;;;0;;;;;;0;;;0;;;;;;0;;;0;0;;;;;1;;1;;;0;6;;;6;;SIN GC
00007 COMERCIAL OF LICITACION;4000006949;10;ZPIN;26.24 TGS LINEAS VIN;;0;;4;23/7/2026;EPAONE;1012791;CAÑO PEAD 110 MM S/DETALLE ADJUNTO;700;Materiales genericos;RESPONDIDO;MR01;1;10/7/2026;21/7/2026;julio;10154364;10;1;10/7/2026;10/7/2026;PCO;;0;;0;;;;;;;;0;700;;0;;;;0;0;;;;;0;0;;;;;;;;;0;;;;;;0;;;0;;;;;;0;;;0;0;;;;;1;;;1;2;0;13;;;13;;SIN GC
00007 COMERCIAL OF LICITACION;4000006949;11;ZPIN;26.24 TGS LINEAS VIN;;0;;4;23/7/2026;EPAONE;1012782;ESPARRAGO C/2 TUERCAS L=90 MM S/DETALLE;24;Materiales genericos;RESPONDIDO;MR01;1;10/7/2026;21/7/2026;julio;10154364;100;1;10/7/2026;10/7/2026;PCO;;0;;0;;;;;;;;0;24;;0;;;;0;0;;;;;0;0;;;;;;;;;0;;;;;;0;;;0;;;;;;0;;;0;0;;;;;1;;;1;2;0;13;;;13;;SIN GC
00007 COMERCIAL OF LICITACION;4000006949;20;ZPIN;26.24 TGS LINEAS VIN;;0;;4;23/7/2026;EPAONE;1012791;CODO 45° PEAD 110 MMM S/DETALLE ADJUNTO;8;Materiales genericos;RESPONDIDO;MR01;1;10/7/2026;21/7/2026;julio;10154364;20;1;10/7/2026;10/7/2026;PCO;;0;;0;;;;;;;;0;8;;0;;;;0;0;;;;;0;0;;;;;;;;;0;;;;;;0;;;0;;;;;;0;;;0;0;;;;;1;;;1;2;0;13;;;13;;SIN GC
00007 COMERCIAL OF LICITACION;4000006949;30;ZPIN;26.24 TGS LINEAS VIN;;0;;4;23/7/2026;EPAONE;1012791;CUPLA PEAD 110 MM S/DETALLE ADJUNTO;20;Materiales genericos;RESPONDIDO;MR01;1;10/7/2026;21/7/2026;julio;10154364;30;1;10/7/2026;10/7/2026;PCO;;0;;0;;;;;;;;0;20;;0;;;;0;0;;;;;0;0;;;;;;;;;0;;;;;;0;;;0;;;;;;0;;;0;0;;;;;1;;;1;2;0;13;;;13;;SIN GC
00007 COMERCIAL OF LICITACION;4000006949;40;ZPIN;26.24 TGS LINEAS VIN;;0;;4;23/7/2026;EPAONE;1012791;ADAPTADOR DE BRIDA PEAD 110MM S/DETALLE;6;Materiales genericos;RESPONDIDO;MR01;1;10/7/2026;21/7/2026;julio;10154364;40;1;10/7/2026;10/7/2026;PCO;;0;;0;;;;;;;;0;6;;0;;;;0;0;;;;;0;0;;;;;;;;;0;;;;;;0;;;0;;;;;;0;;;0;0;;;;;1;;;1;2;0;13;;;13;;SIN GC
00007 COMERCIAL OF LICITACION;4000006949;50;ZPIN;26.24 TGS LINEAS VIN;;0;;4;23/7/2026;EPAONE;1012782;"BRIDA LAP JOINT 4"" S/DETALLE ADJUNTO";6;Materiales genericos;RESPONDIDO;MR01;1;10/7/2026;21/7/2026;julio;10154364;50;1;10/7/2026;10/7/2026;PCO;;0;;0;;;;;;;;0;6;;0;;;;0;0;;;;;0;0;;;;;;;;;0;;;;;;0;;;0;;;;;;0;;;0;0;;;;;1;;;1;2;0;13;;;13;;SIN GC
00007 COMERCIAL OF LICITACION;4000006949;60;ZPIN;26.24 TGS LINEAS VIN;;0;;4;23/7/2026;EPAONE;1012782;"BRIDA CIEGA 4"" S/DETALLE ADJUNTO";2;Materiales genericos;RESPONDIDO;MR01;1;10/7/2026;21/7/2026;julio;10154364;60;1;10/7/2026;10/7/2026;PCO;;0;;0;;;;;;;;0;2;;0;;;;0;0;;;;;0;0;;;;;;;;;0;;;;;;0;;;0;;;;;;0;;;0;0;;;;;1;;;1;2;0;13;;;13;;SIN GC
00007 COMERCIAL OF LICITACION;4000006949;70;ZPIN;26.24 TGS LINEAS VIN;;0;;4;23/7/2026;EPAONE;1012782;JUNTA PLANA E=1,6 MM S/DETALLE ADJUNTO;3;Materiales genericos;RESPONDIDO;MR01;1;10/7/2026;21/7/2026;julio;10154364;70;1;10/7/2026;10/7/2026;PCO;;0;;0;;;;;;;;0;3;;0;;;;0;0;;;;;0;0;;;;;;;;;0;;;;;;0;;;0;;;;;;0;;;0;0;;;;;1;;;1;2;0;13;;;13;;SIN GC
00007 COMERCIAL OF LICITACION;4000006949;80;ZPIN;26.24 TGS LINEAS VIN;;0;;4;23/7/2026;EPAONE;1012782;"VALVULA ESCLUSA 4"" S/DETALLE ADJUNTO";2;Materiales genericos;RESPONDIDO;MR01;1;10/7/2026;21/7/2026;julio;10154364;80;1;10/7/2026;10/7/2026;PCO;;0;;0;;;;;;;;0;2;;0;;;;0;0;;;;;0;0;;;;;;;;;0;;;;;;0;;;0;;;;;;0;;;0;0;;;;;1;;;1;2;0;13;;;13;;SIN GC
00007 COMERCIAL OF LICITACION;4000006949;90;ZPIN;26.24 TGS LINEAS VIN;;0;;4;23/7/2026;EPAONE;1012782;"VALVULA DE RETENCION 4"" S/DETALLE ADJUNT";1;Materiales genericos;RESPONDIDO;MR01;1;10/7/2026;21/7/2026;julio;10154364;90;1;10/7/2026;10/7/2026;PCO;;0;;0;;;;;;;;0;1;;0;;;;0;0;;;;;0;0;;;;;;;;;0;;;;;;0;;;0;;;;;;0;;;0;0;;;;;1;;;1;2;0;13;;;13;;SIN GC
00007 COMERCIAL OF LICITACION;4000006949;100;ZPIN;26.24 TGS LINEAS VIN;;0;;4;23/7/2026;EPAONE;1012782;ESPARRAGO C/2 TUERCAS L=90 MM S/DETALLE;24;Materiales genericos;RESPONDIDO;MR01;1;10/7/2026;21/7/2026;julio;10154364;110;1;10/7/2026;10/7/2026;PCO;;0;;0;;;;;;;;0;24;;0;;;;0;0;;;;;0;0;;;;;;;;;0;;;;;;0;;;0;;;;;;0;;;0;0;;;;;1;;;1;2;0;13;;;13;;SIN GC
00007 COMERCIAL OF LICITACION;4000006950;10;ZPIN;26.24 TGS LINEAS VIN;;0;;4;21/7/2026;EPAONE;1022295;TRANSPORTE DE PERSONAL COMBI 19 PASAJ.;5;Servicios;RESPONDIDO;MR01;1;10/7/2026;23/7/2026;julio;10154393;10;1;10/7/2026;10/7/2026;PCO;;0;;0;;;;;;;;0;5;;0;;;;0;0;;;;;0;0;;;;;;;;;0;;;;;;0;;;0;;;;;;0;;;0;0;;;;;1;;1;;;0;11;;;11;;SIN GC
00007 COMERCIAL OF LICITACION;4000006951;10;ZPIN;26.24 TGS LINEAS VIN;;0;10;4;16/7/2026;EPAONE;1022295;VIANDAS INCLUIR TRASLADO A OBRA;150;Servicios;CUMPLIDO;MR01;1;10/7/2026;21/7/2026;julio;10154396;10;1;10/7/2026;10/7/2026;PCO;;0;;0;;;;;;;;0;150;;0;;;;0;0;;;;;0;0;;;;;;;;;0;;;;;;0;;;0;;;;;;0;;;0;0;;;;;1;;1;;;0;6;;;6;;SIN GC
00027 SEDE ACINDAR;4000006952;10;ZPIN;BAJA OC 4500132430;;0;10;4;27/7/2026;AFORTUNA;1029185;BAJA OC 4500132430;1;Material No Valorado;CUMPLIDO;MR01;1;10/7/2026;17/7/2026;julio;10154395;10;1;10/7/2026;10/7/2026;C06;;0;;0;;;;;;;;0;1;;0;;;;0;0;;;;;0;0;;;;;;;;;0;;;;;;0;;;0;;;;;;0;;;0;0;;;;;1;;;1;10;0;17;;;17;;COMPRAS ABASTECIMIENTO
00007 COMERCIAL OF LICITACION;4000006953;10;ZPIN;26.24 TGS LINEAS VIN;;0;10;4;16/7/2026;EPAONE;1022295;EXAMENES PREOCUPACIONALES;150;Servicios;CUMPLIDO;MR01;1;10/7/2026;21/7/2026;julio;10154399;10;1;10/7/2026;10/7/2026;PCO;;0;;0;;;;;;;;0;150;;0;;;;0;0;;;;;0;0;;;;;;;;;0;;;;;;0;;;0;;;;;;0;;;0;0;;;;;1;;1;;;0;6;;;6;;SIN GC
00007 COMERCIAL OF LICITACION;4000006955;10;ZPIN;24/26 CP N3-Lineas V;;0;;4;21/7/2026;GBACCELLI;1012998;"Subcontrato Obra EIC según ""ET Obra EIC";1;Servicios;RESPONDIDO;MR01;1;11/7/2026;22/7/2026;julio;10154474;10;1;11/7/2026;11/7/2026;PCO;;0;;0;;;;;;;;0;1;;0;;;;0;0;;;;;0;0;;;;;;;;;0;;;;;;0;;;0;;;;;;0;;;0;0;;;;;1;;1;;;0;10;;;10;;SIN GC
00007 COMERCIAL OF LICITACION;4000006956;10;ZPIN;26.30 YPF - RPN°7;;0;;4;27/7/2026;LAFFATATO;1013060;Campamento;1;Servicios;RESPONDIDO;MR01;1;13/7/2026;21/7/2026;julio;10154531;10;1;13/7/2026;13/7/2026;PCO;;0;;0;;;;;;;;0;1;;0;;;;0;0;;;;;0;0;;;;;;;;;0;;;;;;0;;;0;;;;;;0;;;0;0;;;;;1;;;1;6;0;14;;;14;;SIN GC
00007 COMERCIAL OF LICITACION;4000006957;10;ZPIN;26.30 YPF - RPN°7;;0;;4;20/7/2026;LAFFATATO;1022685;Tanque de combustible de 40.000 L;1;Materiales usuales;RESPONDIDO;MR01;1;13/7/2026;21/7/2026;julio;10154551;10;1;13/7/2026;13/7/2026;PCO;;0;;0;;;;;;;;0;1;;0;;;;0;0;;;;;0;0;;;;;;;;;0;;;;;;0;;;0;;;;;;0;;;0;0;;;;;1;;1;;;0;7;;;7;;SIN GC
00007 COMERCIAL OF LICITACION;4000006958;10;ZPIN;24/26 CP N3-Lineas V;;0;;4;24/7/2026;GBACCELLI;1012798;Cable 1 x (2 x 1,31 mm2) BG + H;2000;Materiales genericos;RESPONDIDO;MR01;1;13/7/2026;20/7/2026;julio;10154556;10;1;13/7/2026;13/7/2026;PCO;;0;;0;;;;;;;;0;2000;;0;;;;0;0;;;;;0;0;;;;;;;;;0;;;;;;0;;;0;;;;;;0;;;0;0;;;;;1;;;1;4;0;11;;;11;;SIN GC
00007 COMERCIAL OF LICITACION;4000006958;20;ZPIN;24/26 CP N3-Lineas V;;0;;4;24/7/2026;GBACCELLI;1012798;Cable 1 x (2 x 2,5mm2) + H;650;Materiales genericos;RESPONDIDO;MR01;1;13/7/2026;20/7/2026;julio;10154556;20;1;13/7/2026;13/7/2026;PCO;;0;;0;;;;;;;;0;650;;0;;;;0;0;;;;;0;0;;;;;;;;;0;;;;;;0;;;0;;;;;;0;;;0;0;;;;;1;;;1;4;0;11;;;11;;SIN GC
00007 COMERCIAL OF LICITACION;4000006958;30;ZPIN;24/26 CP N3-Lineas V;;0;;4;24/7/2026;GBACCELLI;1012798;Cable 10x(1x2,5mm2) + H;600;Materiales genericos;RESPONDIDO;MR01;1;13/7/2026;20/7/2026;julio;10154556;30;1;13/7/2026;13/7/2026;PCO;;0;;0;;;;;;;;0;600;;0;;;;0;0;;;;;0;0;;;;;;;;;0;;;;;;0;;;0;;;;;;0;;;0;0;;;;;1;;;1;4;0;11;;;11;;SIN GC
00007 COMERCIAL OF LICITACION;4000006958;40;ZPIN;24/26 CP N3-Lineas V;;0;;4;24/7/2026;GBACCELLI;1012798;Cable 16 x (2 x 1,31 mm2)+BG + H;1100;Materiales genericos;RESPONDIDO;MR01;1;13/7/2026;20/7/2026;julio;10154556;40;1;13/7/2026;13/7/2026;PCO;;0;;0;;;;;;;;0;1100;;0;;;;0;0;;;;;0;0;;;;;;;;;0;;;;;;0;;;0;;;;;;0;;;0;0;;;;;1;;;1;4;0;11;;;11;;SIN GC
00007 COMERCIAL OF LICITACION;4000006958;50;ZPIN;24/26 CP N3-Lineas V;;0;;4;24/7/2026;GBACCELLI;1012798;Cable 19x(1x2,5mm2) + H;600;Materiales genericos;RESPONDIDO;MR01;1;13/7/2026;20/7/2026;julio;10154556;50;1;13/7/2026;13/7/2026;PCO;;0;;0;;;;;;;;0;600;;0;;;;0;0;;;;;0;0;;;;;;;;;0;;;;;;0;;;0;;;;;;0;;;0;0;;;;;1;;;1;4;0;11;;;11;;SIN GC
00007 COMERCIAL OF LICITACION;4000006958;60;ZPIN;24/26 CP N3-Lineas V;;0;;4;24/7/2026;GBACCELLI;1012798;Cable 1x(1x2x1,65mm2+1x2x0,82mm2) BG + H;2450;Materiales genericos;RESPONDIDO;MR01;1;13/7/2026;20/7/2026;julio;10154556;60;1;13/7/2026;13/7/2026;PCO;;0;;0;;;;;;;;0;2450;;0;;;;0;0;;;;;0;0;;;;;;;;;0;;;;;;0;;;0;;;;;;0;;;0;0;;;;;1;;;1;4;0;11;;;11;;SIN GC
00007 COMERCIAL OF LICITACION;4000006958;70;ZPIN;24/26 CP N3-Lineas V;;0;;4;24/7/2026;GBACCELLI;1012798;Cable 2 x (2 x 1,31 mm2) BG + H;600;Materiales genericos;RESPONDIDO;MR01;1;13/7/2026;20/7/2026;julio;10154556;70;1;13/7/2026;13/7/2026;PCO;;0;;0;;;;;;;;0;600;;0;;;;0;0;;;;;0;0;;;;;;;;;0;;;;;;0;;;0;;;;;;0;;;0;0;;;;;1;;;1;4;0;11;;;11;;SIN GC
00007 COMERCIAL OF LICITACION;4000006958;80;ZPIN;24/26 CP N3-Lineas V;;0;;4;24/7/2026;GBACCELLI;1012798;Cable 8 x (2 x 1,31 mm2)+BG + H;4220;Materiales genericos;RESPONDIDO;MR01;1;13/7/2026;20/7/2026;julio;10154556;80;1;13/7/2026;13/7/2026;PCO;;0;;0;;;;;;;;0;4220;;0;;;;0;0;;;;;0;0;;;;;;;;;0;;;;;;0;;;0;;;;;;0;;;0;0;;;;;1;;;1;4;0;11;;;11;;SIN GC
00007 COMERCIAL OF LICITACION;4000006958;90;ZPIN;24/26 CP N3-Lineas V;;0;;4;24/7/2026;GBACCELLI;1012798;Cable MDB RS-485 1x(2x2x0.2mm2) BG + H;520;Materiales genericos;RESPONDIDO;MR01;1;13/7/2026;20/7/2026;julio;10154556;90;1;13/7/2026;13/7/2026;PCO;;0;;0;;;;;;;;0;520;;0;;;;0;0;;;;;0;0;;;;;;;;;0;;;;;;0;;;0;;;;;;0;;;0;0;;;;;1;;;1;4;0;11;;;11;;SIN GC
00007 COMERCIAL OF LICITACION;4000006959;10;ZPIN;24/26 CP N3-Lineas V;;0;;4;17/7/2026;GBACCELLI;1012798;"Conductor de cobre desnudo 70 mm2; diáme";500;Materiales genericos;RESPONDIDO;MR01;1;13/7/2026;20/7/2026;julio;10154558;10;1;13/7/2026;13/7/2026;PCO;;0;;0;;;;;;;;0;500;;0;;;;0;0;;;;;0;0;;;;;;;;;0;;;;;;0;;;0;;;;;;0;;;0;0;;;;;1;;1;;;0;4;;;4;;SIN GC
00007 COMERCIAL OF LICITACION;4000006959;20;ZPIN;24/26 CP N3-Lineas V;;0;;4;17/7/2026;GBACCELLI;1012799;"Conector a compresión en ""C"" para deriva";100;Materiales genericos;RESPONDIDO;MR01;1;13/7/2026;20/7/2026;julio;10154558;20;1;13/7/2026;13/7/2026;PCO;;0;;0;;;;;;;;0;100;;0;;;;0;0;;;;;0;0;;;;;;;;;0;;;;;;0;;;0;;;;;;0;;;0;0;;;;;1;;1;;;0;4;;;4;;SIN GC
00007 COMERCIAL OF LICITACION;4000006959;30;ZPIN;24/26 CP N3-Lineas V;;0;;4;17/7/2026;GBACCELLI;1012799;Jabalina de acero-cobre IRAM 2309, diám;30;Materiales genericos;RESPONDIDO;MR01;1;13/7/2026;20/7/2026;julio;10154558;30;1;13/7/2026;13/7/2026;PCO;;0;;0;;;;;;;;0;30;;0;;;;0;0;;;;;0;0;;;;;;;;;0;;;;;;0;;;0;;;;;;0;;;0;0;;;;;1;;1;;;0;4;;;4;;SIN GC
00007 COMERCIAL OF LICITACION;4000006959;40;ZPIN;24/26 CP N3-Lineas V;;0;;4;17/7/2026;GBACCELLI;1012799;"Conector a compresión en ""C"" para deriva";30;Materiales genericos;RESPONDIDO;MR01;1;13/7/2026;20/7/2026;julio;10154558;40;1;13/7/2026;13/7/2026;PCO;;0;;0;;;;;;;;0;30;;0;;;;0;0;;;;;0;0;;;;;;;;;0;;;;;;0;;;0;;;;;;0;;;0;0;;;;;1;;1;;;0;4;;;4;;SIN GC
00007 COMERCIAL OF LICITACION;4000006959;50;ZPIN;24/26 CP N3-Lineas V;;0;;4;17/7/2026;GBACCELLI;1012799;Caja inspección puesta a tierra 150x150;30;Materiales genericos;RESPONDIDO;MR01;1;13/7/2026;20/7/2026;julio;10154558;50;1;13/7/2026;13/7/2026;PCO;;0;;0;;;;;;;;0;30;;0;;;;0;0;;;;;0;0;;;;;;;;;0;;;;;;0;;;0;;;;;;0;;;0;0;;;;;1;;1;;;0;4;;;4;;SIN GC
00007 COMERCIAL OF LICITACION;4000006959;60;ZPIN;24/26 CP N3-Lineas V;;0;;4;17/7/2026;GBACCELLI;1012799;Terminal identar para cable unipolar de;100;Materiales genericos;RESPONDIDO;MR01;1;13/7/2026;20/7/2026;julio;10154558;60;1;13/7/2026;13/7/2026;PCO;;0;;0;;;;;;;;0;100;;0;;;;0;0;;;;;0;0;;;;;;;;;0;;;;;;0;;;0;;;;;;0;;;0;0;;;;;1;;1;;;0;4;;;4;;SIN GC
00007 COMERCIAL OF LICITACION;4000006963;10;ZPIN;26.24 TGS LINEAS VIN;;0;10;4;15/7/2026;EPAONE;1012974;FLETE SEMIREMOLQUE ROS/BAHIA;1;Servicios;CUMPLIDO;MR01;1;13/7/2026;21/7/2026;julio;10154576;10;1;13/7/2026;13/7/2026;PCO;;0;;0;;;;;;;;0;1;;0;;;;0;0;;;;;0;0;;;;;;;;;0;;;;;;0;;;0;;;;;;0;;;0;0;;;;;1;;1;;;0;2;;;2;;SIN GC
00007 COMERCIAL OF LICITACION;4000006963;20;ZPIN;26.24 TGS LINEAS VIN;;0;10;4;15/7/2026;EPAONE;1012974;FLETE SEMIREMOLQUE BSAS/BAHIA;1;Servicios;CUMPLIDO;MR01;1;13/7/2026;21/7/2026;julio;10154576;20;1;13/7/2026;13/7/2026;PCO;;0;;0;;;;;;;;0;1;;0;;;;0;0;;;;;0;0;;;;;;;;;0;;;;;;0;;;0;;;;;;0;;;0;0;;;;;1;;1;;;0;2;;;2;;SIN GC
00007 COMERCIAL OF LICITACION;4000006964;10;ZPIN;26.24 TGS LINEAS VIN;;0;;4;21/7/2026;EPAONE;1012774;ARENA SECA PARA ARENADO;125;Materiales genericos;RESPONDIDO;MR01;1;13/7/2026;21/7/2026;julio;10154581;10;1;13/7/2026;13/7/2026;PCO;;0;;0;;;;;;;;0;125;;0;;;;0;0;;;;;0;0;;;;;;;;;0;;;;;;0;;;0;;;;;;0;;;0;0;;;;;1;;1;;;0;8;;;8;;SIN GC
00007 COMERCIAL OF LICITACION;4000006968;10;ZPIN;26.24 TGS LINEAS VIN;;0;10;4;20/7/2026;EPAONE;1042361;ALQUILER CAMION C/ SEMIREMOLQUE;14;Servicios;CUMPLIDO;MR01;1;14/7/2026;21/7/2026;julio;10154727;10;1;14/7/2026;14/7/2026;C04;;0;;0;;;;;;;;0;14;;0;;;;0;0;;;;;0;0;;;;;;;;;0;;;;;;0;;;0;;;;;;0;;;0;0;;;;;1;;1;;;0;6;;;6;;COMPRAS EQUIPOS
00007 COMERCIAL OF LICITACION;4000006970;10;ZPIN;26.26 MASA - Gualcam;;0;;4;3/8/2026;LAFFATATO;1042362;Subcontrato Electromecánico;1;Servicios;RESPONDIDO;MR01;1;15/7/2026;24/7/2026;julio;10154794;10;1;15/7/2026;15/7/2026;PCO;;0;;0;;;;;;;;0;1;;0;;;;0;0;;;;;0;0;;;;;;;;;0;;;;;;0;;;0;;;;;;0;;;0;0;;;;;1;;;1;10;0;19;;;19;;SIN GC
00007 COMERCIAL OF LICITACION;4000006970;20;ZPIN;26.26 MASA - Gualcam;;0;;4;24/7/2026;LAFFATATO;1042362;Subcontrato Est. Metálica;1;Servicios;RESPONDIDO;MR01;1;15/7/2026;24/7/2026;julio;10154794;20;1;15/7/2026;15/7/2026;PCO;;0;;0;;;;;;;;0;1;;0;;;;0;0;;;;;0;0;;;;;;;;;0;;;;;;0;;;0;;;;;;0;;;0;0;;;;;1;;1;;;0;9;;;9;;SIN GC
00007 COMERCIAL OF LICITACION;4000006971;10;ZPIN;26.24 TGS LINEAS VIN;;0;;4;5/8/2026;EBENSI;1013050;Curvado de caño en caliente p/inducción;1;Servicios;RESPONDIDO;MR01;1;15/7/2026;27/7/2026;julio;10154810;10;1;15/7/2026;15/7/2026;PCO;;0;;0;;;;;;;;0;1;;0;;;;0;0;;;;;0;0;;;;;;;;;0;;;;;;0;;;0;;;;;;0;;;0;0;;;;;1;;;1;9;0;21;;;21;;SIN GC
00007 COMERCIAL OF LICITACION;4000006972;10;ZPIN;26.24 TGS LINEAS VIN;;0;;4;24/7/2026;EBENSI;1022295;SERVICIO SECADO DE CAÑERIA S/DET;1;Servicios;RESPONDIDO;MR01;1;15/7/2026;24/7/2026;julio;10154834;10;1;15/7/2026;15/7/2026;PCO;;0;;0;;;;;;;;0;1;;0;;;;0;0;;;;;0;0;;;;;;;;;0;;;;;;0;;;0;;;;;;0;;;0;0;;;;;1;;1;;;0;9;;;9;;SIN GC
00007 COMERCIAL OF LICITACION;4000006973;10;ZPIN;24/26 CP N3-Lineas V;;0;;4;24/7/2026;GBACCELLI;1012807;"Válvulas de corte motorizadas según ""HD-";1;Materiales genericos;RESPONDIDO;MR01;1;16/7/2026;24/7/2026;julio;10154835;10;1;16/7/2026;16/7/2026;PCO;;0;;0;;;;;;;;0;1;;0;;;;0;0;;;;;0;0;;;;;;;;;0;;;;;;0;;;0;;;;;;0;;;0;0;;;;;1;;1;;;0;8;;;8;;SIN GC
00007 COMERCIAL OF LICITACION;4000006974;10;ZPIN;24/26 CP N3-Lineas V;;0;;4;28/7/2026;GBACCELLI;1012807;"Válvulas de corte On-Off según ""HD-CPN3T";1;Materiales genericos;RESPONDIDO;MR01;1;16/7/2026;24/7/2026;julio;10154836;10;1;16/7/2026;16/7/2026;PCO;;0;;0;;;;;;;;0;1;;0;;;;0;0;;;;;0;0;;;;;;;;;0;;;;;;0;;;0;;;;;;0;;;0;0;;;;;1;;;1;4;0;12;;;12;;SIN GC
00007 COMERCIAL OF LICITACION;4000006975;10;ZPIN;24/26 CP N3-Lineas V;;0;;4;5/8/2026;GBACCELLI;1012807;"Válvulas de control de presión según ""HD";1;Materiales genericos;RESPONDIDO;MR01;1;16/7/2026;24/7/2026;julio;10154837;10;1;16/7/2026;16/7/2026;PCO;;0;;0;;;;;;;;0;1;;0;;;;0;0;;;;;0;0;;;;;;;;;0;;;;;;0;;;0;;;;;;0;;;0;0;;;;;1;;;1;12;0;20;;;20;;SIN GC
00007 COMERCIAL OF LICITACION;4000006976;10;ZPIN;24/26 CP N3-Lineas V;;0;;4;23/7/2026;GBACCELLI;1012807;"Caudalímetros según ""HD-CPN3TGS-004-FIT-";1;Materiales genericos;RESPONDIDO;MR01;1;16/7/2026;24/7/2026;julio;10154838;10;1;16/7/2026;16/7/2026;PCO;;0;;0;;;;;;;;0;1;;0;;;;0;0;;;;;0;0;;;;;;;;;0;;;;;;0;;;0;;;;;;0;;;0;0;;;;;1;;1;;;0;7;;;7;;SIN GC
00007 COMERCIAL OF LICITACION;4000006977;10;ZPIN;24/26 CP N3-Lineas V;;0;;4;27/7/2026;GBACCELLI;1012807;"Transmisor de nivel según ""HD-CPN3TGS-00";1;Materiales genericos;RESPONDIDO;MR01;1;16/7/2026;24/7/2026;julio;10154839;10;1;16/7/2026;16/7/2026;PCO;;0;;0;;;;;;;;0;1;;0;;;;0;0;;;;;0;0;;;;;;;;;0;;;;;;0;;;0;;;;;;0;;;0;0;;;;;1;;;1;3;0;11;;;11;;SIN GC
00014 SISTEMAS;4000006978;10;ZPIN;Servicio Brother J67;;0;;4;18/8/2026;EVILLEGAS;1013031;Servicio Brother J6730-DW;1;Servicios;RESPONDIDO;MR01;1;17/7/2026;21/8/2026;agosto;10154951;10;1;17/7/2026;17/7/2026;C23;;0;;0;;;;;;;;0;1;;0;;;;0;0;;;;;0;0;;;;;;;;;0;;;;;;0;;;0;;;;;;0;;;0;0;;;;;1;;1;;;0;32;;;32;;COMPRAS ABASTECIMIENTO
00007 COMERCIAL OF LICITACION;4000006979;10;ZPIN;26.24 TGS LINEAS VIN;;0;;4;27/7/2026;EPAONE;1042079;SUBC. ENSAYOS NO DESTRUCTIVOS S/DET;1;Servicios;RESPONDIDO;MR01;1;17/7/2026;27/7/2026;julio;10154964;10;1;17/7/2026;17/7/2026;PCO;;0;;0;;;;;;;;0;1;;0;;;;0;0;;;;;0;0;;;;;;;;;0;;;;;;0;;;0;;;;;;0;;;0;0;;;;;1;;1;;;0;10;;;10;;SIN GC
00007 COMERCIAL OF LICITACION;4000006981;10;ZPIN;26.24 TGS LINEAS VIN;;0;;4;29/7/2026;EPAONE;1043224;GRUA 60/80 TON ALQUILER DIARIO;1;Servicios;RESPONDIDO;MR01;1;17/7/2026;27/7/2026;julio;10154969;10;1;17/7/2026;17/7/2026;PCO;;0;;0;;;;;;;;0;1;;0;;;;0;0;;;;;0;0;;;;;;;;;0;;;;;;0;;;0;;;;;;0;;;0;0;;;;;1;;;1;2;0;12;;;12;;SIN GC
00007 COMERCIAL OF LICITACION;4000006981;20;ZPIN;26.24 TGS LINEAS VIN;;0;;4;29/7/2026;EPAONE;1043224;GRUA 110/120 TON ALQUILER DIARIO;1;Servicios;RESPONDIDO;MR01;1;17/7/2026;27/7/2026;julio;10154969;20;1;17/7/2026;17/7/2026;PCO;;0;;0;;;;;;;;0;1;;0;;;;0;0;;;;;0;0;;;;;;;;;0;;;;;;0;;;0;;;;;;0;;;0;0;;;;;1;;;1;2;0;12;;;12;;SIN GC
00014 SISTEMAS;4000006982;10;ZPIN;Servicio reparacion;;0;;4;21/8/2026;EVILLEGAS;1034224;EATON DX 1000;1;Servicios;RESPONDIDO;MR01;1;17/7/2026;21/8/2026;agosto;10154971;10;1;17/7/2026;17/7/2026;C23;;0;;0;;;;;;;;0;1;;0;;;;0;0;;;;;0;0;;;;;;;;;0;;;;;;0;;;0;;;;;;0;;;0;0;;;;;1;;1;;;0;35;;;35;;COMPRAS ABASTECIMIENTO
00014 SISTEMAS;4000006982;20;ZPIN;Servicio reparacion;;0;;4;21/8/2026;EVILLEGAS;1034224;APC BV-800I-AR;1;Servicios;RESPONDIDO;MR01;1;17/7/2026;21/8/2026;agosto;10154971;20;1;17/7/2026;17/7/2026;C23;;0;;0;;;;;;;;0;1;;0;;;;0;0;;;;;0;0;;;;;;;;;0;;;;;;0;;;0;;;;;;0;;;0;0;;;;;1;;1;;;0;35;;;35;;COMPRAS ABASTECIMIENTO
00014 SISTEMAS;4000006982;30;ZPIN;Servicio reparacion;;0;;4;21/8/2026;EVILLEGAS;1034224;APC BV-800I-AR;1;Servicios;RESPONDIDO;MR01;1;17/7/2026;21/8/2026;agosto;10154971;30;1;17/7/2026;17/7/2026;C23;;0;;0;;;;;;;;0;1;;0;;;;0;0;;;;;0;0;;;;;;;;;0;;;;;;0;;;0;;;;;;0;;;0;0;;;;;1;;1;;;0;35;;;35;;COMPRAS ABASTECIMIENTO
00014 SISTEMAS;4000006982;40;ZPIN;Servicio reparacion;;0;;4;21/8/2026;EVILLEGAS;1034224;APC SVR3KI-AR;1;Servicios;RESPONDIDO;MR01;1;17/7/2026;21/8/2026;agosto;10154971;40;1;17/7/2026;17/7/2026;C23;;0;;0;;;;;;;;0;1;;0;;;;0;0;;;;;0;0;;;;;;;;;0;;;;;;0;;;0;;;;;;0;;;0;0;;;;;1;;1;;;0;35;;;35;;COMPRAS ABASTECIMIENTO
00007 COMERCIAL OF LICITACION;4000006985;10;ZPIN;26.24 TGS LINEAS VIN;;0;;4;23/7/2026;EPAONE;1022295;Agua para PH S/detalle;1;Servicios;RESPONDIDO;MR01;1;17/7/2026;24/7/2026;julio;10155019;10;1;17/7/2026;17/7/2026;PCO;;0;;0;;;;;;;;0;1;;0;;;;0;0;;;;;0;0;;;;;;;;;0;;;;;;0;;;0;;;;;;0;;;0;0;;;;;1;;1;;;0;6;;;6;;SIN GC
00007 COMERCIAL OF LICITACION;4000006987;10;ZPIN;26.24 TGS LINEAS VIN;;0;;4;29/7/2026;EPAONE;1042361;ALQUILER CAMION SEMI C/ HIDROGRUA;1;Servicios;RESPONDIDO;MR01;1;17/7/2026;24/7/2026;julio;10155036;10;1;17/7/2026;17/7/2026;PCO;;0;;0;;;;;;;;0;1;;0;;;;0;0;;;;;0;0;;;;;;;;;0;;;;;;0;;;0;;;;;;0;;;0;0;;;;;1;;;1;5;0;12;;;12;;SIN GC
00007 COMERCIAL OF LICITACION;4000006988;10;ZPIN;26.24 TGS LINEAS VIN;;0;;4;31/7/2026;EBENSI;1042083;SUBC. SOLDADURA S/DETALLE;1;Servicios;RESPONDIDO;MR01;1;17/7/2026;27/7/2026;julio;10155039;10;1;17/7/2026;17/7/2026;PCO;;0;;0;;;;;;;;0;1;;0;;;;0;0;;;;;0;0;;;;;;;;;0;;;;;;0;;;0;;;;;;0;;;0;0;;;;;1;;;1;4;0;14;;;14;;SIN GC
00007 COMERCIAL OF LICITACION;4000006993;10;ZPIN;26.24 TGS LINEAS VIN;;0;;4;10/8/2026;EPAONE;1022295;CRUCES PHD S/ADJUNTOS ALTERNATIVA;1;Servicios;RESPONDIDO;MR01;1;20/7/2026;27/7/2026;julio;10155152;10;1;20/7/2026;20/7/2026;PCO;;0;;0;;;;;;;;0;1;;0;;;;0;0;;;;;0;0;;;;;;;;;0;;;;;;0;;;0;;;;;;0;;;0;0;;;;;1;;;1;14;0;21;;;21;;SIN GC
00007 COMERCIAL OF LICITACION;4000006993;20;ZPIN;26.24 TGS LINEAS VIN;;0;;4;10/8/2026;EPAONE;1022295;CRUCES TUNELERA CONVEN S/ADJUNTOS ALTER.;1;Servicios;RESPONDIDO;MR01;1;20/7/2026;27/7/2026;julio;10155152;20;1;20/7/2026;20/7/2026;PCO;;0;;0;;;;;;;;0;1;;0;;;;0;0;;;;;0;0;;;;;;;;;0;;;;;;0;;;0;;;;;;0;;;0;0;;;;;1;;;1;14;0;21;;;21;;SIN GC
00007 COMERCIAL OF LICITACION;4000006994;10;ZPIN;32/26-LDC-MOV SUELO;;0;;4;28/7/2026;LMEDINA;1012771;Cal 85% CUV. Incluir costo flete a obra.;1;Materiales genericos;RESPONDIDO;MR01;1;20/7/2026;23/7/2026;julio;10155172;10;1;20/7/2026;20/7/2026;PCO;;0;;0;;;;;;;;0;1;;0;;;;0;0;;;;;0;0;;;;;;;;;0;;;;;;0;;;0;;;;;;0;;;0;0;;;;;1;;;1;5;0;8;;;8;;SIN GC
00007 COMERCIAL OF LICITACION;4000006994;20;ZPIN;32/26-LDC-MOV SUELO;;0;;4;29/7/2026;LMEDINA;1010160;Suelo tosca (150.000m3);1;Materiales usuales;RESPONDIDO;MR01;1;20/7/2026;23/7/2026;julio;10155172;20;1;20/7/2026;20/7/2026;PCO;;0;;0;;;;;;;;0;1;;0;;;;0;0;;;;;0;0;;;;;;;;;0;;;;;;0;;;0;;;;;;0;;;0;0;;;;;1;;;1;6;0;9;;;9;;SIN GC
00007 COMERCIAL OF LICITACION;4000006994;30;ZPIN;32/26-LDC-MOV SUELO;;0;;4;28/7/2026;LMEDINA;1009685;Piedra granítica 10-30;1;Materiales usuales;RESPONDIDO;MR01;1;20/7/2026;23/7/2026;julio;10155172;30;1;20/7/2026;20/7/2026;PCO;;0;;0;;;;;;;;0;1;;0;;;;0;0;;;;;0;0;;;;;;;;;0;;;;;;0;;;0;;;;;;0;;;0;0;;;;;1;;;1;5;0;8;;;8;;SIN GC
00007 COMERCIAL OF LICITACION;4000006994;40;ZPIN;32/26-LDC-MOV SUELO;;0;;4;28/7/2026;LMEDINA;1012775;Piedra granítica 0-10;1;Materiales genericos;RESPONDIDO;MR01;1;20/7/2026;23/7/2026;julio;10155172;40;1;20/7/2026;20/7/2026;PCO;;0;;0;;;;;;;;0;1;;0;;;;0;0;;;;;0;0;;;;;;;;;0;;;;;;0;;;0;;;;;;0;;;0;0;;;;;1;;;1;5;0;8;;;8;;SIN GC
00007 COMERCIAL OF LICITACION;4000006994;50;ZPIN;32/26-LDC-MOV SUELO;;0;;4;28/7/2026;LMEDINA;1009677;Arena de trituración;1;Materiales usuales;RESPONDIDO;MR01;1;20/7/2026;23/7/2026;julio;10155172;50;1;20/7/2026;20/7/2026;PCO;;0;;0;;;;;;;;0;1;;0;;;;0;0;;;;;0;0;;;;;;;;;0;;;;;;0;;;0;;;;;;0;;;0;0;;;;;1;;;1;5;0;8;;;8;;SIN GC
00007 COMERCIAL OF LICITACION;4000006994;60;ZPIN;32/26-LDC-MOV SUELO;;0;;4;28/7/2026;LMEDINA;1012775;Roca D≥ 40cm;1;Materiales genericos;RESPONDIDO;MR01;1;20/7/2026;23/7/2026;julio;10155172;60;1;20/7/2026;20/7/2026;PCO;;0;;0;;;;;;;;0;1;;0;;;;0;0;;;;;0;0;;;;;;;;;0;;;;;;0;;;0;;;;;;0;;;0;0;;;;;1;;;1;5;0;8;;;8;;SIN GC
00007 COMERCIAL OF LICITACION;4000006994;70;ZPIN;32/26-LDC-MOV SUELO;;0;;4;30/7/2026;LMEDINA;1011248;Hormigón H-30 ARS;1;Materiales usuales;RESPONDIDO;MR01;1;20/7/2026;23/7/2026;julio;10155172;70;1;20/7/2026;20/7/2026;PCO;;0;;0;;;;;;;;0;1;;0;;;;0;0;;;;;0;0;;;;;;;;;0;;;;;;0;;;0;;;;;;0;;;0;0;;;;;1;;;1;7;0;10;;;10;;SIN GC
00007 COMERCIAL OF LICITACION;4000006994;80;ZPIN;32/26-LDC-MOV SUELO;;0;;4;28/7/2026;LMEDINA;1009726;Acero ADN420;1;Materiales usuales;RESPONDIDO;MR01;1;20/7/2026;23/7/2026;julio;10155172;80;1;20/7/2026;20/7/2026;PCO;;0;;0;;;;;;;;0;1;;0;;;;0;0;;;;;0;0;;;;;;;;;0;;;;;;0;;;0;;;;;;0;;;0;0;;;;;1;;;1;5;0;8;;;8;;SIN GC
00007 COMERCIAL OF LICITACION;4000006994;90;ZPIN;32/26-LDC-MOV SUELO;;0;;4;29/7/2026;LMEDINA;1012610;Premoldeado 1.20x1.25;1;Materiales genericos;RESPONDIDO;MR01;1;20/7/2026;23/7/2026;julio;10155172;90;1;20/7/2026;20/7/2026;PCO;;0;;0;;;;;;;;0;1;;0;;;;0;0;;;;;0;0;;;;;;;;;0;;;;;;0;;;0;;;;;;0;;;0;0;;;;;1;;;1;6;0;9;;;9;;SIN GC
00007 COMERCIAL OF LICITACION;4000006994;100;ZPIN;32/26-LDC-MOV SUELO;;0;;4;27/7/2026;LMEDINA;1011263;GEOTEXTIL NO TEJIDO 200 GR M2;1;Materiales usuales;RESPONDIDO;MR01;1;20/7/2026;23/7/2026;julio;10155172;100;1;20/7/2026;20/7/2026;PCO;;0;;0;;;;;;;;0;1;;0;;;;0;0;;;;;0;0;;;;;;;;;0;;;;;;0;;;0;;;;;;0;;;0;0;;;;;1;;;1;4;0;7;;;7;;SIN GC
00007 COMERCIAL OF LICITACION;4000006994;110;ZPIN;32/26-LDC-MOV SUELO;;0;;4;27/7/2026;LMEDINA;1011265;GEOTEXTIL NO TEJIDO 400 GR M2;1;Materiales usuales;RESPONDIDO;MR01;1;20/7/2026;23/7/2026;julio;10155172;110;1;20/7/2026;20/7/2026;PCO;;0;;0;;;;;;;;0;1;;0;;;;0;0;;;;;0;0;;;;;;;;;0;;;;;;0;;;0;;;;;;0;;;0;0;;;;;1;;;1;4;0;7;;;7;;SIN GC
00007 COMERCIAL OF LICITACION;4000006994;120;ZPIN;32/26-LDC-MOV SUELO;;0;;4;27/7/2026;LMEDINA;1012818;Geomalla uniaxial EGIRD 470R;1;Materiales genericos;RESPONDIDO;MR01;1;20/7/2026;23/7/2026;julio;10155172;120;1;20/7/2026;20/7/2026;PCO;;0;;0;;;;;;;;0;1;;0;;;;0;0;;;;;0;0;;;;;;;;;0;;;;;;0;;;0;;;;;;0;;;0;0;;;;;1;;;1;4;0;7;;;7;;SIN GC
00007 COMERCIAL OF LICITACION;4000006994;130;ZPIN;32/26-LDC-MOV SUELO;;0;;4;29/7/2026;LMEDINA;1011419;FENOLICO COMUN 18MM 2.44X1.22 MTS;1;Materiales usuales;RESPONDIDO;MR01;1;20/7/2026;23/7/2026;julio;10155172;130;1;20/7/2026;20/7/2026;PCO;;0;;0;;;;;;;;0;1;;0;;;;0;0;;;;;0;0;;;;;;;;;0;;;;;;0;;;0;;;;;;0;;;0;0;;;;;1;;;1;6;0;9;;;9;;SIN GC
00007 COMERCIAL OF LICITACION;4000006994;140;ZPIN;32/26-LDC-MOV SUELO;;0;;4;29/7/2026;LMEDINA;1011432;TIRANTE 3PGX3PGX3 MTS;1;Materiales usuales;RESPONDIDO;MR01;1;20/7/2026;23/7/2026;julio;10155172;140;1;20/7/2026;20/7/2026;PCO;;0;;0;;;;;;;;0;1;;0;;;;0;0;;;;;0;0;;;;;;;;;0;;;;;;0;;;0;;;;;;0;;;0;0;;;;;1;;;1;6;0;9;;;9;;SIN GC
00007 COMERCIAL OF LICITACION;4000006994;150;ZPIN;32/26-LDC-MOV SUELO;;0;;4;27/7/2026;LMEDINA;1012872;SikaFlex sellador;1;Materiales genericos;RESPONDIDO;MR01;1;20/7/2026;23/7/2026;julio;10155172;150;1;20/7/2026;20/7/2026;PCO;;0;;0;;;;;;;;0;1;;0;;;;0;0;;;;;0;0;;;;;;;;;0;;;;;;0;;;0;;;;;;0;;;0;0;;;;;1;;;1;4;0;7;;;7;;SIN GC
00007 COMERCIAL OF LICITACION;4000006994;160;ZPIN;32/26-LDC-MOV SUELO;;0;;4;27/7/2026;LMEDINA;1017386;SIKA ROD;1;Materiales usuales;RESPONDIDO;MR01;1;20/7/2026;23/7/2026;julio;10155172;160;1;20/7/2026;20/7/2026;PCO;;0;;0;;;;;;;;0;1;;0;;;;0;0;;;;;0;0;;;;;;;;;0;;;;;;0;;;0;;;;;;0;;;0;0;;;;;1;;;1;4;0;7;;;7;;SIN GC
00007 COMERCIAL OF LICITACION;4000006994;170;ZPIN;32/26-LDC-MOV SUELO;;0;;4;29/7/2026;LMEDINA;1012779;CAÑO PVC 200mm DIAMETRO;1;Materiales genericos;RESPONDIDO;MR01;1;20/7/2026;23/7/2026;julio;10155172;170;1;20/7/2026;20/7/2026;PCO;;0;;0;;;;;;;;0;1;;0;;;;0;0;;;;;0;0;;;;;;;;;0;;;;;;0;;;0;;;;;;0;;;0;0;;;;;1;;;1;6;0;9;;;9;;SIN GC
00007 COMERCIAL OF LICITACION;4000006994;180;ZPIN;32/26-LDC-MOV SUELO;;0;;4;13/8/2026;LMEDINA;1042080;Cerco perimetral de obra;1;Servicios;RESPONDIDO;MR01;1;20/7/2026;23/7/2026;julio;10155172;180;1;20/7/2026;20/7/2026;PCO;;0;;0;;;;;;;;0;1;;0;;;;0;0;;;;;0;0;;;;;;;;;0;;;;;;0;;;0;;;;;;0;;;0;0;;;;;1;;;1;21;0;24;;;24;;SIN GC
00007 COMERCIAL OF LICITACION;4000006994;190;ZPIN;32/26-LDC-MOV SUELO;;0;;4;13/8/2026;LMEDINA;1042080;Retiro y recolocación de cerco olimpico;1;Servicios;RESPONDIDO;MR01;1;20/7/2026;23/7/2026;julio;10155172;190;1;20/7/2026;20/7/2026;PCO;;0;;0;;;;;;;;0;1;;0;;;;0;0;;;;;0;0;;;;;;;;;0;;;;;;0;;;0;;;;;;0;;;0;0;;;;;1;;;1;21;0;24;;;24;;SIN GC
00007 COMERCIAL OF LICITACION;4000006994;200;ZPIN;32/26-LDC-MOV SUELO;;0;;4;31/7/2026;LMEDINA;1013002;ensayos s/ adjunto;1;Servicios;RESPONDIDO;MR01;1;20/7/2026;23/7/2026;julio;10155172;200;1;20/7/2026;20/7/2026;PCO;;0;;0;;;;;;;;0;1;;0;;;;0;0;;;;;0;0;;;;;;;;;0;;;;;;0;;;0;;;;;;0;;;0;0;;;;;1;;;1;8;0;11;;;11;;SIN GC
00007 COMERCIAL OF LICITACION;4000006995;10;ZPIN;32/26-LDC-MOV SUELO;;0;;4;29/7/2026;LMEDINA;1013130;Examen preocupacional;1;Servicios;RESPONDIDO;MR01;1;20/7/2026;23/7/2026;julio;10155174;10;1;20/7/2026;20/7/2026;PCO;;0;;0;;;;;;;;0;1;;0;;;;0;0;;;;;0;0;;;;;;;;;0;;;;;;0;;;0;;;;;;0;;;0;0;;;;;1;;;1;6;0;9;;;9;;SIN GC
00007 COMERCIAL OF LICITACION;4000006995;20;ZPIN;32/26-LDC-MOV SUELO;;0;;4;31/7/2026;LMEDINA;1012873;Lubricante p/ equipos;1;Materiales genericos;RESPONDIDO;MR01;1;20/7/2026;23/7/2026;julio;10155174;20;1;20/7/2026;20/7/2026;PCO;;0;;0;;;;;;;;0;1;;0;;;;0;0;;;;;0;0;;;;;;;;;0;;;;;;0;;;0;;;;;;0;;;0;0;;;;;1;;;1;8;0;11;;;11;;SIN GC
00007 COMERCIAL OF LICITACION;4000006995;30;ZPIN;32/26-LDC-MOV SUELO;;0;;4;31/7/2026;LMEDINA;1010725;Bidones de agua;1;Materiales usuales;RESPONDIDO;MR01;1;20/7/2026;23/7/2026;julio;10155174;30;1;20/7/2026;20/7/2026;PCO;;0;;0;;;;;;;;0;1;;0;;;;0;0;;;;;0;0;;;;;;;;;0;;;;;;0;;;0;;;;;;0;;;0;0;;;;;1;;;1;8;0;11;;;11;;SIN GC
00007 COMERCIAL OF LICITACION;4000006995;40;ZPIN;32/26-LDC-MOV SUELO;;0;;4;27/7/2026;LMEDINA;1025931;Servicio internet;1;Servicios;RESPONDIDO;MR01;1;20/7/2026;23/7/2026;julio;10155174;40;1;20/7/2026;20/7/2026;PCO;;0;;0;;;;;;;;0;1;;0;;;;0;0;;;;;0;0;;;;;;;;;0;;;;;;0;;;0;;;;;;0;;;0;0;;;;;1;;;1;4;0;7;;;7;;SIN GC
00007 COMERCIAL OF LICITACION;4000006995;50;ZPIN;32/26-LDC-MOV SUELO;;0;;4;31/7/2026;LMEDINA;1026246;Baño quimico;1;Servicios;RESPONDIDO;MR01;1;20/7/2026;23/7/2026;julio;10155174;50;1;20/7/2026;20/7/2026;PCO;;0;;0;;;;;;;;0;1;;0;;;;0;0;;;;;0;0;;;;;;;;;0;;;;;;0;;;0;;;;;;0;;;0;0;;;;;1;;;1;8;0;11;;;11;;SIN GC
00007 COMERCIAL OF LICITACION;4000006995;60;ZPIN;32/26-LDC-MOV SUELO;;0;;4;31/7/2026;LMEDINA;1018251;Traslado de personal;1;Servicios;RESPONDIDO;MR01;1;20/7/2026;23/7/2026;julio;10155174;60;1;20/7/2026;20/7/2026;PCO;;0;;0;;;;;;;;0;1;;0;;;;0;0;;;;;0;0;;;;;;;;;0;;;;;;0;;;0;;;;;;0;;;0;0;;;;;1;;;1;8;0;11;;;11;;SIN GC
00007 COMERCIAL OF LICITACION;4000006995;70;ZPIN;32/26-LDC-MOV SUELO;;0;;4;31/7/2026;LMEDINA;1013121;Vianda;1;Servicios;RESPONDIDO;MR01;1;20/7/2026;23/7/2026;julio;10155174;70;1;20/7/2026;20/7/2026;PCO;;0;;0;;;;;;;;0;1;;0;;;;0;0;;;;;0;0;;;;;;;;;0;;;;;;0;;;0;;;;;;0;;;0;0;;;;;1;;;1;8;0;11;;;11;;SIN GC
00007 COMERCIAL OF LICITACION;4000006996;10;ZPIN;32/26-LDC-MOV SUELO;;0;;4;28/7/2026;LMEDINA;1011236;GasOil p/ equipos;1;Materiales usuales;RESPONDIDO;MR01;1;20/7/2026;23/7/2026;julio;10155175;10;1;20/7/2026;20/7/2026;PCO;;0;;0;;;;;;;;0;1;;0;;;;0;0;;;;;0;0;;;;;;;;;0;;;;;;0;;;0;;;;;;0;;;0;0;;;;;1;;;1;5;0;8;;;8;;SIN GC
0004 SERVICIO TECNICO PROYECTO;4000006997;10;ZPIN;COTIZAR CILINDRO SOL;;0;;4;23/7/2026;LNUNEZ;1057536;CILINDRO BINOTTO 4 ETAPAS - OMBU;10;Materiales Stock;RESPONDIDO;MR01;1;21/7/2026;21/7/2026;julio;10155205;10;1;21/7/2026;21/7/2026;C03;;0;;0;;;;;;;;0;10;;0;;;;0;0;;;;;0;0;;;;;;;;;0;;;;;;0;;;0;;;;;;0;;;0;0;;;;;1;;;1;2;0;2;;;2;;COMPRAS EQUIPOS
00007 COMERCIAL OF LICITACION;4000007011;10;ZPIN;26.24 TGS LINEAS VIN;;0;;4;27/7/2026;EPAONE;1012852;PINTURAS S/ADJUNTO;1;Materiales genericos;RESPONDIDO;MR01;1;22/7/2026;27/7/2026;julio;10155415;10;1;22/7/2026;22/7/2026;PCO;;0;;0;;;;;;;;0;1;;0;;;;0;0;;;;;0;0;;;;;;;;;0;;;;;;0;;;0;;;;;;0;;;0;0;;;;;1;;1;;;0;5;;;5;;SIN GC
0004 SERVICIO TECNICO PROYECTO;4000007012;10;ZPIN;KIT CILINDRO, BOMBA;;0;;4;31/7/2026;LNUNEZ;1015947;CONJUNTO DE TANQUE, CILINDRO, VER ANEXO;1;Materiales genericos;RESPONDIDO;MR01;1;23/7/2026;23/7/2026;julio;10155439;10;1;23/7/2026;23/7/2026;C03;;0;;0;;;;;;;;0;1;;0;;;;0;0;;;;;0;0;;;;;;;;;0;;;;;;0;;;0;;;;;;0;;;0;0;;;;;1;;;1;8;0;8;;;8;;COMPRAS EQUIPOS
00005 TALLER;4000007016;10;ZPIN;PEDIDO INF - 71189;;19;;4;7/8/2026;SFLORES;1058208;MOTOR HIDRAULICO;1;Materiales Stock;RESPONDIDO;MR01;1;27/7/2026;29/7/2026;julio;10155784;10;1;27/7/2026;27/7/2026;C03;;0;;0;;;;;;;;0;1;;0;;;;0;0;;;;;0;0;;;;;;;;;0;;;;;;0;;;0;;;;;;0;;;0;0;;;;;1;;;1;9;0;11;;;11;;COMPRAS EQUIPOS
00007 COMERCIAL OF LICITACION;4000007018;10;ZPIN;24/26 CP N3-Lineas V;;0;;4;5/8/2026;GBACCELLI;1012807;"Válvula de control de caudal según ""HD-C";1;Materiales genericos;RESPONDIDO;MR01;1;28/7/2026;5/8/2026;agosto;10155844;10;1;28/7/2026;28/7/2026;PCO;;0;;0;;;;;;;;0;1;;0;;;;0;0;;;;;0;0;;;;;;;;;0;;;;;;0;;;0;;;;;;0;;;0;0;;;;;1;;1;;;0;8;;;8;;SIN GC
00007 COMERCIAL OF LICITACION;4000007019;10;ZPIN;24/26 CP N3-Lineas V;;0;;4;4/8/2026;GBACCELLI;1012807;Provisión y Puesta en Servicio de Cromat;1;Materiales genericos;RESPONDIDO;MR01;1;28/7/2026;5/8/2026;agosto;10155845;10;1;28/7/2026;28/7/2026;PCO;;0;;0;;;;;;;;0;1;;0;;;;0;0;;;;;0;0;;;;;;;;;0;;;;;;0;;;0;;;;;;0;;;0;0;;;;;1;;1;;;0;7;;;7;;SIN GC
00007 COMERCIAL OF LICITACION;4000007021;10;ZPIN;26.24 TGS LINEAS VIN;;0;;4;11/8/2026;EPAONE;1022295;SERVICIO AISLACION TERMICA S/ADJUNTOS;1;Servicios;RESPONDIDO;MR01;1;28/7/2026;5/8/2026;agosto;10155932;10;1;28/7/2026;28/7/2026;PCO;;0;;0;;;;;;;;0;1;;0;;;;0;0;;;;;0;0;;;;;;;;;0;;;;;;0;;;0;;;;;;0;;;0;0;;;;;1;;;1;6;0;14;;;14;;SIN GC
00007 COMERCIAL OF LICITACION;4000007022;10;ZPIN;26.24 TGS LINEAS VIN;;0;;4;3/8/2026;EPAONE;1042098;TRAMPAS ALTERNATIVAS S/ADJUNTOS;1;Servicios;RESPONDIDO;MR01;1;28/7/2026;7/8/2026;agosto;10155950;10;1;28/7/2026;28/7/2026;PCO;;0;;0;;;;;;;;0;1;;0;;;;0;0;;;;;0;0;;;;;;;;;0;;;;;;0;;;0;;;;;;0;;;0;0;;;;;1;;1;;;0;6;;;6;;SIN GC
00007 COMERCIAL OF LICITACION;4000007023;10;ZPIN;26.24 TGS LINEAS VIN;;0;;4;4/8/2026;EPAONE;1012786;"Manta termcontr. COVALENCE DIRAX p/Ø12""";77;Materiales genericos;RESPONDIDO;MR01;1;28/7/2026;5/8/2026;agosto;10155960;10;1;28/7/2026;28/7/2026;PCO;;0;;0;;;;;;;;0;77;;0;;;;0;0;;;;;0;0;;;;;;;;;0;;;;;;0;;;0;;;;;;0;;;0;0;;;;;1;;1;;;0;7;;;7;;SIN GC
00007 COMERCIAL OF LICITACION;4000007023;20;ZPIN;26.24 TGS LINEAS VIN;;0;;4;4/8/2026;EPAONE;1012786;"Manta termcontr. COVALENCE DIRAX p/Ø16""";77;Materiales genericos;RESPONDIDO;MR01;1;28/7/2026;5/8/2026;agosto;10155960;20;1;28/7/2026;28/7/2026;PCO;;0;;0;;;;;;;;0;77;;0;;;;0;0;;;;;0;0;;;;;;;;;0;;;;;;0;;;0;;;;;;0;;;0;0;;;;;1;;1;;;0;7;;;7;;SIN GC
00007 COMERCIAL OF LICITACION;4000007023;30;ZPIN;26.24 TGS LINEAS VIN;;0;;4;4/8/2026;EPAONE;1012786;Manta termcontr. COVALENCE HTLP-60 p/Ø12;1223;Materiales genericos;RESPONDIDO;MR01;1;28/7/2026;5/8/2026;agosto;10155960;30;1;28/7/2026;28/7/2026;PCO;;0;;0;;;;;;;;0;1223;;0;;;;0;0;;;;;0;0;;;;;;;;;0;;;;;;0;;;0;;;;;;0;;;0;0;;;;;1;;1;;;0;7;;;7;;SIN GC
00007 COMERCIAL OF LICITACION;4000007023;40;ZPIN;26.24 TGS LINEAS VIN;;0;;4;4/8/2026;EPAONE;1012786;Manta termcontr. COVALENCE HTLP-60 p/Ø16;1223;Materiales genericos;RESPONDIDO;MR01;1;28/7/2026;5/8/2026;agosto;10155960;40;1;28/7/2026;28/7/2026;PCO;;0;;0;;;;;;;;0;1223;;0;;;;0;0;;;;;0;0;;;;;;;;;0;;;;;;0;;;0;;;;;;0;;;0;0;;;;;1;;1;;;0;7;;;7;;SIN GC
00005 TALLER;4000007028;10;ZPIN;PEDIDO INF - ENGANCH;;0;;4;31/7/2026;SFLORES;1015947;ENGANCHE TRASERO SCANIA 8X4;1;Materiales genericos;RESPONDIDO;MR01;1;30/7/2026;4/8/2026;agosto;10156066;10;1;30/7/2026;30/7/2026;C03;;0;;0;;;;;;;;0;1;;0;;;;0;0;;;;;0;0;;;;;;;;;0;;;;;;0;;;0;;;;;;0;;;0;0;;;;;1;;1;;;0;1;;;1;;COMPRAS EQUIPOS
00005 TALLER;4000007028;20;ZPIN;PEDIDO INF - ENGANCH;;0;;4;31/7/2026;SFLORES;1015947;ENGANCHE TRASERO SCANIA 6X4;1;Materiales genericos;RESPONDIDO;MR01;1;30/7/2026;4/8/2026;agosto;10156066;20;1;30/7/2026;30/7/2026;C03;;0;;0;;;;;;;;0;1;;0;;;;0;0;;;;;0;0;;;;;;;;;0;;;;;;0;;;0;;;;;;0;;;0;0;;;;;1;;1;;;0;1;;;1;;COMPRAS EQUIPOS
00007 COMERCIAL OF LICITACION;4000007031;10;ZPIN;26.24 TGS LINEAS VIN;;0;;4;4/8/2026;EPAONE;1012784;ACCESORIOS PARA PH S/ADJUNTO;1;Materiales genericos;RESPONDIDO;MR01;1;30/7/2026;7/8/2026;agosto;10156157;10;1;30/7/2026;30/7/2026;PCO;;0;;0;;;;;;;;0;1;;0;;;;0;0;;;;;0;0;;;;;;;;;0;;;;;;0;;;0;;;;;;0;;;0;0;;;;;1;;1;;;0;5;;;5;;SIN GC
00040-Comunic y Sustentabilidad;4000007032;10;ZPIN;PEDIDO INF P/DONACIO;;0;;4;12/8/2026;CCERUTTI;1055262;camisteas de fútbol con logo Talle XL;20;Materiales genericos;RESPONDIDO;MR01;1;31/7/2026;14/8/2026;agosto;10156223;10;1;31/7/2026;31/7/2026;C28;;0;;0;;;;;;;;0;20;;0;;;;0;0;;;;;0;0;;;;;;;;;0;;;;;;0;;;0;;;;;;0;;;0;0;;;;;1;;1;;;0;12;;;12;;COMPRAS ABASTECIMIENTO
00040-Comunic y Sustentabilidad;4000007032;20;ZPIN;PEDIDO INF P/DONACIO;;0;;4;12/8/2026;CCERUTTI;1055262;camisetas de fútbol con logo Talle L;10;Materiales genericos;RESPONDIDO;MR01;1;31/7/2026;14/8/2026;agosto;10156223;20;1;31/7/2026;31/7/2026;C28;;0;;0;;;;;;;;0;10;;0;;;;0;0;;;;;0;0;;;;;;;;;0;;;;;;0;;;0;;;;;;0;;;0;0;;;;;1;;1;;;0;12;;;12;;COMPRAS ABASTECIMIENTO
00040-Comunic y Sustentabilidad;4000007032;30;ZPIN;PEDIDO INF P/DONACIO;;0;;4;12/8/2026;CCERUTTI;1055262;Trofeos con logo;2;Materiales genericos;RESPONDIDO;MR01;1;31/7/2026;14/8/2026;agosto;10156223;30;1;31/7/2026;31/7/2026;C17;;0;;0;;;;;;;;0;2;;0;;;;0;0;;;;;0;0;;;;;;;;;0;;;;;;0;;;0;;;;;;0;;;0;0;;;;;1;;1;;;0;12;;;12;;COMPRAS ABASTECIMIENTO
00040-Comunic y Sustentabilidad;4000007032;40;ZPIN;PEDIDO INF P/DONACIO;;0;;4;12/8/2026;CCERUTTI;1055262;pelotas de futbol;10;Materiales genericos;RESPONDIDO;MR01;1;31/7/2026;14/8/2026;agosto;10156223;40;1;31/7/2026;31/7/2026;C17;;0;;0;;;;;;;;0;10;;0;;;;0;0;;;;;0;0;;;;;;;;;0;;;;;;0;;;0;;;;;;0;;;0;0;;;;;1;;1;;;0;12;;;12;;COMPRAS ABASTECIMIENTO
00040-Comunic y Sustentabilidad;4000007032;50;ZPIN;PEDIDO INF P/DONACIO;;0;;4;12/8/2026;CCERUTTI;1055262;Fly banner;1;Materiales genericos;RESPONDIDO;MR01;1;31/7/2026;14/8/2026;agosto;10156223;50;1;31/7/2026;31/7/2026;C17;;0;;0;;;;;;;;0;1;;0;;;;0;0;;;;;0;0;;;;;;;;;0;;;;;;0;;;0;;;;;;0;;;0;0;;;;;1;;1;;;0;12;;;12;;COMPRAS ABASTECIMIENTO
00007 COMERCIAL OF LICITACION;4000007033;10;ZPIN;26.24 TGS LINEAS VIN;;0;;4;4/8/2026;EPAONE;1022295;BIDON AGUA 20 LITROS;75;Servicios;RESPONDIDO;MR01;1;31/7/2026;7/8/2026;agosto;10156229;10;1;31/7/2026;31/7/2026;PCO;;0;;0;;;;;;;;0;75;;0;;;;0;0;;;;;0;0;;;;;;;;;0;;;;;;0;;;0;;;;;;0;;;0;0;;;;;1;;1;;;0;4;;;4;;SIN GC
00007 COMERCIAL OF LICITACION;4000007033;20;ZPIN;26.24 TGS LINEAS VIN;;0;;4;4/8/2026;EPAONE;1022295;BOLSA DE HIELO 10 KG;75;Servicios;RESPONDIDO;MR01;1;31/7/2026;7/8/2026;agosto;10156229;20;1;31/7/2026;31/7/2026;PCO;;0;;0;;;;;;;;0;75;;0;;;;0;0;;;;;0;0;;;;;;;;;0;;;;;;0;;;0;;;;;;0;;;0;0;;;;;1;;1;;;0;4;;;4;;SIN GC
00007 COMERCIAL OF LICITACION;4000007034;10;ZPIN;26.24 TGS LINEAS VIN;;0;;4;4/8/2026;EPAONE;1009588;CARPETA COLGANTE OFICIO;4;Materiales usuales;RESPONDIDO;MR01;1;31/7/2026;7/8/2026;agosto;10156277;10;1;31/7/2026;31/7/2026;PCO;;0;;0;;;;;;;;0;4;;0;;;;0;0;;;;;0;0;;;;;;;;;0;;;;;;0;;;0;;;;;;0;;;0;0;;;;;1;;1;;;0;4;;;4;;SIN GC
00007 COMERCIAL OF LICITACION;4000007034;20;ZPIN;26.24 TGS LINEAS VIN;;0;;4;4/8/2026;EPAONE;1011995;LINTERNA DE AREA SEGURA;2;Materiales usuales;RESPONDIDO;MR01;1;31/7/2026;7/8/2026;agosto;10156277;20;1;31/7/2026;31/7/2026;PCO;;0;;0;;;;;;;;0;2;;0;;;;0;0;;;;;0;0;;;;;;;;;0;;;;;;0;;;0;;;;;;0;;;0;0;;;;;1;;1;;;0;4;;;4;;SIN GC
00007 COMERCIAL OF LICITACION;4000007035;10;ZPIN;24/26 CP N3-Lineas V;;0;;4;4/8/2026;GBACCELLI;1012805;Cámara de Empalme de hormigón armado con;4;Materiales genericos;RESPONDIDO;MR01;1;31/7/2026;6/8/2026;agosto;10156280;10;1;31/7/2026;31/7/2026;PCO;;0;;0;;;;;;;;0;4;;0;;;;0;0;;;;;0;0;;;;;;;;;0;;;;;;0;;;0;;;;;;0;;;0;0;;;;;1;;1;;;0;4;;;4;;SIN GC
00007 COMERCIAL OF LICITACION;4000007035;20;ZPIN;24/26 CP N3-Lineas V;;0;;4;4/8/2026;GBACCELLI;1012805;Cámara de Paso hormigón armado con 3 tap;34;Materiales genericos;RESPONDIDO;MR01;1;31/7/2026;6/8/2026;agosto;10156280;20;1;31/7/2026;31/7/2026;PCO;;0;;0;;;;;;;;0;34;;0;;;;0;0;;;;;0;0;;;;;;;;;0;;;;;;0;;;0;;;;;;0;;;0;0;;;;;1;;1;;;0;4;;;4;;SIN GC
00007 COMERCIAL OF LICITACION;4000007036;10;ZPIN;24/26 CP N3-Lineas V;;0;;4;4/8/2026;GBACCELLI;1012805;Metros de tritubo;18000;Materiales genericos;RESPONDIDO;MR01;1;31/7/2026;6/8/2026;agosto;10156281;10;1;31/7/2026;31/7/2026;PCO;;0;;0;;;;;;;;0;18000;;0;;;;0;0;;;;;0;0;;;;;;;;;0;;;;;;0;;;0;;;;;;0;;;0;0;;;;;1;;1;;;0;4;;;4;;SIN GC
00007 COMERCIAL OF LICITACION;4000007041;10;ZPIN;26.24 TGS LINEAS VIN;;0;;4;5/8/2026;EPAONE;1012896;Electrodos 8010-P1 Ø3,2 mm;810;Materiales genericos;RESPONDIDO;MR01;1;4/8/2026;7/8/2026;agosto;10156508;10;1;4/8/2026;4/8/2026;PCO;;0;;0;;;;;;;;0;810;;0;;;;0;0;;;;;0;0;;;;;;;;;0;;;;;;0;;;0;;;;;;0;;;0;0;;;;;1;;1;;;0;1;;;1;;SIN GC
00007 COMERCIAL OF LICITACION;4000007041;20;ZPIN;26.24 TGS LINEAS VIN;;0;;4;5/8/2026;EPAONE;1012896;Electrodos 8010-P1 Ø4 mm;715;Materiales genericos;RESPONDIDO;MR01;1;4/8/2026;7/8/2026;agosto;10156508;20;1;4/8/2026;4/8/2026;PCO;;0;;0;;;;;;;;0;715;;0;;;;0;0;;;;;0;0;;;;;;;;;0;;;;;;0;;;0;;;;;;0;;;0;0;;;;;1;;1;;;0;1;;;1;;SIN GC
00007 COMERCIAL OF LICITACION;4000007041;30;ZPIN;26.24 TGS LINEAS VIN;;0;;4;6/8/2026;EPAONE;1012896;"Cepillo acero trenzado 7"" FPL";430;Materiales genericos;RESPONDIDO;MR01;1;4/8/2026;7/8/2026;agosto;10156508;30;1;4/8/2026;4/8/2026;PCO;;0;;0;;;;;;;;0;430;;0;;;;0;0;;;;;0;0;;;;;;;;;0;;;;;;0;;;0;;;;;;0;;;0;0;;;;;1;;1;;;0;2;;;2;;SIN GC
00007 COMERCIAL OF LICITACION;4000007041;40;ZPIN;26.24 TGS LINEAS VIN;;0;;4;6/8/2026;EPAONE;1012896;Disco Tyrolit Secur Extra 114 x 1,6 x 22;150;Materiales genericos;RESPONDIDO;MR01;1;4/8/2026;7/8/2026;agosto;10156508;40;1;4/8/2026;4/8/2026;PCO;;0;;0;;;;;;;;0;150;;0;;;;0;0;;;;;0;0;;;;;;;;;0;;;;;;0;;;0;;;;;;0;;;0;0;;;;;1;;1;;;0;2;;;2;;SIN GC
00007 COMERCIAL OF LICITACION;4000007041;50;ZPIN;26.24 TGS LINEAS VIN;;0;;4;6/8/2026;EPAONE;1012896;Disco Tyrolit Secur Extra 178 x 1,6 x 22;425;Materiales genericos;RESPONDIDO;MR01;1;4/8/2026;7/8/2026;agosto;10156508;50;1;4/8/2026;4/8/2026;PCO;;0;;0;;;;;;;;0;425;;0;;;;0;0;;;;;0;0;;;;;;;;;0;;;;;;0;;;0;;;;;;0;;;0;0;;;;;1;;1;;;0;2;;;2;;SIN GC
00007 COMERCIAL OF LICITACION;4000007041;60;ZPIN;26.24 TGS LINEAS VIN;;0;;4;6/8/2026;EPAONE;1012896;Disco Tyrolit Secur Extra 178 x 4,8 x 22;348;Materiales genericos;RESPONDIDO;MR01;1;4/8/2026;7/8/2026;agosto;10156508;60;1;4/8/2026;4/8/2026;PCO;;0;;0;;;;;;;;0;348;;0;;;;0;0;;;;;0;0;;;;;;;;;0;;;;;;0;;;0;;;;;;0;;;0;0;;;;;1;;1;;;0;2;;;2;;SIN GC
00007 COMERCIAL OF LICITACION;4000007041;70;ZPIN;26.24 TGS LINEAS VIN;;0;;4;6/8/2026;EPAONE;1012896;Disco Tyrolit Secur Extra 178 x 7 x 22 m;140;Materiales genericos;RESPONDIDO;MR01;1;4/8/2026;7/8/2026;agosto;10156508;70;1;4/8/2026;4/8/2026;PCO;;0;;0;;;;;;;;0;140;;0;;;;0;0;;;;;0;0;;;;;;;;;0;;;;;;0;;;0;;;;;;0;;;0;0;;;;;1;;1;;;0;2;;;2;;SIN GC
00007 COMERCIAL OF LICITACION;4000007043;10;ZPIN;26.24 TGS LINEAS VIN;;0;;4;6/8/2026;EPAONE;1042098;SKID TRAMPAS S/ADJUNTOS;1;Servicios;RESPONDIDO;MR01;1;5/8/2026;7/8/2026;agosto;10156638;10;1;5/8/2026;5/8/2026;PCO;;0;;0;;;;;;;;0;1;;0;;;;0;0;;;;;0;0;;;;;;;;;0;;;;;;0;;;0;;;;;;0;;;0;0;;;;;1;;1;;;0;1;;;1;;SIN GC
00007 COMERCIAL OF LICITACION;4000007045;10;ZPIN;26.24 TGS LINEAS VIN;;0;;4;10/8/2026;EPAONE;1012782;MATERIALES PIPING S/ADJUNTO ALTERNATIVA;1;Materiales genericos;RESPONDIDO;MR01;1;6/8/2026;11/8/2026;agosto;10156797;10;1;6/8/2026;6/8/2026;PCO;;0;;0;;;;;;;;0;1;;0;;;;0;0;;;;;0;0;;;;;;;;;0;;;;;;0;;;0;;;;;;0;;;0;0;;;;;1;;1;;;0;4;;;4;;SIN GC
00007 COMERCIAL OF LICITACION;4000007052;10;ZPIN;24/26 CP N3-Lineas V;;0;;4;19/8/2026;GBACCELLI;1012799;Sistema de Monitoreo de corrosión electr;1;Materiales genericos;RESPONDIDO;MR01;1;10/8/2026;17/8/2026;agosto;10157003;10;1;10/8/2026;10/8/2026;PCO;;0;;0;;;;;;;;0;1;;0;;;;0;0;;;;;0;0;;;;;;;;;0;;;;;;0;;;0;;;;;;0;;;0;0;;;;;1;;;1;2;0;9;;;9;;SIN GC
00007 COMERCIAL OF LICITACION;4000007052;20;ZPIN;24/26 CP N3-Lineas V;;0;;4;19/8/2026;GBACCELLI;1012799;Sistema de Monitoreo de corrosión por pé;1;Materiales genericos;RESPONDIDO;MR01;1;10/8/2026;17/8/2026;agosto;10157003;20;1;10/8/2026;10/8/2026;PCO;;0;;0;;;;;;;;0;1;;0;;;;0;0;;;;;0;0;;;;;;;;;0;;;;;;0;;;0;;;;;;0;;;0;0;;;;;1;;;1;2;0;9;;;9;;SIN GC
00007 COMERCIAL OF LICITACION;4000007052;30;ZPIN;24/26 CP N3-Lineas V;;0;;4;27/8/2026;GBACCELLI;1012799;Sistema de Monitoreo de corrosión no int;1;Materiales genericos;RESPONDIDO;MR01;1;10/8/2026;17/8/2026;agosto;10157003;30;1;10/8/2026;10/8/2026;PCO;;0;;0;;;;;;;;0;1;;0;;;;0;0;;;;;0;0;;;;;;;;;0;;;;;;0;;;0;;;;;;0;;;0;0;;;;;1;;;1;10;0;17;;;17;;SIN GC
00007 COMERCIAL OF LICITACION;4000007054;10;ZPIN;24/26 CP N3-Lineas V;;0;;4;12/8/2026;GBACCELLI;1012799;Ánodo de Magnesio tipo GALVOMAG de Alto;2;Materiales genericos;RESPONDIDO;MR01;1;10/8/2026;17/8/2026;agosto;10157082;10;1;10/8/2026;10/8/2026;PCO;;0;;0;;;;;;;;0;2;;0;;;;0;0;;;;;0;0;;;;;;;;;0;;;;;;0;;;0;;;;;;0;;;0;0;;;;;1;;1;;;0;2;;;2;;SIN GC
00007 COMERCIAL OF LICITACION;4000007054;20;ZPIN;24/26 CP N3-Lineas V;;0;;4;12/8/2026;GBACCELLI;1012799;"Ánodo de Grafito Ø3"" X 60"" con 1,5m de c";4;Materiales genericos;RESPONDIDO;MR01;1;10/8/2026;17/8/2026;agosto;10157082;20;1;10/8/2026;10/8/2026;PCO;;0;;0;;;;;;;;0;4;;0;;;;0;0;;;;;0;0;;;;;;;;;0;;;;;;0;;;0;;;;;;0;;;0;0;;;;;1;;1;;;0;2;;;2;;SIN GC
00007 COMERCIAL OF LICITACION;4000007054;30;ZPIN;24/26 CP N3-Lineas V;;0;;4;12/8/2026;GBACCELLI;1012799;Anodos tubulares de Titanio MMO (Mixed M;4;Materiales genericos;RESPONDIDO;MR01;1;10/8/2026;17/8/2026;agosto;10157082;30;1;10/8/2026;10/8/2026;PCO;;0;;0;;;;;;;;0;4;;0;;;;0;0;;;;;0;0;;;;;;;;;0;;;;;;0;;;0;;;;;;0;;;0;0;;;;;1;;1;;;0;2;;;2;;SIN GC
00007 COMERCIAL OF LICITACION;4000007054;40;ZPIN;24/26 CP N3-Lineas V;;0;;4;12/8/2026;GBACCELLI;1012799;"Centralizador para ánodos 6""";4;Materiales genericos;RESPONDIDO;MR01;1;10/8/2026;17/8/2026;agosto;10157082;40;1;10/8/2026;10/8/2026;PCO;;0;;0;;;;;;;;0;4;;0;;;;0;0;;;;;0;0;;;;;;;;;0;;;;;;0;;;0;;;;;;0;;;0;0;;;;;1;;1;;;0;2;;;2;;SIN GC
00007 COMERCIAL OF LICITACION;4000007054;50;ZPIN;24/26 CP N3-Lineas V;;0;;4;12/8/2026;GBACCELLI;1012799;ACCESORIO BT S ESPECIFICACION;1;Materiales genericos;RESPONDIDO;MR01;1;10/8/2026;17/8/2026;agosto;10157082;50;1;10/8/2026;10/8/2026;PCO;;0;;0;;;;;;;;0;1;;0;;;;0;0;;;;;0;0;;;;;;;;;0;;;;;;0;;;0;;;;;;0;;;0;0;;;;;1;;1;;;0;2;;;2;;SIN GC
00007 COMERCIAL OF LICITACION;4000007054;60;ZPIN;24/26 CP N3-Lineas V;;0;;4;13/8/2026;GBACCELLI;1012799;Electrodo de referencia hemipila permane;10;Materiales genericos;RESPONDIDO;MR01;1;10/8/2026;17/8/2026;agosto;10157082;60;1;10/8/2026;10/8/2026;PCO;;0;;0;;;;;;;;0;10;;0;;;;0;0;;;;;0;0;;;;;;;;;0;;;;;;0;;;0;;;;;;0;;;0;0;;;;;1;;1;;;0;3;;;3;;SIN GC
00007 COMERCIAL OF LICITACION;4000007054;70;ZPIN;24/26 CP N3-Lineas V;;0;;4;13/8/2026;GBACCELLI;1012799;"Mojón Kilométrico diámetro 6” según ""ET-";30;Materiales genericos;RESPONDIDO;MR01;1;10/8/2026;17/8/2026;agosto;10157082;70;1;10/8/2026;10/8/2026;PCO;;0;;0;;;;;;;;0;30;;0;;;;0;0;;;;;0;0;;;;;;;;;0;;;;;;0;;;0;;;;;;0;;;0;0;;;;;1;;1;;;0;3;;;3;;SIN GC
00007 COMERCIAL OF LICITACION;4000007055;10;ZPIN;24/26 CP N3-Lineas V;;0;;4;18/8/2026;GBACCELLI;1012799;"Mojón Aéreo diámetro 6” según ""ET-021-PC";5;Materiales genericos;RESPONDIDO;MR01;1;10/8/2026;17/8/2026;agosto;10157084;10;1;10/8/2026;10/8/2026;PCO;;0;;0;;;;;;;;0;5;;0;;;;0;0;;;;;0;0;;;;;;;;;0;;;;;;0;;;0;;;;;;0;;;0;0;;;;;1;;;1;1;0;8;;;8;;SIN GC
00007 COMERCIAL OF LICITACION;4000007055;20;ZPIN;24/26 CP N3-Lineas V;;0;;4;18/8/2026;GBACCELLI;1012799;Caja para medición de potencial CMP de f;25;Materiales genericos;RESPONDIDO;MR01;1;10/8/2026;17/8/2026;agosto;10157084;20;1;10/8/2026;10/8/2026;PCO;;0;;0;;;;;;;;0;25;;0;;;;0;0;;;;;0;0;;;;;;;;;0;;;;;;0;;;0;;;;;;0;;;0;0;;;;;1;;;1;1;0;8;;;8;;SIN GC
00007 COMERCIAL OF LICITACION;4000007055;30;ZPIN;24/26 CP N3-Lineas V;;0;;4;18/8/2026;GBACCELLI;1012799;Caja para medición de potencial CMP de f;5;Materiales genericos;RESPONDIDO;MR01;1;10/8/2026;17/8/2026;agosto;10157084;30;1;10/8/2026;10/8/2026;PCO;;0;;0;;;;;;;;0;5;;0;;;;0;0;;;;;0;0;;;;;;;;;0;;;;;;0;;;0;;;;;;0;;;0;0;;;;;1;;;1;1;0;8;;;8;;SIN GC
00007 COMERCIAL OF LICITACION;4000007055;40;ZPIN;24/26 CP N3-Lineas V;;0;;4;18/8/2026;GBACCELLI;1012799;Caja para medición de potencial CMP de f;5;Materiales genericos;RESPONDIDO;MR01;1;10/8/2026;17/8/2026;agosto;10157084;40;1;10/8/2026;10/8/2026;PCO;;0;;0;;;;;;;;0;5;;0;;;;0;0;;;;;0;0;;;;;;;;;0;;;;;;0;;;0;;;;;;0;;;0;0;;;;;1;;;1;1;0;8;;;8;;SIN GC
00007 COMERCIAL OF LICITACION;4000007055;50;ZPIN;24/26 CP N3-Lineas V;;0;;4;18/8/2026;GBACCELLI;1012799;Caja para medición de potencial CMP de f;5;Materiales genericos;RESPONDIDO;MR01;1;10/8/2026;17/8/2026;agosto;10157084;50;1;10/8/2026;10/8/2026;PCO;;0;;0;;;;;;;;0;5;;0;;;;0;0;;;;;0;0;;;;;;;;;0;;;;;;0;;;0;;;;;;0;;;0;0;;;;;1;;;1;1;0;8;;;8;;SIN GC
00007 COMERCIAL OF LICITACION;4000007055;60;ZPIN;24/26 CP N3-Lineas V;;0;;4;18/8/2026;GBACCELLI;1012799;Handy Cap  IP. 4” x 4” Con primer incorp;100;Materiales genericos;RESPONDIDO;MR01;1;10/8/2026;17/8/2026;agosto;10157084;60;1;10/8/2026;10/8/2026;PCO;;0;;0;;;;;;;;0;100;;0;;;;0;0;;;;;0;0;;;;;;;;;0;;;;;;0;;;0;;;;;;0;;;0;0;;;;;1;;;1;1;0;8;;;8;;SIN GC
00007 COMERCIAL OF LICITACION;4000007055;70;ZPIN;24/26 CP N3-Lineas V;;0;;4;18/8/2026;GBACCELLI;1012799;Vía de chispa según VDE 0185-561-3 (IEC;10;Materiales genericos;RESPONDIDO;MR01;1;10/8/2026;17/8/2026;agosto;10157084;70;1;10/8/2026;10/8/2026;PCO;;0;;0;;;;;;;;0;10;;0;;;;0;0;;;;;0;0;;;;;;;;;0;;;;;;0;;;0;;;;;;0;;;0;0;;;;;1;;;1;1;0;8;;;8;;SIN GC
00007 COMERCIAL OF LICITACION;4000007056;10;ZPIN;24/26 CP N3-Lineas V;;0;;4;14/8/2026;GBACCELLI;1012806;"Cable IRAM 2214 formación 1 x 25 mm2; 50";100;Materiales genericos;RESPONDIDO;MR01;1;10/8/2026;10/8/2026;agosto;10157085;10;1;10/8/2026;10/8/2026;PCO;;0;;0;;;;;;;;0;100;;0;;;;0;0;;;;;0;0;;;;;;;;;0;;;;;;0;;;0;;;;;;0;;;0;0;;;;;1;;;1;4;0;4;;;4;;SIN GC
00007 COMERCIAL OF LICITACION;4000007056;20;ZPIN;24/26 CP N3-Lineas V;;0;;4;14/8/2026;GBACCELLI;1012806;"Cable IRAM 2214 formación 1 x 4 mm2; 500";500;Materiales genericos;RESPONDIDO;MR01;1;10/8/2026;10/8/2026;agosto;10157085;20;1;10/8/2026;10/8/2026;PCO;;0;;0;;;;;;;;0;500;;0;;;;0;0;;;;;0;0;;;;;;;;;0;;;;;;0;;;0;;;;;;0;;;0;0;;;;;1;;;1;4;0;4;;;4;;SIN GC
00007 COMERCIAL OF LICITACION;4000007057;10;ZPIN;24/26 CP N3-Lineas V;;0;;4;14/8/2026;GBACCELLI;1012799;Equipo rectificador con las siguientes c;1;Materiales genericos;RESPONDIDO;MR01;1;10/8/2026;17/8/2026;agosto;10157086;10;1;10/8/2026;10/8/2026;PCO;;0;;0;;;;;;;;0;1;;0;;;;0;0;;;;;0;0;;;;;;;;;0;;;;;;0;;;0;;;;;;0;;;0;0;;;;;1;;1;;;0;4;;;4;;SIN GC
00007 COMERCIAL OF LICITACION;4000007057;20;ZPIN;24/26 CP N3-Lineas V;;0;;4;14/8/2026;GBACCELLI;1012799;Equipo rectificador con las siguientes c;1;Materiales genericos;RESPONDIDO;MR01;1;10/8/2026;17/8/2026;agosto;10157086;20;1;10/8/2026;10/8/2026;PCO;;0;;0;;;;;;;;0;1;;0;;;;0;0;;;;;0;0;;;;;;;;;0;;;;;;0;;;0;;;;;;0;;;0;0;;;;;1;;1;;;0;4;;;4;;SIN GC
00007 COMERCIAL OF LICITACION;4000007058;10;ZPIN;26.24 TGS LINEAS VIN;;0;;4;24/8/2026;EPAONE;1022295;Nitrógeno en batería de tubos;16;Servicios;RESPONDIDO;MR01;1;11/8/2026;14/8/2026;agosto;10157117;10;1;11/8/2026;11/8/2026;PCO;;0;;0;;;;;;;;0;16;;0;;;;0;0;;;;;0;0;;;;;;;;;0;;;;;;0;;;0;;;;;;0;;;0;0;;;;;1;;;1;10;0;13;;;13;;SIN GC
00007 COMERCIAL OF LICITACION;4000007059;10;ZPIN;34-26 - GENNEIA - PE;;0;;4;20/8/2026;EBLASI;1009685;PIEDRA PARTIDA GRANITICA 10-30;1;Materiales usuales;RESPONDIDO;MR01;1;11/8/2026;24/8/2026;agosto;10157131;10;1;11/8/2026;11/8/2026;PCO;;0;;0;;;;;;;;0;1;;0;;;;0;0;;;;;0;0;;;;;;;;;0;;;;;;0;;;0;;;;;;0;;;0;0;;;;;1;;1;;;0;9;;;9;;SIN GC
00007 COMERCIAL OF LICITACION;4000007059;20;ZPIN;34-26 - GENNEIA - PE;;0;;4;20/8/2026;EBLASI;1010160;SUELO SELECCIONADO;1;Materiales usuales;RESPONDIDO;MR01;1;11/8/2026;24/8/2026;agosto;10157131;20;1;11/8/2026;11/8/2026;PCO;;0;;0;;;;;;;;0;1;;0;;;;0;0;;;;;0;0;;;;;;;;;0;;;;;;0;;;0;;;;;;0;;;0;0;;;;;1;;1;;;0;9;;;9;;SIN GC
00007 COMERCIAL OF LICITACION;4000007060;10;ZPIN;34-26 - GENNEIA - PE;;0;;4;20/8/2026;EBLASI;1011242;HORMIGON ELABORADO H13;1;Materiales usuales;RESPONDIDO;MR01;1;11/8/2026;24/8/2026;agosto;10157132;10;1;11/8/2026;11/8/2026;PCO;;0;;0;;;;;;;;0;1;;0;;;;0;0;;;;;0;0;;;;;;;;;0;;;;;;0;;;0;;;;;;0;;;0;0;;;;;1;;1;;;0;9;;;9;;SIN GC
00007 COMERCIAL OF LICITACION;4000007060;20;ZPIN;34-26 - GENNEIA - PE;;0;;4;20/8/2026;EBLASI;1011241;HORMIGON ELABORADO H8;1;Materiales usuales;RESPONDIDO;MR01;1;11/8/2026;24/8/2026;agosto;10157132;20;1;11/8/2026;11/8/2026;PCO;;0;;0;;;;;;;;0;1;;0;;;;0;0;;;;;0;0;;;;;;;;;0;;;;;;0;;;0;;;;;;0;;;0;0;;;;;1;;1;;;0;9;;;9;;SIN GC
00007 COMERCIAL OF LICITACION;4000007061;10;ZPIN;34-26 - GENNEIA - PE;;0;;4;19/8/2026;EBLASI;1011422;FENOLICO 2 CARAS LAMIN 18MM 2.44X1.22MTS;1;Materiales usuales;RESPONDIDO;MR01;1;11/8/2026;24/8/2026;agosto;10157134;10;1;11/8/2026;11/8/2026;PCO;;0;;0;;;;;;;;0;1;;0;;;;0;0;;;;;0;0;;;;;;;;;0;;;;;;0;;;0;;;;;;0;;;0;0;;;;;1;;1;;;0;8;;;8;;SIN GC
00007 COMERCIAL OF LICITACION;4000007061;20;ZPIN;34-26 - GENNEIA - PE;;0;;4;19/8/2026;EBLASI;1011432;TIRANTE 3PGX3PGX3 MTS;1;Materiales usuales;RESPONDIDO;MR01;1;11/8/2026;24/8/2026;agosto;10157134;20;1;11/8/2026;11/8/2026;PCO;;0;;0;;;;;;;;0;1;;0;;;;0;0;;;;;0;0;;;;;;;;;0;;;;;;0;;;0;;;;;;0;;;0;0;;;;;1;;1;;;0;8;;;8;;SIN GC
00007 COMERCIAL OF LICITACION;4000007062;10;ZPIN;34-26 - GENNEIA - PE;;0;;4;20/8/2026;EBLASI;1012828;Ver Nota Adjunta;3429;Materiales genericos;RESPONDIDO;MR01;1;11/8/2026;24/8/2026;agosto;10157137;30;1;20/8/2026;20/8/2026;PCO;;0;;0;;;;;;;;0;3429;;0;;;;0;0;;;;;0;0;;;;;;;;;0;;;;;;0;;;0;;;;;;0;;;0;0;;;;;1;;1;;;9;0;;1;;;SIN GC
00007 COMERCIAL OF LICITACION;4000007063;10;ZPIN;34-26 - GENNEIA - PE;;0;;4;26/8/2026;EBLASI;1012614;CANO PREMOLDEADO S PLANO;1;Materiales genericos;RESPONDIDO;MR01;1;11/8/2026;24/8/2026;agosto;10157145;10;1;11/8/2026;11/8/2026;PCO;;0;;0;;;;;;;;0;1;;0;;;;0;0;;;;;0;0;;;;;;;;;0;;;;;;0;;;0;;;;;;0;;;0;0;;;;;1;;;1;2;0;15;;;15;;SIN GC
00007 COMERCIAL OF LICITACION;4000007063;20;ZPIN;34-26 - GENNEIA - PE;;0;;4;26/8/2026;EBLASI;1012610;CANAL PREMOLDEADO S PLANO;1;Materiales genericos;RESPONDIDO;MR01;1;11/8/2026;24/8/2026;agosto;10157145;20;1;11/8/2026;11/8/2026;PCO;;0;;0;;;;;;;;0;1;;0;;;;0;0;;;;;0;0;;;;;;;;;0;;;;;;0;;;0;;;;;;0;;;0;0;;;;;1;;;1;2;0;15;;;15;;SIN GC
00007 COMERCIAL OF LICITACION;4000007063;30;ZPIN;34-26 - GENNEIA - PE;;0;;4;26/8/2026;EBLASI;1049041;FLETE PREMOLDEADOS;1;Servicios;RESPONDIDO;MR01;1;11/8/2026;24/8/2026;agosto;10157145;30;1;11/8/2026;11/8/2026;PCO;;0;;0;;;;;;;;0;1;;0;;;;0;0;;;;;0;0;;;;;;;;;0;;;;;;0;;;0;;;;;;0;;;0;0;;;;;1;;;1;2;0;15;;;15;;SIN GC
00007 COMERCIAL OF LICITACION;4000007064;10;ZPIN;34-26 - GENNEIA - PE;;0;;4;21/8/2026;EBLASI;1010653;ANTISOL BASE SOLVENTE X200LT;1;Materiales usuales;RESPONDIDO;MR01;1;11/8/2026;24/8/2026;agosto;10157148;10;1;11/8/2026;11/8/2026;PCO;;0;;0;;;;;;;;0;1;;0;;;;0;0;;;;;0;0;;;;;;;;;0;;;;;;0;;;0;;;;;;0;;;0;0;;;;;1;;1;;;0;10;;;10;;SIN GC
00007 COMERCIAL OF LICITACION;4000007064;20;ZPIN;34-26 - GENNEIA - PE;;0;;4;21/8/2026;EBLASI;1010669;SIKA SELLAVIAL X20KG;1;Materiales usuales;RESPONDIDO;MR01;1;11/8/2026;24/8/2026;agosto;10157148;20;1;11/8/2026;11/8/2026;PCO;;0;;0;;;;;;;;0;1;;0;;;;0;0;;;;;0;0;;;;;;;;;0;;;;;;0;;;0;;;;;;0;;;0;0;;;;;1;;1;;;0;10;;;10;;SIN GC
00007 COMERCIAL OF LICITACION;4000007064;30;ZPIN;34-26 - GENNEIA - PE;;0;;4;21/8/2026;EBLASI;1010657;GROUT MASTERFLOW 9200 XKG;1;Materiales usuales;RESPONDIDO;MR01;1;11/8/2026;24/8/2026;agosto;10157148;30;1;11/8/2026;11/8/2026;PCO;;0;;0;;;;;;;;0;1;;0;;;;0;0;;;;;0;0;;;;;;;;;0;;;;;;0;;;0;;;;;;0;;;0;0;;;;;1;;1;;;0;10;;;10;;SIN GC
00007 COMERCIAL OF LICITACION;4000007064;40;ZPIN;34-26 - GENNEIA - PE;;0;;4;25/8/2026;EBLASI;1010658;GROUT MASTERFLOW 9300 XKG;1;Materiales usuales;RESPONDIDO;MR01;1;11/8/2026;24/8/2026;agosto;10157148;40;1;11/8/2026;11/8/2026;PCO;;0;;0;;;;;;;;0;1;;0;;;;0;0;;;;;0;0;;;;;;;;;0;;;;;;0;;;0;;;;;;0;;;0;0;;;;;1;;;1;1;0;14;;;14;;SIN GC
00007 COMERCIAL OF LICITACION;4000007064;50;ZPIN;34-26 - GENNEIA - PE;;0;;4;21/8/2026;EBLASI;1010720;SIKATOP 107 X30KG;1;Materiales usuales;RESPONDIDO;MR01;1;11/8/2026;24/8/2026;agosto;10157148;50;1;11/8/2026;11/8/2026;PCO;;0;;0;;;;;;;;0;1;;0;;;;0;0;;;;;0;0;;;;;;;;;0;;;;;;0;;;0;;;;;;0;;;0;0;;;;;1;;1;;;0;10;;;10;;SIN GC
00007 COMERCIAL OF LICITACION;4000007064;60;ZPIN;34-26 - GENNEIA - PE;;0;;4;21/8/2026;EBLASI;1010721;SIKATOP SEAL-107 FLEX X25KG;1;Materiales usuales;RESPONDIDO;MR01;1;11/8/2026;24/8/2026;agosto;10157148;60;1;11/8/2026;11/8/2026;PCO;;0;;0;;;;;;;;0;1;;0;;;;0;0;;;;;0;0;;;;;;;;;0;;;;;;0;;;0;;;;;;0;;;0;0;;;;;1;;1;;;0;10;;;10;;SIN GC
00007 COMERCIAL OF LICITACION;4000007065;10;ZPIN;34-26 - GENNEIA - PE;;0;;4;27/8/2026;EBLASI;1035474;ALQUILER DE ENCOFRADO X MES;1;Servicios;RESPONDIDO;MR01;1;11/8/2026;24/8/2026;agosto;10157150;10;1;11/8/2026;11/8/2026;PCO;;0;;0;;;;;;;;0;1;;0;;;;0;0;;;;;0;0;;;;;;;;;0;;;;;;0;;;0;;;;;;0;;;0;0;;;;;1;;;1;3;0;16;;;16;;SIN GC
00007 COMERCIAL OF LICITACION;4000007065;20;ZPIN;34-26 - GENNEIA - PE;;0;;4;21/8/2026;EBLASI;1010656;DESENCOFRANTE PARA METAL X200L;1;Materiales usuales;RESPONDIDO;MR01;1;11/8/2026;24/8/2026;agosto;10157150;20;1;11/8/2026;11/8/2026;PCO;;0;;0;;;;;;;;0;1;;0;;;;0;0;;;;;0;0;;;;;;;;;0;;;;;;0;;;0;;;;;;0;;;0;0;;;;;1;;1;;;0;10;;;10;;SIN GC
00007 COMERCIAL OF LICITACION;4000007066;10;ZPIN;34-26 - GENNEIA - PE;;0;;4;24/8/2026;EBLASI;1011236;GASOIL DIESEL 500;1;Materiales usuales;RESPONDIDO;MR01;1;11/8/2026;24/8/2026;agosto;10157192;10;1;11/8/2026;11/8/2026;PCO;;0;;0;;;;;;;;0;1;;0;;;;0;0;;;;;0;0;;;;;;;;;0;;;;;;0;;;0;;;;;;0;;;0;0;;;;;1;;1;;;0;13;;;13;;SIN GC
00007 COMERCIAL OF LICITACION;4000007067;10;ZPIN;34-26 - GENNEIA - PE;;0;;4;21/8/2026;EBLASI;1013111;ALQUILER HOTEL XDIA;1;Servicios;RESPONDIDO;MR01;1;11/8/2026;24/8/2026;agosto;10157194;10;1;11/8/2026;11/8/2026;PCO;;0;;0;;;;;;;;0;1;;0;;;;0;0;;;;;0;0;;;;;;;;;0;;;;;;0;;;0;;;;;;0;;;0;0;;;;;1;;1;;;0;10;;;10;;SIN GC
00007 COMERCIAL OF LICITACION;4000007067;20;ZPIN;34-26 - GENNEIA - PE;;0;;4;21/8/2026;EBLASI;1013112;ALQUILER CASA XDIA;1;Servicios;RESPONDIDO;MR01;1;11/8/2026;24/8/2026;agosto;10157194;20;1;11/8/2026;11/8/2026;PCO;;0;;0;;;;;;;;0;1;;0;;;;0;0;;;;;0;0;;;;;;;;;0;;;;;;0;;;0;;;;;;0;;;0;0;;;;;1;;1;;;0;10;;;10;;SIN GC
00007 COMERCIAL OF LICITACION;4000007067;30;ZPIN;34-26 - GENNEIA - PE;;0;;4;21/8/2026;EBLASI;1013126;SS AMBULANCIA BAJA COMPLEJIDAD XDIA;1;Servicios;RESPONDIDO;MR01;1;11/8/2026;24/8/2026;agosto;10157194;30;1;11/8/2026;11/8/2026;PCO;;0;;0;;;;;;;;0;1;;0;;;;0;0;;;;;0;0;;;;;;;;;0;;;;;;0;;;0;;;;;;0;;;0;0;;;;;1;;1;;;0;10;;;10;;SIN GC
00007 COMERCIAL OF LICITACION;4000007067;40;ZPIN;34-26 - GENNEIA - PE;;0;;4;21/8/2026;EBLASI;1013130;EXAMEN PREOCUPACIONAL BASICO XUN;1;Servicios;RESPONDIDO;MR01;1;11/8/2026;24/8/2026;agosto;10157194;40;1;11/8/2026;11/8/2026;PCO;;0;;0;;;;;;;;0;1;;0;;;;0;0;;;;;0;0;;;;;;;;;0;;;;;;0;;;0;;;;;;0;;;0;0;;;;;1;;1;;;0;10;;;10;;SIN GC
00007 COMERCIAL OF LICITACION;4000007067;50;ZPIN;34-26 - GENNEIA - PE;;0;;4;21/8/2026;EBLASI;1013131;EXAMEN PREOCUPACIONAL ADICIONALES XUN;1;Servicios;RESPONDIDO;MR01;1;11/8/2026;24/8/2026;agosto;10157194;50;1;11/8/2026;11/8/2026;PCO;;0;;0;;;;;;;;0;1;;0;;;;0;0;;;;;0;0;;;;;;;;;0;;;;;;0;;;0;;;;;;0;;;0;0;;;;;1;;1;;;0;10;;;10;;SIN GC
00007 COMERCIAL OF LICITACION;4000007067;60;ZPIN;34-26 - GENNEIA - PE;;0;;4;28/8/2026;EBLASI;1013113;TRANSPORTE DE PERSONAL XVIAJE;1;Servicios;RESPONDIDO;MR01;1;11/8/2026;24/8/2026;agosto;10157194;60;1;11/8/2026;11/8/2026;PCO;;0;;0;;;;;;;;0;1;;0;;;;0;0;;;;;0;0;;;;;;;;;0;;;;;;0;;;0;;;;;;0;;;0;0;;;;;1;;;1;4;0;17;;;17;;SIN GC
00007 COMERCIAL OF LICITACION;4000007067;70;ZPIN;34-26 - GENNEIA - PE;;0;;4;25/8/2026;EBLASI;1013115;VIANDA DESAYUNO PUESTA EN OBRA XUN;1;Servicios;RESPONDIDO;MR01;1;11/8/2026;24/8/2026;agosto;10157194;70;1;11/8/2026;11/8/2026;PCO;;0;;0;;;;;;;;0;1;;0;;;;0;0;;;;;0;0;;;;;;;;;0;;;;;;0;;;0;;;;;;0;;;0;0;;;;;1;;;1;1;0;14;;;14;;SIN GC
00007 COMERCIAL OF LICITACION;4000007067;80;ZPIN;34-26 - GENNEIA - PE;;0;;4;25/8/2026;EBLASI;1013116;VIANDA ALMUERZO PUESTA EN OBRA XUN;1;Servicios;RESPONDIDO;MR01;1;11/8/2026;24/8/2026;agosto;10157194;80;1;11/8/2026;11/8/2026;PCO;;0;;0;;;;;;;;0;1;;0;;;;0;0;;;;;0;0;;;;;;;;;0;;;;;;0;;;0;;;;;;0;;;0;0;;;;;1;;;1;1;0;14;;;14;;SIN GC
00007 COMERCIAL OF LICITACION;4000007067;90;ZPIN;34-26 - GENNEIA - PE;;0;;4;25/8/2026;EBLASI;1013117;VIANDA MERIENDA PUESTA EN OBRA XUN;1;Servicios;RESPONDIDO;MR01;1;11/8/2026;24/8/2026;agosto;10157194;90;1;11/8/2026;11/8/2026;PCO;;0;;0;;;;;;;;0;1;;0;;;;0;0;;;;;0;0;;;;;;;;;0;;;;;;0;;;0;;;;;;0;;;0;0;;;;;1;;;1;1;0;14;;;14;;SIN GC
00007 COMERCIAL OF LICITACION;4000007068;10;ZPIN;34-26 - GENNEIA - PE;;0;;4;21/8/2026;EBLASI;1013060;SUBCONTRATO DE ALISTAMIENTO CAMPAMENTO;1;Servicios;RESPONDIDO;MR01;1;11/8/2026;24/8/2026;agosto;10157196;10;1;11/8/2026;11/8/2026;PCO;;0;;0;;;;;;;;0;1;;0;;;;0;0;;;;;0;0;;;;;;;;;0;;;;;;0;;;0;;;;;;0;;;0;0;;;;;1;;1;;;0;10;;;10;;SIN GC
00007 COMERCIAL OF LICITACION;4000007068;20;ZPIN;34-26 - GENNEIA - PE;;0;;4;21/8/2026;EBLASI;1013136;SERVICIO LIMPIEZA DESAGOTE BANO QUIMICO;1;Servicios;RESPONDIDO;MR01;1;11/8/2026;24/8/2026;agosto;10157196;20;1;11/8/2026;11/8/2026;PCO;;0;;0;;;;;;;;0;1;;0;;;;0;0;;;;;0;0;;;;;;;;;0;;;;;;0;;;0;;;;;;0;;;0;0;;;;;1;;1;;;0;10;;;10;;SIN GC
00007 COMERCIAL OF LICITACION;4000007068;30;ZPIN;34-26 - GENNEIA - PE;;0;;4;21/8/2026;EBLASI;1046066;ALQUILER BAÑO QUIMICO X UN. X MES;1;Servicios;RESPONDIDO;MR01;1;11/8/2026;24/8/2026;agosto;10157196;30;1;11/8/2026;11/8/2026;PCO;;0;;0;;;;;;;;0;1;;0;;;;0;0;;;;;0;0;;;;;;;;;0;;;;;;0;;;0;;;;;;0;;;0;0;;;;;1;;1;;;0;10;;;10;;SIN GC
00007 COMERCIAL OF LICITACION;4000007068;40;ZPIN;34-26 - GENNEIA - PE;;0;;4;12/8/2026;EBLASI;1022579;TANQUE COMBUSTIBLE;1;Materiales Stock;RESPONDIDO;MR01;1;11/8/2026;24/8/2026;agosto;10157196;40;1;11/8/2026;11/8/2026;PCO;;0;;0;;;;;;;;0;1;;0;;;;0;0;;;;;0;0;;;;;;;;;0;;;;;;0;;;0;;;;;;0;;;0;0;;;;;1;;1;;;0;1;;;1;;SIN GC
00007 COMERCIAL OF LICITACION;4000007069;10;ZPIN;34-26 - GENNEIA - PE;;0;;4;25/8/2026;EBLASI;1042063;SUBC. PERFORACIÓN;1;Servicios;RESPONDIDO;MR01;1;11/8/2026;24/8/2026;agosto;10157197;10;1;11/8/2026;11/8/2026;PCO;;0;;0;;;;;;;;0;1;;0;;;;0;0;;;;;0;0;;;;;;;;;0;;;;;;0;;;0;;;;;;0;;;0;0;;;;;1;;;1;1;0;14;;;14;;SIN GC
00007 COMERCIAL OF LICITACION;4000007070;10;ZPIN;34-26 - GENNEIA - PE;;0;;4;24/8/2026;EBLASI;1042079;SUBC. ENSAYO NO DESTRUCTIVO;1;Servicios;RESPONDIDO;MR01;1;11/8/2026;24/8/2026;agosto;10157199;10;1;11/8/2026;11/8/2026;PCO;;0;;0;;;;;;;;0;1;;0;;;;0;0;;;;;0;0;;;;;;;;;0;;;;;;0;;;0;;;;;;0;;;0;0;;;;;1;;1;;;0;13;;;13;;SIN GC
00007 COMERCIAL OF LICITACION;4000007070;20;ZPIN;34-26 - GENNEIA - PE;;0;;4;24/8/2026;EBLASI;1013001;ENSAYO DENSIDAD IN SITU;1;Servicios;RESPONDIDO;MR01;1;11/8/2026;24/8/2026;agosto;10157199;20;1;11/8/2026;11/8/2026;PCO;;0;;0;;;;;;;;0;1;;0;;;;0;0;;;;;0;0;;;;;;;;;0;;;;;;0;;;0;;;;;;0;;;0;0;;;;;1;;1;;;0;13;;;13;;SIN GC
00007 COMERCIAL OF LICITACION;4000007071;10;ZPIN;34-26 - GENNEIA - PE;;0;;4;25/8/2026;EBLASI;1012986;SUBC CERCO PERIM C PROVISION DE MATERIAL;1;Servicios;RESPONDIDO;MR01;1;11/8/2026;31/8/2026;agosto;10157202;10;1;11/8/2026;11/8/2026;PCO;;0;;0;;;;;;;;0;1;;0;;;;0;0;;;;;0;0;;;;;;;;;0;;;;;;0;;;0;;;;;;0;;;0;0;;;;;1;;1;;;0;14;;;14;;SIN GC
00007 COMERCIAL OF LICITACION;4000007072;10;ZPIN;34-26 - GENNEIA - PE;;0;;4;25/8/2026;EBLASI;1012779;CANO PVC S ESPECIFICACION;1;Materiales genericos;RESPONDIDO;MR01;1;11/8/2026;24/8/2026;agosto;10157204;10;1;11/8/2026;11/8/2026;PCO;;0;;0;;;;;;;;0;1;;0;;;;0;0;;;;;0;0;;;;;;;;;0;;;;;;0;;;0;;;;;;0;;;0;0;;;;;1;;;1;1;0;14;;;14;;SIN GC
00007 COMERCIAL OF LICITACION;4000007073;10;ZPIN;34-26 - GENNEIA - PE;;0;;;;EBLASI;1025934;ALQUILER BANO QUIMICO CON LAVAMANOS XMES;1;Servicios;SIN TRATAMIENTO;MR01;1;11/8/2026;24/8/2026;agosto;10157207;10;1;11/8/2026;11/8/2026;PCO;;0;;0;;;;;;;;0;1;;0;;;;0;0;;;;;0;0;;;;;;;;;0;;;;;;0;;;0;;;;;;0;;;0;0;;;;;;1;;;;0;;;;;;SIN GC
00007 COMERCIAL OF LICITACION;4000007074;10;ZPIN;34-26 - GENNEIA - PE;;0;;;;EBLASI;1013136;SERVICIO LIMPIEZA DESAGOTE BANO QUIMICO;1;Servicios;SIN TRATAMIENTO;MR01;1;12/8/2026;24/8/2026;agosto;10157247;10;1;12/8/2026;12/8/2026;PCO;;0;;0;;;;;;;;0;1;;0;;;;0;0;;;;;0;0;;;;;;;;;0;;;;;;0;;;0;;;;;;0;;;0;0;;;;;;1;;;;0;;;;;;SIN GC
00007 COMERCIAL OF LICITACION;4000007075;10;ZPIN;34-26 - GENNEIA - PE;;0;;4;21/8/2026;EBLASI;1013142;INSTALACION DE INTERNET XUN;1;Servicios;RESPONDIDO;MR01;1;12/8/2026;24/8/2026;agosto;10157312;10;1;12/8/2026;12/8/2026;PCO;;0;;0;;;;;;;;0;1;;0;;;;0;0;;;;;0;0;;;;;;;;;0;;;;;;0;;;0;;;;;;0;;;0;0;;;;;1;;1;;;0;9;;;9;;SIN GC
00007 COMERCIAL OF LICITACION;4000007075;20;ZPIN;34-26 - GENNEIA - PE;;0;;4;20/8/2026;EBLASI;1034212;SERVICIO DE INTERNET STARLINK X MES;1;Servicios;RESPONDIDO;MR01;1;12/8/2026;24/8/2026;agosto;10157312;20;1;12/8/2026;12/8/2026;PCO;;0;;0;;;;;;;;0;1;;0;;;;0;0;;;;;0;0;;;;;;;;;0;;;;;;0;;;0;;;;;;0;;;0;0;;;;;1;;1;;;0;8;;;8;;SIN GC
00007 COMERCIAL OF LICITACION;4000007076;10;ZPIN;34-26 - GENNEIA - PE;;0;;4;21/8/2026;EBLASI;1022596;RADIO;1;Materiales Stock;RESPONDIDO;MR01;1;12/8/2026;24/8/2026;agosto;10157314;10;1;12/8/2026;12/8/2026;PCO;;0;;0;;;;;;;;0;1;;0;;;;0;0;;;;;0;0;;;;;;;;;0;;;;;;0;;;0;;;;;;0;;;0;0;;;;;1;;1;;;0;9;;;9;;SIN GC
00007 COMERCIAL OF LICITACION;4000007076;20;ZPIN;34-26 - GENNEIA - PE;;0;;4;21/8/2026;EBLASI;1054491;RADIO HANDY;1;Materiales usuales;RESPONDIDO;MR01;1;12/8/2026;24/8/2026;agosto;10157314;20;1;12/8/2026;12/8/2026;PCO;;0;;0;;;;;;;;0;1;;0;;;;0;0;;;;;0;0;;;;;;;;;0;;;;;;0;;;0;;;;;;0;;;0;0;;;;;1;;1;;;0;9;;;9;;SIN GC
00007 COMERCIAL OF LICITACION;4000007076;30;ZPIN;34-26 - GENNEIA - PE;;0;;4;21/8/2026;EBLASI;1034943;ANTENA RADIO;1;Materiales Stock;RESPONDIDO;MR01;1;12/8/2026;24/8/2026;agosto;10157314;30;1;12/8/2026;12/8/2026;PCO;;0;;0;;;;;;;;0;1;;0;;;;0;0;;;;;0;0;;;;;;;;;0;;;;;;0;;;0;;;;;;0;;;0;0;;;;;1;;1;;;0;9;;;9;;SIN GC
00007 COMERCIAL OF LICITACION;4000007085;10;ZPIN;Actualizacion Base;;0;;4;28/8/2026;NCARUSO;1013681;MAMELUCO IGNIFUGO T.XL C/LOGO;150;Materiales Stock S/Devol;RESPONDIDO;MR01;1;14/8/2026;30/8/2026;agosto;10157578;10;1;14/8/2026;14/8/2026;PCO;;0;;0;;;;;;;;0;150;;0;;;;0;0;;;;;0;0;;;;;;;;;0;;;;;;0;;;0;;;;;;0;;;0;0;;;;;1;;1;;;0;14;;;14;;SIN GC
00007 COMERCIAL OF LICITACION;4000007085;20;ZPIN;Actualizacion Base;;0;;4;28/8/2026;NCARUSO;1041939;MAMELUCO GRAFA AZUL C/LOGO Y REFL. T.XL;20;Materiales Stock C/Devol;RESPONDIDO;MR01;1;14/8/2026;30/8/2026;agosto;10157578;20;1;14/8/2026;14/8/2026;PCO;;0;;0;;;;;;;;0;20;;0;;;;0;0;;;;;0;0;;;;;;;;;0;;;;;;0;;;0;;;;;;0;;;0;0;;;;;1;;1;;;0;14;;;14;;SIN GC
00007 COMERCIAL OF LICITACION;4000007085;30;ZPIN;Actualizacion Base;;0;;4;28/8/2026;NCARUSO;1001758;BOTIN MARRON/NEGRO FLOR P.ACERO N 42;500;Materiales Stock;RESPONDIDO;MR01;1;14/8/2026;30/8/2026;agosto;10157578;30;1;14/8/2026;14/8/2026;PCO;;0;;0;;;;;;;;0;500;;0;;;;0;0;;;;;0;0;;;;;;;;;0;;;;;;0;;;0;;;;;;0;;;0;0;;;;;1;;1;;;0;14;;;14;;SIN GC
00007 COMERCIAL OF LICITACION;4000007085;40;ZPIN;Actualizacion Base;;0;;4;28/8/2026;NCARUSO;1017243;BOTA PETROLERA N 42;150;Materiales Stock S/Devol;RESPONDIDO;MR01;1;14/8/2026;30/8/2026;agosto;10157578;40;1;14/8/2026;14/8/2026;PCO;;0;;0;;;;;;;;0;150;;0;;;;0;0;;;;;0;0;;;;;;;;;0;;;;;;0;;;0;;;;;;0;;;0;0;;;;;1;;1;;;0;14;;;14;;SIN GC
00007 COMERCIAL OF LICITACION;4000007085;50;ZPIN;Actualizacion Base;;0;;4;28/8/2026;NCARUSO;1009472;GUANTE VAQUETA MEDIO PASEO-FORRADO X PAR;650;Materiales Stock;RESPONDIDO;MR01;1;14/8/2026;30/8/2026;agosto;10157578;50;1;14/8/2026;14/8/2026;PCO;;0;;0;;;;;;;;0;650;;0;;;;0;0;;;;;0;0;;;;;;;;;0;;;;;;0;;;0;;;;;;0;;;0;0;;;;;1;;1;;;0;14;;;14;;SIN GC
00007 COMERCIAL OF LICITACION;4000007085;60;ZPIN;Actualizacion Base;;0;;4;28/8/2026;NCARUSO;1001746;BOTA GOMA P.ACERO N 42;50;Materiales Stock;RESPONDIDO;MR01;1;14/8/2026;30/8/2026;agosto;10157578;60;1;14/8/2026;14/8/2026;PCO;;0;;0;;;;;;;;0;50;;0;;;;0;0;;;;;0;0;;;;;;;;;0;;;;;;0;;;0;;;;;;0;;;0;0;;;;;1;;1;;;0;14;;;14;;SIN GC
00007 COMERCIAL OF LICITACION;4000007085;70;ZPIN;Actualizacion Base;;0;;4;28/8/2026;NCARUSO;1047254;ARNES ANTICAIDA;50;Materiales Stock C/Devol;RESPONDIDO;MR01;1;14/8/2026;30/8/2026;agosto;10157578;70;1;14/8/2026;14/8/2026;PCO;;0;;0;;;;;;;;0;50;;0;;;;0;0;;;;;0;0;;;;;;;;;0;;;;;;0;;;0;;;;;;0;;;0;0;;;;;1;;1;;;0;14;;;14;;SIN GC
00007 COMERCIAL OF LICITACION;4000007085;80;ZPIN;Actualizacion Base;;0;;4;28/8/2026;NCARUSO;1026272;DELANTAL KEVLAR C TRIPLE PROT ABDOMINAL;20;Materiales Stock C/Devol;RESPONDIDO;MR01;1;14/8/2026;30/8/2026;agosto;10157578;80;1;14/8/2026;14/8/2026;PCO;;0;;0;;;;;;;;0;20;;0;;;;0;0;;;;;0;0;;;;;;;;;0;;;;;;0;;;0;;;;;;0;;;0;0;;;;;1;;1;;;0;14;;;14;;SIN GC
00007 COMERCIAL OF LICITACION;4000007085;90;ZPIN;Actualizacion Base;;0;;4;28/8/2026;NCARUSO;1001695;MANGA DESCARNE;20;Materiales Stock;RESPONDIDO;MR01;1;14/8/2026;30/8/2026;agosto;10157578;90;1;14/8/2026;14/8/2026;PCO;;0;;0;;;;;;;;0;20;;0;;;;0;0;;;;;0;0;;;;;;;;;0;;;;;;0;;;0;;;;;;0;;;0;0;;;;;1;;1;;;0;14;;;14;;SIN GC
00007 COMERCIAL OF LICITACION;4000007085;100;ZPIN;Actualizacion Base;;0;;4;28/8/2026;NCARUSO;1015977;RODILLERA SOLDADOR;20;Materiales Stock C/Devol;RESPONDIDO;MR01;1;14/8/2026;30/8/2026;agosto;10157578;100;1;14/8/2026;14/8/2026;PCO;;0;;0;;;;;;;;0;20;;0;;;;0;0;;;;;0;0;;;;;;;;;0;;;;;;0;;;0;;;;;;0;;;0;0;;;;;1;;1;;;0;14;;;14;;SIN GC
00007 COMERCIAL OF LICITACION;4000007085;110;ZPIN;Actualizacion Base;;0;;4;28/8/2026;NCARUSO;1036794;GUANTE ANTICORTE GRADO 3 C/CERTIFICADO;50;Materiales Stock C/Devol;RESPONDIDO;MR01;1;14/8/2026;30/8/2026;agosto;10157578;110;1;14/8/2026;14/8/2026;PCO;;0;;0;;;;;;;;0;50;;0;;;;0;0;;;;;0;0;;;;;;;;;0;;;;;;0;;;0;;;;;;0;;;0;0;;;;;1;;1;;;0;14;;;14;;SIN GC
00007 COMERCIAL OF LICITACION;4000007085;120;ZPIN;Actualizacion Base;;0;;4;28/8/2026;NCARUSO;1016496;GUANTE DE ALTO IMPACTO;20;Materiales Stock S/Devol;RESPONDIDO;MR01;1;14/8/2026;30/8/2026;agosto;10157578;120;1;14/8/2026;14/8/2026;PCO;;0;;0;;;;;;;;0;20;;0;;;;0;0;;;;;0;0;;;;;;;;;0;;;;;;0;;;0;;;;;;0;;;0;0;;;;;1;;1;;;0;14;;;14;;SIN GC
00007 COMERCIAL OF LICITACION;4000007085;130;ZPIN;Actualizacion Base;;0;;4;28/8/2026;NCARUSO;1042798;GUANTE LÁTEX NEGRO INDUSTRIAL T10;20;Materiales Stock C/Devol;RESPONDIDO;MR01;1;14/8/2026;30/8/2026;agosto;10157578;130;1;14/8/2026;14/8/2026;PCO;;0;;0;;;;;;;;0;20;;0;;;;0;0;;;;;0;0;;;;;;;;;0;;;;;;0;;;0;;;;;;0;;;0;0;;;;;1;;1;;;0;14;;;14;;SIN GC
00007 COMERCIAL OF LICITACION;4000007085;140;ZPIN;Actualizacion Base;;0;;4;28/8/2026;NCARUSO;1001705;GUANTE PVC ROJO 40CM;20;Materiales Stock;RESPONDIDO;MR01;1;14/8/2026;30/8/2026;agosto;10157578;140;1;14/8/2026;14/8/2026;PCO;;0;;0;;;;;;;;0;20;;0;;;;0;0;;;;;0;0;;;;;;;;;0;;;;;;0;;;0;;;;;;0;;;0;0;;;;;1;;1;;;0;14;;;14;;SIN GC
00007 COMERCIAL OF LICITACION;4000007085;150;ZPIN;Actualizacion Base;;0;;4;28/8/2026;NCARUSO;1026186;MANGA ANTICORTE GRADO 5 C/CERTIFICADO;20;Materiales Stock S/Devol;RESPONDIDO;MR01;1;14/8/2026;30/8/2026;agosto;10157578;150;1;14/8/2026;14/8/2026;PCO;;0;;0;;;;;;;;0;20;;0;;;;0;0;;;;;0;0;;;;;;;;;0;;;;;;0;;;0;;;;;;0;;;0;0;;;;;1;;1;;;0;14;;;14;;SIN GC
00007 COMERCIAL OF LICITACION;4000007085;160;ZPIN;Actualizacion Base;;0;;4;28/8/2026;NCARUSO;1016479;PROTECTOR SOLAR (CREMA) FACT 60 X 120ML;1300;Materiales Stock C/Devol;RESPONDIDO;MR01;1;14/8/2026;30/8/2026;agosto;10157578;160;1;14/8/2026;14/8/2026;PCO;;0;;0;;;;;;;;0;1300;;0;;;;0;0;;;;;0;0;;;;;;;;;0;;;;;;0;;;0;;;;;;0;;;0;0;;;;;1;;1;;;0;14;;;14;;SIN GC
00007 COMERCIAL OF LICITACION;4000007085;170;ZPIN;Actualizacion Base;;0;;4;28/8/2026;NCARUSO;1016480;PROTECTOR SOLAR DE LABIO x UN;1300;Materiales Stock C/Devol;RESPONDIDO;MR01;1;14/8/2026;30/8/2026;agosto;10157578;170;1;14/8/2026;14/8/2026;PCO;;0;;0;;;;;;;;0;1300;;0;;;;0;0;;;;;0;0;;;;;;;;;0;;;;;;0;;;0;;;;;;0;;;0;0;;;;;1;;1;;;0;14;;;14;;SIN GC
00007 COMERCIAL OF LICITACION;4000007085;180;ZPIN;Actualizacion Base;;0;;4;28/8/2026;NCARUSO;1055216;CARTUCHO P/POLVO S/ANEXO XPAR;30;Materiales Stock S/Devol;RESPONDIDO;MR01;1;14/8/2026;30/8/2026;agosto;10157578;180;1;14/8/2026;14/8/2026;PCO;;0;;0;;;;;;;;0;30;;0;;;;0;0;;;;;0;0;;;;;;;;;0;;;;;;0;;;0;;;;;;0;;;0;0;;;;;1;;1;;;0;14;;;14;;SIN GC
00007 COMERCIAL OF LICITACION;4000007085;190;ZPIN;Actualizacion Base;;0;;4;28/8/2026;NCARUSO;1035708;BOTELLA 750ML C/ LOGO;650;Materiales usuales;RESPONDIDO;MR01;1;14/8/2026;30/8/2026;agosto;10157578;190;1;14/8/2026;14/8/2026;PCO;;0;;0;;;;;;;;0;650;;0;;;;0;0;;;;;0;0;;;;;;;;;0;;;;;;0;;;0;;;;;;0;;;0;0;;;;;1;;1;;;0;14;;;14;;SIN GC
00007 COMERCIAL OF LICITACION;4000007085;200;ZPIN;Actualizacion Base;;0;;4;28/8/2026;NCARUSO;1012533;MASCARA PARA SOLDAR FOTOSENSIBLE;20;Materiales usuales;RESPONDIDO;MR01;1;14/8/2026;30/8/2026;agosto;10157578;200;1;14/8/2026;14/8/2026;PCO;;0;;0;;;;;;;;0;20;;0;;;;0;0;;;;;0;0;;;;;;;;;0;;;;;;0;;;0;;;;;;0;;;0;0;;;;;1;;1;;;0;14;;;14;;SIN GC
00007 COMERCIAL OF LICITACION;4000007085;210;ZPIN;Actualizacion Base;;0;;4;28/8/2026;NCARUSO;1017005;CADENA PLASTICA ROJA Y BLANCA X ML;1;Materiales Stock S/Devol;RESPONDIDO;MR01;1;14/8/2026;30/8/2026;agosto;10157578;210;1;14/8/2026;14/8/2026;PCO;;0;;0;;;;;;;;0;1;;0;;;;0;0;;;;;0;0;;;;;;;;;0;;;;;;0;;;0;;;;;;0;;;0;0;;;;;1;;1;;;0;14;;;14;;SIN GC
00007 COMERCIAL OF LICITACION;4000007085;220;ZPIN;Actualizacion Base;;0;;4;28/8/2026;NCARUSO;1017068;CINTA REFLECTIVA BLANCA XMT;1;Materiales Stock S/Devol;RESPONDIDO;MR01;1;14/8/2026;30/8/2026;agosto;10157578;220;1;14/8/2026;14/8/2026;PCO;;0;;0;;;;;;;;0;1;;0;;;;0;0;;;;;0;0;;;;;;;;;0;;;;;;0;;;0;;;;;;0;;;0;0;;;;;1;;1;;;0;14;;;14;;SIN GC
00007 COMERCIAL OF LICITACION;4000007085;230;ZPIN;Actualizacion Base;;0;;4;4/9/2026;NCARUSO;1012529;SOGA NAUTICA 12MM;100;Materiales usuales;RESPONDIDO;MR01;1;14/8/2026;30/8/2026;agosto;10157578;230;1;14/8/2026;14/8/2026;PCO;;0;;0;;;;;;;;0;100;;0;;;;0;0;;;;;0;0;;;;;;;;;0;;;;;;0;;;0;;;;;;0;;;0;0;;;;;1;;;1;5;0;21;;;21;;SIN GC
00007 COMERCIAL OF LICITACION;4000007085;240;ZPIN;Actualizacion Base;;0;;4;28/8/2026;NCARUSO;1001774;ESLINGA SINTETICA 4MTS 4TN CERTIFICADA;4;Materiales Stock;RESPONDIDO;MR01;1;14/8/2026;30/8/2026;agosto;10157578;240;1;14/8/2026;14/8/2026;PCO;;0;;0;;;;;;;;0;4;;0;;;;0;0;;;;;0;0;;;;;;;;;0;;;;;;0;;;0;;;;;;0;;;0;0;;;;;1;;1;;;0;14;;;14;;SIN GC
00007 COMERCIAL OF LICITACION;4000007085;250;ZPIN;Actualizacion Base;;0;;4;28/8/2026;NCARUSO;1012476;GRILLETE CORAZON 8.5TN;2;Materiales usuales;RESPONDIDO;MR01;1;14/8/2026;30/8/2026;agosto;10157578;250;1;14/8/2026;14/8/2026;PCO;;0;;0;;;;;;;;0;2;;0;;;;0;0;;;;;0;0;;;;;;;;;0;;;;;;0;;;0;;;;;;0;;;0;0;;;;;1;;1;;;0;14;;;14;;SIN GC
00007 COMERCIAL OF LICITACION;4000007085;260;ZPIN;Actualizacion Base;;0;;4;28/8/2026;NCARUSO;1017301;"GANCHO ""T5"" RETRACTILL";2;Materiales usuales;RESPONDIDO;MR01;1;14/8/2026;30/8/2026;agosto;10157578;260;1;14/8/2026;14/8/2026;PCO;;0;;0;;;;;;;;0;2;;0;;;;0;0;;;;;0;0;;;;;;;;;0;;;;;;0;;;0;;;;;;0;;;0;0;;;;;1;;1;;;0;14;;;14;;SIN GC
00007 COMERCIAL OF LICITACION;4000007085;270;ZPIN;Actualizacion Base;;0;;4;28/8/2026;NCARUSO;1001885;BOLSAS RESIDUOS XUN 102X130 VERDE;2;Materiales Stock;RESPONDIDO;MR01;1;14/8/2026;30/8/2026;agosto;10157578;270;1;14/8/2026;14/8/2026;PCO;;0;;0;;;;;;;;0;2;;0;;;;0;0;;;;;0;0;;;;;;;;;0;;;;;;0;;;0;;;;;;0;;;0;0;;;;;1;;1;;;0;14;;;14;;SIN GC
00007 COMERCIAL OF LICITACION;4000007085;280;ZPIN;Actualizacion Base;;0;;4;28/8/2026;NCARUSO;1017366;DISPOSITIVO SALVACAIDAS T4;1;Materiales usuales;RESPONDIDO;MR01;1;14/8/2026;30/8/2026;agosto;10157578;280;1;14/8/2026;14/8/2026;PCO;;0;;0;;;;;;;;0;1;;0;;;;0;0;;;;;0;0;;;;;;;;;0;;;;;;0;;;0;;;;;;0;;;0;0;;;;;1;;1;;;0;14;;;14;;SIN GC
00007 COMERCIAL OF LICITACION;4000007086;10;ZPIN;Actualizacion Base;;0;;4;17/9/2026;NCARUSO;1012746;Carteles de chapa para obra - En Rosario;150;Materiales genericos;RESPONDIDO;MR01;1;14/8/2026;30/8/2026;agosto;10157611;10;1;14/8/2026;14/8/2026;PCO;;0;;0;;;;;;;;0;150;;0;;;;0;0;;;;;0;0;;;;;;;;;0;;;;;;0;;;0;;;;;;0;;;0;0;;;;;1;;;1;18;0;34;;;34;;SIN GC
00007 COMERCIAL OF LICITACION;4000007087;10;ZPIN;Actualizacion Base;;0;;4;28/8/2026;NCARUSO;1041939;MAMELUCO GRAFA AZUL C/LOGO Y REFL. T.XL;50;Materiales Stock C/Devol;RESPONDIDO;MR01;1;14/8/2026;30/8/2026;agosto;10157621;10;1;14/8/2026;14/8/2026;PCO;;0;;0;;;;;;;;0;50;;0;;;;0;0;;;;;0;0;;;;;;;;;0;;;;;;0;;;0;;;;;;0;;;0;0;;;;;1;;1;;;0;14;;;14;;SIN GC
00007 COMERCIAL OF LICITACION;4000007087;20;ZPIN;Actualizacion Base;;0;;4;28/8/2026;NCARUSO;1001758;BOTIN MARRON/NEGRO FLOR P.ACERO N 42;150;Materiales Stock;RESPONDIDO;MR01;1;14/8/2026;30/8/2026;agosto;10157621;20;1;14/8/2026;14/8/2026;PCO;;0;;0;;;;;;;;0;150;;0;;;;0;0;;;;;0;0;;;;;;;;;0;;;;;;0;;;0;;;;;;0;;;0;0;;;;;1;;1;;;0;14;;;14;;SIN GC
00007 COMERCIAL OF LICITACION;4000007087;30;ZPIN;Actualizacion Base;;0;;4;28/8/2026;NCARUSO;1002090;CAPA DE LLUVIA T.XL;10;Materiales Stock;RESPONDIDO;MR01;1;14/8/2026;30/8/2026;agosto;10157621;30;1;14/8/2026;14/8/2026;PCO;;0;;0;;;;;;;;0;10;;0;;;;0;0;;;;;0;0;;;;;;;;;0;;;;;;0;;;0;;;;;;0;;;0;0;;;;;1;;1;;;0;14;;;14;;SIN GC
00007 COMERCIAL OF LICITACION;4000007087;40;ZPIN;Actualizacion Base;;0;;4;28/8/2026;NCARUSO;1002088;TRAJE DE LLUVIA T.XXL;10;Materiales Stock;RESPONDIDO;MR01;1;14/8/2026;30/8/2026;agosto;10157621;40;1;14/8/2026;14/8/2026;PCO;;0;;0;;;;;;;;0;10;;0;;;;0;0;;;;;0;0;;;;;;;;;0;;;;;;0;;;0;;;;;;0;;;0;0;;;;;1;;1;;;0;14;;;14;;SIN GC
00007 COMERCIAL OF LICITACION;4000007087;50;ZPIN;Actualizacion Base;;0;;4;28/8/2026;NCARUSO;1001746;BOTA GOMA P.ACERO N 42;10;Materiales Stock;RESPONDIDO;MR01;1;14/8/2026;30/8/2026;agosto;10157621;50;1;14/8/2026;14/8/2026;PCO;;0;;0;;;;;;;;0;10;;0;;;;0;0;;;;;0;0;;;;;;;;;0;;;;;;0;;;0;;;;;;0;;;0;0;;;;;1;;1;;;0;14;;;14;;SIN GC
00007 COMERCIAL OF LICITACION;4000007087;60;ZPIN;Actualizacion Base;;0;;4;28/8/2026;NCARUSO;1047254;ARNES ANTICAIDA;50;Materiales Stock C/Devol;RESPONDIDO;MR01;1;14/8/2026;30/8/2026;agosto;10157621;60;1;14/8/2026;14/8/2026;PCO;;0;;0;;;;;;;;0;50;;0;;;;0;0;;;;;0;0;;;;;;;;;0;;;;;;0;;;0;;;;;;0;;;0;0;;;;;1;;1;;;0;14;;;14;;SIN GC
00007 COMERCIAL OF LICITACION;4000007087;70;ZPIN;Actualizacion Base;;0;;4;28/8/2026;NCARUSO;1026272;DELANTAL KEVLAR C TRIPLE PROT ABDOMINAL;10;Materiales Stock C/Devol;RESPONDIDO;MR01;1;14/8/2026;30/8/2026;agosto;10157621;70;1;14/8/2026;14/8/2026;PCO;;0;;0;;;;;;;;0;10;;0;;;;0;0;;;;;0;0;;;;;;;;;0;;;;;;0;;;0;;;;;;0;;;0;0;;;;;1;;1;;;0;14;;;14;;SIN GC
00007 COMERCIAL OF LICITACION;4000007087;80;ZPIN;Actualizacion Base;;0;;4;28/8/2026;NCARUSO;1042798;GUANTE LÁTEX NEGRO INDUSTRIAL T10;50;Materiales Stock C/Devol;RESPONDIDO;MR01;1;14/8/2026;30/8/2026;agosto;10157621;80;1;14/8/2026;14/8/2026;PCO;;0;;0;;;;;;;;0;50;;0;;;;0;0;;;;;0;0;;;;;;;;;0;;;;;;0;;;0;;;;;;0;;;0;0;;;;;1;;1;;;0;14;;;14;;SIN GC
00007 COMERCIAL OF LICITACION;4000007087;90;ZPIN;Actualizacion Base;;0;;4;28/8/2026;NCARUSO;1055216;CARTUCHO P/POLVO S/ANEXO XPAR;50;Materiales Stock S/Devol;RESPONDIDO;MR01;1;14/8/2026;30/8/2026;agosto;10157621;90;1;14/8/2026;14/8/2026;PCO;;0;;0;;;;;;;;0;50;;0;;;;0;0;;;;;0;0;;;;;;;;;0;;;;;;0;;;0;;;;;;0;;;0;0;;;;;1;;1;;;0;14;;;14;;SIN GC
00007 COMERCIAL OF LICITACION;4000007087;100;ZPIN;Actualizacion Base;;0;;4;28/8/2026;NCARUSO;1035708;BOTELLA 750ML C/ LOGO;40;Materiales usuales;RESPONDIDO;MR01;1;14/8/2026;30/8/2026;agosto;10157621;100;1;14/8/2026;14/8/2026;PCO;;0;;0;;;;;;;;0;40;;0;;;;0;0;;;;;0;0;;;;;;;;;0;;;;;;0;;;0;;;;;;0;;;0;0;;;;;1;;1;;;0;14;;;14;;SIN GC
00007 COMERCIAL OF LICITACION;4000007087;110;ZPIN;Actualizacion Base;;0;;4;28/8/2026;NCARUSO;1012533;MASCARA PARA SOLDAR FOTOSENSIBLE;10;Materiales usuales;RESPONDIDO;MR01;1;14/8/2026;30/8/2026;agosto;10157621;110;1;14/8/2026;14/8/2026;PCO;;0;;0;;;;;;;;0;10;;0;;;;0;0;;;;;0;0;;;;;;;;;0;;;;;;0;;;0;;;;;;0;;;0;0;;;;;1;;1;;;0;14;;;14;;SIN GC
00007 COMERCIAL OF LICITACION;4000007087;120;ZPIN;Actualizacion Base;;0;;4;28/8/2026;NCARUSO;1017005;CADENA PLASTICA ROJA Y BLANCA X ML;580;Materiales Stock S/Devol;RESPONDIDO;MR01;1;14/8/2026;30/8/2026;agosto;10157621;120;1;14/8/2026;14/8/2026;PCO;;0;;0;;;;;;;;0;580;;0;;;;0;0;;;;;0;0;;;;;;;;;0;;;;;;0;;;0;;;;;;0;;;0;0;;;;;1;;1;;;0;14;;;14;;SIN GC
00007 COMERCIAL OF LICITACION;4000007087;130;ZPIN;Actualizacion Base;;0;;4;28/8/2026;NCARUSO;1017068;CINTA REFLECTIVA BLANCA XMT;20;Materiales Stock S/Devol;RESPONDIDO;MR01;1;14/8/2026;30/8/2026;agosto;10157621;130;1;14/8/2026;14/8/2026;PCO;;0;;0;;;;;;;;0;20;;0;;;;0;0;;;;;0;0;;;;;;;;;0;;;;;;0;;;0;;;;;;0;;;0;0;;;;;1;;1;;;0;14;;;14;;SIN GC
00007 COMERCIAL OF LICITACION;4000007087;140;ZPIN;Actualizacion Base;;0;;4;28/8/2026;NCARUSO;1001731;MALLA NARANJA 50 MT;200;Materiales Stock;RESPONDIDO;MR01;1;14/8/2026;30/8/2026;agosto;10157621;140;1;14/8/2026;14/8/2026;PCO;;0;;0;;;;;;;;0;200;;0;;;;0;0;;;;;0;0;;;;;;;;;0;;;;;;0;;;0;;;;;;0;;;0;0;;;;;1;;1;;;0;14;;;14;;SIN GC
00007 COMERCIAL OF LICITACION;4000007087;150;ZPIN;Actualizacion Base;;0;;4;28/8/2026;NCARUSO;1029542;KIT ABSORBENTE DE MANO;950;Materiales Stock C/Devol;RESPONDIDO;MR01;1;14/8/2026;30/8/2026;agosto;10157621;150;1;14/8/2026;14/8/2026;PCO;;0;;0;;;;;;;;0;950;;0;;;;0;0;;;;;0;0;;;;;;;;;0;;;;;;0;;;0;;;;;;0;;;0;0;;;;;1;;1;;;0;14;;;14;;SIN GC
00007 COMERCIAL OF LICITACION;4000007087;160;ZPIN;Actualizacion Base;;0;;4;28/8/2026;NCARUSO;1017025;SOPORTE P MATAFUEGO 5 KG (COLGAR);3;Materiales Stock S/Devol;RESPONDIDO;MR01;1;14/8/2026;30/8/2026;agosto;10157621;160;1;14/8/2026;14/8/2026;PCO;;0;;0;;;;;;;;0;3;;0;;;;0;0;;;;;0;0;;;;;;;;;0;;;;;;0;;;0;;;;;;0;;;0;0;;;;;1;;1;;;0;14;;;14;;SIN GC
00007 COMERCIAL OF LICITACION;4000007087;170;ZPIN;Actualizacion Base;;0;;4;28/8/2026;NCARUSO;1017111;MATAFUEGO ABC X5KG;3;Materiales Stock S/Devol;RESPONDIDO;MR01;1;14/8/2026;30/8/2026;agosto;10157621;170;1;14/8/2026;14/8/2026;PCO;;0;;0;;;;;;;;0;3;;0;;;;0;0;;;;;0;0;;;;;;;;;0;;;;;;0;;;0;;;;;;0;;;0;0;;;;;1;;1;;;0;14;;;14;;SIN GC
00007 COMERCIAL OF LICITACION;4000007087;180;ZPIN;Actualizacion Base;;0;;4;28/8/2026;NCARUSO;1017110;MATAFUEGO ABC X10KG;10;Materiales Stock S/Devol;RESPONDIDO;MR01;1;14/8/2026;30/8/2026;agosto;10157621;180;1;14/8/2026;14/8/2026;PCO;;0;;0;;;;;;;;0;10;;0;;;;0;0;;;;;0;0;;;;;;;;;0;;;;;;0;;;0;;;;;;0;;;0;0;;;;;1;;1;;;0;14;;;14;;SIN GC
00007 COMERCIAL OF LICITACION;4000007087;190;ZPIN;Actualizacion Base;;0;;4;28/8/2026;NCARUSO;1000042;BOTIQUIN 1ROS. AUXILIOS N 6;15;Materiales Stock;RESPONDIDO;MR01;1;14/8/2026;30/8/2026;agosto;10157621;190;1;14/8/2026;14/8/2026;PCO;;0;;0;;;;;;;;0;15;;0;;;;0;0;;;;;0;0;;;;;;;;;0;;;;;;0;;;0;;;;;;0;;;0;0;;;;;1;;1;;;0;14;;;14;;SIN GC
00007 COMERCIAL OF LICITACION;4000007087;200;ZPIN;Actualizacion Base;;0;;4;7/9/2026;NCARUSO;1017113;LINTERNA RECARGABLE 220V;150;Materiales Stock S/Devol;RESPONDIDO;MR01;1;14/8/2026;30/8/2026;agosto;10157621;200;1;14/8/2026;14/8/2026;PCO;;0;;0;;;;;;;;0;150;;0;;;;0;0;;;;;0;0;;;;;;;;;0;;;;;;0;;;0;;;;;;0;;;0;0;;;;;1;;;1;8;0;24;;;24;;SIN GC
00007 COMERCIAL OF LICITACION;4000007087;210;ZPIN;Actualizacion Base;;0;;4;9/9/2026;NCARUSO;1012746;CARTEL AI S ESPECIFICACION;36;Materiales genericos;RESPONDIDO;MR01;1;14/8/2026;30/8/2026;agosto;10157621;210;1;14/8/2026;14/8/2026;PCO;;0;;0;;;;;;;;0;36;;0;;;;0;0;;;;;0;0;;;;;;;;;0;;;;;;0;;;0;;;;;;0;;;0;0;;;;;1;;;1;10;0;26;;;26;;SIN GC
00007 COMERCIAL OF LICITACION;4000007087;220;ZPIN;Actualizacion Base;;0;;4;28/8/2026;NCARUSO;1012529;SOGA NAUTICA 12MM;500;Materiales usuales;RESPONDIDO;MR01;1;14/8/2026;30/8/2026;agosto;10157621;220;1;14/8/2026;14/8/2026;PCO;;0;;0;;;;;;;;0;500;;0;;;;0;0;;;;;0;0;;;;;;;;;0;;;;;;0;;;0;;;;;;0;;;0;0;;;;;1;;1;;;0;14;;;14;;SIN GC
00007 COMERCIAL OF LICITACION;4000007087;230;ZPIN;Actualizacion Base;;0;;4;28/8/2026;NCARUSO;1001885;BOLSAS RESIDUOS XUN 102X130 VERDE;150;Materiales Stock;RESPONDIDO;MR01;1;14/8/2026;30/8/2026;agosto;10157621;230;1;14/8/2026;14/8/2026;PCO;;0;;0;;;;;;;;0;150;;0;;;;0;0;;;;;0;0;;;;;;;;;0;;;;;;0;;;0;;;;;;0;;;0;0;;;;;1;;1;;;0;14;;;14;;SIN GC
00007 COMERCIAL OF LICITACION;4000007087;240;ZPIN;Actualizacion Base;;0;;4;28/8/2026;NCARUSO;1017366;DISPOSITIVO SALVACAIDAS T4;2;Materiales usuales;RESPONDIDO;MR01;1;14/8/2026;30/8/2026;agosto;10157621;240;1;14/8/2026;14/8/2026;PCO;;0;;0;;;;;;;;0;2;;0;;;;0;0;;;;;0;0;;;;;;;;;0;;;;;;0;;;0;;;;;;0;;;0;0;;;;;1;;1;;;0;14;;;14;;SIN GC
00007 COMERCIAL OF LICITACION;4000007087;250;ZPIN;Actualizacion Base;;0;;4;28/8/2026;NCARUSO;1017301;"GANCHO ""T5"" RETRACTILL";2;Materiales usuales;RESPONDIDO;MR01;1;14/8/2026;30/8/2026;agosto;10157621;250;1;14/8/2026;14/8/2026;PCO;;0;;0;;;;;;;;0;2;;0;;;;0;0;;;;;0;0;;;;;;;;;0;;;;;;0;;;0;;;;;;0;;;0;0;;;;;1;;1;;;0;14;;;14;;SIN GC
00007 COMERCIAL OF LICITACION;4000007088;10;ZPIN;Actualizacion Base;;0;;4;1/9/2026;NCARUSO;1041939;MAMELUCO GRAFA AZUL C/LOGO Y REFL. T.XL;10;Materiales Stock C/Devol;RESPONDIDO;MR01;1;14/8/2026;30/8/2026;agosto;10157622;10;1;14/8/2026;14/8/2026;PCO;;0;;0;;;;;;;;0;10;;0;;;;0;0;;;;;0;0;;;;;;;;;0;;;;;;0;;;0;;;;;;0;;;0;0;;;;;1;;;1;2;0;18;;;18;;SIN GC
00007 COMERCIAL OF LICITACION;4000007088;20;ZPIN;Actualizacion Base;;0;;4;1/9/2026;NCARUSO;1001773;CHALECOMICROPERFAMARILLOCONREFLECTIVO;150;Materiales Stock;RESPONDIDO;MR01;1;14/8/2026;30/8/2026;agosto;10157622;20;1;14/8/2026;14/8/2026;PCO;;0;;0;;;;;;;;0;150;;0;;;;0;0;;;;;0;0;;;;;;;;;0;;;;;;0;;;0;;;;;;0;;;0;0;;;;;1;;;1;2;0;18;;;18;;SIN GC
00007 COMERCIAL OF LICITACION;4000007088;30;ZPIN;Actualizacion Base;;0;;4;1/9/2026;NCARUSO;1001758;BOTIN MARRON/NEGRO FLOR P.ACERO N 42;50;Materiales Stock;RESPONDIDO;MR01;1;14/8/2026;30/8/2026;agosto;10157622;30;1;14/8/2026;14/8/2026;PCO;;0;;0;;;;;;;;0;50;;0;;;;0;0;;;;;0;0;;;;;;;;;0;;;;;;0;;;0;;;;;;0;;;0;0;;;;;1;;;1;2;0;18;;;18;;SIN GC
00007 COMERCIAL OF LICITACION;4000007088;40;ZPIN;Actualizacion Base;;0;;4;1/9/2026;NCARUSO;1002090;CAPA DE LLUVIA T.XL;10;Materiales Stock;RESPONDIDO;MR01;1;14/8/2026;30/8/2026;agosto;10157622;40;1;14/8/2026;14/8/2026;PCO;;0;;0;;;;;;;;0;10;;0;;;;0;0;;;;;0;0;;;;;;;;;0;;;;;;0;;;0;;;;;;0;;;0;0;;;;;1;;;1;2;0;18;;;18;;SIN GC
00007 COMERCIAL OF LICITACION;4000007088;50;ZPIN;Actualizacion Base;;0;;4;1/9/2026;NCARUSO;1002088;TRAJE DE LLUVIA T.XXL;10;Materiales Stock;RESPONDIDO;MR01;1;14/8/2026;30/8/2026;agosto;10157622;50;1;14/8/2026;14/8/2026;PCO;;0;;0;;;;;;;;0;10;;0;;;;0;0;;;;;0;0;;;;;;;;;0;;;;;;0;;;0;;;;;;0;;;0;0;;;;;1;;;1;2;0;18;;;18;;SIN GC
00007 COMERCIAL OF LICITACION;4000007088;60;ZPIN;Actualizacion Base;;0;;4;1/9/2026;NCARUSO;1001746;BOTA GOMA P.ACERO N 42;10;Materiales Stock;RESPONDIDO;MR01;1;14/8/2026;30/8/2026;agosto;10157622;60;1;14/8/2026;14/8/2026;PCO;;0;;0;;;;;;;;0;10;;0;;;;0;0;;;;;0;0;;;;;;;;;0;;;;;;0;;;0;;;;;;0;;;0;0;;;;;1;;;1;2;0;18;;;18;;SIN GC
00007 COMERCIAL OF LICITACION;4000007088;70;ZPIN;Actualizacion Base;;0;;4;1/9/2026;NCARUSO;1047254;ARNES ANTICAIDA;50;Materiales Stock C/Devol;RESPONDIDO;MR01;1;14/8/2026;30/8/2026;agosto;10157622;70;1;14/8/2026;14/8/2026;PCO;;0;;0;;;;;;;;0;50;;0;;;;0;0;;;;;0;0;;;;;;;;;0;;;;;;0;;;0;;;;;;0;;;0;0;;;;;1;;;1;2;0;18;;;18;;SIN GC
00007 COMERCIAL OF LICITACION;4000007088;80;ZPIN;Actualizacion Base;;0;;4;1/9/2026;NCARUSO;1026272;DELANTAL KEVLAR C TRIPLE PROT ABDOMINAL;10;Materiales Stock C/Devol;RESPONDIDO;MR01;1;14/8/2026;30/8/2026;agosto;10157622;80;1;14/8/2026;14/8/2026;PCO;;0;;0;;;;;;;;0;10;;0;;;;0;0;;;;;0;0;;;;;;;;;0;;;;;;0;;;0;;;;;;0;;;0;0;;;;;1;;;1;2;0;18;;;18;;SIN GC
00007 COMERCIAL OF LICITACION;4000007088;90;ZPIN;Actualizacion Base;;0;;4;1/9/2026;NCARUSO;1042798;GUANTE LÁTEX NEGRO INDUSTRIAL T10;50;Materiales Stock C/Devol;RESPONDIDO;MR01;1;14/8/2026;30/8/2026;agosto;10157622;90;1;14/8/2026;14/8/2026;PCO;;0;;0;;;;;;;;0;50;;0;;;;0;0;;;;;0;0;;;;;;;;;0;;;;;;0;;;0;;;;;;0;;;0;0;;;;;1;;;1;2;0;18;;;18;;SIN GC
00007 COMERCIAL OF LICITACION;4000007088;100;ZPIN;Actualizacion Base;;0;;4;1/9/2026;NCARUSO;1055216;CARTUCHO P/POLVO S/ANEXO XPAR;50;Materiales Stock S/Devol;RESPONDIDO;MR01;1;14/8/2026;30/8/2026;agosto;10157622;100;1;14/8/2026;14/8/2026;PCO;;0;;0;;;;;;;;0;50;;0;;;;0;0;;;;;0;0;;;;;;;;;0;;;;;;0;;;0;;;;;;0;;;0;0;;;;;1;;;1;2;0;18;;;18;;SIN GC
00007 COMERCIAL OF LICITACION;4000007088;110;ZPIN;Actualizacion Base;;0;;4;1/9/2026;NCARUSO;1035708;BOTELLA 750ML C/ LOGO;250;Materiales usuales;RESPONDIDO;MR01;1;14/8/2026;30/8/2026;agosto;10157622;110;1;14/8/2026;14/8/2026;PCO;;0;;0;;;;;;;;0;250;;0;;;;0;0;;;;;0;0;;;;;;;;;0;;;;;;0;;;0;;;;;;0;;;0;0;;;;;1;;;1;2;0;18;;;18;;SIN GC
00007 COMERCIAL OF LICITACION;4000007088;120;ZPIN;Actualizacion Base;;0;;4;1/9/2026;NCARUSO;1012533;MASCARA PARA SOLDAR FOTOSENSIBLE;50;Materiales usuales;RESPONDIDO;MR01;1;14/8/2026;30/8/2026;agosto;10157622;120;1;14/8/2026;14/8/2026;PCO;;0;;0;;;;;;;;0;50;;0;;;;0;0;;;;;0;0;;;;;;;;;0;;;;;;0;;;0;;;;;;0;;;0;0;;;;;1;;;1;2;0;18;;;18;;SIN GC
00007 COMERCIAL OF LICITACION;4000007088;130;ZPIN;Actualizacion Base;;0;;4;1/9/2026;NCARUSO;1017005;CADENA PLASTICA ROJA Y BLANCA X ML;150;Materiales Stock S/Devol;RESPONDIDO;MR01;1;14/8/2026;30/8/2026;agosto;10157622;130;1;14/8/2026;14/8/2026;PCO;;0;;0;;;;;;;;0;150;;0;;;;0;0;;;;;0;0;;;;;;;;;0;;;;;;0;;;0;;;;;;0;;;0;0;;;;;1;;;1;2;0;18;;;18;;SIN GC
00007 COMERCIAL OF LICITACION;4000007088;140;ZPIN;Actualizacion Base;;0;;4;1/9/2026;NCARUSO;1017068;CINTA REFLECTIVA BLANCA XMT;500;Materiales Stock S/Devol;RESPONDIDO;MR01;1;14/8/2026;30/8/2026;agosto;10157622;140;1;14/8/2026;14/8/2026;PCO;;0;;0;;;;;;;;0;500;;0;;;;0;0;;;;;0;0;;;;;;;;;0;;;;;;0;;;0;;;;;;0;;;0;0;;;;;1;;;1;2;0;18;;;18;;SIN GC
00007 COMERCIAL OF LICITACION;4000007088;150;ZPIN;Actualizacion Base;;0;;4;1/9/2026;NCARUSO;1001731;MALLA NARANJA 50 MT;20;Materiales Stock;RESPONDIDO;MR01;1;14/8/2026;30/8/2026;agosto;10157622;150;1;14/8/2026;14/8/2026;PCO;;0;;0;;;;;;;;0;20;;0;;;;0;0;;;;;0;0;;;;;;;;;0;;;;;;0;;;0;;;;;;0;;;0;0;;;;;1;;;1;2;0;18;;;18;;SIN GC
00007 COMERCIAL OF LICITACION;4000007088;160;ZPIN;Actualizacion Base;;0;;4;1/9/2026;NCARUSO;1029542;KIT ABSORBENTE DE MANO;150;Materiales Stock C/Devol;RESPONDIDO;MR01;1;14/8/2026;30/8/2026;agosto;10157622;160;1;14/8/2026;14/8/2026;PCO;;0;;0;;;;;;;;0;150;;0;;;;0;0;;;;;0;0;;;;;;;;;0;;;;;;0;;;0;;;;;;0;;;0;0;;;;;1;;;1;2;0;18;;;18;;SIN GC
00007 COMERCIAL OF LICITACION;4000007088;170;ZPIN;Actualizacion Base;;0;;4;1/9/2026;NCARUSO;1017025;SOPORTE P MATAFUEGO 5 KG (COLGAR);3;Materiales Stock S/Devol;RESPONDIDO;MR01;1;14/8/2026;30/8/2026;agosto;10157622;170;1;14/8/2026;14/8/2026;PCO;;0;;0;;;;;;;;0;3;;0;;;;0;0;;;;;0;0;;;;;;;;;0;;;;;;0;;;0;;;;;;0;;;0;0;;;;;1;;;1;2;0;18;;;18;;SIN GC
00007 COMERCIAL OF LICITACION;4000007088;180;ZPIN;Actualizacion Base;;0;;4;1/9/2026;NCARUSO;1017111;MATAFUEGO ABC X5KG;3;Materiales Stock S/Devol;RESPONDIDO;MR01;1;14/8/2026;30/8/2026;agosto;10157622;180;1;14/8/2026;14/8/2026;PCO;;0;;0;;;;;;;;0;3;;0;;;;0;0;;;;;0;0;;;;;;;;;0;;;;;;0;;;0;;;;;;0;;;0;0;;;;;1;;;1;2;0;18;;;18;;SIN GC
00007 COMERCIAL OF LICITACION;4000007088;190;ZPIN;Actualizacion Base;;0;;4;1/9/2026;NCARUSO;1017110;MATAFUEGO ABC X10KG;10;Materiales Stock S/Devol;RESPONDIDO;MR01;1;14/8/2026;30/8/2026;agosto;10157622;190;1;14/8/2026;14/8/2026;PCO;;0;;0;;;;;;;;0;10;;0;;;;0;0;;;;;0;0;;;;;;;;;0;;;;;;0;;;0;;;;;;0;;;0;0;;;;;1;;;1;2;0;18;;;18;;SIN GC
00007 COMERCIAL OF LICITACION;4000007088;200;ZPIN;Actualizacion Base;;0;;4;1/9/2026;NCARUSO;1000042;BOTIQUIN 1ROS. AUXILIOS N 6;5;Materiales Stock;RESPONDIDO;MR01;1;14/8/2026;30/8/2026;agosto;10157622;200;1;14/8/2026;14/8/2026;PCO;;0;;0;;;;;;;;0;5;;0;;;;0;0;;;;;0;0;;;;;;;;;0;;;;;;0;;;0;;;;;;0;;;0;0;;;;;1;;;1;2;0;18;;;18;;SIN GC
00007 COMERCIAL OF LICITACION;4000007088;210;ZPIN;Actualizacion Base;;0;;4;7/9/2026;NCARUSO;1017113;LINTERNA RECARGABLE 220V;900;Materiales Stock S/Devol;RESPONDIDO;MR01;1;14/8/2026;30/8/2026;agosto;10157622;210;1;14/8/2026;14/8/2026;PCO;;0;;0;;;;;;;;0;900;;0;;;;0;0;;;;;0;0;;;;;;;;;0;;;;;;0;;;0;;;;;;0;;;0;0;;;;;1;;;1;8;0;24;;;24;;SIN GC
00007 COMERCIAL OF LICITACION;4000007088;220;ZPIN;Actualizacion Base;;0;;4;9/9/2026;NCARUSO;1012746;CARTEL AI S ESPECIFICACION;100;Materiales genericos;RESPONDIDO;MR01;1;14/8/2026;30/8/2026;agosto;10157622;220;1;14/8/2026;14/8/2026;PCO;;0;;0;;;;;;;;0;100;;0;;;;0;0;;;;;0;0;;;;;;;;;0;;;;;;0;;;0;;;;;;0;;;0;0;;;;;1;;;1;10;0;26;;;26;;SIN GC
00007 COMERCIAL OF LICITACION;4000007089;10;ZPIN;Actualizacion Base;;0;;4;1/9/2026;NCARUSO;1041939;MAMELUCO GRAFA AZUL C/LOGO Y REFL. T.XL;10;Materiales Stock C/Devol;RESPONDIDO;MR01;1;14/8/2026;30/8/2026;agosto;10157623;10;1;14/8/2026;14/8/2026;PCO;;0;;0;;;;;;;;0;10;;0;;;;0;0;;;;;0;0;;;;;;;;;0;;;;;;0;;;0;;;;;;0;;;0;0;;;;;1;;;1;2;0;18;;;18;;SIN GC
00007 COMERCIAL OF LICITACION;4000007089;20;ZPIN;Actualizacion Base;;0;;4;1/9/2026;NCARUSO;1002090;CAPA DE LLUVIA T.XL;50;Materiales Stock;RESPONDIDO;MR01;1;14/8/2026;30/8/2026;agosto;10157623;20;1;14/8/2026;14/8/2026;PCO;;0;;0;;;;;;;;0;50;;0;;;;0;0;;;;;0;0;;;;;;;;;0;;;;;;0;;;0;;;;;;0;;;0;0;;;;;1;;;1;2;0;18;;;18;;SIN GC
00007 COMERCIAL OF LICITACION;4000007089;30;ZPIN;Actualizacion Base;;0;;4;1/9/2026;NCARUSO;1002088;TRAJE DE LLUVIA T.XXL;50;Materiales Stock;RESPONDIDO;MR01;1;14/8/2026;30/8/2026;agosto;10157623;30;1;14/8/2026;14/8/2026;PCO;;0;;0;;;;;;;;0;50;;0;;;;0;0;;;;;0;0;;;;;;;;;0;;;;;;0;;;0;;;;;;0;;;0;0;;;;;1;;;1;2;0;18;;;18;;SIN GC
00007 COMERCIAL OF LICITACION;4000007089;40;ZPIN;Actualizacion Base;;0;;4;1/9/2026;NCARUSO;1001746;BOTA GOMA P.ACERO N 42;50;Materiales Stock;RESPONDIDO;MR01;1;14/8/2026;30/8/2026;agosto;10157623;40;1;14/8/2026;14/8/2026;PCO;;0;;0;;;;;;;;0;50;;0;;;;0;0;;;;;0;0;;;;;;;;;0;;;;;;0;;;0;;;;;;0;;;0;0;;;;;1;;;1;2;0;18;;;18;;SIN GC
00007 COMERCIAL OF LICITACION;4000007089;50;ZPIN;Actualizacion Base;;0;;4;1/9/2026;NCARUSO;1047254;ARNES ANTICAIDA;60;Materiales Stock C/Devol;RESPONDIDO;MR01;1;14/8/2026;30/8/2026;agosto;10157623;50;1;14/8/2026;14/8/2026;PCO;;0;;0;;;;;;;;0;60;;0;;;;0;0;;;;;0;0;;;;;;;;;0;;;;;;0;;;0;;;;;;0;;;0;0;;;;;1;;;1;2;0;18;;;18;;SIN GC
00007 COMERCIAL OF LICITACION;4000007089;60;ZPIN;Actualizacion Base;;0;;4;1/9/2026;NCARUSO;1001684;DELANTALDESCARNE0.60X1.20CONREFUERZO;15;Materiales Stock;RESPONDIDO;MR01;1;14/8/2026;30/8/2026;agosto;10157623;60;1;14/8/2026;14/8/2026;PCO;;0;;0;;;;;;;;0;15;;0;;;;0;0;;;;;0;0;;;;;;;;;0;;;;;;0;;;0;;;;;;0;;;0;0;;;;;1;;;1;2;0;18;;;18;;SIN GC
00007 COMERCIAL OF LICITACION;4000007089;70;ZPIN;Actualizacion Base;;0;;4;1/9/2026;NCARUSO;1026272;DELANTAL KEVLAR C TRIPLE PROT ABDOMINAL;10;Materiales Stock C/Devol;RESPONDIDO;MR01;1;14/8/2026;30/8/2026;agosto;10157623;70;1;14/8/2026;14/8/2026;PCO;;0;;0;;;;;;;;0;10;;0;;;;0;0;;;;;0;0;;;;;;;;;0;;;;;;0;;;0;;;;;;0;;;0;0;;;;;1;;;1;2;0;18;;;18;;SIN GC
00007 COMERCIAL OF LICITACION;4000007089;80;ZPIN;Actualizacion Base;;0;;4;1/9/2026;NCARUSO;1001695;MANGA DESCARNE;15;Materiales Stock;RESPONDIDO;MR01;1;14/8/2026;30/8/2026;agosto;10157623;80;1;14/8/2026;14/8/2026;PCO;;0;;0;;;;;;;;0;15;;0;;;;0;0;;;;;0;0;;;;;;;;;0;;;;;;0;;;0;;;;;;0;;;0;0;;;;;1;;;1;2;0;18;;;18;;SIN GC
00007 COMERCIAL OF LICITACION;4000007089;90;ZPIN;Actualizacion Base;;0;;4;1/9/2026;NCARUSO;1015977;RODILLERA SOLDADOR;15;Materiales Stock C/Devol;RESPONDIDO;MR01;1;14/8/2026;30/8/2026;agosto;10157623;90;1;14/8/2026;14/8/2026;PCO;;0;;0;;;;;;;;0;15;;0;;;;0;0;;;;;0;0;;;;;;;;;0;;;;;;0;;;0;;;;;;0;;;0;0;;;;;1;;;1;2;0;18;;;18;;SIN GC
00007 COMERCIAL OF LICITACION;4000007089;100;ZPIN;Actualizacion Base;;0;;4;1/9/2026;NCARUSO;1001696;POLAINA DESCARNE;15;Materiales Stock;RESPONDIDO;MR01;1;14/8/2026;30/8/2026;agosto;10157623;100;1;14/8/2026;14/8/2026;PCO;;0;;0;;;;;;;;0;15;;0;;;;0;0;;;;;0;0;;;;;;;;;0;;;;;;0;;;0;;;;;;0;;;0;0;;;;;1;;;1;2;0;18;;;18;;SIN GC
00007 COMERCIAL OF LICITACION;4000007089;120;ZPIN;Actualizacion Base;;0;;4;1/9/2026;NCARUSO;1042798;GUANTE LÁTEX NEGRO INDUSTRIAL T10;50;Materiales Stock C/Devol;RESPONDIDO;MR01;1;14/8/2026;30/8/2026;agosto;10157623;110;1;14/8/2026;14/8/2026;PCO;;0;;0;;;;;;;;0;50;;0;;;;0;0;;;;;0;0;;;;;;;;;0;;;;;;0;;;0;;;;;;0;;;0;0;;;;;1;;;1;2;0;18;;;18;;SIN GC
00007 COMERCIAL OF LICITACION;4000007089;130;ZPIN;Actualizacion Base;;0;;4;1/9/2026;NCARUSO;1001705;GUANTE PVC ROJO 40CM;50;Materiales Stock;RESPONDIDO;MR01;1;14/8/2026;30/8/2026;agosto;10157623;120;1;14/8/2026;14/8/2026;PCO;;0;;0;;;;;;;;0;50;;0;;;;0;0;;;;;0;0;;;;;;;;;0;;;;;;0;;;0;;;;;;0;;;0;0;;;;;1;;;1;2;0;18;;;18;;SIN GC
00007 COMERCIAL OF LICITACION;4000007089;140;ZPIN;Actualizacion Base;;0;;4;1/9/2026;NCARUSO;1026186;MANGA ANTICORTE GRADO 5 C/CERTIFICADO;10;Materiales Stock S/Devol;RESPONDIDO;MR01;1;14/8/2026;30/8/2026;agosto;10157623;130;1;14/8/2026;14/8/2026;PCO;;0;;0;;;;;;;;0;10;;0;;;;0;0;;;;;0;0;;;;;;;;;0;;;;;;0;;;0;;;;;;0;;;0;0;;;;;1;;;1;2;0;18;;;18;;SIN GC
00007 COMERCIAL OF LICITACION;4000007089;150;ZPIN;Actualizacion Base;;0;;4;1/9/2026;NCARUSO;1016479;PROTECTOR SOLAR (CREMA) FACT 60 X 120ML;900;Materiales Stock C/Devol;RESPONDIDO;MR01;1;14/8/2026;30/8/2026;agosto;10157623;140;1;14/8/2026;14/8/2026;PCO;;0;;0;;;;;;;;0;900;;0;;;;0;0;;;;;0;0;;;;;;;;;0;;;;;;0;;;0;;;;;;0;;;0;0;;;;;1;;;1;2;0;18;;;18;;SIN GC
00007 COMERCIAL OF LICITACION;4000007089;160;ZPIN;Actualizacion Base;;0;;4;1/9/2026;NCARUSO;1016480;PROTECTOR SOLAR DE LABIO x UN;900;Materiales Stock C/Devol;RESPONDIDO;MR01;1;14/8/2026;30/8/2026;agosto;10157623;150;1;14/8/2026;14/8/2026;PCO;;0;;0;;;;;;;;0;900;;0;;;;0;0;;;;;0;0;;;;;;;;;0;;;;;;0;;;0;;;;;;0;;;0;0;;;;;1;;;1;2;0;18;;;18;;SIN GC
00007 COMERCIAL OF LICITACION;4000007089;170;ZPIN;Actualizacion Base;;0;;4;1/9/2026;NCARUSO;1055216;CARTUCHO P/POLVO S/ANEXO XPAR;500;Materiales Stock S/Devol;RESPONDIDO;MR01;1;14/8/2026;30/8/2026;agosto;10157623;160;1;14/8/2026;14/8/2026;PCO;;0;;0;;;;;;;;0;500;;0;;;;0;0;;;;;0;0;;;;;;;;;0;;;;;;0;;;0;;;;;;0;;;0;0;;;;;1;;;1;2;0;18;;;18;;SIN GC
00007 COMERCIAL OF LICITACION;4000007089;180;ZPIN;Actualizacion Base;;0;;4;1/9/2026;NCARUSO;1001720;SEMIMASCARA;15;Materiales Stock;RESPONDIDO;MR01;1;14/8/2026;30/8/2026;agosto;10157623;170;1;14/8/2026;14/8/2026;PCO;;0;;0;;;;;;;;0;15;;0;;;;0;0;;;;;0;0;;;;;;;;;0;;;;;;0;;;0;;;;;;0;;;0;0;;;;;1;;;1;2;0;18;;;18;;SIN GC
00007 COMERCIAL OF LICITACION;4000007089;190;ZPIN;Actualizacion Base;;0;;4;1/9/2026;NCARUSO;1009480;FILTRO P/MASC. 3M X  2 UNID X JGO;15;Materiales Stock;RESPONDIDO;MR01;1;14/8/2026;30/8/2026;agosto;10157623;180;1;14/8/2026;14/8/2026;PCO;;0;;0;;;;;;;;0;15;;0;;;;0;0;;;;;0;0;;;;;;;;;0;;;;;;0;;;0;;;;;;0;;;0;0;;;;;1;;;1;2;0;18;;;18;;SIN GC
00007 COMERCIAL OF LICITACION;4000007089;200;ZPIN;Actualizacion Base;;0;;4;1/9/2026;NCARUSO;1035708;BOTELLA 750ML C/ LOGO;900;Materiales usuales;RESPONDIDO;MR01;1;14/8/2026;30/8/2026;agosto;10157623;190;1;14/8/2026;14/8/2026;PCO;;0;;0;;;;;;;;0;900;;0;;;;0;0;;;;;0;0;;;;;;;;;0;;;;;;0;;;0;;;;;;0;;;0;0;;;;;1;;;1;2;0;18;;;18;;SIN GC
00007 COMERCIAL OF LICITACION;4000007089;210;ZPIN;Actualizacion Base;;0;;4;1/9/2026;NCARUSO;1012533;MASCARA PARA SOLDAR FOTOSENSIBLE;15;Materiales usuales;RESPONDIDO;MR01;1;14/8/2026;30/8/2026;agosto;10157623;200;1;14/8/2026;14/8/2026;PCO;;0;;0;;;;;;;;0;15;;0;;;;0;0;;;;;0;0;;;;;;;;;0;;;;;;0;;;0;;;;;;0;;;0;0;;;;;1;;;1;2;0;18;;;18;;SIN GC
00007 COMERCIAL OF LICITACION;4000007089;220;ZPIN;Actualizacion Base;;0;;4;1/9/2026;NCARUSO;1017005;CADENA PLASTICA ROJA Y BLANCA X ML;500;Materiales Stock S/Devol;RESPONDIDO;MR01;1;14/8/2026;30/8/2026;agosto;10157623;210;1;14/8/2026;14/8/2026;PCO;;0;;0;;;;;;;;0;500;;0;;;;0;0;;;;;0;0;;;;;;;;;0;;;;;;0;;;0;;;;;;0;;;0;0;;;;;1;;;1;2;0;18;;;18;;SIN GC
00007 COMERCIAL OF LICITACION;4000007092;10;ZPIN;34-26 - GENNEIA - PE;;0;;4;20/8/2026;EBLASI;1009677;ARENA DE TRITURACION 0-6;1;Materiales usuales;RESPONDIDO;MR01;1;19/8/2026;24/8/2026;agosto;10157910;10;1;19/8/2026;19/8/2026;PCO;;0;;0;;;;;;;;0;1;;0;;;;0;0;;;;;0;0;;;;;;;;;0;;;;;;0;;;0;;;;;;0;;;0;0;;;;;1;;1;;;0;1;;;1;;SIN GC
00007 COMERCIAL OF LICITACION;4000007092;20;ZPIN;34-26 - GENNEIA - PE;;0;;4;20/8/2026;EBLASI;1009684;PIEDRA PARTIDA GRANITICA 6-20 GRANZA;1;Materiales usuales;RESPONDIDO;MR01;1;19/8/2026;24/8/2026;agosto;10157910;20;1;19/8/2026;19/8/2026;PCO;;0;;0;;;;;;;;0;1;;0;;;;0;0;;;;;0;0;;;;;;;;;0;;;;;;0;;;0;;;;;;0;;;0;0;;;;;1;;1;;;0;1;;;1;;SIN GC
00007 COMERCIAL OF LICITACION;4000007093;10;ZPIN;34/26 Parque Eólico;;0;;4;31/8/2026;GBACCELLI;1012799;"Conductor de cobre desnudo 50 mm2; diáme";4800;Materiales genericos;RESPONDIDO;MR01;1;19/8/2026;26/8/2026;agosto;10157912;10;1;19/8/2026;19/8/2026;PCO;;0;;0;;;;;;;;0;4800;;0;;;;0;0;;;;;0;0;;;;;;;;;0;;;;;;0;;;0;;;;;;0;;;0;0;;;;;1;;;1;5;0;12;;;12;;SIN GC
00007 COMERCIAL OF LICITACION;4000007093;20;ZPIN;34/26 Parque Eólico;;0;;4;31/8/2026;GBACCELLI;1012799;"Conector a compresión en ""C"" para deriva";200;Materiales genericos;RESPONDIDO;MR01;1;19/8/2026;26/8/2026;agosto;10157912;20;1;19/8/2026;19/8/2026;PCO;;0;;0;;;;;;;;0;200;;0;;;;0;0;;;;;0;0;;;;;;;;;0;;;;;;0;;;0;;;;;;0;;;0;0;;;;;1;;;1;5;0;12;;;12;;SIN GC
00007 COMERCIAL OF LICITACION;4000007093;30;ZPIN;34/26 Parque Eólico;;0;;4;31/8/2026;GBACCELLI;1012799;Caja inspección para puesta a tierra de;100;Materiales genericos;RESPONDIDO;MR01;1;19/8/2026;26/8/2026;agosto;10157912;30;1;19/8/2026;19/8/2026;PCO;;0;;0;;;;;;;;0;100;;0;;;;0;0;;;;;0;0;;;;;;;;;0;;;;;;0;;;0;;;;;;0;;;0;0;;;;;1;;;1;5;0;12;;;12;;SIN GC
00007 COMERCIAL OF LICITACION;4000007094;10;ZPIN;34/26 Parque Eólico;;0;;4;26/8/2026;GBACCELLI;1012799;Pletina de acero galvanizado en caliente;1000;Materiales genericos;RESPONDIDO;MR01;1;19/8/2026;26/8/2026;agosto;10157916;10;1;19/8/2026;19/8/2026;PCO;;0;;0;;;;;;;;0;1000;;0;;;;0;0;;;;;0;0;;;;;;;;;0;;;;;;0;;;0;;;;;;0;;;0;0;;;;;1;;1;;;0;7;;;7;;SIN GC
00007 COMERCIAL OF LICITACION;4000007095;10;ZPIN;25.65 Raw Water - Ri;;27;;4;26/8/2026;FMATTARUCO;1013130;ver adjunto con detalle  de estudios;650;Servicios;RESPONDIDO;MR01;1;20/8/2026;31/8/2026;agosto;10158102;10;1;20/8/2026;20/8/2026;PCO;;0;;0;;;;;;;;0;650;;0;;;;0;0;;;;;0;0;;;;;;;;;0;;;;;;0;;;0;;;;;;0;;;0;0;;;;;1;;1;;;0;6;;;6;;SIN GC
00007 COMERCIAL OF LICITACION;4000007095;20;ZPIN;25.65 Raw Water - Ri;;0;;4;26/8/2026;FMATTARUCO;1013134;ver adjunto con detalle de baños;17;Servicios;RESPONDIDO;MR01;1;20/8/2026;31/8/2026;agosto;10158102;20;1;20/8/2026;20/8/2026;PCO;;0;;0;;;;;;;;0;17;;0;;;;0;0;;;;;0;0;;;;;;;;;0;;;;;;0;;;0;;;;;;0;;;0;0;;;;;1;;1;;;0;6;;;6;;SIN GC
00007 COMERCIAL OF LICITACION;4000007095;30;ZPIN;25.65 Raw Water - Ri;;27;;4;31/8/2026;FMATTARUCO;1010725;10 unidades diarias por 17 meses;1;Materiales usuales;RESPONDIDO;MR01;1;20/8/2026;31/8/2026;agosto;10158102;30;1;20/8/2026;20/8/2026;PCO;;0;;0;;;;;;;;0;1;;0;;;;0;0;;;;;0;0;;;;;;;;;0;;;;;;0;;;0;;;;;;0;;;0;0;;;;;1;;1;;;0;11;;;11;;SIN GC
00007 COMERCIAL OF LICITACION;4000007095;40;ZPIN;25.65 Raw Water - Ri;;27;;4;31/8/2026;FMATTARUCO;1013137;5 equipos por los 17 meses de obra;5;Servicios;RESPONDIDO;MR01;1;20/8/2026;31/8/2026;agosto;10158102;40;1;20/8/2026;20/8/2026;PCO;;0;;0;;;;;;;;0;5;;0;;;;0;0;;;;;0;0;;;;;;;;;0;;;;;;0;;;0;;;;;;0;;;0;0;;;;;1;;1;;;0;11;;;11;;SIN GC
00007 COMERCIAL OF LICITACION;4000007095;50;ZPIN;25.65 Raw Water - Ri;;27;;4;31/8/2026;FMATTARUCO;1018251;ver adjunto con detalle de combis/bus;1;Servicios;RESPONDIDO;MR01;1;20/8/2026;31/8/2026;agosto;10158102;50;1;20/8/2026;20/8/2026;PCO;;0;;0;;;;;;;;0;1;;0;;;;0;0;;;;;0;0;;;;;;;;;0;;;;;;0;;;0;;;;;;0;;;0;0;;;;;1;;1;;;0;11;;;11;;SIN GC
00007 COMERCIAL OF LICITACION;4000007095;60;ZPIN;25.65 Raw Water - Ri;;27;;4;26/8/2026;FMATTARUCO;1011638;ver adjunto con detalle ropa y EPP;1;Materiales usuales;RESPONDIDO;MR01;1;20/8/2026;31/8/2026;agosto;10158102;60;1;20/8/2026;20/8/2026;PCO;;0;;0;;;;;;;;0;1;;0;;;;0;0;;;;;0;0;;;;;;;;;0;;;;;;0;;;0;;;;;;0;;;0;0;;;;;1;;1;;;0;6;;;6;;SIN GC
00007 COMERCIAL OF LICITACION;4000007095;70;ZPIN;25.65 Raw Water - Ri;;27;;4;4/9/2026;FMATTARUCO;1011177;ver adjunto con detalle de mobiliarios;1;Materiales usuales;RESPONDIDO;MR01;1;20/8/2026;31/8/2026;agosto;10158102;70;1;20/8/2026;20/8/2026;PCO;;0;;0;;;;;;;;0;1;;0;;;;0;0;;;;;0;0;;;;;;;;;0;;;;;;0;;;0;;;;;;0;;;0;0;;;;;1;;;1;4;0;15;;;15;;SIN GC
00007 COMERCIAL OF LICITACION;4000007096;10;ZPIN;34-26 - GENNEIA - PE;;0;;4;25/8/2026;EBLASI;1012973;Flete para contenedores de 12 mts;1;Servicios;RESPONDIDO;MR01;1;20/8/2026;24/8/2026;agosto;10158115;10;1;20/8/2026;20/8/2026;PCO;;0;;0;;;;;;;;0;1;;0;;;;0;0;;;;;0;0;;;;;;;;;0;;;;;;0;;;0;;;;;;0;;;0;0;;;;;1;;;1;1;0;5;;;5;;SIN GC
00007 COMERCIAL OF LICITACION;4000007096;20;ZPIN;34-26 - GENNEIA - PE;;0;;4;25/8/2026;EBLASI;1012979;Flete para contenedores de 6 mts;1;Servicios;RESPONDIDO;MR01;1;20/8/2026;24/8/2026;agosto;10158115;20;1;20/8/2026;20/8/2026;PCO;;0;;0;;;;;;;;0;1;;0;;;;0;0;;;;;0;0;;;;;;;;;0;;;;;;0;;;0;;;;;;0;;;0;0;;;;;1;;;1;1;0;5;;;5;;SIN GC
00005 TALLER;4000007097;10;ZPIN;MANIPULADOR JCB - CO;;0;;4;25/8/2026;LNUNEZ;1015947;CUCHILLA DE BALDE VER ANEXO;1;Materiales genericos;RESPONDIDO;MR01;1;21/8/2026;21/8/2026;agosto;10158128;10;1;21/8/2026;21/8/2026;C03;;0;;0;;;;;;;;0;1;;0;;;;0;0;;;;;0;0;;;;;;;;;0;;;;;;0;;;0;;;;;;0;;;0;0;;;;;1;;;1;4;0;4;;;4;;COMPRAS EQUIPOS
00005 TALLER;4000007097;20;ZPIN;MANIPULADOR JCB - CO;;0;;4;25/8/2026;LNUNEZ;1015947;BULON P/ CUCHILLA;1;Materiales genericos;RESPONDIDO;MR01;1;21/8/2026;21/8/2026;agosto;10158128;20;1;21/8/2026;21/8/2026;C03;;0;;0;;;;;;;;0;1;;0;;;;0;0;;;;;0;0;;;;;;;;;0;;;;;;0;;;0;;;;;;0;;;0;0;;;;;1;;;1;4;0;4;;;4;;COMPRAS EQUIPOS
00005 TALLER;4000007097;30;ZPIN;MANIPULADOR JCB - CO;;0;;4;25/8/2026;LNUNEZ;1015947;TUERCA P/ CUCHILLA;1;Materiales genericos;RESPONDIDO;MR01;1;21/8/2026;21/8/2026;agosto;10158128;30;1;21/8/2026;21/8/2026;C03;;0;;0;;;;;;;;0;1;;0;;;;0;0;;;;;0;0;;;;;;;;;0;;;;;;0;;;0;;;;;;0;;;0;0;;;;;1;;;1;4;0;4;;;4;;COMPRAS EQUIPOS
00005 TALLER;4000007097;40;ZPIN;MANIPULADOR JCB - CO;;0;;4;25/8/2026;LNUNEZ;1015947;ARANDELA P/ CUCHILLA;1;Materiales genericos;RESPONDIDO;MR01;1;21/8/2026;21/8/2026;agosto;10158128;40;1;21/8/2026;21/8/2026;C03;;0;;0;;;;;;;;0;1;;0;;;;0;0;;;;;0;0;;;;;;;;;0;;;;;;0;;;0;;;;;;0;;;0;0;;;;;1;;;1;4;0;4;;;4;;COMPRAS EQUIPOS
00005 TALLER;4000007098;10;ZPIN;INSUMO HERRERIA - SF;;0;;4;2/9/2026;SFLORES;1012758;CHAPA SAE 1010 ESP 5/8 -;1;Materiales genericos;RESPONDIDO;MR01;1;21/8/2026;21/8/2026;agosto;10158131;10;1;21/8/2026;21/8/2026;C08;;0;;0;;;;;;;;0;1;;0;;;;0;0;;;;;0;0;;;;;;;;;0;;;;;;0;;;0;;;;;;0;;;0;0;;;;;1;;;1;12;0;12;;;12;;COMPRAS ABASTECIMIENTO
00005 TALLER;4000007098;20;ZPIN;INSUMO HERRERIA - SF;;0;;4;2/9/2026;SFLORES;1012758;"CHAPA SAE 1010 ESP 1/2""";1;Materiales genericos;RESPONDIDO;MR01;1;21/8/2026;21/8/2026;agosto;10158131;20;1;21/8/2026;21/8/2026;C08;;0;;0;;;;;;;;0;1;;0;;;;0;0;;;;;0;0;;;;;;;;;0;;;;;;0;;;0;;;;;;0;;;0;0;;;;;1;;;1;12;0;12;;;12;;COMPRAS ABASTECIMIENTO
00005 TALLER;4000007108;120;ZPIN;33007 COTIZACION MOT;;0;;4;27/8/2026;SFLORES;1015947;AXIAL CIGUEÑAL;1;Materiales genericos;RESPONDIDO;MR01;1;26/8/2026;26/8/2026;agosto;10158515;120;1;26/8/2026;26/8/2026;C03;;0;;0;;;;;;;;0;1;;0;;;;0;0;;;;;0;0;;;;;;;;;0;;;;;;0;;;0;;;;;;0;;;0;0;;;;;1;;;1;1;0;1;;;1;;COMPRAS EQUIPOS
